{"all": {"pitchers": "11", "batters": "20", "pitches": "256", "max velomax pitch velocity": "98.3", "min velomin pitch velocity": "66.6", "ff%fourseam fastball %": "33.2", "si%sinker %": "16.0", "fc%cutter %": "4.3", "fs%splitter %": "0.4", "ch%changeup %": "11.3", "sl%slider %": "25.0", "cu%curve %": "9.8", "max evmax exit velocity": "110.4", "hhhard hit": "16", "hh%hard hit %": "37.2", "brlbarrels": "3", "brl%barrel %": "7.0", "ab": "52", "avg": ".231", "h": "12", "1b": "9", "2b": "1", "3b": "0", "hr": "2", "so": "13", "bipballs in play": "43", "liveGames": 0, "totGames": 18}, "min @ stl": [], "min @ stl-gm2": [{"player": "miguel sano", "game": "min @ stl-gm2", "gameIdx": 0, "hr/park": "", "pa": "64", "dt": "", "img": "https://www.mlbstatic.com/team-logos/142.svg", "team": "min", "start": "", "in": "7", "result": "Groundout", "evo": "107.2", "la": "6", "dist": "108"}, {"player": "eddie rosario", "game": "min @ stl-gm2", "gameIdx": 0, "hr/park": "", "pa": "63", "dt": "", "img": "https://www.mlbstatic.com/team-logos/142.svg", "team": "min", "start": "", "in": "7", "result": "Pop Out", "evo": "", "la": "", "dist": ""}, {"player": "nelson cruz", "game": "min @ stl-gm2", "gameIdx": 0, "hr/park": "15/30", "pa": "62", "dt": "", "img": "https://www.mlbstatic.com/team-logos/142.svg", "team": "min", "start": "", "in": "7", "result": "Home Run", "evo": "106.5", "la": "19", "dist": "406"}, {"player": "josh donaldson", "game": "min @ stl-gm2", "gameIdx": 0, "hr/park": "", "pa": "61", "dt": "", "img": "https://www.mlbstatic.com/team-logos/142.svg", "team": "min", "start": "", "in": "7", "result": "Flyout", "evo": "94.1", "la": "49", "dist": "273"}, {"player": "rangel ravelo", "game": "min @ stl-gm2", "gameIdx": 0, "hr/park": "", "pa": "60", "dt": "", "img": "https://www.mlbstatic.com/team-logos/138.svg", "team": "stl", "start": "", "in": "6", "result": "Strikeout", "evo": "", "la": "", "dist": ""}, {"player": "kolten wong", "game": "min @ stl-gm2", "gameIdx": 0, "hr/park": "", "pa": "59", "dt": "", "img": "https://www.mlbstatic.com/team-logos/138.svg", "team": "stl", "start": "", "in": "6", "result": "Single", "evo": "94.2", "la": "-2", "dist": "35"}, {"player": "paul goldschmidt", "game": "min @ stl-gm2", "gameIdx": 0, "hr/park": "", "pa": "58", "dt": "", "img": "https://www.mlbstatic.com/team-logos/138.svg", "team": "stl", "start": "", "in": "6", "result": "Single", "evo": "96.3", "la": "-3", "dist": "29"}, {"player": "paul dejong", "game": "min @ stl-gm2", "gameIdx": 0, "hr/park": "1/30", "pa": "57", "dt": "", "img": "https://www.mlbstatic.com/team-logos/138.svg", "team": "stl", "start": "", "in": "6", "result": "Flyout", "evo": "90.1", "la": "27", "dist": "342"}, {"player": "tommy edman", "game": "min @ stl-gm2", "gameIdx": 0, "hr/park": "", "pa": "56", "dt": "", "img": "https://www.mlbstatic.com/team-logos/138.svg", "team": "stl", "start": "", "in": "6", "result": "Walk", "evo": "", "la": "", "dist": ""}, {"player": "harrison bader", "game": "min @ stl-gm2", "gameIdx": 0, "hr/park": "", "pa": "55", "dt": "", "img": "https://www.mlbstatic.com/team-logos/138.svg", "team": "stl", "start": "", "in": "6", "result": "Groundout", "evo": "79.3", "la": "-23", "dist": "6"}, {"player": "willians astudillo", "game": "min @ stl-gm2", "gameIdx": 0, "hr/park": "", "pa": "54", "dt": "", "img": "https://www.mlbstatic.com/team-logos/142.svg", "team": "min", "start": "", "in": "6", "result": "Strikeout", "evo": "", "la": "", "dist": ""}, {"player": "ryan jeffers", "game": "min @ stl-gm2", "gameIdx": 0, "hr/park": "", "pa": "53", "dt": "", "img": "https://www.mlbstatic.com/team-logos/142.svg", "team": "min", "start": "", "in": "6", "result": "Hit By Pitch", "evo": "", "la": "", "dist": ""}, {"player": "marwin gonzalez", "game": "min @ stl-gm2", "gameIdx": 0, "hr/park": "", "pa": "52", "dt": "", "img": "https://www.mlbstatic.com/team-logos/142.svg", "team": "min", "start": "", "in": "6", "result": "Groundout", "evo": "56.3", "la": "-73", "dist": "2"}, {"player": "ehire adrianza", "game": "min @ stl-gm2", "gameIdx": 0, "hr/park": "", "pa": "51", "dt": "", "img": "https://www.mlbstatic.com/team-logos/142.svg", "team": "min", "start": "", "in": "6", "result": "Groundout", "evo": "76.9", "la": "-23", "dist": "6"}, {"player": "matt wieters", "game": "min @ stl-gm2", "gameIdx": 0, "hr/park": "", "pa": "50", "dt": "", "img": "https://www.mlbstatic.com/team-logos/138.svg", "team": "stl", "start": "", "in": "5", "result": "Strikeout", "evo": "", "la": "", "dist": ""}, {"player": "matt carpenter", "game": "min @ stl-gm2", "gameIdx": 0, "hr/park": "", "pa": "49", "dt": "", "img": "https://www.mlbstatic.com/team-logos/138.svg", "team": "stl", "start": "", "in": "5", "result": "Walk", "evo": "", "la": "", "dist": ""}, {"player": "tyler oneill", "game": "min @ stl-gm2", "gameIdx": 0, "hr/park": "", "pa": "48", "dt": "", "img": "https://www.mlbstatic.com/team-logos/138.svg", "team": "stl", "start": "", "in": "5", "result": "Strikeout", "evo": "", "la": "", "dist": ""}, {"player": "rangel ravelo", "game": "min @ stl-gm2", "gameIdx": 0, "hr/park": "", "pa": "47", "dt": "", "img": "https://www.mlbstatic.com/team-logos/138.svg", "team": "stl", "start": "", "in": "5", "result": "Groundout", "evo": "94.0", "la": "-21", "dist": "7"}, {"player": "brad miller", "game": "min @ stl-gm2", "gameIdx": 0, "hr/park": "0/30", "pa": "46", "dt": "", "img": "https://www.mlbstatic.com/team-logos/138.svg", "team": "stl", "start": "", "in": "5", "result": "Single", "evo": "97.8", "la": "19", "dist": "315"}, {"player": "brent rooker", "game": "min @ stl-gm2", "gameIdx": 0, "hr/park": "", "pa": "45", "dt": "", "img": "https://www.mlbstatic.com/team-logos/142.svg", "team": "min", "start": "", "in": "5", "result": "Strikeout", "evo": "", "la": "", "dist": ""}, {"player": "miguel sano", "game": "min @ stl-gm2", "gameIdx": 0, "hr/park": "", "pa": "44", "dt": "", "img": "https://www.mlbstatic.com/team-logos/142.svg", "team": "min", "start": "", "in": "5", "result": "Groundout", "evo": "110.4", "la": "-8", "dist": "16"}, {"player": "eddie rosario", "game": "min @ stl-gm2", "gameIdx": 0, "hr/park": "", "pa": "43", "dt": "", "img": "https://www.mlbstatic.com/team-logos/142.svg", "team": "min", "start": "", "in": "5", "result": "Groundout", "evo": "36.6", "la": "-21", "dist": "8"}, {"player": "nelson cruz", "game": "min @ stl-gm2", "gameIdx": 0, "hr/park": "", "pa": "42", "dt": "", "img": "https://www.mlbstatic.com/team-logos/142.svg", "team": "min", "start": "", "in": "5", "result": "Single", "evo": "95.7", "la": "4", "dist": "105"}, {"player": "josh donaldson", "game": "min @ stl-gm2", "gameIdx": 0, "hr/park": "", "pa": "41", "dt": "", "img": "https://www.mlbstatic.com/team-logos/142.svg", "team": "min", "start": "", "in": "5", "result": "Walk", "evo": "", "la": "", "dist": ""}, {"player": "paul goldschmidt", "game": "min @ stl-gm2", "gameIdx": 0, "hr/park": "1/30", "pa": "40", "dt": "", "img": "https://www.mlbstatic.com/team-logos/138.svg", "team": "stl", "start": "", "in": "4", "result": "Lineout", "evo": "100.3", "la": "23", "dist": "356"}, {"player": "paul dejong", "game": "min @ stl-gm2", "gameIdx": 0, "hr/park": "", "pa": "39", "dt": "", "img": "https://www.mlbstatic.com/team-logos/138.svg", "team": "stl", "start": "", "in": "4", "result": "Walk", "evo": "", "la": "", "dist": ""}, {"player": "tommy edman", "game": "min @ stl-gm2", "gameIdx": 0, "hr/park": "", "pa": "38", "dt": "", "img": "https://www.mlbstatic.com/team-logos/138.svg", "team": "stl", "start": "", "in": "4", "result": "Pop Out", "evo": "77.8", "la": "74", "dist": "81"}, {"player": "harrison bader", "game": "min @ stl-gm2", "gameIdx": 0, "hr/park": "", "pa": "37", "dt": "", "img": "https://www.mlbstatic.com/team-logos/138.svg", "team": "stl", "start": "", "in": "4", "result": "Strikeout", "evo": "", "la": "", "dist": ""}, {"player": "lamonte wade", "game": "min @ stl-gm2", "gameIdx": 0, "hr/park": "", "pa": "36", "dt": "", "img": "https://www.mlbstatic.com/team-logos/142.svg", "team": "min", "start": "", "in": "4", "result": "Flyout", "evo": "90.1", "la": "43", "dist": "258"}, {"player": "ryan jeffers", "game": "min @ stl-gm2", "gameIdx": 0, "hr/park": "", "pa": "35", "dt": "", "img": "https://www.mlbstatic.com/team-logos/142.svg", "team": "min", "start": "", "in": "4", "result": "Walk", "evo": "", "la": "", "dist": ""}, {"player": "marwin gonzalez", "game": "min @ stl-gm2", "gameIdx": 0, "hr/park": "", "pa": "34", "dt": "", "img": "https://www.mlbstatic.com/team-logos/142.svg", "team": "min", "start": "", "in": "4", "result": "Strikeout", "evo": "", "la": "", "dist": ""}, {"player": "ehire adrianza", "game": "min @ stl-gm2", "gameIdx": 0, "hr/park": "", "pa": "33", "dt": "", "img": "https://www.mlbstatic.com/team-logos/142.svg", "team": "min", "start": "", "in": "4", "result": "Groundout", "evo": "61.6", "la": "-34", "dist": "6"}, {"player": "matt wieters", "game": "min @ stl-gm2", "gameIdx": 0, "hr/park": "0/30", "pa": "32", "dt": "", "img": "https://www.mlbstatic.com/team-logos/138.svg", "team": "stl", "start": "", "in": "3", "result": "Flyout", "evo": "102.0", "la": "35", "dist": "380"}, {"player": "matt carpenter", "game": "min @ stl-gm2", "gameIdx": 0, "hr/park": "", "pa": "31", "dt": "", "img": "https://www.mlbstatic.com/team-logos/138.svg", "team": "stl", "start": "", "in": "3", "result": "Walk", "evo": "", "la": "", "dist": ""}, {"player": "tyler oneill", "game": "min @ stl-gm2", "gameIdx": 0, "hr/park": "", "pa": "30", "dt": "", "img": "https://www.mlbstatic.com/team-logos/138.svg", "team": "stl", "start": "", "in": "3", "result": "Forceout", "evo": "46.4", "la": "-72", "dist": "3"}, {"player": "rangel ravelo", "game": "min @ stl-gm2", "gameIdx": 0, "hr/park": "", "pa": "29", "dt": "", "img": "https://www.mlbstatic.com/team-logos/138.svg", "team": "stl", "start": "", "in": "3", "result": "Single", "evo": "95.2", "la": "-7", "dist": "16"}, {"player": "brad miller", "game": "min @ stl-gm2", "gameIdx": 0, "hr/park": "", "pa": "28", "dt": "", "img": "https://www.mlbstatic.com/team-logos/138.svg", "team": "stl", "start": "", "in": "3", "result": "Fielders Choice", "evo": "76.6", "la": "-50", "dist": "4"}, {"player": "paul goldschmidt", "game": "min @ stl-gm2", "gameIdx": 0, "hr/park": "", "pa": "27", "dt": "", "img": "https://www.mlbstatic.com/team-logos/138.svg", "team": "stl", "start": "", "in": "3", "result": "Strikeout", "evo": "", "la": "", "dist": ""}, {"player": "paul dejong", "game": "min @ stl-gm2", "gameIdx": 0, "hr/park": "", "pa": "26", "dt": "", "img": "https://www.mlbstatic.com/team-logos/138.svg", "team": "stl", "start": "", "in": "3", "result": "Walk", "evo": "", "la": "", "dist": ""}, {"player": "tommy edman", "game": "min @ stl-gm2", "gameIdx": 0, "hr/park": "", "pa": "25", "dt": "", "img": "https://www.mlbstatic.com/team-logos/138.svg", "team": "stl", "start": "", "in": "3", "result": "Hit By Pitch", "evo": "", "la": "", "dist": ""}, {"player": "harrison bader", "game": "min @ stl-gm2", "gameIdx": 0, "hr/park": "", "pa": "24", "dt": "", "img": "https://www.mlbstatic.com/team-logos/138.svg", "team": "stl", "start": "", "in": "3", "result": "Walk", "evo": "", "la": "", "dist": ""}, {"player": "matt wieters", "game": "min @ stl-gm2", "gameIdx": 0, "hr/park": "", "pa": "23", "dt": "", "img": "https://www.mlbstatic.com/team-logos/138.svg", "team": "stl", "start": "", "in": "3", "result": "Hit By Pitch", "evo": "", "la": "", "dist": ""}, {"player": "matt carpenter", "game": "min @ stl-gm2", "gameIdx": 0, "hr/park": "", "pa": "22", "dt": "", "img": "https://www.mlbstatic.com/team-logos/138.svg", "team": "stl", "start": "", "in": "3", "result": "Single", "evo": "103.7", "la": "7", "dist": "124"}, {"player": "brent rooker", "game": "min @ stl-gm2", "gameIdx": 0, "hr/park": "0/30", "pa": "21", "dt": "", "img": "https://www.mlbstatic.com/team-logos/142.svg", "team": "min", "start": "", "in": "3", "result": "Lineout", "evo": "96.5", "la": "20", "dist": "317"}, {"player": "miguel sano", "game": "min @ stl-gm2", "gameIdx": 0, "hr/park": "", "pa": "20", "dt": "", "img": "https://www.mlbstatic.com/team-logos/142.svg", "team": "min", "start": "", "in": "3", "result": "Strikeout", "evo": "", "la": "", "dist": ""}, {"player": "eddie rosario", "game": "min @ stl-gm2", "gameIdx": 0, "hr/park": "", "pa": "19", "dt": "", "img": "https://www.mlbstatic.com/team-logos/142.svg", "team": "min", "start": "", "in": "3", "result": "Flyout", "evo": "80.1", "la": "54", "dist": "219"}, {"player": "nelson cruz", "game": "min @ stl-gm2", "gameIdx": 0, "hr/park": "", "pa": "18", "dt": "", "img": "https://www.mlbstatic.com/team-logos/142.svg", "team": "min", "start": "", "in": "3", "result": "Walk", "evo": "", "la": "", "dist": ""}, {"player": "josh donaldson", "game": "min @ stl-gm2", "gameIdx": 0, "hr/park": "", "pa": "17", "dt": "", "img": "https://www.mlbstatic.com/team-logos/142.svg", "team": "min", "start": "", "in": "3", "result": "Double", "evo": "100.2", "la": "12", "dist": "194"}, {"player": "tyler oneill", "game": "min @ stl-gm2", "gameIdx": 0, "hr/park": "", "pa": "16", "dt": "", "img": "https://www.mlbstatic.com/team-logos/138.svg", "team": "stl", "start": "", "in": "2", "result": "Strikeout", "evo": "", "la": "", "dist": ""}, {"player": "rangel ravelo", "game": "min @ stl-gm2", "gameIdx": 0, "hr/park": "", "pa": "15", "dt": "", "img": "https://www.mlbstatic.com/team-logos/138.svg", "team": "stl", "start": "", "in": "2", "result": "Pop Out", "evo": "67.0", "la": "87", "dist": "23"}, {"player": "brad miller", "game": "min @ stl-gm2", "gameIdx": 0, "hr/park": "", "pa": "14", "dt": "", "img": "https://www.mlbstatic.com/team-logos/138.svg", "team": "stl", "start": "", "in": "2", "result": "Groundout", "evo": "107.7", "la": "-9", "dist": "10"}, {"player": "lamonte wade", "game": "min @ stl-gm2", "gameIdx": 0, "hr/park": "", "pa": "13", "dt": "", "img": "https://www.mlbstatic.com/team-logos/142.svg", "team": "min", "start": "", "in": "2", "result": "Flyout", "evo": "78.0", "la": "47", "dist": "246"}, {"player": "ryan jeffers", "game": "min @ stl-gm2", "gameIdx": 0, "hr/park": "", "pa": "12", "dt": "", "img": "https://www.mlbstatic.com/team-logos/142.svg", "team": "min", "start": "", "in": "2", "result": "Single", "evo": "78.3", "la": "20", "dist": "227"}, {"player": "marwin gonzalez", "game": "min @ stl-gm2", "gameIdx": 0, "hr/park": "", "pa": "11", "dt": "", "img": "https://www.mlbstatic.com/team-logos/142.svg", "team": "min", "start": "", "in": "2", "result": "Groundout", "evo": "101.3", "la": "2", "dist": "70"}, {"player": "ehire adrianza", "game": "min @ stl-gm2", "gameIdx": 0, "hr/park": "", "pa": "10", "dt": "", "img": "https://www.mlbstatic.com/team-logos/142.svg", "team": "min", "start": "", "in": "2", "result": "Strikeout", "evo": "", "la": "", "dist": ""}, {"player": "brent rooker", "game": "min @ stl-gm2", "gameIdx": 0, "hr/park": "30/30", "pa": "9", "dt": "", "img": "https://www.mlbstatic.com/team-logos/142.svg", "team": "min", "start": "", "in": "2", "result": "Home Run", "evo": "107.2", "la": "25", "dist": "390"}, {"player": "miguel sano", "game": "min @ stl-gm2", "gameIdx": 0, "hr/park": "", "pa": "8", "dt": "", "img": "https://www.mlbstatic.com/team-logos/142.svg", "team": "min", "start": "", "in": "2", "result": "Single", "evo": "86.5", "la": "15", "dist": "236"}, {"player": "paul goldschmidt", "game": "min @ stl-gm2", "gameIdx": 0, "hr/park": "", "pa": "7", "dt": "", "img": "https://www.mlbstatic.com/team-logos/138.svg", "team": "stl", "start": "", "in": "1", "result": "Groundout", "evo": "79.7", "la": "-26", "dist": "6"}, {"player": "paul dejong", "game": "min @ stl-gm2", "gameIdx": 0, "hr/park": "", "pa": "6", "dt": "", "img": "https://www.mlbstatic.com/team-logos/138.svg", "team": "stl", "start": "", "in": "1", "result": "GIDP", "evo": "103.8", "la": "7", "dist": "144"}, {"player": "tommy edman", "game": "min @ stl-gm2", "gameIdx": 0, "hr/park": "", "pa": "5", "dt": "", "img": "https://www.mlbstatic.com/team-logos/138.svg", "team": "stl", "start": "", "in": "1", "result": "Field Error", "evo": "87.4", "la": "-14", "dist": "10"}, {"player": "eddie rosario", "game": "min @ stl-gm2", "gameIdx": 0, "hr/park": "0/30", "pa": "4", "dt": "", "img": "https://www.mlbstatic.com/team-logos/142.svg", "team": "min", "start": "", "in": "1", "result": "Flyout", "evo": "91.3", "la": "29", "dist": "341"}, {"player": "nelson cruz", "game": "min @ stl-gm2", "gameIdx": 0, "hr/park": "", "pa": "3", "dt": "", "img": "https://www.mlbstatic.com/team-logos/142.svg", "team": "min", "start": "", "in": "1", "result": "Single", "evo": "81.0", "la": "19", "dist": "226"}, {"player": "josh donaldson", "game": "min @ stl-gm2", "gameIdx": 0, "hr/park": "", "pa": "2", "dt": "", "img": "https://www.mlbstatic.com/team-logos/142.svg", "team": "min", "start": "", "in": "1", "result": "Strikeout", "evo": "", "la": "", "dist": ""}, {"player": "lamonte wade", "game": "min @ stl-gm2", "gameIdx": 0, "hr/park": "", "pa": "1", "dt": "", "img": "https://www.mlbstatic.com/team-logos/142.svg", "team": "min", "start": "", "in": "1", "result": "Strikeout", "evo": "", "la": "", "dist": ""}], "bos @ phi": [], "bos @ phi-gm2": [], "tb @ wsh": [], "kc @ cle": [], "ath @ hou": [], "hou @ ath": [], "nyy @ tor": [], "chw @ pit": [], "bal @ nym": [], "mia @ atl": [], "mil @ det": [], "laa @ tex": [], "cin @ chc": [], "col @ sd": [], "lad @ ari": [], "sea @ sf": []}