{"all": {"pitchers": "34", "batters": "71", "pitches": "1332", "max velomax pitch velocity": "99.8", "min velomin pitch velocity": "67.4", "ff%fourseam fastball %": "39.3", "si%sinker %": "12.3", "fc%cutter %": "7.1", "fs%splitter %": "2.4", "ch%changeup %": "13.6", "sl%slider %": "12.1", "cu%curve %": "12.9", "max evmax exit velocity": "111.3", "hhhard hit": "74", "hh%hard hit %": "35.2", "brlbarrels": "14", "brl%barrel %": "6.7", "ab": "296", "avg": ".216", "h": "64", "1b": "36", "2b": "16", "3b": "0", "hr": "12", "so": "96", "bipballs in play": "210", "liveGames": 0, "totGames": 10}, "pit @ cin": [], "pit @ cin-gm2": [], "phi @ mia": [{"player": "didi gregorius", "game": "phi @ mia", "gameIdx": 0, "hr/park": "", "pa": "66", "dt": "", "img": "https://www.mlbstatic.com/team-logos/143.svg", "team": "phi", "start": "", "in": "9", "result": "Strikeout", "evo": "", "la": "", "dist": ""}, {"player": "alec bohm", "game": "phi @ mia", "gameIdx": 0, "hr/park": "", "pa": "65", "dt": "", "img": "https://www.mlbstatic.com/team-logos/143.svg", "team": "phi", "start": "", "in": "9", "result": "Groundout", "evo": "90.9", "la": "-20", "dist": "5"}, {"player": "bryce harper", "game": "phi @ mia", "gameIdx": 0, "hr/park": "0/30", "pa": "64", "dt": "", "img": "https://www.mlbstatic.com/team-logos/143.svg", "team": "phi", "start": "", "in": "9", "result": "Lineout", "evo": "84.2", "la": "26", "dist": "313"}, {"player": "brian anderson", "game": "phi @ mia", "gameIdx": 0, "hr/park": "", "pa": "63", "dt": "", "img": "https://www.mlbstatic.com/team-logos/146.svg", "team": "mia", "start": "", "in": "8", "result": "Pop Out", "evo": "84.2", "la": "54", "dist": "225"}, {"player": "miguel rojas", "game": "phi @ mia", "gameIdx": 0, "hr/park": "0/30", "pa": "62", "dt": "", "img": "https://www.mlbstatic.com/team-logos/146.svg", "team": "mia", "start": "", "in": "8", "result": "Lineout", "evo": "95.9", "la": "25", "dist": "332"}, {"player": "jazz chisholm", "game": "phi @ mia", "gameIdx": 0, "hr/park": "", "pa": "61", "dt": "", "img": "https://www.mlbstatic.com/team-logos/146.svg", "team": "mia", "start": "", "in": "8", "result": "Groundout", "evo": "84.9", "la": "-22", "dist": "3"}, {"player": "andrew mccutchen", "game": "phi @ mia", "gameIdx": 0, "hr/park": "", "pa": "60", "dt": "", "img": "https://www.mlbstatic.com/team-logos/143.svg", "team": "phi", "start": "", "in": "8", "result": "Strikeout", "evo": "", "la": "", "dist": ""}, {"player": "rafael marchan", "game": "phi @ mia", "gameIdx": 0, "hr/park": "0/30", "pa": "59", "dt": "", "img": "https://www.mlbstatic.com/team-logos/143.svg", "team": "phi", "start": "", "in": "8", "result": "Lineout", "evo": "98.1", "la": "17", "dist": "308"}, {"player": "scott kingery", "game": "phi @ mia", "gameIdx": 0, "hr/park": "26/30", "pa": "58", "dt": "", "img": "https://www.mlbstatic.com/team-logos/143.svg", "team": "phi", "start": "", "in": "8", "result": "Home Run", "evo": "103.6", "la": "31", "dist": "403"}, {"player": "adam haseley", "game": "phi @ mia", "gameIdx": 0, "hr/park": "0/30", "pa": "57", "dt": "", "img": "https://www.mlbstatic.com/team-logos/143.svg", "team": "phi", "start": "", "in": "8", "result": "Lineout", "evo": "84.5", "la": "27", "dist": "314"}, {"player": "garrett cooper", "game": "phi @ mia", "gameIdx": 0, "hr/park": "", "pa": "56", "dt": "", "img": "https://www.mlbstatic.com/team-logos/146.svg", "team": "mia", "start": "", "in": "7", "result": "Groundout", "evo": "90.3", "la": "4", "dist": "74"}, {"player": "lewis brinson", "game": "phi @ mia", "gameIdx": 0, "hr/park": "", "pa": "55", "dt": "", "img": "https://www.mlbstatic.com/team-logos/146.svg", "team": "mia", "start": "", "in": "7", "result": "Strikeout", "evo": "", "la": "", "dist": ""}, {"player": "jesus aguilar", "game": "phi @ mia", "gameIdx": 0, "hr/park": "", "pa": "54", "dt": "", "img": "https://www.mlbstatic.com/team-logos/146.svg", "team": "mia", "start": "", "in": "7", "result": "Groundout", "evo": "100.9", "la": "-2", "dist": "31"}, {"player": "starling marte", "game": "phi @ mia", "gameIdx": 0, "hr/park": "22/30", "pa": "53", "dt": "", "img": "https://www.mlbstatic.com/team-logos/146.svg", "team": "mia", "start": "", "in": "7", "result": "Home Run", "evo": "97.8", "la": "31", "dist": "359"}, {"player": "phil gosselin", "game": "phi @ mia", "gameIdx": 0, "hr/park": "", "pa": "52", "dt": "", "img": "https://www.mlbstatic.com/team-logos/143.svg", "team": "phi", "start": "", "in": "7", "result": "Strikeout", "evo": "", "la": "", "dist": ""}, {"player": "jean segura", "game": "phi @ mia", "gameIdx": 0, "hr/park": "1/30", "pa": "51", "dt": "", "img": "https://www.mlbstatic.com/team-logos/143.svg", "team": "phi", "start": "", "in": "7", "result": "Flyout", "evo": "97.4", "la": "29", "dist": "347"}, {"player": "didi gregorius", "game": "phi @ mia", "gameIdx": 0, "hr/park": "", "pa": "50", "dt": "", "img": "https://www.mlbstatic.com/team-logos/143.svg", "team": "phi", "start": "", "in": "7", "result": "Groundout", "evo": "95.4", "la": "-12", "dist": "9"}, {"player": "corey dickerson", "game": "phi @ mia", "gameIdx": 0, "hr/park": "", "pa": "49", "dt": "", "img": "https://www.mlbstatic.com/team-logos/146.svg", "team": "mia", "start": "", "in": "6", "result": "Groundout", "evo": "50.3", "la": "21", "dist": "3"}, {"player": "chad wallach", "game": "phi @ mia", "gameIdx": 0, "hr/park": "", "pa": "48", "dt": "", "img": "https://www.mlbstatic.com/team-logos/146.svg", "team": "mia", "start": "", "in": "6", "result": "Strikeout", "evo": "", "la": "", "dist": ""}, {"player": "brian anderson", "game": "phi @ mia", "gameIdx": 0, "hr/park": "", "pa": "47", "dt": "", "img": "https://www.mlbstatic.com/team-logos/146.svg", "team": "mia", "start": "", "in": "6", "result": "Strikeout", "evo": "", "la": "", "dist": ""}, {"player": "miguel rojas", "game": "phi @ mia", "gameIdx": 0, "hr/park": "30/30", "pa": "46", "dt": "", "img": "https://www.mlbstatic.com/team-logos/146.svg", "team": "mia", "start": "", "in": "6", "result": "Home Run", "evo": "103.0", "la": "25", "dist": "416"}, {"player": "alec bohm", "game": "phi @ mia", "gameIdx": 0, "hr/park": "", "pa": "45", "dt": "", "img": "https://www.mlbstatic.com/team-logos/143.svg", "team": "phi", "start": "", "in": "6", "result": "Groundout", "evo": "98.0", "la": "-16", "dist": "10"}, {"player": "bryce harper", "game": "phi @ mia", "gameIdx": 0, "hr/park": "0/30", "pa": "44", "dt": "", "img": "https://www.mlbstatic.com/team-logos/143.svg", "team": "phi", "start": "", "in": "6", "result": "Flyout", "evo": "95.8", "la": "26", "dist": "366"}, {"player": "andrew mccutchen", "game": "phi @ mia", "gameIdx": 0, "hr/park": "0/30", "pa": "43", "dt": "", "img": "https://www.mlbstatic.com/team-logos/143.svg", "team": "phi", "start": "", "in": "6", "result": "Lineout", "evo": "94.6", "la": "23", "dist": "352"}, {"player": "jazz chisholm", "game": "phi @ mia", "gameIdx": 0, "hr/park": "", "pa": "42", "dt": "", "img": "https://www.mlbstatic.com/team-logos/146.svg", "team": "mia", "start": "", "in": "5", "result": "Strikeout", "evo": "", "la": "", "dist": ""}, {"player": "garrett cooper", "game": "phi @ mia", "gameIdx": 0, "hr/park": "", "pa": "41", "dt": "", "img": "https://www.mlbstatic.com/team-logos/146.svg", "team": "mia", "start": "", "in": "5", "result": "Strikeout", "evo": "", "la": "", "dist": ""}, {"player": "matt joyce", "game": "phi @ mia", "gameIdx": 0, "hr/park": "", "pa": "40", "dt": "", "img": "https://www.mlbstatic.com/team-logos/146.svg", "team": "mia", "start": "", "in": "5", "result": "Strikeout", "evo": "", "la": "", "dist": ""}, {"player": "jesus aguilar", "game": "phi @ mia", "gameIdx": 0, "hr/park": "", "pa": "39", "dt": "", "img": "https://www.mlbstatic.com/team-logos/146.svg", "team": "mia", "start": "", "in": "5", "result": "Walk", "evo": "", "la": "", "dist": ""}, {"player": "rafael marchan", "game": "phi @ mia", "gameIdx": 0, "hr/park": "", "pa": "38", "dt": "", "img": "https://www.mlbstatic.com/team-logos/143.svg", "team": "phi", "start": "", "in": "5", "result": "Groundout", "evo": "94.9", "la": "-22", "dist": "5"}, {"player": "scott kingery", "game": "phi @ mia", "gameIdx": 0, "hr/park": "1/30", "pa": "37", "dt": "", "img": "https://www.mlbstatic.com/team-logos/143.svg", "team": "phi", "start": "", "in": "5", "result": "Flyout", "evo": "95.7", "la": "30", "dist": "347"}, {"player": "adam haseley", "game": "phi @ mia", "gameIdx": 0, "hr/park": "", "pa": "36", "dt": "", "img": "https://www.mlbstatic.com/team-logos/143.svg", "team": "phi", "start": "", "in": "5", "result": "Groundout", "evo": "99.9", "la": "-7", "dist": "18"}, {"player": "starling marte", "game": "phi @ mia", "gameIdx": 0, "hr/park": "", "pa": "35", "dt": "", "img": "https://www.mlbstatic.com/team-logos/146.svg", "team": "mia", "start": "", "in": "4", "result": "Strikeout", "evo": "", "la": "", "dist": ""}, {"player": "corey dickerson", "game": "phi @ mia", "gameIdx": 0, "hr/park": "", "pa": "34", "dt": "", "img": "https://www.mlbstatic.com/team-logos/146.svg", "team": "mia", "start": "", "in": "4", "result": "Strikeout", "evo": "", "la": "", "dist": ""}, {"player": "chad wallach", "game": "phi @ mia", "gameIdx": 0, "hr/park": "", "pa": "33", "dt": "", "img": "https://www.mlbstatic.com/team-logos/146.svg", "team": "mia", "start": "", "in": "4", "result": "Groundout", "evo": "90.4", "la": "-30", "dist": "5"}, {"player": "brian anderson", "game": "phi @ mia", "gameIdx": 0, "hr/park": "", "pa": "32", "dt": "", "img": "https://www.mlbstatic.com/team-logos/146.svg", "team": "mia", "start": "", "in": "4", "result": "Double", "evo": "107.9", "la": "11", "dist": "230"}, {"player": "miguel rojas", "game": "phi @ mia", "gameIdx": 0, "hr/park": "", "pa": "31", "dt": "", "img": "https://www.mlbstatic.com/team-logos/146.svg", "team": "mia", "start": "", "in": "4", "result": "Single", "evo": "65.1", "la": "18", "dist": "144"}, {"player": "phil gosselin", "game": "phi @ mia", "gameIdx": 0, "hr/park": "", "pa": "30", "dt": "", "img": "https://www.mlbstatic.com/team-logos/143.svg", "team": "phi", "start": "", "in": "4", "result": "Strikeout", "evo": "", "la": "", "dist": ""}, {"player": "jean segura", "game": "phi @ mia", "gameIdx": 0, "hr/park": "", "pa": "29", "dt": "", "img": "https://www.mlbstatic.com/team-logos/143.svg", "team": "phi", "start": "", "in": "4", "result": "Pop Out", "evo": "60.8", "la": "59", "dist": "137"}, {"player": "didi gregorius", "game": "phi @ mia", "gameIdx": 0, "hr/park": "0/30", "pa": "28", "dt": "", "img": "https://www.mlbstatic.com/team-logos/143.svg", "team": "phi", "start": "", "in": "4", "result": "Lineout", "evo": "86.0", "la": "25", "dist": "305"}, {"player": "jazz chisholm", "game": "phi @ mia", "gameIdx": 0, "hr/park": "", "pa": "27", "dt": "", "img": "https://www.mlbstatic.com/team-logos/146.svg", "team": "mia", "start": "", "in": "3", "result": "Strikeout", "evo": "", "la": "", "dist": ""}, {"player": "garrett cooper", "game": "phi @ mia", "gameIdx": 0, "hr/park": "", "pa": "26", "dt": "", "img": "https://www.mlbstatic.com/team-logos/146.svg", "team": "mia", "start": "", "in": "3", "result": "Strikeout", "evo": "", "la": "", "dist": ""}, {"player": "matt joyce", "game": "phi @ mia", "gameIdx": 0, "hr/park": "", "pa": "25", "dt": "", "img": "https://www.mlbstatic.com/team-logos/146.svg", "team": "mia", "start": "", "in": "3", "result": "Strikeout", "evo": "", "la": "", "dist": ""}, {"player": "jesus aguilar", "game": "phi @ mia", "gameIdx": 0, "hr/park": "", "pa": "24", "dt": "", "img": "https://www.mlbstatic.com/team-logos/146.svg", "team": "mia", "start": "", "in": "3", "result": "Double", "evo": "83.9", "la": "7", "dist": "108"}, {"player": "starling marte", "game": "phi @ mia", "gameIdx": 0, "hr/park": "", "pa": "23", "dt": "", "img": "https://www.mlbstatic.com/team-logos/146.svg", "team": "mia", "start": "", "in": "3", "result": "Single", "evo": "81.9", "la": "12", "dist": "177"}, {"player": "corey dickerson", "game": "phi @ mia", "gameIdx": 0, "hr/park": "", "pa": "22", "dt": "", "img": "https://www.mlbstatic.com/team-logos/146.svg", "team": "mia", "start": "", "in": "3", "result": "Double", "evo": "71.0", "la": "37", "dist": "219"}, {"player": "alec bohm", "game": "phi @ mia", "gameIdx": 0, "hr/park": "", "pa": "21", "dt": "", "img": "https://www.mlbstatic.com/team-logos/143.svg", "team": "phi", "start": "", "in": "3", "result": "Strikeout", "evo": "", "la": "", "dist": ""}, {"player": "bryce harper", "game": "phi @ mia", "gameIdx": 0, "hr/park": "", "pa": "20", "dt": "", "img": "https://www.mlbstatic.com/team-logos/143.svg", "team": "phi", "start": "", "in": "3", "result": "Double", "evo": "96.4", "la": "-2", "dist": "29"}, {"player": "andrew mccutchen", "game": "phi @ mia", "gameIdx": 0, "hr/park": "", "pa": "19", "dt": "", "img": "https://www.mlbstatic.com/team-logos/143.svg", "team": "phi", "start": "", "in": "3", "result": "Strikeout", "evo": "", "la": "", "dist": ""}, {"player": "rafael marchan", "game": "phi @ mia", "gameIdx": 0, "hr/park": "", "pa": "18", "dt": "", "img": "https://www.mlbstatic.com/team-logos/143.svg", "team": "phi", "start": "", "in": "3", "result": "Single", "evo": "80.5", "la": "14", "dist": "193"}, {"player": "scott kingery", "game": "phi @ mia", "gameIdx": 0, "hr/park": "", "pa": "17", "dt": "", "img": "https://www.mlbstatic.com/team-logos/143.svg", "team": "phi", "start": "", "in": "3", "result": "Pop Out", "evo": "42.5", "la": "50", "dist": "96"}, {"player": "chad wallach", "game": "phi @ mia", "gameIdx": 0, "hr/park": "", "pa": "16", "dt": "", "img": "https://www.mlbstatic.com/team-logos/146.svg", "team": "mia", "start": "", "in": "2", "result": "Strikeout", "evo": "", "la": "", "dist": ""}, {"player": "isan diaz", "game": "phi @ mia", "gameIdx": 0, "hr/park": "", "pa": "15", "dt": "", "img": "https://www.mlbstatic.com/team-logos/146.svg", "team": "mia", "start": "", "in": "2", "result": "Groundout", "evo": "61.2", "la": "-75", "dist": "3"}, {"player": "miguel rojas", "game": "phi @ mia", "gameIdx": 0, "hr/park": "", "pa": "14", "dt": "", "img": "https://www.mlbstatic.com/team-logos/146.svg", "team": "mia", "start": "", "in": "2", "result": "Walk", "evo": "", "la": "", "dist": ""}, {"player": "jazz chisholm", "game": "phi @ mia", "gameIdx": 0, "hr/park": "", "pa": "13", "dt": "", "img": "https://www.mlbstatic.com/team-logos/146.svg", "team": "mia", "start": "", "in": "2", "result": "Single", "evo": "83.5", "la": "20", "dist": "227"}, {"player": "garrett cooper", "game": "phi @ mia", "gameIdx": 0, "hr/park": "", "pa": "12", "dt": "", "img": "https://www.mlbstatic.com/team-logos/146.svg", "team": "mia", "start": "", "in": "2", "result": "Groundout", "evo": "62.4", "la": "-46", "dist": "2"}, {"player": "matt joyce", "game": "phi @ mia", "gameIdx": 0, "hr/park": "", "pa": "11", "dt": "", "img": "https://www.mlbstatic.com/team-logos/146.svg", "team": "mia", "start": "", "in": "2", "result": "Single", "evo": "101.9", "la": "12", "dist": "210"}, {"player": "adam haseley", "game": "phi @ mia", "gameIdx": 0, "hr/park": "", "pa": "10", "dt": "", "img": "https://www.mlbstatic.com/team-logos/143.svg", "team": "phi", "start": "", "in": "2", "result": "Groundout", "evo": "58.7", "la": "-32", "dist": "4"}, {"player": "phil gosselin", "game": "phi @ mia", "gameIdx": 0, "hr/park": "", "pa": "9", "dt": "", "img": "https://www.mlbstatic.com/team-logos/143.svg", "team": "phi", "start": "", "in": "2", "result": "Strikeout", "evo": "", "la": "", "dist": ""}, {"player": "jean segura", "game": "phi @ mia", "gameIdx": 0, "hr/park": "", "pa": "8", "dt": "", "img": "https://www.mlbstatic.com/team-logos/143.svg", "team": "phi", "start": "", "in": "2", "result": "Strikeout", "evo": "", "la": "", "dist": ""}, {"player": "jesus aguilar", "game": "phi @ mia", "gameIdx": 0, "hr/park": "", "pa": "7", "dt": "", "img": "https://www.mlbstatic.com/team-logos/146.svg", "team": "mia", "start": "", "in": "1", "result": "Pop Out", "evo": "89.2", "la": "58", "dist": "206"}, {"player": "starling marte", "game": "phi @ mia", "gameIdx": 0, "hr/park": "", "pa": "6", "dt": "", "img": "https://www.mlbstatic.com/team-logos/146.svg", "team": "mia", "start": "", "in": "1", "result": "Flyout", "evo": "96.1", "la": "57", "dist": "234"}, {"player": "corey dickerson", "game": "phi @ mia", "gameIdx": 0, "hr/park": "0/30", "pa": "5", "dt": "", "img": "https://www.mlbstatic.com/team-logos/146.svg", "team": "mia", "start": "", "in": "1", "result": "Lineout", "evo": "99.1", "la": "19", "dist": "360"}, {"player": "didi gregorius", "game": "phi @ mia", "gameIdx": 0, "hr/park": "", "pa": "4", "dt": "", "img": "https://www.mlbstatic.com/team-logos/143.svg", "team": "phi", "start": "", "in": "1", "result": "Groundout", "evo": "68.9", "la": "", "dist": "37"}, {"player": "alec bohm", "game": "phi @ mia", "gameIdx": 0, "hr/park": "", "pa": "3", "dt": "", "img": "https://www.mlbstatic.com/team-logos/143.svg", "team": "phi", "start": "", "in": "1", "result": "Pop Out", "evo": "78.3", "la": "58", "dist": "184"}, {"player": "bryce harper", "game": "phi @ mia", "gameIdx": 0, "hr/park": "0/30", "pa": "2", "dt": "", "img": "https://www.mlbstatic.com/team-logos/143.svg", "team": "phi", "start": "", "in": "1", "result": "Flyout", "evo": "84.7", "la": "30", "dist": "324"}, {"player": "andrew mccutchen", "game": "phi @ mia", "gameIdx": 0, "hr/park": "20/30", "pa": "1", "dt": "", "img": "https://www.mlbstatic.com/team-logos/143.svg", "team": "phi", "start": "", "in": "1", "result": "Home Run", "evo": "102.9", "la": "30", "dist": "409"}], "ath @ sea": [{"player": "matt olson", "game": "ath @ sea", "gameIdx": 0, "hr/park": "", "pa": "63", "dt": "", "img": "https://www.mlbstatic.com/team-logos/133.svg", "team": "ath", "start": "", "in": "7", "result": "Groundout", "evo": "76.6", "la": "-9", "dist": "15"}, {"player": "mark canha", "game": "ath @ sea", "gameIdx": 0, "hr/park": "", "pa": "62", "dt": "", "img": "https://www.mlbstatic.com/team-logos/133.svg", "team": "ath", "start": "", "in": "7", "result": "Hit By Pitch", "evo": "", "la": "", "dist": ""}, {"player": "robbie grossman", "game": "ath @ sea", "gameIdx": 0, "hr/park": "", "pa": "61", "dt": "", "img": "https://www.mlbstatic.com/team-logos/133.svg", "team": "ath", "start": "", "in": "7", "result": "Strikeout", "evo": "", "la": "", "dist": ""}, {"player": "tommy la stella", "game": "ath @ sea", "gameIdx": 0, "hr/park": "", "pa": "60", "dt": "", "img": "https://www.mlbstatic.com/team-logos/133.svg", "team": "ath", "start": "", "in": "7", "result": "Groundout", "evo": "82.2", "la": "2", "dist": "43"}, {"player": "kyle seager", "game": "ath @ sea", "gameIdx": 0, "hr/park": "", "pa": "59", "dt": "", "img": "https://www.mlbstatic.com/team-logos/136.svg", "team": "sea", "start": "", "in": "6", "result": "Groundout", "evo": "86.2", "la": "-12", "dist": "11"}, {"player": "kyle lewis", "game": "ath @ sea", "gameIdx": 0, "hr/park": "", "pa": "58", "dt": "", "img": "https://www.mlbstatic.com/team-logos/136.svg", "team": "sea", "start": "", "in": "6", "result": "Walk", "evo": "", "la": "", "dist": ""}, {"player": "ty france", "game": "ath @ sea", "gameIdx": 0, "hr/park": "", "pa": "57", "dt": "", "img": "https://www.mlbstatic.com/team-logos/136.svg", "team": "sea", "start": "", "in": "6", "result": "Walk", "evo": "", "la": "", "dist": ""}, {"player": "dylan moore", "game": "ath @ sea", "gameIdx": 0, "hr/park": "", "pa": "56", "dt": "", "img": "https://www.mlbstatic.com/team-logos/136.svg", "team": "sea", "start": "", "in": "6", "result": "Walk", "evo": "", "la": "", "dist": ""}, {"player": "tim lopes", "game": "ath @ sea", "gameIdx": 0, "hr/park": "0/30", "pa": "55", "dt": "", "img": "https://www.mlbstatic.com/team-logos/136.svg", "team": "sea", "start": "", "in": "6", "result": "Double", "evo": "98.6", "la": "23", "dist": "351"}, {"player": "jose marmolejos", "game": "ath @ sea", "gameIdx": 0, "hr/park": "", "pa": "54", "dt": "", "img": "https://www.mlbstatic.com/team-logos/136.svg", "team": "sea", "start": "", "in": "6", "result": "Flyout", "evo": "92.6", "la": "54", "dist": "266"}, {"player": "phillip ervin", "game": "ath @ sea", "gameIdx": 0, "hr/park": "", "pa": "53", "dt": "", "img": "https://www.mlbstatic.com/team-logos/136.svg", "team": "sea", "start": "", "in": "6", "result": "Single", "evo": "102.0", "la": "12", "dist": "196"}, {"player": "luis torrens", "game": "ath @ sea", "gameIdx": 0, "hr/park": "", "pa": "52", "dt": "", "img": "https://www.mlbstatic.com/team-logos/136.svg", "team": "sea", "start": "", "in": "6", "result": "Strikeout", "evo": "", "la": "", "dist": ""}, {"player": "marcus semien", "game": "ath @ sea", "gameIdx": 0, "hr/park": "", "pa": "51", "dt": "", "img": "https://www.mlbstatic.com/team-logos/133.svg", "team": "ath", "start": "", "in": "6", "result": "Groundout", "evo": "45.6", "la": "-39", "dist": "7"}, {"player": "tony kemp", "game": "ath @ sea", "gameIdx": 0, "hr/park": "", "pa": "50", "dt": "", "img": "https://www.mlbstatic.com/team-logos/133.svg", "team": "ath", "start": "", "in": "6", "result": "Groundout", "evo": "65.6", "la": "6", "dist": "66"}, {"player": "ramon laureano", "game": "ath @ sea", "gameIdx": 0, "hr/park": "", "pa": "49", "dt": "", "img": "https://www.mlbstatic.com/team-logos/133.svg", "team": "ath", "start": "", "in": "6", "result": "Groundout", "evo": "90.1", "la": "-13", "dist": "9"}, {"player": "evan white", "game": "ath @ sea", "gameIdx": 0, "hr/park": "", "pa": "48", "dt": "", "img": "https://www.mlbstatic.com/team-logos/136.svg", "team": "sea", "start": "", "in": "5", "result": "Flyout", "evo": "86.6", "la": "36", "dist": "296"}, {"player": "kyle seager", "game": "ath @ sea", "gameIdx": 0, "hr/park": "", "pa": "47", "dt": "", "img": "https://www.mlbstatic.com/team-logos/136.svg", "team": "sea", "start": "", "in": "5", "result": "Single", "evo": "75.8", "la": "23", "dist": "242"}, {"player": "kyle lewis", "game": "ath @ sea", "gameIdx": 0, "hr/park": "12/30", "pa": "46", "dt": "", "img": "https://www.mlbstatic.com/team-logos/136.svg", "team": "sea", "start": "", "in": "5", "result": "Home Run", "evo": "106.8", "la": "29", "dist": "403"}, {"player": "ty france", "game": "ath @ sea", "gameIdx": 0, "hr/park": "", "pa": "45", "dt": "", "img": "https://www.mlbstatic.com/team-logos/136.svg", "team": "sea", "start": "", "in": "5", "result": "Pop Out", "evo": "76.8", "la": "61", "dist": "170"}, {"player": "dylan moore", "game": "ath @ sea", "gameIdx": 0, "hr/park": "", "pa": "44", "dt": "", "img": "https://www.mlbstatic.com/team-logos/136.svg", "team": "sea", "start": "", "in": "5", "result": "Groundout", "evo": "68.4", "la": "-20", "dist": "5"}, {"player": "tim lopes", "game": "ath @ sea", "gameIdx": 0, "hr/park": "", "pa": "43", "dt": "", "img": "https://www.mlbstatic.com/team-logos/136.svg", "team": "sea", "start": "", "in": "5", "result": "Double", "evo": "85.0", "la": "", "dist": "41"}, {"player": "jose marmolejos", "game": "ath @ sea", "gameIdx": 0, "hr/park": "12/30", "pa": "42", "dt": "", "img": "https://www.mlbstatic.com/team-logos/136.svg", "team": "sea", "start": "", "in": "5", "result": "Home Run", "evo": "105.5", "la": "21", "dist": "400"}, {"player": "khris davis", "game": "ath @ sea", "gameIdx": 0, "hr/park": "", "pa": "41", "dt": "", "img": "https://www.mlbstatic.com/team-logos/133.svg", "team": "ath", "start": "", "in": "5", "result": "Strikeout", "evo": "", "la": "", "dist": ""}, {"player": "sean murphy", "game": "ath @ sea", "gameIdx": 0, "hr/park": "", "pa": "40", "dt": "", "img": "https://www.mlbstatic.com/team-logos/133.svg", "team": "ath", "start": "", "in": "5", "result": "Strikeout", "evo": "", "la": "", "dist": ""}, {"player": "matt olson", "game": "ath @ sea", "gameIdx": 0, "hr/park": "", "pa": "39", "dt": "", "img": "https://www.mlbstatic.com/team-logos/133.svg", "team": "ath", "start": "", "in": "5", "result": "Strikeout", "evo": "", "la": "", "dist": ""}, {"player": "mark canha", "game": "ath @ sea", "gameIdx": 0, "hr/park": "", "pa": "38", "dt": "", "img": "https://www.mlbstatic.com/team-logos/133.svg", "team": "ath", "start": "", "in": "5", "result": "Field Error", "evo": "86.7", "la": "6", "dist": "91"}, {"player": "phillip ervin", "game": "ath @ sea", "gameIdx": 0, "hr/park": "", "pa": "37", "dt": "", "img": "https://www.mlbstatic.com/team-logos/136.svg", "team": "sea", "start": "", "in": "4", "result": "Groundout", "evo": "66.6", "la": "-16", "dist": "10"}, {"player": "luis torrens", "game": "ath @ sea", "gameIdx": 0, "hr/park": "3/30", "pa": "36", "dt": "", "img": "https://www.mlbstatic.com/team-logos/136.svg", "team": "sea", "start": "", "in": "4", "result": "Home Run", "evo": "97.4", "la": "28", "dist": "336"}, {"player": "evan white", "game": "ath @ sea", "gameIdx": 0, "hr/park": "", "pa": "35", "dt": "", "img": "https://www.mlbstatic.com/team-logos/136.svg", "team": "sea", "start": "", "in": "4", "result": "Groundout", "evo": "87.6", "la": "7", "dist": "102"}, {"player": "kyle seager", "game": "ath @ sea", "gameIdx": 0, "hr/park": "", "pa": "34", "dt": "", "img": "https://www.mlbstatic.com/team-logos/136.svg", "team": "sea", "start": "", "in": "4", "result": "Strikeout", "evo": "", "la": "", "dist": ""}, {"player": "stephen piscotty", "game": "ath @ sea", "gameIdx": 0, "hr/park": "", "pa": "33", "dt": "", "img": "https://www.mlbstatic.com/team-logos/133.svg", "team": "ath", "start": "", "in": "4", "result": "Strikeout", "evo": "", "la": "", "dist": ""}, {"player": "tommy la stella", "game": "ath @ sea", "gameIdx": 0, "hr/park": "", "pa": "32", "dt": "", "img": "https://www.mlbstatic.com/team-logos/133.svg", "team": "ath", "start": "", "in": "4", "result": "Flyout", "evo": "92.2", "la": "55", "dist": "240"}, {"player": "marcus semien", "game": "ath @ sea", "gameIdx": 0, "hr/park": "30/30", "pa": "31", "dt": "", "img": "https://www.mlbstatic.com/team-logos/133.svg", "team": "ath", "start": "", "in": "4", "result": "Home Run", "evo": "105.6", "la": "32", "dist": "394"}, {"player": "tony kemp", "game": "ath @ sea", "gameIdx": 0, "hr/park": "", "pa": "30", "dt": "", "img": "https://www.mlbstatic.com/team-logos/133.svg", "team": "ath", "start": "", "in": "4", "result": "Forceout", "evo": "84.9", "la": "6", "dist": "86"}, {"player": "ramon laureano", "game": "ath @ sea", "gameIdx": 0, "hr/park": "", "pa": "29", "dt": "", "img": "https://www.mlbstatic.com/team-logos/133.svg", "team": "ath", "start": "", "in": "4", "result": "Hit By Pitch", "evo": "", "la": "", "dist": ""}, {"player": "khris davis", "game": "ath @ sea", "gameIdx": 0, "hr/park": "", "pa": "28", "dt": "", "img": "https://www.mlbstatic.com/team-logos/133.svg", "team": "ath", "start": "", "in": "4", "result": "Single", "evo": "84.8", "la": "6", "dist": "104"}, {"player": "sean murphy", "game": "ath @ sea", "gameIdx": 0, "hr/park": "29/30", "pa": "27", "dt": "", "img": "https://www.mlbstatic.com/team-logos/133.svg", "team": "ath", "start": "", "in": "4", "result": "Home Run", "evo": "105.5", "la": "42", "dist": "357"}, {"player": "kyle lewis", "game": "ath @ sea", "gameIdx": 0, "hr/park": "", "pa": "26", "dt": "", "img": "https://www.mlbstatic.com/team-logos/136.svg", "team": "sea", "start": "", "in": "3", "result": "Strikeout", "evo": "", "la": "", "dist": ""}, {"player": "ty france", "game": "ath @ sea", "gameIdx": 0, "hr/park": "", "pa": "25", "dt": "", "img": "https://www.mlbstatic.com/team-logos/136.svg", "team": "sea", "start": "", "in": "3", "result": "Pop Out", "evo": "88.0", "la": "78", "dist": "63"}, {"player": "dylan moore", "game": "ath @ sea", "gameIdx": 0, "hr/park": "", "pa": "24", "dt": "", "img": "https://www.mlbstatic.com/team-logos/136.svg", "team": "sea", "start": "", "in": "3", "result": "Hit By Pitch", "evo": "", "la": "", "dist": ""}, {"player": "tim lopes", "game": "ath @ sea", "gameIdx": 0, "hr/park": "0/30", "pa": "23", "dt": "", "img": "https://www.mlbstatic.com/team-logos/136.svg", "team": "sea", "start": "", "in": "3", "result": "Double", "evo": "99.0", "la": "21", "dist": "345"}, {"player": "jose marmolejos", "game": "ath @ sea", "gameIdx": 0, "hr/park": "", "pa": "22", "dt": "", "img": "https://www.mlbstatic.com/team-logos/136.svg", "team": "sea", "start": "", "in": "3", "result": "Strikeout", "evo": "", "la": "", "dist": ""}, {"player": "matt olson", "game": "ath @ sea", "gameIdx": 0, "hr/park": "", "pa": "21", "dt": "", "img": "https://www.mlbstatic.com/team-logos/133.svg", "team": "ath", "start": "", "in": "3", "result": "Strikeout", "evo": "", "la": "", "dist": ""}, {"player": "mark canha", "game": "ath @ sea", "gameIdx": 0, "hr/park": "", "pa": "20", "dt": "", "img": "https://www.mlbstatic.com/team-logos/133.svg", "team": "ath", "start": "", "in": "3", "result": "Pop Out", "evo": "79.7", "la": "84", "dist": "6"}, {"player": "stephen piscotty", "game": "ath @ sea", "gameIdx": 0, "hr/park": "0/30", "pa": "19", "dt": "", "img": "https://www.mlbstatic.com/team-logos/133.svg", "team": "ath", "start": "", "in": "3", "result": "Flyout", "evo": "96.7", "la": "37", "dist": "369"}, {"player": "phillip ervin", "game": "ath @ sea", "gameIdx": 0, "hr/park": "", "pa": "18", "dt": "", "img": "https://www.mlbstatic.com/team-logos/136.svg", "team": "sea", "start": "", "in": "2", "result": "Flyout", "evo": "72.1", "la": "34", "dist": "249"}, {"player": "luis torrens", "game": "ath @ sea", "gameIdx": 0, "hr/park": "", "pa": "17", "dt": "", "img": "https://www.mlbstatic.com/team-logos/136.svg", "team": "sea", "start": "", "in": "2", "result": "Single", "evo": "98.3", "la": "17", "dist": "260"}, {"player": "evan white", "game": "ath @ sea", "gameIdx": 0, "hr/park": "", "pa": "16", "dt": "", "img": "https://www.mlbstatic.com/team-logos/136.svg", "team": "sea", "start": "", "in": "2", "result": "Strikeout", "evo": "", "la": "", "dist": ""}, {"player": "kyle seager", "game": "ath @ sea", "gameIdx": 0, "hr/park": "0/30", "pa": "15", "dt": "", "img": "https://www.mlbstatic.com/team-logos/136.svg", "team": "sea", "start": "", "in": "2", "result": "Flyout", "evo": "99.7", "la": "40", "dist": "366"}, {"player": "tommy la stella", "game": "ath @ sea", "gameIdx": 0, "hr/park": "", "pa": "14", "dt": "", "img": "https://www.mlbstatic.com/team-logos/133.svg", "team": "ath", "start": "", "in": "2", "result": "Groundout", "evo": "78.7", "la": "-28", "dist": "4"}, {"player": "marcus semien", "game": "ath @ sea", "gameIdx": 0, "hr/park": "", "pa": "13", "dt": "", "img": "https://www.mlbstatic.com/team-logos/133.svg", "team": "ath", "start": "", "in": "2", "result": "Single", "evo": "102.5", "la": "9", "dist": "155"}, {"player": "tony kemp", "game": "ath @ sea", "gameIdx": 0, "hr/park": "", "pa": "12", "dt": "", "img": "https://www.mlbstatic.com/team-logos/133.svg", "team": "ath", "start": "", "in": "2", "result": "Hit By Pitch", "evo": "", "la": "", "dist": ""}, {"player": "ramon laureano", "game": "ath @ sea", "gameIdx": 0, "hr/park": "0/30", "pa": "11", "dt": "", "img": "https://www.mlbstatic.com/team-logos/133.svg", "team": "ath", "start": "", "in": "2", "result": "Flyout", "evo": "100.8", "la": "28", "dist": "397"}, {"player": "khris davis", "game": "ath @ sea", "gameIdx": 0, "hr/park": "0/30", "pa": "10", "dt": "", "img": "https://www.mlbstatic.com/team-logos/133.svg", "team": "ath", "start": "", "in": "2", "result": "Double", "evo": "103.0", "la": "25", "dist": "371"}, {"player": "sean murphy", "game": "ath @ sea", "gameIdx": 0, "hr/park": "", "pa": "9", "dt": "", "img": "https://www.mlbstatic.com/team-logos/133.svg", "team": "ath", "start": "", "in": "2", "result": "Groundout", "evo": "72.3", "la": "-11", "dist": "15"}, {"player": "kyle lewis", "game": "ath @ sea", "gameIdx": 0, "hr/park": "", "pa": "8", "dt": "", "img": "https://www.mlbstatic.com/team-logos/136.svg", "team": "sea", "start": "", "in": "1", "result": "Strikeout", "evo": "", "la": "", "dist": ""}, {"player": "ty france", "game": "ath @ sea", "gameIdx": 0, "hr/park": "", "pa": "7", "dt": "", "img": "https://www.mlbstatic.com/team-logos/136.svg", "team": "sea", "start": "", "in": "1", "result": "Strikeout", "evo": "", "la": "", "dist": ""}, {"player": "dylan moore", "game": "ath @ sea", "gameIdx": 0, "hr/park": "", "pa": "6", "dt": "", "img": "https://www.mlbstatic.com/team-logos/136.svg", "team": "sea", "start": "", "in": "1", "result": "Strikeout", "evo": "", "la": "", "dist": ""}, {"player": "matt olson", "game": "ath @ sea", "gameIdx": 0, "hr/park": "", "pa": "5", "dt": "", "img": "https://www.mlbstatic.com/team-logos/133.svg", "team": "ath", "start": "", "in": "1", "result": "Strikeout", "evo": "", "la": "", "dist": ""}, {"player": "mark canha", "game": "ath @ sea", "gameIdx": 0, "hr/park": "", "pa": "4", "dt": "", "img": "https://www.mlbstatic.com/team-logos/133.svg", "team": "ath", "start": "", "in": "1", "result": "Strikeout", "evo": "", "la": "", "dist": ""}, {"player": "stephen piscotty", "game": "ath @ sea", "gameIdx": 0, "hr/park": "", "pa": "3", "dt": "", "img": "https://www.mlbstatic.com/team-logos/133.svg", "team": "ath", "start": "", "in": "1", "result": "Lineout", "evo": "86.2", "la": "27", "dist": "287"}, {"player": "tommy la stella", "game": "ath @ sea", "gameIdx": 0, "hr/park": "", "pa": "2", "dt": "", "img": "https://www.mlbstatic.com/team-logos/133.svg", "team": "ath", "start": "", "in": "1", "result": "Single", "evo": "95.2", "la": "5", "dist": "100"}, {"player": "marcus semien", "game": "ath @ sea", "gameIdx": 0, "hr/park": "", "pa": "1", "dt": "", "img": "https://www.mlbstatic.com/team-logos/133.svg", "team": "ath", "start": "", "in": "1", "result": "Walk", "evo": "", "la": "", "dist": ""}], "ath @ sea-gm2": [{"player": "evan white", "game": "ath @ sea-gm2", "gameIdx": 0, "hr/park": "", "pa": "61", "dt": "", "img": "https://www.mlbstatic.com/team-logos/136.svg", "team": "sea", "start": "", "in": "7", "result": "Pop Out", "evo": "77.2", "la": "53", "dist": "210"}, {"player": "kyle seager", "game": "ath @ sea-gm2", "gameIdx": 0, "hr/park": "", "pa": "60", "dt": "", "img": "https://www.mlbstatic.com/team-logos/136.svg", "team": "sea", "start": "", "in": "7", "result": "Pop Out", "evo": "90.7", "la": "78", "dist": "67"}, {"player": "kyle lewis", "game": "ath @ sea-gm2", "gameIdx": 0, "hr/park": "", "pa": "59", "dt": "", "img": "https://www.mlbstatic.com/team-logos/136.svg", "team": "sea", "start": "", "in": "7", "result": "Double", "evo": "89.7", "la": "15", "dist": "203"}, {"player": "ty france", "game": "ath @ sea-gm2", "gameIdx": 0, "hr/park": "", "pa": "58", "dt": "", "img": "https://www.mlbstatic.com/team-logos/136.svg", "team": "sea", "start": "", "in": "7", "result": "Strikeout", "evo": "", "la": "", "dist": ""}, {"player": "nate orf", "game": "ath @ sea-gm2", "gameIdx": 0, "hr/park": "5/30", "pa": "57", "dt": "", "img": "https://www.mlbstatic.com/team-logos/133.svg", "team": "ath", "start": "", "in": "7", "result": "Flyout", "evo": "96.5", "la": "39", "dist": "367"}, {"player": "tommy la stella", "game": "ath @ sea-gm2", "gameIdx": 0, "hr/park": "", "pa": "56", "dt": "", "img": "https://www.mlbstatic.com/team-logos/133.svg", "team": "ath", "start": "", "in": "7", "result": "Groundout", "evo": "75.6", "la": "-1", "dist": "39"}, {"player": "vimael machin", "game": "ath @ sea-gm2", "gameIdx": 0, "hr/park": "", "pa": "55", "dt": "", "img": "https://www.mlbstatic.com/team-logos/133.svg", "team": "ath", "start": "", "in": "7", "result": "Flyout", "evo": "93.7", "la": "47", "dist": "296"}, {"player": "dylan moore", "game": "ath @ sea-gm2", "gameIdx": 0, "hr/park": "", "pa": "54", "dt": "", "img": "https://www.mlbstatic.com/team-logos/136.svg", "team": "sea", "start": "", "in": "6", "result": "Strikeout", "evo": "", "la": "", "dist": ""}, {"player": "joseph odom", "game": "ath @ sea-gm2", "gameIdx": 0, "hr/park": "", "pa": "53", "dt": "", "img": "https://www.mlbstatic.com/team-logos/136.svg", "team": "sea", "start": "", "in": "6", "result": "Strikeout", "evo": "", "la": "", "dist": ""}, {"player": "donovan walton", "game": "ath @ sea-gm2", "gameIdx": 0, "hr/park": "", "pa": "52", "dt": "", "img": "https://www.mlbstatic.com/team-logos/136.svg", "team": "sea", "start": "", "in": "6", "result": "Groundout", "evo": "59.9", "la": "-48", "dist": "4"}, {"player": "jonah heim", "game": "ath @ sea-gm2", "gameIdx": 0, "hr/park": "", "pa": "51", "dt": "", "img": "https://www.mlbstatic.com/team-logos/133.svg", "team": "ath", "start": "", "in": "6", "result": "Groundout", "evo": "102.0", "la": "-1", "dist": "40"}, {"player": "ramon laureano", "game": "ath @ sea-gm2", "gameIdx": 0, "hr/park": "", "pa": "50", "dt": "", "img": "https://www.mlbstatic.com/team-logos/133.svg", "team": "ath", "start": "", "in": "6", "result": "Single", "evo": "106.6", "la": "4", "dist": "94"}, {"player": "jake lamb", "game": "ath @ sea-gm2", "gameIdx": 0, "hr/park": "30/30", "pa": "49", "dt": "", "img": "https://www.mlbstatic.com/team-logos/133.svg", "team": "ath", "start": "", "in": "6", "result": "Home Run", "evo": "104.3", "la": "38", "dist": "409"}, {"player": "mark canha", "game": "ath @ sea-gm2", "gameIdx": 0, "hr/park": "19/30", "pa": "48", "dt": "", "img": "https://www.mlbstatic.com/team-logos/133.svg", "team": "ath", "start": "", "in": "6", "result": "Home Run", "evo": "100.1", "la": "30", "dist": "393"}, {"player": "matt olson", "game": "ath @ sea-gm2", "gameIdx": 0, "hr/park": "", "pa": "47", "dt": "", "img": "https://www.mlbstatic.com/team-logos/133.svg", "team": "ath", "start": "", "in": "6", "result": "Strikeout", "evo": "", "la": "", "dist": ""}, {"player": "robbie grossman", "game": "ath @ sea-gm2", "gameIdx": 0, "hr/park": "", "pa": "46", "dt": "", "img": "https://www.mlbstatic.com/team-logos/133.svg", "team": "ath", "start": "", "in": "6", "result": "Single", "evo": "87.8", "la": "-3", "dist": "23"}, {"player": "marcus semien", "game": "ath @ sea-gm2", "gameIdx": 0, "hr/park": "0/30", "pa": "45", "dt": "", "img": "https://www.mlbstatic.com/team-logos/133.svg", "team": "ath", "start": "", "in": "6", "result": "Flyout", "evo": "84.2", "la": "40", "dist": "302"}, {"player": "jose marmolejos", "game": "ath @ sea-gm2", "gameIdx": 0, "hr/park": "", "pa": "44", "dt": "", "img": "https://www.mlbstatic.com/team-logos/136.svg", "team": "sea", "start": "", "in": "5", "result": "Flyout", "evo": "94.4", "la": "50", "dist": "263"}, {"player": "tim lopes", "game": "ath @ sea-gm2", "gameIdx": 0, "hr/park": "", "pa": "43", "dt": "", "img": "https://www.mlbstatic.com/team-logos/136.svg", "team": "sea", "start": "", "in": "5", "result": "GIDP", "evo": "64.0", "la": "-24", "dist": "5"}, {"player": "evan white", "game": "ath @ sea-gm2", "gameIdx": 0, "hr/park": "", "pa": "42", "dt": "", "img": "https://www.mlbstatic.com/team-logos/136.svg", "team": "sea", "start": "", "in": "5", "result": "Walk", "evo": "", "la": "", "dist": ""}, {"player": "tommy la stella", "game": "ath @ sea-gm2", "gameIdx": 0, "hr/park": "0/30", "pa": "41", "dt": "", "img": "https://www.mlbstatic.com/team-logos/133.svg", "team": "ath", "start": "", "in": "5", "result": "Lineout", "evo": "99.8", "la": "21", "dist": "364"}, {"player": "vimael machin", "game": "ath @ sea-gm2", "gameIdx": 0, "hr/park": "0/30", "pa": "40", "dt": "", "img": "https://www.mlbstatic.com/team-logos/133.svg", "team": "ath", "start": "", "in": "5", "result": "Flyout", "evo": "97.4", "la": "33", "dist": "356"}, {"player": "jonah heim", "game": "ath @ sea-gm2", "gameIdx": 0, "hr/park": "", "pa": "39", "dt": "", "img": "https://www.mlbstatic.com/team-logos/133.svg", "team": "ath", "start": "", "in": "5", "result": "Pop Out", "evo": "84.0", "la": "69", "dist": "131"}, {"player": "kyle seager", "game": "ath @ sea-gm2", "gameIdx": 0, "hr/park": "", "pa": "38", "dt": "", "img": "https://www.mlbstatic.com/team-logos/136.svg", "team": "sea", "start": "", "in": "4", "result": "Groundout", "evo": "76.0", "la": "-33", "dist": "5"}, {"player": "kyle lewis", "game": "ath @ sea-gm2", "gameIdx": 0, "hr/park": "", "pa": "37", "dt": "", "img": "https://www.mlbstatic.com/team-logos/136.svg", "team": "sea", "start": "", "in": "4", "result": "Strikeout", "evo": "", "la": "", "dist": ""}, {"player": "ty france", "game": "ath @ sea-gm2", "gameIdx": 0, "hr/park": "", "pa": "36", "dt": "", "img": "https://www.mlbstatic.com/team-logos/136.svg", "team": "sea", "start": "", "in": "4", "result": "Groundout", "evo": "73.6", "la": "-5", "dist": "22"}, {"player": "ramon laureano", "game": "ath @ sea-gm2", "gameIdx": 0, "hr/park": "", "pa": "35", "dt": "", "img": "https://www.mlbstatic.com/team-logos/133.svg", "team": "ath", "start": "", "in": "4", "result": "Groundout", "evo": "56.6", "la": "-56", "dist": "3"}, {"player": "jake lamb", "game": "ath @ sea-gm2", "gameIdx": 0, "hr/park": "", "pa": "34", "dt": "", "img": "https://www.mlbstatic.com/team-logos/133.svg", "team": "ath", "start": "", "in": "4", "result": "Groundout", "evo": "62.5", "la": "-26", "dist": "10"}, {"player": "mark canha", "game": "ath @ sea-gm2", "gameIdx": 0, "hr/park": "", "pa": "33", "dt": "", "img": "https://www.mlbstatic.com/team-logos/133.svg", "team": "ath", "start": "", "in": "4", "result": "Pop Out", "evo": "95.3", "la": "61", "dist": "196"}, {"player": "dylan moore", "game": "ath @ sea-gm2", "gameIdx": 0, "hr/park": "", "pa": "32", "dt": "", "img": "https://www.mlbstatic.com/team-logos/136.svg", "team": "sea", "start": "", "in": "3", "result": "Strikeout", "evo": "", "la": "", "dist": ""}, {"player": "joseph odom", "game": "ath @ sea-gm2", "gameIdx": 0, "hr/park": "", "pa": "31", "dt": "", "img": "https://www.mlbstatic.com/team-logos/136.svg", "team": "sea", "start": "", "in": "3", "result": "Strikeout", "evo": "", "la": "", "dist": ""}, {"player": "donovan walton", "game": "ath @ sea-gm2", "gameIdx": 0, "hr/park": "", "pa": "30", "dt": "", "img": "https://www.mlbstatic.com/team-logos/136.svg", "team": "sea", "start": "", "in": "3", "result": "Single", "evo": "89.7", "la": "9", "dist": "140"}, {"player": "matt olson", "game": "ath @ sea-gm2", "gameIdx": 0, "hr/park": "", "pa": "29", "dt": "", "img": "https://www.mlbstatic.com/team-logos/133.svg", "team": "ath", "start": "", "in": "3", "result": "Flyout", "evo": "78.2", "la": "42", "dist": "262"}, {"player": "robbie grossman", "game": "ath @ sea-gm2", "gameIdx": 0, "hr/park": "", "pa": "28", "dt": "", "img": "https://www.mlbstatic.com/team-logos/133.svg", "team": "ath", "start": "", "in": "3", "result": "Single", "evo": "96.6", "la": "-1", "dist": "45"}, {"player": "marcus semien", "game": "ath @ sea-gm2", "gameIdx": 0, "hr/park": "", "pa": "27", "dt": "", "img": "https://www.mlbstatic.com/team-logos/133.svg", "team": "ath", "start": "", "in": "3", "result": "Forceout", "evo": "79.0", "la": "3", "dist": "54"}, {"player": "tommy la stella", "game": "ath @ sea-gm2", "gameIdx": 0, "hr/park": "", "pa": "26", "dt": "", "img": "https://www.mlbstatic.com/team-logos/133.svg", "team": "ath", "start": "", "in": "3", "result": "Walk", "evo": "", "la": "", "dist": ""}, {"player": "vimael machin", "game": "ath @ sea-gm2", "gameIdx": 0, "hr/park": "", "pa": "25", "dt": "", "img": "https://www.mlbstatic.com/team-logos/133.svg", "team": "ath", "start": "", "in": "3", "result": "Single", "evo": "68.5", "la": "32", "dist": "223"}, {"player": "jonah heim", "game": "ath @ sea-gm2", "gameIdx": 0, "hr/park": "", "pa": "24", "dt": "", "img": "https://www.mlbstatic.com/team-logos/133.svg", "team": "ath", "start": "", "in": "3", "result": "Single", "evo": "98.3", "la": "9", "dist": "149"}, {"player": "ramon laureano", "game": "ath @ sea-gm2", "gameIdx": 0, "hr/park": "", "pa": "23", "dt": "", "img": "https://www.mlbstatic.com/team-logos/133.svg", "team": "ath", "start": "", "in": "3", "result": "Double", "evo": "80.6", "la": "37", "dist": "260"}, {"player": "jake lamb", "game": "ath @ sea-gm2", "gameIdx": 0, "hr/park": "", "pa": "22", "dt": "", "img": "https://www.mlbstatic.com/team-logos/133.svg", "team": "ath", "start": "", "in": "3", "result": "Double", "evo": "85.5", "la": "25", "dist": "295"}, {"player": "mark canha", "game": "ath @ sea-gm2", "gameIdx": 0, "hr/park": "0/30", "pa": "21", "dt": "", "img": "https://www.mlbstatic.com/team-logos/133.svg", "team": "ath", "start": "", "in": "3", "result": "Flyout", "evo": "87.2", "la": "35", "dist": "332"}, {"player": "matt olson", "game": "ath @ sea-gm2", "gameIdx": 0, "hr/park": "", "pa": "20", "dt": "", "img": "https://www.mlbstatic.com/team-logos/133.svg", "team": "ath", "start": "", "in": "3", "result": "Walk", "evo": "", "la": "", "dist": ""}, {"player": "jose marmolejos", "game": "ath @ sea-gm2", "gameIdx": 0, "hr/park": "", "pa": "19", "dt": "", "img": "https://www.mlbstatic.com/team-logos/136.svg", "team": "sea", "start": "", "in": "2", "result": "Strikeout", "evo": "", "la": "", "dist": ""}, {"player": "tim lopes", "game": "ath @ sea-gm2", "gameIdx": 0, "hr/park": "", "pa": "18", "dt": "", "img": "https://www.mlbstatic.com/team-logos/136.svg", "team": "sea", "start": "", "in": "2", "result": "Groundout", "evo": "98.1", "la": "-10", "dist": "18"}, {"player": "evan white", "game": "ath @ sea-gm2", "gameIdx": 0, "hr/park": "", "pa": "17", "dt": "", "img": "https://www.mlbstatic.com/team-logos/136.svg", "team": "sea", "start": "", "in": "2", "result": "Strikeout", "evo": "", "la": "", "dist": ""}, {"player": "robbie grossman", "game": "ath @ sea-gm2", "gameIdx": 0, "hr/park": "", "pa": "16", "dt": "", "img": "https://www.mlbstatic.com/team-logos/133.svg", "team": "ath", "start": "", "in": "2", "result": "Pop Out", "evo": "66.9", "la": "52", "dist": "191"}, {"player": "marcus semien", "game": "ath @ sea-gm2", "gameIdx": 0, "hr/park": "1/30", "pa": "15", "dt": "", "img": "https://www.mlbstatic.com/team-logos/133.svg", "team": "ath", "start": "", "in": "2", "result": "Flyout", "evo": "102.3", "la": "43", "dist": "375"}, {"player": "tommy la stella", "game": "ath @ sea-gm2", "gameIdx": 0, "hr/park": "", "pa": "14", "dt": "", "img": "https://www.mlbstatic.com/team-logos/133.svg", "team": "ath", "start": "", "in": "2", "result": "Single", "evo": "93.5", "la": "14", "dist": "275"}, {"player": "vimael machin", "game": "ath @ sea-gm2", "gameIdx": 0, "hr/park": "", "pa": "13", "dt": "", "img": "https://www.mlbstatic.com/team-logos/133.svg", "team": "ath", "start": "", "in": "2", "result": "Flyout", "evo": "79.5", "la": "38", "dist": "277"}, {"player": "jonah heim", "game": "ath @ sea-gm2", "gameIdx": 0, "hr/park": "", "pa": "12", "dt": "", "img": "https://www.mlbstatic.com/team-logos/133.svg", "team": "ath", "start": "", "in": "2", "result": "Walk", "evo": "", "la": "", "dist": ""}, {"player": "kyle seager", "game": "ath @ sea-gm2", "gameIdx": 0, "hr/park": "0/30", "pa": "11", "dt": "", "img": "https://www.mlbstatic.com/team-logos/136.svg", "team": "sea", "start": "", "in": "1", "result": "Flyout", "evo": "99.0", "la": "49", "dist": "314"}, {"player": "kyle lewis", "game": "ath @ sea-gm2", "gameIdx": 0, "hr/park": "", "pa": "10", "dt": "", "img": "https://www.mlbstatic.com/team-logos/136.svg", "team": "sea", "start": "", "in": "1", "result": "Walk", "evo": "", "la": "", "dist": ""}, {"player": "ty france", "game": "ath @ sea-gm2", "gameIdx": 0, "hr/park": "", "pa": "9", "dt": "", "img": "https://www.mlbstatic.com/team-logos/136.svg", "team": "sea", "start": "", "in": "1", "result": "Flyout", "evo": "83.9", "la": "46", "dist": "249"}, {"player": "dylan moore", "game": "ath @ sea-gm2", "gameIdx": 0, "hr/park": "0/30", "pa": "8", "dt": "", "img": "https://www.mlbstatic.com/team-logos/136.svg", "team": "sea", "start": "", "in": "1", "result": "Flyout", "evo": "87.5", "la": "28", "dist": "330"}, {"player": "ramon laureano", "game": "ath @ sea-gm2", "gameIdx": 0, "hr/park": "12/30", "pa": "7", "dt": "", "img": "https://www.mlbstatic.com/team-logos/133.svg", "team": "ath", "start": "", "in": "1", "result": "Flyout", "evo": "100.0", "la": "32", "dist": "395"}, {"player": "jake lamb", "game": "ath @ sea-gm2", "gameIdx": 0, "hr/park": "", "pa": "6", "dt": "", "img": "https://www.mlbstatic.com/team-logos/133.svg", "team": "ath", "start": "", "in": "1", "result": "Strikeout", "evo": "", "la": "", "dist": ""}, {"player": "mark canha", "game": "ath @ sea-gm2", "gameIdx": 0, "hr/park": "", "pa": "5", "dt": "", "img": "https://www.mlbstatic.com/team-logos/133.svg", "team": "ath", "start": "", "in": "1", "result": "Single", "evo": "98.9", "la": "13", "dist": "229"}, {"player": "matt olson", "game": "ath @ sea-gm2", "gameIdx": 0, "hr/park": "", "pa": "4", "dt": "", "img": "https://www.mlbstatic.com/team-logos/133.svg", "team": "ath", "start": "", "in": "1", "result": "Walk", "evo": "", "la": "", "dist": ""}, {"player": "robbie grossman", "game": "ath @ sea-gm2", "gameIdx": 0, "hr/park": "", "pa": "3", "dt": "", "img": "https://www.mlbstatic.com/team-logos/133.svg", "team": "ath", "start": "", "in": "1", "result": "Forceout", "evo": "97.0", "la": "", "dist": "48"}, {"player": "marcus semien", "game": "ath @ sea-gm2", "gameIdx": 0, "hr/park": "", "pa": "2", "dt": "", "img": "https://www.mlbstatic.com/team-logos/133.svg", "team": "ath", "start": "", "in": "1", "result": "Walk", "evo": "", "la": "", "dist": ""}, {"player": "tommy la stella", "game": "ath @ sea-gm2", "gameIdx": 0, "hr/park": "", "pa": "1", "dt": "", "img": "https://www.mlbstatic.com/team-logos/133.svg", "team": "ath", "start": "", "in": "1", "result": "Hit By Pitch", "evo": "", "la": "", "dist": ""}], "stl @ mil": [{"player": "keston hiura", "game": "stl @ mil", "gameIdx": 0, "hr/park": "", "pa": "63", "dt": "", "img": "https://www.mlbstatic.com/team-logos/158.svg", "team": "mil", "start": "", "in": "8", "result": "Sac Fly", "evo": "100.1", "la": "19", "dist": "292"}, {"player": "jace peterson", "game": "stl @ mil", "gameIdx": 0, "hr/park": "", "pa": "62", "dt": "", "img": "https://www.mlbstatic.com/team-logos/158.svg", "team": "mil", "start": "", "in": "8", "result": "Walk", "evo": "", "la": "", "dist": ""}, {"player": "ryan braun", "game": "stl @ mil", "gameIdx": 0, "hr/park": "0/30", "pa": "61", "dt": "", "img": "https://www.mlbstatic.com/team-logos/158.svg", "team": "mil", "start": "", "in": "8", "result": "Double", "evo": "109.6", "la": "19", "dist": "389"}, {"player": "christian yelich", "game": "stl @ mil", "gameIdx": 0, "hr/park": "", "pa": "60", "dt": "", "img": "https://www.mlbstatic.com/team-logos/158.svg", "team": "mil", "start": "", "in": "8", "result": "Strikeout", "evo": "", "la": "", "dist": ""}, {"player": "avisail garcia", "game": "stl @ mil", "gameIdx": 0, "hr/park": "", "pa": "59", "dt": "", "img": "https://www.mlbstatic.com/team-logos/158.svg", "team": "mil", "start": "", "in": "8", "result": "Walk", "evo": "", "la": "", "dist": ""}, {"player": "paul goldschmidt", "game": "stl @ mil", "gameIdx": 0, "hr/park": "0/30", "pa": "58", "dt": "", "img": "https://www.mlbstatic.com/team-logos/138.svg", "team": "stl", "start": "", "in": "8", "result": "Lineout", "evo": "102.4", "la": "22", "dist": "348"}, {"player": "tommy edman", "game": "stl @ mil", "gameIdx": 0, "hr/park": "", "pa": "57", "dt": "", "img": "https://www.mlbstatic.com/team-logos/138.svg", "team": "stl", "start": "", "in": "8", "result": "Single", "evo": "85.0", "la": "9", "dist": "148"}, {"player": "kolten wong", "game": "stl @ mil", "gameIdx": 0, "hr/park": "", "pa": "56", "dt": "", "img": "https://www.mlbstatic.com/team-logos/138.svg", "team": "stl", "start": "", "in": "8", "result": "Strikeout", "evo": "", "la": "", "dist": ""}, {"player": "harrison bader", "game": "stl @ mil", "gameIdx": 0, "hr/park": "", "pa": "55", "dt": "", "img": "https://www.mlbstatic.com/team-logos/138.svg", "team": "stl", "start": "", "in": "8", "result": "Pop Out", "evo": "19.2", "la": "83", "dist": "5"}, {"player": "tyrone taylor", "game": "stl @ mil", "gameIdx": 0, "hr/park": "", "pa": "54", "dt": "", "img": "https://www.mlbstatic.com/team-logos/158.svg", "team": "mil", "start": "", "in": "7", "result": "Groundout", "evo": "58.3", "la": "-2", "dist": "28"}, {"player": "omar narvaez", "game": "stl @ mil", "gameIdx": 0, "hr/park": "", "pa": "53", "dt": "", "img": "https://www.mlbstatic.com/team-logos/158.svg", "team": "mil", "start": "", "in": "7", "result": "Flyout", "evo": "76.3", "la": "40", "dist": "249"}, {"player": "luis urias", "game": "stl @ mil", "gameIdx": 0, "hr/park": "", "pa": "52", "dt": "", "img": "https://www.mlbstatic.com/team-logos/158.svg", "team": "mil", "start": "", "in": "7", "result": "Groundout", "evo": "100.7", "la": "6", "dist": "102"}, {"player": "yadier molina", "game": "stl @ mil", "gameIdx": 0, "hr/park": "", "pa": "51", "dt": "", "img": "https://www.mlbstatic.com/team-logos/138.svg", "team": "stl", "start": "", "in": "7", "result": "Groundout", "evo": "48.4", "la": "-52", "dist": "4"}, {"player": "lane thomas", "game": "stl @ mil", "gameIdx": 0, "hr/park": "", "pa": "50", "dt": "", "img": "https://www.mlbstatic.com/team-logos/138.svg", "team": "stl", "start": "", "in": "7", "result": "Strikeout", "evo": "", "la": "", "dist": ""}, {"player": "rangel ravelo", "game": "stl @ mil", "gameIdx": 0, "hr/park": "", "pa": "49", "dt": "", "img": "https://www.mlbstatic.com/team-logos/138.svg", "team": "stl", "start": "", "in": "7", "result": "Strikeout", "evo": "", "la": "", "dist": ""}, {"player": "paul dejong", "game": "stl @ mil", "gameIdx": 0, "hr/park": "", "pa": "48", "dt": "", "img": "https://www.mlbstatic.com/team-logos/138.svg", "team": "stl", "start": "", "in": "7", "result": "Hit By Pitch", "evo": "", "la": "", "dist": ""}, {"player": "orlando arcia", "game": "stl @ mil", "gameIdx": 0, "hr/park": "", "pa": "47", "dt": "", "img": "https://www.mlbstatic.com/team-logos/158.svg", "team": "mil", "start": "", "in": "6", "result": "Forceout", "evo": "105.4", "la": "-4", "dist": "27"}, {"player": "keston hiura", "game": "stl @ mil", "gameIdx": 0, "hr/park": "", "pa": "46", "dt": "", "img": "https://www.mlbstatic.com/team-logos/158.svg", "team": "mil", "start": "", "in": "6", "result": "Intent Walk", "evo": "", "la": "", "dist": ""}, {"player": "jedd gyorko", "game": "stl @ mil", "gameIdx": 0, "hr/park": "", "pa": "45", "dt": "", "img": "https://www.mlbstatic.com/team-logos/158.svg", "team": "mil", "start": "", "in": "6", "result": "Double", "evo": "97.7", "la": "19", "dist": "268"}, {"player": "ryan braun", "game": "stl @ mil", "gameIdx": 0, "hr/park": "", "pa": "44", "dt": "", "img": "https://www.mlbstatic.com/team-logos/158.svg", "team": "mil", "start": "", "in": "6", "result": "Lineout", "evo": "92.6", "la": "22", "dist": "291"}, {"player": "christian yelich", "game": "stl @ mil", "gameIdx": 0, "hr/park": "", "pa": "43", "dt": "", "img": "https://www.mlbstatic.com/team-logos/158.svg", "team": "mil", "start": "", "in": "6", "result": "Strikeout", "evo": "", "la": "", "dist": ""}, {"player": "brad miller", "game": "stl @ mil", "gameIdx": 0, "hr/park": "", "pa": "42", "dt": "", "img": "https://www.mlbstatic.com/team-logos/138.svg", "team": "stl", "start": "", "in": "6", "result": "Strikeout", "evo": "", "la": "", "dist": ""}, {"player": "paul goldschmidt", "game": "stl @ mil", "gameIdx": 0, "hr/park": "", "pa": "41", "dt": "", "img": "https://www.mlbstatic.com/team-logos/138.svg", "team": "stl", "start": "", "in": "6", "result": "Forceout", "evo": "74.6", "la": "-5", "dist": "14"}, {"player": "tommy edman", "game": "stl @ mil", "gameIdx": 0, "hr/park": "", "pa": "40", "dt": "", "img": "https://www.mlbstatic.com/team-logos/138.svg", "team": "stl", "start": "", "in": "6", "result": "Walk", "evo": "", "la": "", "dist": ""}, {"player": "kolten wong", "game": "stl @ mil", "gameIdx": 0, "hr/park": "", "pa": "39", "dt": "", "img": "https://www.mlbstatic.com/team-logos/138.svg", "team": "stl", "start": "", "in": "6", "result": "Single", "evo": "74.4", "la": "8", "dist": "110"}, {"player": "harrison bader", "game": "stl @ mil", "gameIdx": 0, "hr/park": "", "pa": "38", "dt": "", "img": "https://www.mlbstatic.com/team-logos/138.svg", "team": "stl", "start": "", "in": "6", "result": "Strikeout", "evo": "", "la": "", "dist": ""}, {"player": "avisail garcia", "game": "stl @ mil", "gameIdx": 0, "hr/park": "", "pa": "37", "dt": "", "img": "https://www.mlbstatic.com/team-logos/158.svg", "team": "mil", "start": "", "in": "5", "result": "Groundout", "evo": "94.3", "la": "-13", "dist": "12"}, {"player": "tyrone taylor", "game": "stl @ mil", "gameIdx": 0, "hr/park": "", "pa": "36", "dt": "", "img": "https://www.mlbstatic.com/team-logos/158.svg", "team": "mil", "start": "", "in": "5", "result": "Groundout", "evo": "96.1", "la": "-4", "dist": "25"}, {"player": "omar narvaez", "game": "stl @ mil", "gameIdx": 0, "hr/park": "", "pa": "35", "dt": "", "img": "https://www.mlbstatic.com/team-logos/158.svg", "team": "mil", "start": "", "in": "5", "result": "Strikeout", "evo": "", "la": "", "dist": ""}, {"player": "yadier molina", "game": "stl @ mil", "gameIdx": 0, "hr/park": "", "pa": "34", "dt": "", "img": "https://www.mlbstatic.com/team-logos/138.svg", "team": "stl", "start": "", "in": "5", "result": "Flyout", "evo": "75.3", "la": "39", "dist": "263"}, {"player": "matt carpenter", "game": "stl @ mil", "gameIdx": 0, "hr/park": "", "pa": "33", "dt": "", "img": "https://www.mlbstatic.com/team-logos/138.svg", "team": "stl", "start": "", "in": "5", "result": "Strikeout", "evo": "", "la": "", "dist": ""}, {"player": "rangel ravelo", "game": "stl @ mil", "gameIdx": 0, "hr/park": "", "pa": "32", "dt": "", "img": "https://www.mlbstatic.com/team-logos/138.svg", "team": "stl", "start": "", "in": "5", "result": "Flyout", "evo": "94.8", "la": "45", "dist": "299"}, {"player": "luis urias", "game": "stl @ mil", "gameIdx": 0, "hr/park": "", "pa": "31", "dt": "", "img": "https://www.mlbstatic.com/team-logos/158.svg", "team": "mil", "start": "", "in": "4", "result": "Forceout", "evo": "42.0", "la": "-29", "dist": "6"}, {"player": "orlando arcia", "game": "stl @ mil", "gameIdx": 0, "hr/park": "", "pa": "30", "dt": "", "img": "https://www.mlbstatic.com/team-logos/158.svg", "team": "mil", "start": "", "in": "4", "result": "Walk", "evo": "", "la": "", "dist": ""}, {"player": "keston hiura", "game": "stl @ mil", "gameIdx": 0, "hr/park": "", "pa": "29", "dt": "", "img": "https://www.mlbstatic.com/team-logos/158.svg", "team": "mil", "start": "", "in": "4", "result": "Flyout", "evo": "83.6", "la": "50", "dist": "240"}, {"player": "jedd gyorko", "game": "stl @ mil", "gameIdx": 0, "hr/park": "", "pa": "28", "dt": "", "img": "https://www.mlbstatic.com/team-logos/158.svg", "team": "mil", "start": "", "in": "4", "result": "Walk", "evo": "", "la": "", "dist": ""}, {"player": "ryan braun", "game": "stl @ mil", "gameIdx": 0, "hr/park": "0/30", "pa": "27", "dt": "", "img": "https://www.mlbstatic.com/team-logos/158.svg", "team": "mil", "start": "", "in": "4", "result": "Lineout", "evo": "93.2", "la": "22", "dist": "332"}, {"player": "paul dejong", "game": "stl @ mil", "gameIdx": 0, "hr/park": "", "pa": "26", "dt": "", "img": "https://www.mlbstatic.com/team-logos/138.svg", "team": "stl", "start": "", "in": "4", "result": "Lineout", "evo": "70.8", "la": "23", "dist": "172"}, {"player": "brad miller", "game": "stl @ mil", "gameIdx": 0, "hr/park": "", "pa": "25", "dt": "", "img": "https://www.mlbstatic.com/team-logos/138.svg", "team": "stl", "start": "", "in": "4", "result": "Strikeout", "evo": "", "la": "", "dist": ""}, {"player": "paul goldschmidt", "game": "stl @ mil", "gameIdx": 0, "hr/park": "", "pa": "24", "dt": "", "img": "https://www.mlbstatic.com/team-logos/138.svg", "team": "stl", "start": "", "in": "4", "result": "Pop Out", "evo": "75.2", "la": "52", "dist": "198"}, {"player": "christian yelich", "game": "stl @ mil", "gameIdx": 0, "hr/park": "", "pa": "23", "dt": "", "img": "https://www.mlbstatic.com/team-logos/158.svg", "team": "mil", "start": "", "in": "3", "result": "Strikeout", "evo": "", "la": "", "dist": ""}, {"player": "avisail garcia", "game": "stl @ mil", "gameIdx": 0, "hr/park": "0/30", "pa": "22", "dt": "", "img": "https://www.mlbstatic.com/team-logos/158.svg", "team": "mil", "start": "", "in": "3", "result": "Double", "evo": "111.3", "la": "11", "dist": "300"}, {"player": "tyrone taylor", "game": "stl @ mil", "gameIdx": 0, "hr/park": "", "pa": "21", "dt": "", "img": "https://www.mlbstatic.com/team-logos/158.svg", "team": "mil", "start": "", "in": "3", "result": "Flyout", "evo": "83.7", "la": "47", "dist": "243"}, {"player": "omar narvaez", "game": "stl @ mil", "gameIdx": 0, "hr/park": "", "pa": "20", "dt": "", "img": "https://www.mlbstatic.com/team-logos/158.svg", "team": "mil", "start": "", "in": "3", "result": "Strikeout", "evo": "", "la": "", "dist": ""}, {"player": "paul goldschmidt", "game": "stl @ mil", "gameIdx": 0, "hr/park": "", "pa": "19", "dt": "", "img": "https://www.mlbstatic.com/team-logos/138.svg", "team": "stl", "start": "", "in": "3", "result": "Caught Stealing 2B", "evo": "", "la": "", "dist": ""}, {"player": "tommy edman", "game": "stl @ mil", "gameIdx": 0, "hr/park": "", "pa": "18", "dt": "", "img": "https://www.mlbstatic.com/team-logos/138.svg", "team": "stl", "start": "", "in": "3", "result": "Strikeout", "evo": "", "la": "", "dist": ""}, {"player": "kolten wong", "game": "stl @ mil", "gameIdx": 0, "hr/park": "0/30", "pa": "17", "dt": "", "img": "https://www.mlbstatic.com/team-logos/138.svg", "team": "stl", "start": "", "in": "3", "result": "Flyout", "evo": "81.7", "la": "33", "dist": "304"}, {"player": "harrison bader", "game": "stl @ mil", "gameIdx": 0, "hr/park": "", "pa": "16", "dt": "", "img": "https://www.mlbstatic.com/team-logos/138.svg", "team": "stl", "start": "", "in": "3", "result": "Single", "evo": "107.5", "la": "15", "dist": "270"}, {"player": "luis urias", "game": "stl @ mil", "gameIdx": 0, "hr/park": "", "pa": "15", "dt": "", "img": "https://www.mlbstatic.com/team-logos/158.svg", "team": "mil", "start": "", "in": "2", "result": "Groundout", "evo": "93.8", "la": "4", "dist": "75"}, {"player": "orlando arcia", "game": "stl @ mil", "gameIdx": 0, "hr/park": "", "pa": "14", "dt": "", "img": "https://www.mlbstatic.com/team-logos/158.svg", "team": "mil", "start": "", "in": "2", "result": "Groundout", "evo": "68.9", "la": "-57", "dist": "1"}, {"player": "keston hiura", "game": "stl @ mil", "gameIdx": 0, "hr/park": "", "pa": "13", "dt": "", "img": "https://www.mlbstatic.com/team-logos/158.svg", "team": "mil", "start": "", "in": "2", "result": "Strikeout", "evo": "", "la": "", "dist": ""}, {"player": "yadier molina", "game": "stl @ mil", "gameIdx": 0, "hr/park": "", "pa": "12", "dt": "", "img": "https://www.mlbstatic.com/team-logos/138.svg", "team": "stl", "start": "", "in": "2", "result": "Forceout", "evo": "86.4", "la": "-2", "dist": "34"}, {"player": "matt carpenter", "game": "stl @ mil", "gameIdx": 0, "hr/park": "0/30", "pa": "11", "dt": "", "img": "https://www.mlbstatic.com/team-logos/138.svg", "team": "stl", "start": "", "in": "2", "result": "Flyout", "evo": "96.3", "la": "49", "dist": "300"}, {"player": "rangel ravelo", "game": "stl @ mil", "gameIdx": 0, "hr/park": "", "pa": "10", "dt": "", "img": "https://www.mlbstatic.com/team-logos/138.svg", "team": "stl", "start": "", "in": "2", "result": "Strikeout", "evo": "", "la": "", "dist": ""}, {"player": "paul dejong", "game": "stl @ mil", "gameIdx": 0, "hr/park": "", "pa": "9", "dt": "", "img": "https://www.mlbstatic.com/team-logos/138.svg", "team": "stl", "start": "", "in": "2", "result": "Single", "evo": "74.3", "la": "18", "dist": "197"}, {"player": "jedd gyorko", "game": "stl @ mil", "gameIdx": 0, "hr/park": "", "pa": "8", "dt": "", "img": "https://www.mlbstatic.com/team-logos/158.svg", "team": "mil", "start": "", "in": "1", "result": "Groundout", "evo": "90.9", "la": "-15", "dist": "9"}, {"player": "ryan braun", "game": "stl @ mil", "gameIdx": 0, "hr/park": "", "pa": "7", "dt": "", "img": "https://www.mlbstatic.com/team-logos/158.svg", "team": "mil", "start": "", "in": "1", "result": "Strikeout", "evo": "", "la": "", "dist": ""}, {"player": "christian yelich", "game": "stl @ mil", "gameIdx": 0, "hr/park": "", "pa": "6", "dt": "", "img": "https://www.mlbstatic.com/team-logos/158.svg", "team": "mil", "start": "", "in": "1", "result": "Double", "evo": "107.7", "la": "11", "dist": "246"}, {"player": "avisail garcia", "game": "stl @ mil", "gameIdx": 0, "hr/park": "0/30", "pa": "5", "dt": "", "img": "https://www.mlbstatic.com/team-logos/158.svg", "team": "mil", "start": "", "in": "1", "result": "Flyout", "evo": "96.6", "la": "41", "dist": "330"}, {"player": "brad miller", "game": "stl @ mil", "gameIdx": 0, "hr/park": "", "pa": "4", "dt": "", "img": "https://www.mlbstatic.com/team-logos/138.svg", "team": "stl", "start": "", "in": "1", "result": "Strikeout", "evo": "", "la": "", "dist": ""}, {"player": "paul goldschmidt", "game": "stl @ mil", "gameIdx": 0, "hr/park": "", "pa": "3", "dt": "", "img": "https://www.mlbstatic.com/team-logos/138.svg", "team": "stl", "start": "", "in": "1", "result": "Single", "evo": "98.6", "la": "11", "dist": "194"}, {"player": "tommy edman", "game": "stl @ mil", "gameIdx": 0, "hr/park": "", "pa": "2", "dt": "", "img": "https://www.mlbstatic.com/team-logos/138.svg", "team": "stl", "start": "", "in": "1", "result": "Strikeout", "evo": "", "la": "", "dist": ""}, {"player": "kolten wong", "game": "stl @ mil", "gameIdx": 0, "hr/park": "", "pa": "1", "dt": "", "img": "https://www.mlbstatic.com/team-logos/138.svg", "team": "stl", "start": "", "in": "1", "result": "Groundout", "evo": "95.1", "la": "-19", "dist": "9"}], "stl @ mil-gm2": [{"player": "jace peterson", "game": "stl @ mil-gm2", "gameIdx": 0, "hr/park": "", "pa": "77", "dt": "", "img": "https://www.mlbstatic.com/team-logos/158.svg", "team": "mil", "start": "", "in": "9", "result": "Strikeout", "evo": "", "la": "", "dist": ""}, {"player": "luis urias", "game": "stl @ mil-gm2", "gameIdx": 0, "hr/park": "", "pa": "76", "dt": "", "img": "https://www.mlbstatic.com/team-logos/158.svg", "team": "mil", "start": "", "in": "9", "result": "GIDP", "evo": "95.0", "la": "-6", "dist": "19"}, {"player": "jedd gyorko", "game": "stl @ mil-gm2", "gameIdx": 0, "hr/park": "", "pa": "75", "dt": "", "img": "https://www.mlbstatic.com/team-logos/158.svg", "team": "mil", "start": "", "in": "9", "result": "Walk", "evo": "", "la": "", "dist": ""}, {"player": "rangel ravelo", "game": "stl @ mil-gm2", "gameIdx": 0, "hr/park": "0/30", "pa": "74", "dt": "", "img": "https://www.mlbstatic.com/team-logos/138.svg", "team": "stl", "start": "", "in": "9", "result": "Flyout", "evo": "91.0", "la": "31", "dist": "325"}, {"player": "paul dejong", "game": "stl @ mil-gm2", "gameIdx": 0, "hr/park": "", "pa": "73", "dt": "", "img": "https://www.mlbstatic.com/team-logos/138.svg", "team": "stl", "start": "", "in": "9", "result": "Single", "evo": "98.9", "la": "10", "dist": "182"}, {"player": "harrison bader", "game": "stl @ mil-gm2", "gameIdx": 0, "hr/park": "", "pa": "72", "dt": "", "img": "https://www.mlbstatic.com/team-logos/138.svg", "team": "stl", "start": "", "in": "9", "result": "Strikeout", "evo": "", "la": "", "dist": ""}, {"player": "paul goldschmidt", "game": "stl @ mil-gm2", "gameIdx": 0, "hr/park": "", "pa": "71", "dt": "", "img": "https://www.mlbstatic.com/team-logos/138.svg", "team": "stl", "start": "", "in": "9", "result": "Groundout", "evo": "84.8", "la": "-69", "dist": "1"}, {"player": "eric sogard", "game": "stl @ mil-gm2", "gameIdx": 0, "hr/park": "", "pa": "70", "dt": "", "img": "https://www.mlbstatic.com/team-logos/158.svg", "team": "mil", "start": "", "in": "8", "result": "Strikeout", "evo": "", "la": "", "dist": ""}, {"player": "tyrone taylor", "game": "stl @ mil-gm2", "gameIdx": 0, "hr/park": "", "pa": "69", "dt": "", "img": "https://www.mlbstatic.com/team-logos/158.svg", "team": "mil", "start": "", "in": "8", "result": "Walk", "evo": "", "la": "", "dist": ""}, {"player": "christian yelich", "game": "stl @ mil-gm2", "gameIdx": 0, "hr/park": "", "pa": "68", "dt": "", "img": "https://www.mlbstatic.com/team-logos/158.svg", "team": "mil", "start": "", "in": "8", "result": "Strikeout", "evo": "", "la": "", "dist": ""}, {"player": "orlando arcia", "game": "stl @ mil-gm2", "gameIdx": 0, "hr/park": "", "pa": "67", "dt": "", "img": "https://www.mlbstatic.com/team-logos/158.svg", "team": "mil", "start": "", "in": "8", "result": "Strikeout", "evo": "", "la": "", "dist": ""}, {"player": "avisail garcia", "game": "stl @ mil-gm2", "gameIdx": 0, "hr/park": "", "pa": "66", "dt": "", "img": "https://www.mlbstatic.com/team-logos/158.svg", "team": "mil", "start": "", "in": "8", "result": "Hit By Pitch", "evo": "", "la": "", "dist": ""}, {"player": "tommy edman", "game": "stl @ mil-gm2", "gameIdx": 0, "hr/park": "", "pa": "65", "dt": "", "img": "https://www.mlbstatic.com/team-logos/138.svg", "team": "stl", "start": "", "in": "8", "result": "Strikeout", "evo": "", "la": "", "dist": ""}, {"player": "kolten wong", "game": "stl @ mil-gm2", "gameIdx": 0, "hr/park": "", "pa": "64", "dt": "", "img": "https://www.mlbstatic.com/team-logos/138.svg", "team": "stl", "start": "", "in": "8", "result": "Groundout", "evo": "82.2", "la": "-60", "dist": "3"}, {"player": "lane thomas", "game": "stl @ mil-gm2", "gameIdx": 0, "hr/park": "", "pa": "63", "dt": "", "img": "https://www.mlbstatic.com/team-logos/138.svg", "team": "stl", "start": "", "in": "8", "result": "Strikeout", "evo": "", "la": "", "dist": ""}, {"player": "ben gamel", "game": "stl @ mil-gm2", "gameIdx": 0, "hr/park": "", "pa": "62", "dt": "", "img": "https://www.mlbstatic.com/team-logos/158.svg", "team": "mil", "start": "", "in": "7", "result": "Strikeout", "evo": "", "la": "", "dist": ""}, {"player": "jace peterson", "game": "stl @ mil-gm2", "gameIdx": 0, "hr/park": "", "pa": "61", "dt": "", "img": "https://www.mlbstatic.com/team-logos/158.svg", "team": "mil", "start": "", "in": "7", "result": "Strikeout", "evo": "", "la": "", "dist": ""}, {"player": "luis urias", "game": "stl @ mil-gm2", "gameIdx": 0, "hr/park": "", "pa": "60", "dt": "", "img": "https://www.mlbstatic.com/team-logos/158.svg", "team": "mil", "start": "", "in": "7", "result": "Walk", "evo": "", "la": "", "dist": ""}, {"player": "jedd gyorko", "game": "stl @ mil-gm2", "gameIdx": 0, "hr/park": "", "pa": "59", "dt": "", "img": "https://www.mlbstatic.com/team-logos/158.svg", "team": "mil", "start": "", "in": "7", "result": "Strikeout", "evo": "", "la": "", "dist": ""}, {"player": "daniel vogelbach", "game": "stl @ mil-gm2", "gameIdx": 0, "hr/park": "", "pa": "58", "dt": "", "img": "https://www.mlbstatic.com/team-logos/158.svg", "team": "mil", "start": "", "in": "7", "result": "Single", "evo": "80.7", "la": "15", "dist": "203"}, {"player": "matt wieters", "game": "stl @ mil-gm2", "gameIdx": 0, "hr/park": "", "pa": "57", "dt": "", "img": "https://www.mlbstatic.com/team-logos/138.svg", "team": "stl", "start": "", "in": "7", "result": "Groundout", "evo": "93.6", "la": "-14", "dist": "12"}, {"player": "tyler oneill", "game": "stl @ mil-gm2", "gameIdx": 0, "hr/park": "", "pa": "56", "dt": "", "img": "https://www.mlbstatic.com/team-logos/138.svg", "team": "stl", "start": "", "in": "7", "result": "Strikeout", "evo": "", "la": "", "dist": ""}, {"player": "rangel ravelo", "game": "stl @ mil-gm2", "gameIdx": 0, "hr/park": "", "pa": "55", "dt": "", "img": "https://www.mlbstatic.com/team-logos/138.svg", "team": "stl", "start": "", "in": "7", "result": "Fielders Choice Out", "evo": "95.1", "la": "-11", "dist": "8"}, {"player": "paul dejong", "game": "stl @ mil-gm2", "gameIdx": 0, "hr/park": "", "pa": "54", "dt": "", "img": "https://www.mlbstatic.com/team-logos/138.svg", "team": "stl", "start": "", "in": "7", "result": "Single", "evo": "103.5", "la": "13", "dist": "244"}, {"player": "brad miller", "game": "stl @ mil-gm2", "gameIdx": 0, "hr/park": "", "pa": "53", "dt": "", "img": "https://www.mlbstatic.com/team-logos/138.svg", "team": "stl", "start": "", "in": "7", "result": "Single", "evo": "109.8", "la": "-9", "dist": "11"}, {"player": "paul goldschmidt", "game": "stl @ mil-gm2", "gameIdx": 0, "hr/park": "", "pa": "52", "dt": "", "img": "https://www.mlbstatic.com/team-logos/138.svg", "team": "stl", "start": "", "in": "7", "result": "Double", "evo": "86.5", "la": "15", "dist": "204"}, {"player": "ryan braun", "game": "stl @ mil-gm2", "gameIdx": 0, "hr/park": "", "pa": "51", "dt": "", "img": "https://www.mlbstatic.com/team-logos/158.svg", "team": "mil", "start": "", "in": "6", "result": "Groundout", "evo": "101.8", "la": "-11", "dist": "9"}, {"player": "christian yelich", "game": "stl @ mil-gm2", "gameIdx": 0, "hr/park": "0/30", "pa": "50", "dt": "", "img": "https://www.mlbstatic.com/team-logos/158.svg", "team": "mil", "start": "", "in": "6", "result": "Flyout", "evo": "94.2", "la": "31", "dist": "306"}, {"player": "keston hiura", "game": "stl @ mil-gm2", "gameIdx": 0, "hr/park": "", "pa": "49", "dt": "", "img": "https://www.mlbstatic.com/team-logos/158.svg", "team": "mil", "start": "", "in": "6", "result": "Groundout", "evo": "89.9", "la": "-16", "dist": "9"}, {"player": "tommy edman", "game": "stl @ mil-gm2", "gameIdx": 0, "hr/park": "", "pa": "48", "dt": "", "img": "https://www.mlbstatic.com/team-logos/138.svg", "team": "stl", "start": "", "in": "6", "result": "Strikeout", "evo": "", "la": "", "dist": ""}, {"player": "kolten wong", "game": "stl @ mil-gm2", "gameIdx": 0, "hr/park": "", "pa": "47", "dt": "", "img": "https://www.mlbstatic.com/team-logos/138.svg", "team": "stl", "start": "", "in": "6", "result": "Strikeout", "evo": "", "la": "", "dist": ""}, {"player": "lane thomas", "game": "stl @ mil-gm2", "gameIdx": 0, "hr/park": "", "pa": "46", "dt": "", "img": "https://www.mlbstatic.com/team-logos/138.svg", "team": "stl", "start": "", "in": "6", "result": "Groundout", "evo": "86.7", "la": "-30", "dist": "5"}, {"player": "avisail garcia", "game": "stl @ mil-gm2", "gameIdx": 0, "hr/park": "", "pa": "45", "dt": "", "img": "https://www.mlbstatic.com/team-logos/158.svg", "team": "mil", "start": "", "in": "5", "result": "Pop Out", "evo": "84.5", "la": "62", "dist": "162"}, {"player": "jacob nottingham", "game": "stl @ mil-gm2", "gameIdx": 0, "hr/park": "", "pa": "44", "dt": "", "img": "https://www.mlbstatic.com/team-logos/158.svg", "team": "mil", "start": "", "in": "5", "result": "Groundout", "evo": "84.7", "la": "6", "dist": "86"}, {"player": "jace peterson", "game": "stl @ mil-gm2", "gameIdx": 0, "hr/park": "", "pa": "43", "dt": "", "img": "https://www.mlbstatic.com/team-logos/158.svg", "team": "mil", "start": "", "in": "5", "result": "Groundout", "evo": "59.1", "la": "-24", "dist": "8"}, {"player": "matt wieters", "game": "stl @ mil-gm2", "gameIdx": 0, "hr/park": "0/30", "pa": "42", "dt": "", "img": "https://www.mlbstatic.com/team-logos/138.svg", "team": "stl", "start": "", "in": "5", "result": "Flyout", "evo": "87.8", "la": "35", "dist": "330"}, {"player": "tyler oneill", "game": "stl @ mil-gm2", "gameIdx": 0, "hr/park": "", "pa": "41", "dt": "", "img": "https://www.mlbstatic.com/team-logos/138.svg", "team": "stl", "start": "", "in": "5", "result": "Single", "evo": "71.5", "la": "-39", "dist": "4"}, {"player": "rangel ravelo", "game": "stl @ mil-gm2", "gameIdx": 0, "hr/park": "", "pa": "40", "dt": "", "img": "https://www.mlbstatic.com/team-logos/138.svg", "team": "stl", "start": "", "in": "5", "result": "Walk", "evo": "", "la": "", "dist": ""}, {"player": "paul dejong", "game": "stl @ mil-gm2", "gameIdx": 0, "hr/park": "", "pa": "39", "dt": "", "img": "https://www.mlbstatic.com/team-logos/138.svg", "team": "stl", "start": "", "in": "5", "result": "Single", "evo": "81.2", "la": "16", "dist": "208"}, {"player": "brad miller", "game": "stl @ mil-gm2", "gameIdx": 0, "hr/park": "", "pa": "38", "dt": "", "img": "https://www.mlbstatic.com/team-logos/138.svg", "team": "stl", "start": "", "in": "5", "result": "Strikeout", "evo": "", "la": "", "dist": ""}, {"player": "paul goldschmidt", "game": "stl @ mil-gm2", "gameIdx": 0, "hr/park": "", "pa": "37", "dt": "", "img": "https://www.mlbstatic.com/team-logos/138.svg", "team": "stl", "start": "", "in": "5", "result": "Strikeout", "evo": "", "la": "", "dist": ""}, {"player": "tommy edman", "game": "stl @ mil-gm2", "gameIdx": 0, "hr/park": "", "pa": "36", "dt": "", "img": "https://www.mlbstatic.com/team-logos/138.svg", "team": "stl", "start": "", "in": "5", "result": "Walk", "evo": "", "la": "", "dist": ""}, {"player": "luis urias", "game": "stl @ mil-gm2", "gameIdx": 0, "hr/park": "", "pa": "35", "dt": "", "img": "https://www.mlbstatic.com/team-logos/158.svg", "team": "mil", "start": "", "in": "4", "result": "Strikeout", "evo": "", "la": "", "dist": ""}, {"player": "jedd gyorko", "game": "stl @ mil-gm2", "gameIdx": 0, "hr/park": "28/30", "pa": "34", "dt": "", "img": "https://www.mlbstatic.com/team-logos/158.svg", "team": "mil", "start": "", "in": "4", "result": "Home Run", "evo": "106.4", "la": "22", "dist": "402"}, {"player": "daniel vogelbach", "game": "stl @ mil-gm2", "gameIdx": 0, "hr/park": "", "pa": "33", "dt": "", "img": "https://www.mlbstatic.com/team-logos/158.svg", "team": "mil", "start": "", "in": "4", "result": "Single", "evo": "66.8", "la": "36", "dist": "214"}, {"player": "ryan braun", "game": "stl @ mil-gm2", "gameIdx": 0, "hr/park": "", "pa": "32", "dt": "", "img": "https://www.mlbstatic.com/team-logos/158.svg", "team": "mil", "start": "", "in": "4", "result": "Strikeout", "evo": "", "la": "", "dist": ""}, {"player": "christian yelich", "game": "stl @ mil-gm2", "gameIdx": 0, "hr/park": "", "pa": "31", "dt": "", "img": "https://www.mlbstatic.com/team-logos/158.svg", "team": "mil", "start": "", "in": "4", "result": "Strikeout", "evo": "", "la": "", "dist": ""}, {"player": "kolten wong", "game": "stl @ mil-gm2", "gameIdx": 0, "hr/park": "", "pa": "30", "dt": "", "img": "https://www.mlbstatic.com/team-logos/138.svg", "team": "stl", "start": "", "in": "4", "result": "Strikeout", "evo": "", "la": "", "dist": ""}, {"player": "lane thomas", "game": "stl @ mil-gm2", "gameIdx": 0, "hr/park": "", "pa": "29", "dt": "", "img": "https://www.mlbstatic.com/team-logos/138.svg", "team": "stl", "start": "", "in": "4", "result": "Groundout", "evo": "58.8", "la": "-70", "dist": "2"}, {"player": "matt wieters", "game": "stl @ mil-gm2", "gameIdx": 0, "hr/park": "", "pa": "28", "dt": "", "img": "https://www.mlbstatic.com/team-logos/138.svg", "team": "stl", "start": "", "in": "4", "result": "Single", "evo": "85.3", "la": "21", "dist": "288"}, {"player": "tyler oneill", "game": "stl @ mil-gm2", "gameIdx": 0, "hr/park": "", "pa": "27", "dt": "", "img": "https://www.mlbstatic.com/team-logos/138.svg", "team": "stl", "start": "", "in": "4", "result": "Field Error", "evo": "81.2", "la": "-8", "dist": "16"}, {"player": "matt carpenter", "game": "stl @ mil-gm2", "gameIdx": 0, "hr/park": "", "pa": "26", "dt": "", "img": "https://www.mlbstatic.com/team-logos/138.svg", "team": "stl", "start": "", "in": "4", "result": "Strikeout", "evo": "", "la": "", "dist": ""}, {"player": "keston hiura", "game": "stl @ mil-gm2", "gameIdx": 0, "hr/park": "", "pa": "25", "dt": "", "img": "https://www.mlbstatic.com/team-logos/158.svg", "team": "mil", "start": "", "in": "3", "result": "Strikeout", "evo": "", "la": "", "dist": ""}, {"player": "avisail garcia", "game": "stl @ mil-gm2", "gameIdx": 0, "hr/park": "", "pa": "24", "dt": "", "img": "https://www.mlbstatic.com/team-logos/158.svg", "team": "mil", "start": "", "in": "3", "result": "Single", "evo": "100.6", "la": "-2", "dist": "41"}, {"player": "jacob nottingham", "game": "stl @ mil-gm2", "gameIdx": 0, "hr/park": "", "pa": "23", "dt": "", "img": "https://www.mlbstatic.com/team-logos/158.svg", "team": "mil", "start": "", "in": "3", "result": "Walk", "evo": "", "la": "", "dist": ""}, {"player": "jace peterson", "game": "stl @ mil-gm2", "gameIdx": 0, "hr/park": "0/30", "pa": "22", "dt": "", "img": "https://www.mlbstatic.com/team-logos/158.svg", "team": "mil", "start": "", "in": "3", "result": "Lineout", "evo": "90.3", "la": "24", "dist": "331"}, {"player": "luis urias", "game": "stl @ mil-gm2", "gameIdx": 0, "hr/park": "", "pa": "21", "dt": "", "img": "https://www.mlbstatic.com/team-logos/158.svg", "team": "mil", "start": "", "in": "3", "result": "Groundout", "evo": "87.6", "la": "-2", "dist": "37"}, {"player": "paul dejong", "game": "stl @ mil-gm2", "gameIdx": 0, "hr/park": "", "pa": "20", "dt": "", "img": "https://www.mlbstatic.com/team-logos/138.svg", "team": "stl", "start": "", "in": "3", "result": "Flyout", "evo": "95.1", "la": "57", "dist": "208"}, {"player": "brad miller", "game": "stl @ mil-gm2", "gameIdx": 0, "hr/park": "", "pa": "19", "dt": "", "img": "https://www.mlbstatic.com/team-logos/138.svg", "team": "stl", "start": "", "in": "3", "result": "Strikeout", "evo": "", "la": "", "dist": ""}, {"player": "paul goldschmidt", "game": "stl @ mil-gm2", "gameIdx": 0, "hr/park": "", "pa": "18", "dt": "", "img": "https://www.mlbstatic.com/team-logos/138.svg", "team": "stl", "start": "", "in": "3", "result": "Strikeout", "evo": "", "la": "", "dist": ""}, {"player": "tommy edman", "game": "stl @ mil-gm2", "gameIdx": 0, "hr/park": "", "pa": "17", "dt": "", "img": "https://www.mlbstatic.com/team-logos/138.svg", "team": "stl", "start": "", "in": "3", "result": "Walk", "evo": "", "la": "", "dist": ""}, {"player": "kolten wong", "game": "stl @ mil-gm2", "gameIdx": 0, "hr/park": "", "pa": "16", "dt": "", "img": "https://www.mlbstatic.com/team-logos/138.svg", "team": "stl", "start": "", "in": "3", "result": "Single", "evo": "98.1", "la": "13", "dist": "282"}, {"player": "jedd gyorko", "game": "stl @ mil-gm2", "gameIdx": 0, "hr/park": "", "pa": "15", "dt": "", "img": "https://www.mlbstatic.com/team-logos/158.svg", "team": "mil", "start": "", "in": "2", "result": "Strikeout", "evo": "", "la": "", "dist": ""}, {"player": "daniel vogelbach", "game": "stl @ mil-gm2", "gameIdx": 0, "hr/park": "", "pa": "14", "dt": "", "img": "https://www.mlbstatic.com/team-logos/158.svg", "team": "mil", "start": "", "in": "2", "result": "Strikeout", "evo": "", "la": "", "dist": ""}, {"player": "ryan braun", "game": "stl @ mil-gm2", "gameIdx": 0, "hr/park": "", "pa": "13", "dt": "", "img": "https://www.mlbstatic.com/team-logos/158.svg", "team": "mil", "start": "", "in": "2", "result": "Flyout", "evo": "78.5", "la": "48", "dist": "239"}, {"player": "lane thomas", "game": "stl @ mil-gm2", "gameIdx": 0, "hr/park": "", "pa": "12", "dt": "", "img": "https://www.mlbstatic.com/team-logos/138.svg", "team": "stl", "start": "", "in": "2", "result": "Strikeout", "evo": "", "la": "", "dist": ""}, {"player": "matt wieters", "game": "stl @ mil-gm2", "gameIdx": 0, "hr/park": "", "pa": "11", "dt": "", "img": "https://www.mlbstatic.com/team-logos/138.svg", "team": "stl", "start": "", "in": "2", "result": "Single", "evo": "85.3", "la": "18", "dist": "243"}, {"player": "tyler oneill", "game": "stl @ mil-gm2", "gameIdx": 0, "hr/park": "", "pa": "10", "dt": "", "img": "https://www.mlbstatic.com/team-logos/138.svg", "team": "stl", "start": "", "in": "2", "result": "Strikeout", "evo": "", "la": "", "dist": ""}, {"player": "matt carpenter", "game": "stl @ mil-gm2", "gameIdx": 0, "hr/park": "", "pa": "9", "dt": "", "img": "https://www.mlbstatic.com/team-logos/138.svg", "team": "stl", "start": "", "in": "2", "result": "Strikeout", "evo": "", "la": "", "dist": ""}, {"player": "christian yelich", "game": "stl @ mil-gm2", "gameIdx": 0, "hr/park": "", "pa": "8", "dt": "", "img": "https://www.mlbstatic.com/team-logos/158.svg", "team": "mil", "start": "", "in": "1", "result": "Strikeout", "evo": "", "la": "", "dist": ""}, {"player": "keston hiura", "game": "stl @ mil-gm2", "gameIdx": 0, "hr/park": "", "pa": "7", "dt": "", "img": "https://www.mlbstatic.com/team-logos/158.svg", "team": "mil", "start": "", "in": "1", "result": "Strikeout", "evo": "", "la": "", "dist": ""}, {"player": "avisail garcia", "game": "stl @ mil-gm2", "gameIdx": 0, "hr/park": "", "pa": "6", "dt": "", "img": "https://www.mlbstatic.com/team-logos/158.svg", "team": "mil", "start": "", "in": "1", "result": "Strikeout", "evo": "", "la": "", "dist": ""}, {"player": "paul dejong", "game": "stl @ mil-gm2", "gameIdx": 0, "hr/park": "", "pa": "5", "dt": "", "img": "https://www.mlbstatic.com/team-logos/138.svg", "team": "stl", "start": "", "in": "1", "result": "Pop Out", "evo": "67.3", "la": "53", "dist": "174"}, {"player": "brad miller", "game": "stl @ mil-gm2", "gameIdx": 0, "hr/park": "", "pa": "4", "dt": "", "img": "https://www.mlbstatic.com/team-logos/138.svg", "team": "stl", "start": "", "in": "1", "result": "Walk", "evo": "", "la": "", "dist": ""}, {"player": "paul goldschmidt", "game": "stl @ mil-gm2", "gameIdx": 0, "hr/park": "", "pa": "3", "dt": "", "img": "https://www.mlbstatic.com/team-logos/138.svg", "team": "stl", "start": "", "in": "1", "result": "Single", "evo": "59.4", "la": "-53", "dist": "2"}, {"player": "tommy edman", "game": "stl @ mil-gm2", "gameIdx": 0, "hr/park": "", "pa": "2", "dt": "", "img": "https://www.mlbstatic.com/team-logos/138.svg", "team": "stl", "start": "", "in": "1", "result": "Strikeout", "evo": "", "la": "", "dist": ""}, {"player": "kolten wong", "game": "stl @ mil-gm2", "gameIdx": 0, "hr/park": "", "pa": "1", "dt": "", "img": "https://www.mlbstatic.com/team-logos/138.svg", "team": "stl", "start": "", "in": "1", "result": "Groundout", "evo": "96.5", "la": "", "dist": "42"}], "atl @ bal": [], "min @ chw": [], "lad @ sd": []}