{"all": {"pitchers": "10", "batters": "20", "pitches": "301", "max velomax pitch velocity": "101.9", "min velomin pitch velocity": "79.9", "ff%fourseam fastball %": "27.2", "si%sinker %": "20.6", "fc%cutter %": "17.3", "fs%splitter %": "0.0", "ch%changeup %": "17.3", "sl%slider %": "14.3", "cu%curve %": "3.3", "max evmax exit velocity": "109.1", "hhhard hit": "29", "hh%hard hit %": "51.8", "brlbarrels": "6", "brl%barrel %": "10.7", "ab": "71", "avg": ".239", "h": "17", "1b": "6", "2b": "5", "3b": "1", "hr": "5", "so": "16", "bipballs in play": "56", "liveGames": 0, "totGames": 12}, "lad @ cin": [], "min @ tb": [], "bal @ mil": [], "sf @ col": [], "chw @ nyy": [], "det @ phi": [], "hou @ tor": [], "bos @ cle": [], "nym @ atl": [], "chc @ laa": [], "ari @ wsh": []}