{"all": {"pitchers": "10", "batters": "18", "pitches": "260", "max velomax pitch velocity": "100.2", "min velomin pitch velocity": "75.5", "ff%fourseam fastball %": "39.2", "si%sinker %": "17.7", "fc%cutter %": "15.8", "fs%splitter %": "2.7", "ch%changeup %": "6.5", "sl%slider %": "8.5", "cu%curve %": "9.6", "max evmax exit velocity": "109.1", "hhhard hit": "31", "hh%hard hit %": "50.0", "brlbarrels": "7", "brl%barrel %": "11.3", "ab": "67", "avg": ".313", "h": "21", "1b": "16", "2b": "4", "3b": "0", "hr": "1", "so": "10", "bipballs in play": "62", "liveGames": 0, "totGames": 16}, "laa @ cle": [], "nym @ wsh": [], "pit @ bal": [], "tb @ nyy": [], "atl @ tor": [], "sea @ det": [], "cin @ mia": [], "chc @ min": [], "hou @ chw": [], "kc @ mil": [], "phi @ col": [], "tex @ ath": [], "sd @ lad": [], "sf @ ari": [], "stl @ bos": []}