{"all": {"pitchers": "10", "batters": "20", "pitches": "297", "max velomax pitch velocity": "101.4", "min velomin pitch velocity": "71.6", "ff%fourseam fastball %": "21.5", "si%sinker %": "19.2", "fc%cutter %": "12.5", "fs%splitter %": "2.4", "ch%changeup %": "17.5", "sl%slider %": "23.2", "cu%curve %": "3.7", "max evmax exit velocity": "109.6", "hhhard hit": "15", "hh%hard hit %": "29.4", "brlbarrels": "3", "brl%barrel %": "5.9", "ab": "68", "avg": ".147", "h": "10", "1b": "1", "2b": "5", "3b": "0", "hr": "4", "so": "18", "bipballs in play": "51", "liveGames": 0, "totGames": 16}, "sf @ cin": [], "mil @ phi": [], "lad @ bal": [], "cle @ pit": [], "sd @ tor": [], "chw @ nym": [], "ari @ atl": [], "mia @ stl": [], "wsh @ chc": [], "tb @ tex": [], "det @ kc": [], "hou @ col": [], "nyy @ laa": [], "bos @ ath": [], "min @ sea": []}