{"all": {"pitchers": "35", "batters": "82", "pitches": "1112", "max velomax pitch velocity": "100.6", "min velomin pitch velocity": "70.1", "ff%fourseam fastball %": "40.1", "si%sinker %": "5.3", "fc%cutter %": "11.0", "fs%splitter %": "2.1", "ch%changeup %": "12.5", "sl%slider %": "22.2", "cu%curve %": "6.8", "max evmax exit velocity": "114.2", "hhhard hit": "81", "hh%hard hit %": "36.5", "brlbarrels": "14", "brl%barrel %": "6.3", "ab": "274", "avg": ".252", "h": "69", "1b": "49", "2b": "11", "3b": "0", "hr": "9", "so": "55", "bipballs in play": "222", "liveGames": 0, "totGames": 6}, "laa @ bal": [{"player": "ryan mountcastle", "game": "laa @ bal", "gameIdx": 0, "hr/park": "", "pa": "83", "dt": "", "img": "https://www.mlbstatic.com/team-logos/110.svg", "team": "bal", "start": "", "in": "9", "result": "Strikeout", "evo": "", "la": "", "dist": ""}, {"player": "cedric mullins", "game": "laa @ bal", "gameIdx": 0, "hr/park": "1/30", "pa": "81", "dt": "", "img": "https://www.mlbstatic.com/team-logos/110.svg", "team": "bal", "start": "", "in": "9", "result": "Double", "evo": "99.7", "la": "22", "dist": "370"}, {"player": "adam frazier", "game": "laa @ bal", "gameIdx": 0, "hr/park": "0/30", "pa": "80", "dt": "", "img": "https://www.mlbstatic.com/team-logos/110.svg", "team": "bal", "start": "", "in": "9", "result": "Single", "evo": "105.1", "la": "17", "dist": "305"}, {"player": "gunnar henderson", "game": "laa @ bal", "gameIdx": 0, "hr/park": "", "pa": "79", "dt": "", "img": "https://www.mlbstatic.com/team-logos/110.svg", "team": "bal", "start": "", "in": "9", "result": "Strikeout", "evo": "", "la": "", "dist": ""}, {"player": "zach neto", "game": "laa @ bal", "gameIdx": 0, "hr/park": "", "pa": "78", "dt": "", "img": "https://www.mlbstatic.com/team-logos/108.svg", "team": "laa", "start": "", "in": "9", "result": "Strikeout", "evo": "", "la": "", "dist": ""}, {"player": "luis rengifo", "game": "laa @ bal", "gameIdx": 0, "hr/park": "", "pa": "77", "dt": "", "img": "https://www.mlbstatic.com/team-logos/108.svg", "team": "laa", "start": "", "in": "9", "result": "Single", "evo": "93.0", "la": "-2", "dist": "36"}, {"player": "matt thaiss", "game": "laa @ bal", "gameIdx": 0, "hr/park": "", "pa": "76", "dt": "", "img": "https://www.mlbstatic.com/team-logos/108.svg", "team": "laa", "start": "", "in": "9", "result": "Strikeout", "evo": "", "la": "", "dist": ""}, {"player": "brandon drury", "game": "laa @ bal", "gameIdx": 0, "hr/park": "", "pa": "75", "dt": "", "img": "https://www.mlbstatic.com/team-logos/108.svg", "team": "laa", "start": "", "in": "9", "result": "Strikeout", "evo": "", "la": "", "dist": ""}, {"player": "jorge mateo", "game": "laa @ bal", "gameIdx": 0, "hr/park": "", "pa": "74", "dt": "", "img": "https://www.mlbstatic.com/team-logos/110.svg", "team": "bal", "start": "", "in": "8", "result": "Groundout", "evo": "62.6", "la": "-3", "dist": "25"}, {"player": "ryan mckenna", "game": "laa @ bal", "gameIdx": 0, "hr/park": "", "pa": "73", "dt": "", "img": "https://www.mlbstatic.com/team-logos/110.svg", "team": "bal", "start": "", "in": "8", "result": "Flyout", "evo": "97.0", "la": "48", "dist": "294"}, {"player": "james mccann", "game": "laa @ bal", "gameIdx": 0, "hr/park": "", "pa": "72", "dt": "", "img": "https://www.mlbstatic.com/team-logos/110.svg", "team": "bal", "start": "", "in": "8", "result": "Lineout", "evo": "64.6", "la": "24", "dist": "192"}, {"player": "hunter renfroe", "game": "laa @ bal", "gameIdx": 0, "hr/park": "", "pa": "71", "dt": "", "img": "https://www.mlbstatic.com/team-logos/108.svg", "team": "laa", "start": "", "in": "8", "result": "Strikeout", "evo": "", "la": "", "dist": ""}, {"player": "shohei ohtani", "game": "laa @ bal", "gameIdx": 0, "hr/park": "", "pa": "70", "dt": "", "img": "https://www.mlbstatic.com/team-logos/108.svg", "team": "laa", "start": "", "in": "8", "result": "Single", "evo": "82.3", "la": "7", "dist": "100"}, {"player": "mike trout", "game": "laa @ bal", "gameIdx": 0, "hr/park": "", "pa": "69", "dt": "", "img": "https://www.mlbstatic.com/team-logos/108.svg", "team": "laa", "start": "", "in": "8", "result": "Hit By Pitch", "evo": "", "la": "", "dist": ""}, {"player": "taylor ward", "game": "laa @ bal", "gameIdx": 0, "hr/park": "", "pa": "68", "dt": "", "img": "https://www.mlbstatic.com/team-logos/108.svg", "team": "laa", "start": "", "in": "8", "result": "Strikeout", "evo": "", "la": "", "dist": ""}, {"player": "gio urshela", "game": "laa @ bal", "gameIdx": 0, "hr/park": "", "pa": "67", "dt": "", "img": "https://www.mlbstatic.com/team-logos/108.svg", "team": "laa", "start": "", "in": "8", "result": "Single", "evo": "100.4", "la": "10", "dist": "201"}, {"player": "zach neto", "game": "laa @ bal", "gameIdx": 0, "hr/park": "", "pa": "66", "dt": "", "img": "https://www.mlbstatic.com/team-logos/108.svg", "team": "laa", "start": "", "in": "8", "result": "Walk", "evo": "", "la": "", "dist": ""}, {"player": "luis rengifo", "game": "laa @ bal", "gameIdx": 0, "hr/park": "", "pa": "65", "dt": "", "img": "https://www.mlbstatic.com/team-logos/108.svg", "team": "laa", "start": "", "in": "8", "result": "Single", "evo": "86.8", "la": "9", "dist": "118"}, {"player": "matt thaiss", "game": "laa @ bal", "gameIdx": 0, "hr/park": "", "pa": "64", "dt": "", "img": "https://www.mlbstatic.com/team-logos/108.svg", "team": "laa", "start": "", "in": "8", "result": "Strikeout", "evo": "", "la": "", "dist": ""}, {"player": "anthony santander", "game": "laa @ bal", "gameIdx": 0, "hr/park": "", "pa": "63", "dt": "", "img": "https://www.mlbstatic.com/team-logos/110.svg", "team": "bal", "start": "", "in": "7", "result": "Flyout", "evo": "86.4", "la": "59", "dist": "211"}, {"player": "ryan mountcastle", "game": "laa @ bal", "gameIdx": 0, "hr/park": "0/30", "pa": "62", "dt": "", "img": "https://www.mlbstatic.com/team-logos/110.svg", "team": "bal", "start": "", "in": "7", "result": "Flyout", "evo": "88.7", "la": "35", "dist": "324"}, {"player": "adley rutschman", "game": "laa @ bal", "gameIdx": 0, "hr/park": "30/30", "pa": "61", "dt": "", "img": "https://www.mlbstatic.com/team-logos/110.svg", "team": "bal", "start": "", "in": "7", "result": "Home Run", "evo": "108.2", "la": "30", "dist": "424"}, {"player": "austin hays", "game": "laa @ bal", "gameIdx": 0, "hr/park": "", "pa": "60", "dt": "", "img": "https://www.mlbstatic.com/team-logos/110.svg", "team": "bal", "start": "", "in": "7", "result": "Single", "evo": "103.8", "la": "6", "dist": "133"}, {"player": "adam frazier", "game": "laa @ bal", "gameIdx": 0, "hr/park": "", "pa": "59", "dt": "", "img": "https://www.mlbstatic.com/team-logos/110.svg", "team": "bal", "start": "", "in": "7", "result": "Flyout", "evo": "83.0", "la": "42", "dist": "266"}, {"player": "brandon drury", "game": "laa @ bal", "gameIdx": 0, "hr/park": "", "pa": "58", "dt": "", "img": "https://www.mlbstatic.com/team-logos/108.svg", "team": "laa", "start": "", "in": "7", "result": "Groundout", "evo": "103.8", "la": "-14", "dist": "11"}, {"player": "hunter renfroe", "game": "laa @ bal", "gameIdx": 0, "hr/park": "", "pa": "57", "dt": "", "img": "https://www.mlbstatic.com/team-logos/108.svg", "team": "laa", "start": "", "in": "7", "result": "Walk", "evo": "", "la": "", "dist": ""}, {"player": "shohei ohtani", "game": "laa @ bal", "gameIdx": 0, "hr/park": "", "pa": "56", "dt": "", "img": "https://www.mlbstatic.com/team-logos/108.svg", "team": "laa", "start": "", "in": "7", "result": "Flyout", "evo": "83.3", "la": "34", "dist": "299"}, {"player": "mike trout", "game": "laa @ bal", "gameIdx": 0, "hr/park": "", "pa": "55", "dt": "", "img": "https://www.mlbstatic.com/team-logos/108.svg", "team": "laa", "start": "", "in": "7", "result": "Single", "evo": "100.9", "la": "14", "dist": "264"}, {"player": "taylor ward", "game": "laa @ bal", "gameIdx": 0, "hr/park": "", "pa": "54", "dt": "", "img": "https://www.mlbstatic.com/team-logos/108.svg", "team": "laa", "start": "", "in": "7", "result": "Groundout", "evo": "93.9", "la": "-26", "dist": "4"}, {"player": "gunnar henderson", "game": "laa @ bal", "gameIdx": 0, "hr/park": "", "pa": "53", "dt": "", "img": "https://www.mlbstatic.com/team-logos/110.svg", "team": "bal", "start": "", "in": "6", "result": "Strikeout", "evo": "", "la": "", "dist": ""}, {"player": "jorge mateo", "game": "laa @ bal", "gameIdx": 0, "hr/park": "", "pa": "52", "dt": "", "img": "https://www.mlbstatic.com/team-logos/110.svg", "team": "bal", "start": "", "in": "6", "result": "GIDP", "evo": "105.9", "la": "-8", "dist": "22"}, {"player": "ryan mckenna", "game": "laa @ bal", "gameIdx": 0, "hr/park": "", "pa": "51", "dt": "", "img": "https://www.mlbstatic.com/team-logos/110.svg", "team": "bal", "start": "", "in": "6", "result": "Walk", "evo": "", "la": "", "dist": ""}, {"player": "gio urshela", "game": "laa @ bal", "gameIdx": 0, "hr/park": "", "pa": "50", "dt": "", "img": "https://www.mlbstatic.com/team-logos/108.svg", "team": "laa", "start": "", "in": "6", "result": "Groundout", "evo": "84.7", "la": "-27", "dist": "5"}, {"player": "zach neto", "game": "laa @ bal", "gameIdx": 0, "hr/park": "", "pa": "49", "dt": "", "img": "https://www.mlbstatic.com/team-logos/108.svg", "team": "laa", "start": "", "in": "6", "result": "Single", "evo": "95.3", "la": "12", "dist": "219"}, {"player": "luis rengifo", "game": "laa @ bal", "gameIdx": 0, "hr/park": "", "pa": "48", "dt": "", "img": "https://www.mlbstatic.com/team-logos/108.svg", "team": "laa", "start": "", "in": "6", "result": "Walk", "evo": "", "la": "", "dist": ""}, {"player": "chad wallach", "game": "laa @ bal", "gameIdx": 0, "hr/park": "", "pa": "47", "dt": "", "img": "https://www.mlbstatic.com/team-logos/108.svg", "team": "laa", "start": "", "in": "6", "result": "GIDP", "evo": "70.3", "la": "-15", "dist": "14"}, {"player": "brandon drury", "game": "laa @ bal", "gameIdx": 0, "hr/park": "", "pa": "46", "dt": "", "img": "https://www.mlbstatic.com/team-logos/108.svg", "team": "laa", "start": "", "in": "6", "result": "Single", "evo": "105.9", "la": "-11", "dist": "12"}, {"player": "james mccann", "game": "laa @ bal", "gameIdx": 0, "hr/park": "", "pa": "45", "dt": "", "img": "https://www.mlbstatic.com/team-logos/110.svg", "team": "bal", "start": "", "in": "5", "result": "Pop Out", "evo": "86.1", "la": "78", "dist": "60"}, {"player": "anthony santander", "game": "laa @ bal", "gameIdx": 0, "hr/park": "30/30", "pa": "44", "dt": "", "img": "https://www.mlbstatic.com/team-logos/110.svg", "team": "bal", "start": "", "in": "5", "result": "Home Run", "evo": "107.4", "la": "24", "dist": "418"}, {"player": "ryan mountcastle", "game": "laa @ bal", "gameIdx": 0, "hr/park": "", "pa": "43", "dt": "", "img": "https://www.mlbstatic.com/team-logos/110.svg", "team": "bal", "start": "", "in": "5", "result": "Sac Fly", "evo": "79.0", "la": "39", "dist": "263"}, {"player": "adley rutschman", "game": "laa @ bal", "gameIdx": 0, "hr/park": "", "pa": "42", "dt": "", "img": "https://www.mlbstatic.com/team-logos/110.svg", "team": "bal", "start": "", "in": "5", "result": "Flyout", "evo": "89.7", "la": "53", "dist": "240"}, {"player": "austin hays", "game": "laa @ bal", "gameIdx": 0, "hr/park": "1/30", "pa": "41", "dt": "", "img": "https://www.mlbstatic.com/team-logos/110.svg", "team": "bal", "start": "", "in": "5", "result": "Double", "evo": "94.9", "la": "26", "dist": "345"}, {"player": "joey ortiz", "game": "laa @ bal", "gameIdx": 0, "hr/park": "", "pa": "40", "dt": "", "img": "https://www.mlbstatic.com/team-logos/110.svg", "team": "bal", "start": "", "in": "5", "result": "Single", "evo": "69.8", "la": "19", "dist": "175"}, {"player": "hunter renfroe", "game": "laa @ bal", "gameIdx": 0, "hr/park": "0/30", "pa": "39", "dt": "", "img": "https://www.mlbstatic.com/team-logos/108.svg", "team": "laa", "start": "", "in": "5", "result": "Flyout", "evo": "101.4", "la": "41", "dist": "311"}, {"player": "shohei ohtani", "game": "laa @ bal", "gameIdx": 0, "hr/park": "", "pa": "38", "dt": "", "img": "https://www.mlbstatic.com/team-logos/108.svg", "team": "laa", "start": "", "in": "5", "result": "Pop Out", "evo": "84.0", "la": "75", "dist": "87"}, {"player": "mike trout", "game": "laa @ bal", "gameIdx": 0, "hr/park": "", "pa": "37", "dt": "", "img": "https://www.mlbstatic.com/team-logos/108.svg", "team": "laa", "start": "", "in": "5", "result": "Pop Out", "evo": "75.5", "la": "67", "dist": "111"}, {"player": "mickey moniak", "game": "laa @ bal", "gameIdx": 0, "hr/park": "", "pa": "36", "dt": "", "img": "https://www.mlbstatic.com/team-logos/108.svg", "team": "laa", "start": "", "in": "5", "result": "Single", "evo": "77.3", "la": "46", "dist": "229"}, {"player": "livan soto", "game": "laa @ bal", "gameIdx": 0, "hr/park": "", "pa": "35", "dt": "", "img": "https://www.mlbstatic.com/team-logos/108.svg", "team": "laa", "start": "", "in": "5", "result": "Single", "evo": "99.7", "la": "5", "dist": "155"}, {"player": "gunnar henderson", "game": "laa @ bal", "gameIdx": 0, "hr/park": "", "pa": "34", "dt": "", "img": "https://www.mlbstatic.com/team-logos/110.svg", "team": "bal", "start": "", "in": "4", "result": "Strikeout", "evo": "", "la": "", "dist": ""}, {"player": "jorge mateo", "game": "laa @ bal", "gameIdx": 0, "hr/park": "", "pa": "33", "dt": "", "img": "https://www.mlbstatic.com/team-logos/110.svg", "team": "bal", "start": "", "in": "4", "result": "Flyout", "evo": "72.9", "la": "46", "dist": "192"}, {"player": "ryan mckenna", "game": "laa @ bal", "gameIdx": 0, "hr/park": "", "pa": "32", "dt": "", "img": "https://www.mlbstatic.com/team-logos/110.svg", "team": "bal", "start": "", "in": "4", "result": "Groundout", "evo": "85.8", "la": "-20", "dist": "12"}, {"player": "zach neto", "game": "laa @ bal", "gameIdx": 0, "hr/park": "", "pa": "31", "dt": "", "img": "https://www.mlbstatic.com/team-logos/108.svg", "team": "laa", "start": "", "in": "4", "result": "Strikeout", "evo": "", "la": "", "dist": ""}, {"player": "luis rengifo", "game": "laa @ bal", "gameIdx": 0, "hr/park": "", "pa": "30", "dt": "", "img": "https://www.mlbstatic.com/team-logos/108.svg", "team": "laa", "start": "", "in": "4", "result": "Groundout", "evo": "57.8", "la": "-68", "dist": "2"}, {"player": "chad wallach", "game": "laa @ bal", "gameIdx": 0, "hr/park": "", "pa": "29", "dt": "", "img": "https://www.mlbstatic.com/team-logos/108.svg", "team": "laa", "start": "", "in": "4", "result": "Strikeout", "evo": "", "la": "", "dist": ""}, {"player": "james mccann", "game": "laa @ bal", "gameIdx": 0, "hr/park": "", "pa": "28", "dt": "", "img": "https://www.mlbstatic.com/team-logos/110.svg", "team": "bal", "start": "", "in": "3", "result": "Flyout", "evo": "87.3", "la": "39", "dist": "292"}, {"player": "anthony santander", "game": "laa @ bal", "gameIdx": 0, "hr/park": "", "pa": "27", "dt": "", "img": "https://www.mlbstatic.com/team-logos/110.svg", "team": "bal", "start": "", "in": "3", "result": "Flyout", "evo": "93.1", "la": "46", "dist": "277"}, {"player": "ryan mountcastle", "game": "laa @ bal", "gameIdx": 0, "hr/park": "", "pa": "26", "dt": "", "img": "https://www.mlbstatic.com/team-logos/110.svg", "team": "bal", "start": "", "in": "3", "result": "Flyout", "evo": "83.5", "la": "40", "dist": "280"}, {"player": "brandon drury", "game": "laa @ bal", "gameIdx": 0, "hr/park": "", "pa": "25", "dt": "", "img": "https://www.mlbstatic.com/team-logos/108.svg", "team": "laa", "start": "", "in": "3", "result": "Strikeout", "evo": "", "la": "", "dist": ""}, {"player": "hunter renfroe", "game": "laa @ bal", "gameIdx": 0, "hr/park": "", "pa": "24", "dt": "", "img": "https://www.mlbstatic.com/team-logos/108.svg", "team": "laa", "start": "", "in": "3", "result": "Single", "evo": "102.3", "la": "7", "dist": "223"}, {"player": "shohei ohtani", "game": "laa @ bal", "gameIdx": 0, "hr/park": "", "pa": "23", "dt": "", "img": "https://www.mlbstatic.com/team-logos/108.svg", "team": "laa", "start": "", "in": "3", "result": "Flyout", "evo": "102.0", "la": "56", "dist": "273"}, {"player": "mike trout", "game": "laa @ bal", "gameIdx": 0, "hr/park": "30/30", "pa": "22", "dt": "", "img": "https://www.mlbstatic.com/team-logos/108.svg", "team": "laa", "start": "", "in": "3", "result": "Home Run", "evo": "110.4", "la": "24", "dist": "408"}, {"player": "mickey moniak", "game": "laa @ bal", "gameIdx": 0, "hr/park": "", "pa": "21", "dt": "", "img": "https://www.mlbstatic.com/team-logos/108.svg", "team": "laa", "start": "", "in": "3", "result": "Strikeout", "evo": "", "la": "", "dist": ""}, {"player": "livan soto", "game": "laa @ bal", "gameIdx": 0, "hr/park": "", "pa": "20", "dt": "", "img": "https://www.mlbstatic.com/team-logos/108.svg", "team": "laa", "start": "", "in": "3", "result": "Walk", "evo": "", "la": "", "dist": ""}, {"player": "adley rutschman", "game": "laa @ bal", "gameIdx": 0, "hr/park": "", "pa": "19", "dt": "", "img": "https://www.mlbstatic.com/team-logos/110.svg", "team": "bal", "start": "", "in": "2", "result": "Flyout", "evo": "89.9", "la": "59", "dist": "213"}, {"player": "austin hays", "game": "laa @ bal", "gameIdx": 0, "hr/park": "0/30", "pa": "18", "dt": "", "img": "https://www.mlbstatic.com/team-logos/110.svg", "team": "bal", "start": "", "in": "2", "result": "Flyout", "evo": "94.2", "la": "38", "dist": "300"}, {"player": "joey ortiz", "game": "laa @ bal", "gameIdx": 0, "hr/park": "", "pa": "17", "dt": "", "img": "https://www.mlbstatic.com/team-logos/110.svg", "team": "bal", "start": "", "in": "2", "result": "Single", "evo": "59.5", "la": "14", "dist": "114"}, {"player": "gunnar henderson", "game": "laa @ bal", "gameIdx": 0, "hr/park": "", "pa": "16", "dt": "", "img": "https://www.mlbstatic.com/team-logos/110.svg", "team": "bal", "start": "", "in": "2", "result": "Single", "evo": "90.4", "la": "1", "dist": "46"}, {"player": "jorge mateo", "game": "laa @ bal", "gameIdx": 0, "hr/park": "", "pa": "15", "dt": "", "img": "https://www.mlbstatic.com/team-logos/110.svg", "team": "bal", "start": "", "in": "2", "result": "Lineout", "evo": "62.5", "la": "22", "dist": "178"}, {"player": "zach neto", "game": "laa @ bal", "gameIdx": 0, "hr/park": "", "pa": "14", "dt": "", "img": "https://www.mlbstatic.com/team-logos/108.svg", "team": "laa", "start": "", "in": "2", "result": "Groundout", "evo": "73.3", "la": "-4", "dist": "28"}, {"player": "luis rengifo", "game": "laa @ bal", "gameIdx": 0, "hr/park": "", "pa": "13", "dt": "", "img": "https://www.mlbstatic.com/team-logos/108.svg", "team": "laa", "start": "", "in": "2", "result": "Single", "evo": "97.9", "la": "16", "dist": "275"}, {"player": "chad wallach", "game": "laa @ bal", "gameIdx": 0, "hr/park": "", "pa": "12", "dt": "", "img": "https://www.mlbstatic.com/team-logos/108.svg", "team": "laa", "start": "", "in": "2", "result": "Strikeout", "evo": "", "la": "", "dist": ""}, {"player": "brandon drury", "game": "laa @ bal", "gameIdx": 0, "hr/park": "", "pa": "11", "dt": "", "img": "https://www.mlbstatic.com/team-logos/108.svg", "team": "laa", "start": "", "in": "2", "result": "Pop Out", "evo": "85.5", "la": "67", "dist": "132"}, {"player": "ryan mckenna", "game": "laa @ bal", "gameIdx": 0, "hr/park": "", "pa": "10", "dt": "", "img": "https://www.mlbstatic.com/team-logos/110.svg", "team": "bal", "start": "", "in": "1", "result": "Flyout", "evo": "83.9", "la": "46", "dist": "253"}, {"player": "james mccann", "game": "laa @ bal", "gameIdx": 0, "hr/park": "", "pa": "9", "dt": "", "img": "https://www.mlbstatic.com/team-logos/110.svg", "team": "bal", "start": "", "in": "1", "result": "Strikeout", "evo": "", "la": "", "dist": ""}, {"player": "anthony santander", "game": "laa @ bal", "gameIdx": 0, "hr/park": "", "pa": "8", "dt": "", "img": "https://www.mlbstatic.com/team-logos/110.svg", "team": "bal", "start": "", "in": "1", "result": "Walk", "evo": "", "la": "", "dist": ""}, {"player": "ryan mountcastle", "game": "laa @ bal", "gameIdx": 0, "hr/park": "", "pa": "7", "dt": "", "img": "https://www.mlbstatic.com/team-logos/110.svg", "team": "bal", "start": "", "in": "1", "result": "Pop Out", "evo": "73.1", "la": "88", "dist": "41"}, {"player": "adley rutschman", "game": "laa @ bal", "gameIdx": 0, "hr/park": "", "pa": "6", "dt": "", "img": "https://www.mlbstatic.com/team-logos/110.svg", "team": "bal", "start": "", "in": "1", "result": "Walk", "evo": "", "la": "", "dist": ""}, {"player": "austin hays", "game": "laa @ bal", "gameIdx": 0, "hr/park": "", "pa": "5", "dt": "", "img": "https://www.mlbstatic.com/team-logos/110.svg", "team": "bal", "start": "", "in": "1", "result": "Single", "evo": "88.2", "la": "14", "dist": "177"}, {"player": "hunter renfroe", "game": "laa @ bal", "gameIdx": 0, "hr/park": "", "pa": "4", "dt": "", "img": "https://www.mlbstatic.com/team-logos/108.svg", "team": "laa", "start": "", "in": "1", "result": "Groundout", "evo": "95.6", "la": "5", "dist": "117"}, {"player": "shohei ohtani", "game": "laa @ bal", "gameIdx": 0, "hr/park": "18/30", "pa": "3", "dt": "", "img": "https://www.mlbstatic.com/team-logos/108.svg", "team": "laa", "start": "", "in": "1", "result": "Home Run", "evo": "100.3", "la": "32", "dist": "378"}, {"player": "mike trout", "game": "laa @ bal", "gameIdx": 0, "hr/park": "", "pa": "2", "dt": "", "img": "https://www.mlbstatic.com/team-logos/108.svg", "team": "laa", "start": "", "in": "1", "result": "Strikeout", "evo": "", "la": "", "dist": ""}, {"player": "mickey moniak", "game": "laa @ bal", "gameIdx": 0, "hr/park": "", "pa": "1", "dt": "", "img": "https://www.mlbstatic.com/team-logos/108.svg", "team": "laa", "start": "", "in": "1", "result": "Strikeout", "evo": "", "la": "", "dist": ""}], "tb @ nym": [{"player": "brandon lowe", "game": "tb @ nym", "gameIdx": 0, "hr/park": "", "pa": "67", "dt": "", "img": "https://www.mlbstatic.com/team-logos/139.svg", "team": "tb", "start": "", "in": "9", "result": "Groundout", "evo": "104.3", "la": "-21", "dist": "6"}, {"player": "harold ramirez", "game": "tb @ nym", "gameIdx": 0, "hr/park": "", "pa": "66", "dt": "", "img": "https://www.mlbstatic.com/team-logos/139.svg", "team": "tb", "start": "", "in": "9", "result": "Groundout", "evo": "61.5", "la": "-43", "dist": "5"}, {"player": "randy arozarena", "game": "tb @ nym", "gameIdx": 0, "hr/park": "0/30", "pa": "65", "dt": "", "img": "https://www.mlbstatic.com/team-logos/139.svg", "team": "tb", "start": "", "in": "9", "result": "Double", "evo": "104.7", "la": "18", "dist": "302"}, {"player": "josh lowe", "game": "tb @ nym", "gameIdx": 0, "hr/park": "", "pa": "64", "dt": "", "img": "https://www.mlbstatic.com/team-logos/139.svg", "team": "tb", "start": "", "in": "9", "result": "Strikeout", "evo": "", "la": "", "dist": ""}, {"player": "eduardo escobar", "game": "tb @ nym", "gameIdx": 0, "hr/park": "", "pa": "63", "dt": "", "img": "https://www.mlbstatic.com/team-logos/121.svg", "team": "nym", "start": "", "in": "8", "result": "Groundout", "evo": "96.5", "la": "3", "dist": "90"}, {"player": "daniel vogelbach", "game": "tb @ nym", "gameIdx": 0, "hr/park": "", "pa": "62", "dt": "", "img": "https://www.mlbstatic.com/team-logos/121.svg", "team": "nym", "start": "", "in": "8", "result": "Intent Walk", "evo": "", "la": "", "dist": ""}, {"player": "tommy pham", "game": "tb @ nym", "gameIdx": 0, "hr/park": "", "pa": "61", "dt": "", "img": "https://www.mlbstatic.com/team-logos/121.svg", "team": "nym", "start": "", "in": "8", "result": "Double", "evo": "70.4", "la": "17", "dist": "166"}, {"player": "brett baty", "game": "tb @ nym", "gameIdx": 0, "hr/park": "0/30", "pa": "60", "dt": "", "img": "https://www.mlbstatic.com/team-logos/121.svg", "team": "nym", "start": "", "in": "8", "result": "Flyout", "evo": "96.9", "la": "24", "dist": "326"}, {"player": "pete alonso", "game": "tb @ nym", "gameIdx": 0, "hr/park": "", "pa": "59", "dt": "", "img": "https://www.mlbstatic.com/team-logos/121.svg", "team": "nym", "start": "", "in": "8", "result": "Groundout", "evo": "59.4", "la": "-6", "dist": "16"}, {"player": "manuel margot", "game": "tb @ nym", "gameIdx": 0, "hr/park": "", "pa": "58", "dt": "", "img": "https://www.mlbstatic.com/team-logos/139.svg", "team": "tb", "start": "", "in": "8", "result": "GIDP", "evo": "95.5", "la": "-6", "dist": "23"}, {"player": "christian bethancourt", "game": "tb @ nym", "gameIdx": 0, "hr/park": "", "pa": "57", "dt": "", "img": "https://www.mlbstatic.com/team-logos/139.svg", "team": "tb", "start": "", "in": "8", "result": "Pop Out", "evo": "86.4", "la": "68", "dist": "109"}, {"player": "wander franco", "game": "tb @ nym", "gameIdx": 0, "hr/park": "", "pa": "56", "dt": "", "img": "https://www.mlbstatic.com/team-logos/139.svg", "team": "tb", "start": "", "in": "8", "result": "Single", "evo": "92.3", "la": "12", "dist": "218"}, {"player": "jeff mcneil", "game": "tb @ nym", "gameIdx": 0, "hr/park": "", "pa": "55", "dt": "", "img": "https://www.mlbstatic.com/team-logos/121.svg", "team": "nym", "start": "", "in": "7", "result": "Groundout", "evo": "90.3", "la": "-21", "dist": "5"}, {"player": "francisco lindor", "game": "tb @ nym", "gameIdx": 0, "hr/park": "0/30", "pa": "54", "dt": "", "img": "https://www.mlbstatic.com/team-logos/121.svg", "team": "nym", "start": "", "in": "7", "result": "Flyout", "evo": "92.7", "la": "40", "dist": "314"}, {"player": "brandon nimmo", "game": "tb @ nym", "gameIdx": 0, "hr/park": "", "pa": "53", "dt": "", "img": "https://www.mlbstatic.com/team-logos/121.svg", "team": "nym", "start": "", "in": "7", "result": "Single", "evo": "94.7", "la": "12", "dist": "248"}, {"player": "michael perez", "game": "tb @ nym", "gameIdx": 0, "hr/park": "", "pa": "52", "dt": "", "img": "https://www.mlbstatic.com/team-logos/121.svg", "team": "nym", "start": "", "in": "7", "result": "Strikeout", "evo": "", "la": "", "dist": ""}, {"player": "taylor walls", "game": "tb @ nym", "gameIdx": 0, "hr/park": "", "pa": "51", "dt": "", "img": "https://www.mlbstatic.com/team-logos/139.svg", "team": "tb", "start": "", "in": "7", "result": "Strikeout", "evo": "", "la": "", "dist": ""}, {"player": "isaac paredes", "game": "tb @ nym", "gameIdx": 0, "hr/park": "", "pa": "50", "dt": "", "img": "https://www.mlbstatic.com/team-logos/139.svg", "team": "tb", "start": "", "in": "7", "result": "Strikeout", "evo": "", "la": "", "dist": ""}, {"player": "brandon lowe", "game": "tb @ nym", "gameIdx": 0, "hr/park": "", "pa": "49", "dt": "", "img": "https://www.mlbstatic.com/team-logos/139.svg", "team": "tb", "start": "", "in": "7", "result": "Flyout", "evo": "81.3", "la": "42", "dist": "264"}, {"player": "eduardo escobar", "game": "tb @ nym", "gameIdx": 0, "hr/park": "", "pa": "48", "dt": "", "img": "https://www.mlbstatic.com/team-logos/121.svg", "team": "nym", "start": "", "in": "6", "result": "Flyout", "evo": "86.8", "la": "58", "dist": "224"}, {"player": "daniel vogelbach", "game": "tb @ nym", "gameIdx": 0, "hr/park": "", "pa": "47", "dt": "", "img": "https://www.mlbstatic.com/team-logos/121.svg", "team": "nym", "start": "", "in": "6", "result": "Strikeout", "evo": "", "la": "", "dist": ""}, {"player": "tommy pham", "game": "tb @ nym", "gameIdx": 0, "hr/park": "", "pa": "46", "dt": "", "img": "https://www.mlbstatic.com/team-logos/121.svg", "team": "nym", "start": "", "in": "6", "result": "Single", "evo": "55.6", "la": "-50", "dist": "4"}, {"player": "brett baty", "game": "tb @ nym", "gameIdx": 0, "hr/park": "", "pa": "45", "dt": "", "img": "https://www.mlbstatic.com/team-logos/121.svg", "team": "nym", "start": "", "in": "6", "result": "Single", "evo": "95.1", "la": "1", "dist": "55"}, {"player": "pete alonso", "game": "tb @ nym", "gameIdx": 0, "hr/park": "0/30", "pa": "44", "dt": "", "img": "https://www.mlbstatic.com/team-logos/121.svg", "team": "nym", "start": "", "in": "6", "result": "Flyout", "evo": "99.9", "la": "25", "dist": "386"}, {"player": "jeff mcneil", "game": "tb @ nym", "gameIdx": 0, "hr/park": "", "pa": "43", "dt": "", "img": "https://www.mlbstatic.com/team-logos/121.svg", "team": "nym", "start": "", "in": "6", "result": "Single", "evo": "99.1", "la": "9", "dist": "143"}, {"player": "brandon lowe", "game": "tb @ nym", "gameIdx": 0, "hr/park": "", "pa": "42", "dt": "", "img": "https://www.mlbstatic.com/team-logos/139.svg", "team": "tb", "start": "", "in": "6", "result": "Pickoff Caught Stealing 2B", "evo": "", "la": "", "dist": ""}, {"player": "harold ramirez", "game": "tb @ nym", "gameIdx": 0, "hr/park": "", "pa": "41", "dt": "", "img": "https://www.mlbstatic.com/team-logos/139.svg", "team": "tb", "start": "", "in": "6", "result": "Single", "evo": "70.4", "la": "35", "dist": "240"}, {"player": "randy arozarena", "game": "tb @ nym", "gameIdx": 0, "hr/park": "", "pa": "40", "dt": "", "img": "https://www.mlbstatic.com/team-logos/139.svg", "team": "tb", "start": "", "in": "6", "result": "Walk", "evo": "", "la": "", "dist": ""}, {"player": "josh lowe", "game": "tb @ nym", "gameIdx": 0, "hr/park": "30/30", "pa": "39", "dt": "", "img": "https://www.mlbstatic.com/team-logos/139.svg", "team": "tb", "start": "", "in": "6", "result": "Home Run", "evo": "109.6", "la": "26", "dist": "440"}, {"player": "manuel margot", "game": "tb @ nym", "gameIdx": 0, "hr/park": "0/30", "pa": "38", "dt": "", "img": "https://www.mlbstatic.com/team-logos/139.svg", "team": "tb", "start": "", "in": "6", "result": "Flyout", "evo": "98.6", "la": "26", "dist": "367"}, {"player": "christian bethancourt", "game": "tb @ nym", "gameIdx": 0, "hr/park": "", "pa": "37", "dt": "", "img": "https://www.mlbstatic.com/team-logos/139.svg", "team": "tb", "start": "", "in": "6", "result": "Strikeout", "evo": "", "la": "", "dist": ""}, {"player": "francisco lindor", "game": "tb @ nym", "gameIdx": 0, "hr/park": "", "pa": "36", "dt": "", "img": "https://www.mlbstatic.com/team-logos/121.svg", "team": "nym", "start": "", "in": "5", "result": "Pop Out", "evo": "83.9", "la": "62", "dist": "173"}, {"player": "brandon nimmo", "game": "tb @ nym", "gameIdx": 0, "hr/park": "", "pa": "35", "dt": "", "img": "https://www.mlbstatic.com/team-logos/121.svg", "team": "nym", "start": "", "in": "5", "result": "Groundout", "evo": "63.6", "la": "-66", "dist": "1"}, {"player": "michael perez", "game": "tb @ nym", "gameIdx": 0, "hr/park": "", "pa": "34", "dt": "", "img": "https://www.mlbstatic.com/team-logos/121.svg", "team": "nym", "start": "", "in": "5", "result": "Pop Out", "evo": "79.2", "la": "71", "dist": "112"}, {"player": "eduardo escobar", "game": "tb @ nym", "gameIdx": 0, "hr/park": "", "pa": "33", "dt": "", "img": "https://www.mlbstatic.com/team-logos/121.svg", "team": "nym", "start": "", "in": "5", "result": "Single", "evo": "86.3", "la": "9", "dist": "155"}, {"player": "luke raley", "game": "tb @ nym", "gameIdx": 0, "hr/park": "0/30", "pa": "32", "dt": "", "img": "https://www.mlbstatic.com/team-logos/139.svg", "team": "tb", "start": "", "in": "5", "result": "Flyout", "evo": "101.9", "la": "29", "dist": "394"}, {"player": "taylor walls", "game": "tb @ nym", "gameIdx": 0, "hr/park": "", "pa": "31", "dt": "", "img": "https://www.mlbstatic.com/team-logos/139.svg", "team": "tb", "start": "", "in": "5", "result": "Flyout", "evo": "97.0", "la": "45", "dist": "299"}, {"player": "isaac paredes", "game": "tb @ nym", "gameIdx": 0, "hr/park": "0/30", "pa": "30", "dt": "", "img": "https://www.mlbstatic.com/team-logos/139.svg", "team": "tb", "start": "", "in": "5", "result": "Lineout", "evo": "97.7", "la": "20", "dist": "332"}, {"player": "daniel vogelbach", "game": "tb @ nym", "gameIdx": 0, "hr/park": "", "pa": "29", "dt": "", "img": "https://www.mlbstatic.com/team-logos/121.svg", "team": "nym", "start": "", "in": "4", "result": "Pop Out", "evo": "86.5", "la": "64", "dist": "163"}, {"player": "tommy pham", "game": "tb @ nym", "gameIdx": 0, "hr/park": "", "pa": "28", "dt": "", "img": "https://www.mlbstatic.com/team-logos/121.svg", "team": "nym", "start": "", "in": "4", "result": "Pop Out", "evo": "91.5", "la": "70", "dist": "129"}, {"player": "brett baty", "game": "tb @ nym", "gameIdx": 0, "hr/park": "", "pa": "27", "dt": "", "img": "https://www.mlbstatic.com/team-logos/121.svg", "team": "nym", "start": "", "in": "4", "result": "Groundout", "evo": "95.4", "la": "-10", "dist": "11"}, {"player": "pete alonso", "game": "tb @ nym", "gameIdx": 0, "hr/park": "30/30", "pa": "26", "dt": "", "img": "https://www.mlbstatic.com/team-logos/121.svg", "team": "nym", "start": "", "in": "4", "result": "Home Run", "evo": "113.4", "la": "26", "dist": "446"}, {"player": "brandon lowe", "game": "tb @ nym", "gameIdx": 0, "hr/park": "", "pa": "25", "dt": "", "img": "https://www.mlbstatic.com/team-logos/139.svg", "team": "tb", "start": "", "in": "4", "result": "Groundout", "evo": "83.3", "la": "-16", "dist": "8"}, {"player": "harold ramirez", "game": "tb @ nym", "gameIdx": 0, "hr/park": "", "pa": "24", "dt": "", "img": "https://www.mlbstatic.com/team-logos/139.svg", "team": "tb", "start": "", "in": "4", "result": "Strikeout", "evo": "", "la": "", "dist": ""}, {"player": "randy arozarena", "game": "tb @ nym", "gameIdx": 0, "hr/park": "", "pa": "23", "dt": "", "img": "https://www.mlbstatic.com/team-logos/139.svg", "team": "tb", "start": "", "in": "4", "result": "Groundout", "evo": "76.3", "la": "-8", "dist": "18"}, {"player": "jeff mcneil", "game": "tb @ nym", "gameIdx": 0, "hr/park": "", "pa": "22", "dt": "", "img": "https://www.mlbstatic.com/team-logos/121.svg", "team": "nym", "start": "", "in": "3", "result": "Strikeout", "evo": "", "la": "", "dist": ""}, {"player": "francisco lindor", "game": "tb @ nym", "gameIdx": 0, "hr/park": "", "pa": "21", "dt": "", "img": "https://www.mlbstatic.com/team-logos/121.svg", "team": "nym", "start": "", "in": "3", "result": "Groundout", "evo": "102.0", "la": "-30", "dist": "4"}, {"player": "brandon nimmo", "game": "tb @ nym", "gameIdx": 0, "hr/park": "0/30", "pa": "20", "dt": "", "img": "https://www.mlbstatic.com/team-logos/121.svg", "team": "nym", "start": "", "in": "3", "result": "Lineout", "evo": "97.9", "la": "16", "dist": "324"}, {"player": "josh lowe", "game": "tb @ nym", "gameIdx": 0, "hr/park": "0/30", "pa": "19", "dt": "", "img": "https://www.mlbstatic.com/team-logos/139.svg", "team": "tb", "start": "", "in": "3", "result": "Flyout", "evo": "89.0", "la": "35", "dist": "300"}, {"player": "manuel margot", "game": "tb @ nym", "gameIdx": 0, "hr/park": "", "pa": "18", "dt": "", "img": "https://www.mlbstatic.com/team-logos/139.svg", "team": "tb", "start": "", "in": "3", "result": "GIDP", "evo": "102.7", "la": "-3", "dist": "33"}, {"player": "christian bethancourt", "game": "tb @ nym", "gameIdx": 0, "hr/park": "", "pa": "17", "dt": "", "img": "https://www.mlbstatic.com/team-logos/139.svg", "team": "tb", "start": "", "in": "3", "result": "Field Error", "evo": "90.1", "la": "-6", "dist": "24"}, {"player": "michael perez", "game": "tb @ nym", "gameIdx": 0, "hr/park": "", "pa": "16", "dt": "", "img": "https://www.mlbstatic.com/team-logos/121.svg", "team": "nym", "start": "", "in": "2", "result": "Groundout", "evo": "89.5", "la": "-8", "dist": "16"}, {"player": "eduardo escobar", "game": "tb @ nym", "gameIdx": 0, "hr/park": "", "pa": "15", "dt": "", "img": "https://www.mlbstatic.com/team-logos/121.svg", "team": "nym", "start": "", "in": "2", "result": "Groundout", "evo": "88.5", "la": "-20", "dist": "7"}, {"player": "daniel vogelbach", "game": "tb @ nym", "gameIdx": 0, "hr/park": "", "pa": "14", "dt": "", "img": "https://www.mlbstatic.com/team-logos/121.svg", "team": "nym", "start": "", "in": "2", "result": "Strikeout", "evo": "", "la": "", "dist": ""}, {"player": "luke raley", "game": "tb @ nym", "gameIdx": 0, "hr/park": "", "pa": "13", "dt": "", "img": "https://www.mlbstatic.com/team-logos/139.svg", "team": "tb", "start": "", "in": "2", "result": "Strikeout", "evo": "", "la": "", "dist": ""}, {"player": "taylor walls", "game": "tb @ nym", "gameIdx": 0, "hr/park": "", "pa": "12", "dt": "", "img": "https://www.mlbstatic.com/team-logos/139.svg", "team": "tb", "start": "", "in": "2", "result": "Strikeout", "evo": "", "la": "", "dist": ""}, {"player": "isaac paredes", "game": "tb @ nym", "gameIdx": 0, "hr/park": "", "pa": "11", "dt": "", "img": "https://www.mlbstatic.com/team-logos/139.svg", "team": "tb", "start": "", "in": "2", "result": "Groundout", "evo": "93.8", "la": "-9", "dist": "13"}, {"player": "tommy pham", "game": "tb @ nym", "gameIdx": 0, "hr/park": "", "pa": "10", "dt": "", "img": "https://www.mlbstatic.com/team-logos/121.svg", "team": "nym", "start": "", "in": "1", "result": "Strikeout", "evo": "", "la": "", "dist": ""}, {"player": "brett baty", "game": "tb @ nym", "gameIdx": 0, "hr/park": "", "pa": "9", "dt": "", "img": "https://www.mlbstatic.com/team-logos/121.svg", "team": "nym", "start": "", "in": "1", "result": "Groundout", "evo": "90.6", "la": "-17", "dist": "12"}, {"player": "pete alonso", "game": "tb @ nym", "gameIdx": 0, "hr/park": "", "pa": "8", "dt": "", "img": "https://www.mlbstatic.com/team-logos/121.svg", "team": "nym", "start": "", "in": "1", "result": "Walk", "evo": "", "la": "", "dist": ""}, {"player": "jeff mcneil", "game": "tb @ nym", "gameIdx": 0, "hr/park": "", "pa": "7", "dt": "", "img": "https://www.mlbstatic.com/team-logos/121.svg", "team": "nym", "start": "", "in": "1", "result": "Single", "evo": "93.5", "la": "3", "dist": "97"}, {"player": "francisco lindor", "game": "tb @ nym", "gameIdx": 0, "hr/park": "", "pa": "6", "dt": "", "img": "https://www.mlbstatic.com/team-logos/121.svg", "team": "nym", "start": "", "in": "1", "result": "Walk", "evo": "", "la": "", "dist": ""}, {"player": "brandon nimmo", "game": "tb @ nym", "gameIdx": 0, "hr/park": "", "pa": "5", "dt": "", "img": "https://www.mlbstatic.com/team-logos/121.svg", "team": "nym", "start": "", "in": "1", "result": "Strikeout", "evo": "", "la": "", "dist": ""}, {"player": "brandon lowe", "game": "tb @ nym", "gameIdx": 0, "hr/park": "", "pa": "4", "dt": "", "img": "https://www.mlbstatic.com/team-logos/139.svg", "team": "tb", "start": "", "in": "1", "result": "GIDP", "evo": "94.7", "la": "3", "dist": "67"}, {"player": "harold ramirez", "game": "tb @ nym", "gameIdx": 0, "hr/park": "", "pa": "3", "dt": "", "img": "https://www.mlbstatic.com/team-logos/139.svg", "team": "tb", "start": "", "in": "1", "result": "Forceout", "evo": "95.0", "la": "-28", "dist": "4"}, {"player": "randy arozarena", "game": "tb @ nym", "gameIdx": 0, "hr/park": "", "pa": "2", "dt": "", "img": "https://www.mlbstatic.com/team-logos/139.svg", "team": "tb", "start": "", "in": "1", "result": "Single", "evo": "56.1", "la": "-53", "dist": "4"}, {"player": "josh lowe", "game": "tb @ nym", "gameIdx": 0, "hr/park": "", "pa": "1", "dt": "", "img": "https://www.mlbstatic.com/team-logos/139.svg", "team": "tb", "start": "", "in": "1", "result": "Double", "evo": "102.5", "la": "14", "dist": "246"}], "wsh @ mia": [{"player": "ildemaro vargas", "game": "wsh @ mia", "gameIdx": 0, "hr/park": "", "pa": "72", "dt": "", "img": "https://www.mlbstatic.com/team-logos/120.svg", "team": "wsh", "start": "", "in": "9", "result": "Groundout", "evo": "91.6", "la": "", "dist": "38"}, {"player": "cj abrams", "game": "wsh @ mia", "gameIdx": 0, "hr/park": "", "pa": "71", "dt": "", "img": "https://www.mlbstatic.com/team-logos/120.svg", "team": "wsh", "start": "", "in": "9", "result": "Groundout", "evo": "51.3", "la": "-55", "dist": "3"}, {"player": "jake alu", "game": "wsh @ mia", "gameIdx": 0, "hr/park": "", "pa": "70", "dt": "", "img": "https://www.mlbstatic.com/team-logos/120.svg", "team": "wsh", "start": "", "in": "9", "result": "Groundout", "evo": "70.4", "la": "-46", "dist": "2"}, {"player": "dominic smith", "game": "wsh @ mia", "gameIdx": 0, "hr/park": "", "pa": "69", "dt": "", "img": "https://www.mlbstatic.com/team-logos/120.svg", "team": "wsh", "start": "", "in": "9", "result": "Walk", "evo": "", "la": "", "dist": ""}, {"player": "garrett hampson", "game": "wsh @ mia", "gameIdx": 0, "hr/park": "0/30", "pa": "68", "dt": "", "img": "https://www.mlbstatic.com/team-logos/146.svg", "team": "mia", "start": "", "in": "8", "result": "Flyout", "evo": "89.6", "la": "28", "dist": "337"}, {"player": "nick fortes", "game": "wsh @ mia", "gameIdx": 0, "hr/park": "", "pa": "67", "dt": "", "img": "https://www.mlbstatic.com/team-logos/146.svg", "team": "mia", "start": "", "in": "8", "result": "Single", "evo": "101.3", "la": "12", "dist": "253"}, {"player": "peyton burdick", "game": "wsh @ mia", "gameIdx": 0, "hr/park": "", "pa": "66", "dt": "", "img": "https://www.mlbstatic.com/team-logos/146.svg", "team": "mia", "start": "", "in": "8", "result": "Single", "evo": "107.9", "la": "4", "dist": "115"}, {"player": "joey wendle", "game": "wsh @ mia", "gameIdx": 0, "hr/park": "", "pa": "65", "dt": "", "img": "https://www.mlbstatic.com/team-logos/146.svg", "team": "mia", "start": "", "in": "8", "result": "Strikeout", "evo": "", "la": "", "dist": ""}, {"player": "bryan de la cruz", "game": "wsh @ mia", "gameIdx": 0, "hr/park": "", "pa": "64", "dt": "", "img": "https://www.mlbstatic.com/team-logos/146.svg", "team": "mia", "start": "", "in": "8", "result": "Field Error", "evo": "93.7", "la": "-14", "dist": "13"}, {"player": "jorge soler", "game": "wsh @ mia", "gameIdx": 0, "hr/park": "", "pa": "63", "dt": "", "img": "https://www.mlbstatic.com/team-logos/146.svg", "team": "mia", "start": "", "in": "8", "result": "Flyout", "evo": "95.3", "la": "55", "dist": "226"}, {"player": "keibert ruiz", "game": "wsh @ mia", "gameIdx": 0, "hr/park": "", "pa": "62", "dt": "", "img": "https://www.mlbstatic.com/team-logos/120.svg", "team": "wsh", "start": "", "in": "8", "result": "GIDP", "evo": "71.6", "la": "-4", "dist": "23"}, {"player": "corey dickerson", "game": "wsh @ mia", "gameIdx": 0, "hr/park": "", "pa": "61", "dt": "", "img": "https://www.mlbstatic.com/team-logos/120.svg", "team": "wsh", "start": "", "in": "8", "result": "Single", "evo": "52.3", "la": "-43", "dist": "5"}, {"player": "jeimer candelario", "game": "wsh @ mia", "gameIdx": 0, "hr/park": "", "pa": "60", "dt": "", "img": "https://www.mlbstatic.com/team-logos/120.svg", "team": "wsh", "start": "", "in": "8", "result": "Double", "evo": "104.6", "la": "9", "dist": "173"}, {"player": "lane thomas", "game": "wsh @ mia", "gameIdx": 0, "hr/park": "", "pa": "59", "dt": "", "img": "https://www.mlbstatic.com/team-logos/120.svg", "team": "wsh", "start": "", "in": "8", "result": "Single", "evo": "96.3", "la": "15", "dist": "265"}, {"player": "luis garcia", "game": "wsh @ mia", "gameIdx": 0, "hr/park": "", "pa": "58", "dt": "", "img": "https://www.mlbstatic.com/team-logos/120.svg", "team": "wsh", "start": "", "in": "8", "result": "Single", "evo": "83.3", "la": "16", "dist": "233"}, {"player": "alex call", "game": "wsh @ mia", "gameIdx": 0, "hr/park": "", "pa": "57", "dt": "", "img": "https://www.mlbstatic.com/team-logos/120.svg", "team": "wsh", "start": "", "in": "8", "result": "Pop Out", "evo": "81.1", "la": "63", "dist": "165"}, {"player": "luis arraez", "game": "wsh @ mia", "gameIdx": 0, "hr/park": "", "pa": "56", "dt": "", "img": "https://www.mlbstatic.com/team-logos/146.svg", "team": "mia", "start": "", "in": "7", "result": "Groundout", "evo": "95.5", "la": "3", "dist": "73"}, {"player": "garrett cooper", "game": "wsh @ mia", "gameIdx": 0, "hr/park": "", "pa": "55", "dt": "", "img": "https://www.mlbstatic.com/team-logos/146.svg", "team": "mia", "start": "", "in": "7", "result": "Single", "evo": "74.6", "la": "24", "dist": "244"}, {"player": "jean segura", "game": "wsh @ mia", "gameIdx": 0, "hr/park": "", "pa": "54", "dt": "", "img": "https://www.mlbstatic.com/team-logos/146.svg", "team": "mia", "start": "", "in": "7", "result": "Groundout", "evo": "72.7", "la": "-21", "dist": "7"}, {"player": "xavier edwards", "game": "wsh @ mia", "gameIdx": 0, "hr/park": "", "pa": "53", "dt": "", "img": "https://www.mlbstatic.com/team-logos/146.svg", "team": "mia", "start": "", "in": "7", "result": "Groundout", "evo": "64.6", "la": "-44", "dist": "4"}, {"player": "nick fortes", "game": "wsh @ mia", "gameIdx": 0, "hr/park": "", "pa": "52", "dt": "", "img": "https://www.mlbstatic.com/team-logos/146.svg", "team": "mia", "start": "", "in": "7", "result": "Single", "evo": "107.0", "la": "7", "dist": "155"}, {"player": "cj abrams", "game": "wsh @ mia", "gameIdx": 0, "hr/park": "", "pa": "51", "dt": "", "img": "https://www.mlbstatic.com/team-logos/120.svg", "team": "wsh", "start": "", "in": "7", "result": "Strikeout", "evo": "", "la": "", "dist": ""}, {"player": "jake alu", "game": "wsh @ mia", "gameIdx": 0, "hr/park": "", "pa": "50", "dt": "", "img": "https://www.mlbstatic.com/team-logos/120.svg", "team": "wsh", "start": "", "in": "7", "result": "Single", "evo": "100.5", "la": "11", "dist": "270"}, {"player": "dominic smith", "game": "wsh @ mia", "gameIdx": 0, "hr/park": "", "pa": "49", "dt": "", "img": "https://www.mlbstatic.com/team-logos/120.svg", "team": "wsh", "start": "", "in": "7", "result": "Groundout", "evo": "88.8", "la": "-15", "dist": "8"}, {"player": "keibert ruiz", "game": "wsh @ mia", "gameIdx": 0, "hr/park": "0/30", "pa": "48", "dt": "", "img": "https://www.mlbstatic.com/team-logos/120.svg", "team": "wsh", "start": "", "in": "7", "result": "Lineout", "evo": "100.8", "la": "16", "dist": "303"}, {"player": "peyton burdick", "game": "wsh @ mia", "gameIdx": 0, "hr/park": "", "pa": "47", "dt": "", "img": "https://www.mlbstatic.com/team-logos/146.svg", "team": "mia", "start": "", "in": "6", "result": "Strikeout", "evo": "", "la": "", "dist": ""}, {"player": "joey wendle", "game": "wsh @ mia", "gameIdx": 0, "hr/park": "", "pa": "46", "dt": "", "img": "https://www.mlbstatic.com/team-logos/146.svg", "team": "mia", "start": "", "in": "6", "result": "Groundout", "evo": "69.2", "la": "-20", "dist": "5"}, {"player": "bryan de la cruz", "game": "wsh @ mia", "gameIdx": 0, "hr/park": "", "pa": "45", "dt": "", "img": "https://www.mlbstatic.com/team-logos/146.svg", "team": "mia", "start": "", "in": "6", "result": "Groundout", "evo": "89.3", "la": "-31", "dist": "5"}, {"player": "corey dickerson", "game": "wsh @ mia", "gameIdx": 0, "hr/park": "", "pa": "44", "dt": "", "img": "https://www.mlbstatic.com/team-logos/120.svg", "team": "wsh", "start": "", "in": "6", "result": "Groundout", "evo": "99.2", "la": "-6", "dist": "16"}, {"player": "jeimer candelario", "game": "wsh @ mia", "gameIdx": 0, "hr/park": "", "pa": "43", "dt": "", "img": "https://www.mlbstatic.com/team-logos/120.svg", "team": "wsh", "start": "", "in": "6", "result": "Flyout", "evo": "77.5", "la": "32", "dist": "259"}, {"player": "lane thomas", "game": "wsh @ mia", "gameIdx": 0, "hr/park": "", "pa": "42", "dt": "", "img": "https://www.mlbstatic.com/team-logos/120.svg", "team": "wsh", "start": "", "in": "6", "result": "Groundout", "evo": "107.5", "la": "3", "dist": "74"}, {"player": "jorge soler", "game": "wsh @ mia", "gameIdx": 0, "hr/park": "", "pa": "41", "dt": "", "img": "https://www.mlbstatic.com/team-logos/146.svg", "team": "mia", "start": "", "in": "5", "result": "Strikeout", "evo": "", "la": "", "dist": ""}, {"player": "luis arraez", "game": "wsh @ mia", "gameIdx": 0, "hr/park": "", "pa": "40", "dt": "", "img": "https://www.mlbstatic.com/team-logos/146.svg", "team": "mia", "start": "", "in": "5", "result": "Groundout", "evo": "79.6", "la": "-10", "dist": "15"}, {"player": "garrett cooper", "game": "wsh @ mia", "gameIdx": 0, "hr/park": "", "pa": "39", "dt": "", "img": "https://www.mlbstatic.com/team-logos/146.svg", "team": "mia", "start": "", "in": "5", "result": "Pop Out", "evo": "91.0", "la": "75", "dist": "73"}, {"player": "luis garcia", "game": "wsh @ mia", "gameIdx": 0, "hr/park": "", "pa": "38", "dt": "", "img": "https://www.mlbstatic.com/team-logos/120.svg", "team": "wsh", "start": "", "in": "5", "result": "Strikeout", "evo": "", "la": "", "dist": ""}, {"player": "alex call", "game": "wsh @ mia", "gameIdx": 0, "hr/park": "", "pa": "37", "dt": "", "img": "https://www.mlbstatic.com/team-logos/120.svg", "team": "wsh", "start": "", "in": "5", "result": "Groundout", "evo": "71.3", "la": "3", "dist": "55"}, {"player": "cj abrams", "game": "wsh @ mia", "gameIdx": 0, "hr/park": "", "pa": "36", "dt": "", "img": "https://www.mlbstatic.com/team-logos/120.svg", "team": "wsh", "start": "", "in": "5", "result": "Lineout", "evo": "80.8", "la": "26", "dist": "293"}, {"player": "jean segura", "game": "wsh @ mia", "gameIdx": 0, "hr/park": "", "pa": "35", "dt": "", "img": "https://www.mlbstatic.com/team-logos/146.svg", "team": "mia", "start": "", "in": "4", "result": "Pop Out", "evo": "78.3", "la": "65", "dist": "141"}, {"player": "xavier edwards", "game": "wsh @ mia", "gameIdx": 0, "hr/park": "", "pa": "34", "dt": "", "img": "https://www.mlbstatic.com/team-logos/146.svg", "team": "mia", "start": "", "in": "4", "result": "Single", "evo": "94.3", "la": "5", "dist": "91"}, {"player": "nick fortes", "game": "wsh @ mia", "gameIdx": 0, "hr/park": "0/30", "pa": "33", "dt": "", "img": "https://www.mlbstatic.com/team-logos/146.svg", "team": "mia", "start": "", "in": "4", "result": "Flyout", "evo": "91.1", "la": "28", "dist": "349"}, {"player": "peyton burdick", "game": "wsh @ mia", "gameIdx": 0, "hr/park": "", "pa": "32", "dt": "", "img": "https://www.mlbstatic.com/team-logos/146.svg", "team": "mia", "start": "", "in": "4", "result": "Hit By Pitch", "evo": "", "la": "", "dist": ""}, {"player": "joey wendle", "game": "wsh @ mia", "gameIdx": 0, "hr/park": "", "pa": "31", "dt": "", "img": "https://www.mlbstatic.com/team-logos/146.svg", "team": "mia", "start": "", "in": "4", "result": "Single", "evo": "98.8", "la": "-13", "dist": "11"}, {"player": "bryan de la cruz", "game": "wsh @ mia", "gameIdx": 0, "hr/park": "", "pa": "30", "dt": "", "img": "https://www.mlbstatic.com/team-logos/146.svg", "team": "mia", "start": "", "in": "4", "result": "Lineout", "evo": "85.2", "la": "13", "dist": "187"}, {"player": "jake alu", "game": "wsh @ mia", "gameIdx": 0, "hr/park": "", "pa": "29", "dt": "", "img": "https://www.mlbstatic.com/team-logos/120.svg", "team": "wsh", "start": "", "in": "4", "result": "Groundout", "evo": "73.0", "la": "-13", "dist": "11"}, {"player": "dominic smith", "game": "wsh @ mia", "gameIdx": 0, "hr/park": "", "pa": "28", "dt": "", "img": "https://www.mlbstatic.com/team-logos/120.svg", "team": "wsh", "start": "", "in": "4", "result": "Double", "evo": "91.3", "la": "14", "dist": "268"}, {"player": "keibert ruiz", "game": "wsh @ mia", "gameIdx": 0, "hr/park": "", "pa": "27", "dt": "", "img": "https://www.mlbstatic.com/team-logos/120.svg", "team": "wsh", "start": "", "in": "4", "result": "Lineout", "evo": "100.2", "la": "9", "dist": "155"}, {"player": "corey dickerson", "game": "wsh @ mia", "gameIdx": 0, "hr/park": "", "pa": "26", "dt": "", "img": "https://www.mlbstatic.com/team-logos/120.svg", "team": "wsh", "start": "", "in": "4", "result": "Pop Out", "evo": "91.5", "la": "66", "dist": "149"}, {"player": "jeimer candelario", "game": "wsh @ mia", "gameIdx": 0, "hr/park": "30/30", "pa": "25", "dt": "", "img": "https://www.mlbstatic.com/team-logos/120.svg", "team": "wsh", "start": "", "in": "4", "result": "Home Run", "evo": "107.6", "la": "28", "dist": "443"}, {"player": "jorge soler", "game": "wsh @ mia", "gameIdx": 0, "hr/park": "", "pa": "24", "dt": "", "img": "https://www.mlbstatic.com/team-logos/146.svg", "team": "mia", "start": "", "in": "3", "result": "Strikeout", "evo": "", "la": "", "dist": ""}, {"player": "luis arraez", "game": "wsh @ mia", "gameIdx": 0, "hr/park": "", "pa": "23", "dt": "", "img": "https://www.mlbstatic.com/team-logos/146.svg", "team": "mia", "start": "", "in": "3", "result": "Flyout", "evo": "84.4", "la": "50", "dist": "245"}, {"player": "garrett cooper", "game": "wsh @ mia", "gameIdx": 0, "hr/park": "", "pa": "22", "dt": "", "img": "https://www.mlbstatic.com/team-logos/146.svg", "team": "mia", "start": "", "in": "3", "result": "Walk", "evo": "", "la": "", "dist": ""}, {"player": "jean segura", "game": "wsh @ mia", "gameIdx": 0, "hr/park": "", "pa": "21", "dt": "", "img": "https://www.mlbstatic.com/team-logos/146.svg", "team": "mia", "start": "", "in": "3", "result": "Single", "evo": "68.5", "la": "20", "dist": "182"}, {"player": "xavier edwards", "game": "wsh @ mia", "gameIdx": 0, "hr/park": "", "pa": "20", "dt": "", "img": "https://www.mlbstatic.com/team-logos/146.svg", "team": "mia", "start": "", "in": "3", "result": "Double", "evo": "52.7", "la": "-21", "dist": "6"}, {"player": "nick fortes", "game": "wsh @ mia", "gameIdx": 0, "hr/park": "0/30", "pa": "19", "dt": "", "img": "https://www.mlbstatic.com/team-logos/146.svg", "team": "mia", "start": "", "in": "3", "result": "Lineout", "evo": "102.5", "la": "16", "dist": "318"}, {"player": "lane thomas", "game": "wsh @ mia", "gameIdx": 0, "hr/park": "", "pa": "18", "dt": "", "img": "https://www.mlbstatic.com/team-logos/120.svg", "team": "wsh", "start": "", "in": "3", "result": "Strikeout", "evo": "", "la": "", "dist": ""}, {"player": "luis garcia", "game": "wsh @ mia", "gameIdx": 0, "hr/park": "0/30", "pa": "17", "dt": "", "img": "https://www.mlbstatic.com/team-logos/120.svg", "team": "wsh", "start": "", "in": "3", "result": "Flyout", "evo": "98.5", "la": "31", "dist": "357"}, {"player": "alex call", "game": "wsh @ mia", "gameIdx": 0, "hr/park": "", "pa": "16", "dt": "", "img": "https://www.mlbstatic.com/team-logos/120.svg", "team": "wsh", "start": "", "in": "3", "result": "Strikeout", "evo": "", "la": "", "dist": ""}, {"player": "peyton burdick", "game": "wsh @ mia", "gameIdx": 0, "hr/park": "", "pa": "15", "dt": "", "img": "https://www.mlbstatic.com/team-logos/146.svg", "team": "mia", "start": "", "in": "2", "result": "Strikeout", "evo": "", "la": "", "dist": ""}, {"player": "joey wendle", "game": "wsh @ mia", "gameIdx": 0, "hr/park": "", "pa": "14", "dt": "", "img": "https://www.mlbstatic.com/team-logos/146.svg", "team": "mia", "start": "", "in": "2", "result": "Groundout", "evo": "100.0", "la": "9", "dist": "146"}, {"player": "bryan de la cruz", "game": "wsh @ mia", "gameIdx": 0, "hr/park": "9/30", "pa": "13", "dt": "", "img": "https://www.mlbstatic.com/team-logos/146.svg", "team": "mia", "start": "", "in": "2", "result": "Home Run", "evo": "102.4", "la": "24", "dist": "402"}, {"player": "jorge soler", "game": "wsh @ mia", "gameIdx": 0, "hr/park": "", "pa": "12", "dt": "", "img": "https://www.mlbstatic.com/team-logos/146.svg", "team": "mia", "start": "", "in": "2", "result": "Strikeout", "evo": "", "la": "", "dist": ""}, {"player": "cj abrams", "game": "wsh @ mia", "gameIdx": 0, "hr/park": "", "pa": "11", "dt": "", "img": "https://www.mlbstatic.com/team-logos/120.svg", "team": "wsh", "start": "", "in": "2", "result": "Strikeout", "evo": "", "la": "", "dist": ""}, {"player": "jake alu", "game": "wsh @ mia", "gameIdx": 0, "hr/park": "", "pa": "10", "dt": "", "img": "https://www.mlbstatic.com/team-logos/120.svg", "team": "wsh", "start": "", "in": "2", "result": "Single", "evo": "70.5", "la": "26", "dist": "234"}, {"player": "dominic smith", "game": "wsh @ mia", "gameIdx": 0, "hr/park": "", "pa": "9", "dt": "", "img": "https://www.mlbstatic.com/team-logos/120.svg", "team": "wsh", "start": "", "in": "2", "result": "Forceout", "evo": "56.2", "la": "-25", "dist": "7"}, {"player": "keibert ruiz", "game": "wsh @ mia", "gameIdx": 0, "hr/park": "", "pa": "8", "dt": "", "img": "https://www.mlbstatic.com/team-logos/120.svg", "team": "wsh", "start": "", "in": "2", "result": "Walk", "evo": "", "la": "", "dist": ""}, {"player": "corey dickerson", "game": "wsh @ mia", "gameIdx": 0, "hr/park": "", "pa": "7", "dt": "", "img": "https://www.mlbstatic.com/team-logos/120.svg", "team": "wsh", "start": "", "in": "2", "result": "Strikeout", "evo": "", "la": "", "dist": ""}, {"player": "luis arraez", "game": "wsh @ mia", "gameIdx": 0, "hr/park": "0/30", "pa": "6", "dt": "", "img": "https://www.mlbstatic.com/team-logos/146.svg", "team": "mia", "start": "", "in": "1", "result": "Lineout", "evo": "88.8", "la": "22", "dist": "315"}, {"player": "garrett cooper", "game": "wsh @ mia", "gameIdx": 0, "hr/park": "", "pa": "5", "dt": "", "img": "https://www.mlbstatic.com/team-logos/146.svg", "team": "mia", "start": "", "in": "1", "result": "Lineout", "evo": "85.1", "la": "26", "dist": "297"}, {"player": "jean segura", "game": "wsh @ mia", "gameIdx": 0, "hr/park": "", "pa": "4", "dt": "", "img": "https://www.mlbstatic.com/team-logos/146.svg", "team": "mia", "start": "", "in": "1", "result": "Groundout", "evo": "93.0", "la": "-19", "dist": "5"}, {"player": "jeimer candelario", "game": "wsh @ mia", "gameIdx": 0, "hr/park": "", "pa": "3", "dt": "", "img": "https://www.mlbstatic.com/team-logos/120.svg", "team": "wsh", "start": "", "in": "1", "result": "Strikeout", "evo": "", "la": "", "dist": ""}, {"player": "lane thomas", "game": "wsh @ mia", "gameIdx": 0, "hr/park": "", "pa": "2", "dt": "", "img": "https://www.mlbstatic.com/team-logos/120.svg", "team": "wsh", "start": "", "in": "1", "result": "Pop Out", "evo": "91.1", "la": "64", "dist": "165"}, {"player": "luis garcia", "game": "wsh @ mia", "gameIdx": 0, "hr/park": "", "pa": "1", "dt": "", "img": "https://www.mlbstatic.com/team-logos/120.svg", "team": "wsh", "start": "", "in": "1", "result": "Groundout", "evo": "73.9", "la": "-32", "dist": "4"}], "cle @ chw": [{"player": "seby zavala", "game": "cle @ chw", "gameIdx": 0, "hr/park": "", "pa": "71", "dt": "", "img": "https://www.mlbstatic.com/team-logos/145.svg", "team": "chw", "start": "", "in": "9", "result": "Strikeout", "evo": "", "la": "", "dist": ""}, {"player": "yoan moncada", "game": "cle @ chw", "gameIdx": 0, "hr/park": "", "pa": "70", "dt": "", "img": "https://www.mlbstatic.com/team-logos/145.svg", "team": "chw", "start": "", "in": "9", "result": "Single", "evo": "87.7", "la": "18", "dist": "264"}, {"player": "andrew benintendi", "game": "cle @ chw", "gameIdx": 0, "hr/park": "0/30", "pa": "69", "dt": "", "img": "https://www.mlbstatic.com/team-logos/145.svg", "team": "chw", "start": "", "in": "9", "result": "Flyout", "evo": "98.2", "la": "26", "dist": "346"}, {"player": "yasmani grandal", "game": "cle @ chw", "gameIdx": 0, "hr/park": "", "pa": "68", "dt": "", "img": "https://www.mlbstatic.com/team-logos/145.svg", "team": "chw", "start": "", "in": "9", "result": "Groundout", "evo": "93.9", "la": "4", "dist": "104"}, {"player": "cam gallagher", "game": "cle @ chw", "gameIdx": 0, "hr/park": "", "pa": "67", "dt": "", "img": "https://www.mlbstatic.com/team-logos/114.svg", "team": "cle", "start": "", "in": "9", "result": "Flyout", "evo": "90.0", "la": "46", "dist": "261"}, {"player": "brayan rocchio", "game": "cle @ chw", "gameIdx": 0, "hr/park": "0/30", "pa": "66", "dt": "", "img": "https://www.mlbstatic.com/team-logos/114.svg", "team": "cle", "start": "", "in": "9", "result": "Flyout", "evo": "94.7", "la": "33", "dist": "321"}, {"player": "gabriel arias", "game": "cle @ chw", "gameIdx": 0, "hr/park": "", "pa": "65", "dt": "", "img": "https://www.mlbstatic.com/team-logos/114.svg", "team": "cle", "start": "", "in": "9", "result": "Flyout", "evo": "88.0", "la": "42", "dist": "286"}, {"player": "jake burger", "game": "cle @ chw", "gameIdx": 0, "hr/park": "", "pa": "64", "dt": "", "img": "https://www.mlbstatic.com/team-logos/145.svg", "team": "chw", "start": "", "in": "8", "result": "Strikeout", "evo": "", "la": "", "dist": ""}, {"player": "luis robert", "game": "cle @ chw", "gameIdx": 0, "hr/park": "", "pa": "63", "dt": "", "img": "https://www.mlbstatic.com/team-logos/145.svg", "team": "chw", "start": "", "in": "8", "result": "Pop Out", "evo": "62.7", "la": "78", "dist": "44"}, {"player": "andrew vaughn", "game": "cle @ chw", "gameIdx": 0, "hr/park": "", "pa": "62", "dt": "", "img": "https://www.mlbstatic.com/team-logos/145.svg", "team": "chw", "start": "", "in": "8", "result": "Groundout", "evo": "86.5", "la": "-23", "dist": "9"}, {"player": "will brennan", "game": "cle @ chw", "gameIdx": 0, "hr/park": "", "pa": "61", "dt": "", "img": "https://www.mlbstatic.com/team-logos/114.svg", "team": "cle", "start": "", "in": "8", "result": "Pop Out", "evo": "70.5", "la": "66", "dist": "108"}, {"player": "josh bell", "game": "cle @ chw", "gameIdx": 0, "hr/park": "3/30", "pa": "60", "dt": "", "img": "https://www.mlbstatic.com/team-logos/114.svg", "team": "cle", "start": "", "in": "8", "result": "Flyout", "evo": "99.5", "la": "31", "dist": "372"}, {"player": "andres gimenez", "game": "cle @ chw", "gameIdx": 0, "hr/park": "", "pa": "59", "dt": "", "img": "https://www.mlbstatic.com/team-logos/114.svg", "team": "cle", "start": "", "in": "8", "result": "Single", "evo": "92.6", "la": "-27", "dist": "6"}, {"player": "amed rosario", "game": "cle @ chw", "gameIdx": 0, "hr/park": "", "pa": "58", "dt": "", "img": "https://www.mlbstatic.com/team-logos/114.svg", "team": "cle", "start": "", "in": "8", "result": "Groundout", "evo": "73.8", "la": "-3", "dist": "25"}, {"player": "tim anderson", "game": "cle @ chw", "gameIdx": 0, "hr/park": "", "pa": "57", "dt": "", "img": "https://www.mlbstatic.com/team-logos/145.svg", "team": "chw", "start": "", "in": "7", "result": "Groundout", "evo": "74.9", "la": "4", "dist": "55"}, {"player": "gavin sheets", "game": "cle @ chw", "gameIdx": 0, "hr/park": "", "pa": "56", "dt": "", "img": "https://www.mlbstatic.com/team-logos/145.svg", "team": "chw", "start": "", "in": "7", "result": "Groundout", "evo": "73.6", "la": "-24", "dist": "5"}, {"player": "seby zavala", "game": "cle @ chw", "gameIdx": 0, "hr/park": "", "pa": "55", "dt": "", "img": "https://www.mlbstatic.com/team-logos/145.svg", "team": "chw", "start": "", "in": "7", "result": "Strikeout", "evo": "", "la": "", "dist": ""}, {"player": "steven kwan", "game": "cle @ chw", "gameIdx": 0, "hr/park": "", "pa": "54", "dt": "", "img": "https://www.mlbstatic.com/team-logos/114.svg", "team": "cle", "start": "", "in": "7", "result": "Groundout", "evo": "97.6", "la": "-5", "dist": "13"}, {"player": "myles straw", "game": "cle @ chw", "gameIdx": 0, "hr/park": "", "pa": "53", "dt": "", "img": "https://www.mlbstatic.com/team-logos/114.svg", "team": "cle", "start": "", "in": "7", "result": "Forceout", "evo": "79.3", "la": "-26", "dist": "5"}, {"player": "cam gallagher", "game": "cle @ chw", "gameIdx": 0, "hr/park": "", "pa": "52", "dt": "", "img": "https://www.mlbstatic.com/team-logos/114.svg", "team": "cle", "start": "", "in": "7", "result": "Single", "evo": "97.6", "la": "-2", "dist": "39"}, {"player": "brayan rocchio", "game": "cle @ chw", "gameIdx": 0, "hr/park": "", "pa": "51", "dt": "", "img": "https://www.mlbstatic.com/team-logos/114.svg", "team": "cle", "start": "", "in": "7", "result": "Field Error", "evo": "76.5", "la": "-36", "dist": "5"}, {"player": "gabriel arias", "game": "cle @ chw", "gameIdx": 0, "hr/park": "0/30", "pa": "50", "dt": "", "img": "https://www.mlbstatic.com/team-logos/114.svg", "team": "cle", "start": "", "in": "7", "result": "Double", "evo": "108.4", "la": "14", "dist": "325"}, {"player": "will brennan", "game": "cle @ chw", "gameIdx": 0, "hr/park": "", "pa": "49", "dt": "", "img": "https://www.mlbstatic.com/team-logos/114.svg", "team": "cle", "start": "", "in": "7", "result": "Single", "evo": "106.9", "la": "8", "dist": "152"}, {"player": "josh bell", "game": "cle @ chw", "gameIdx": 0, "hr/park": "", "pa": "48", "dt": "", "img": "https://www.mlbstatic.com/team-logos/114.svg", "team": "cle", "start": "", "in": "7", "result": "Flyout", "evo": "77.8", "la": "40", "dist": "248"}, {"player": "hanser alberto", "game": "cle @ chw", "gameIdx": 0, "hr/park": "", "pa": "47", "dt": "", "img": "https://www.mlbstatic.com/team-logos/145.svg", "team": "chw", "start": "", "in": "6", "result": "Lineout", "evo": "93.7", "la": "6", "dist": "110"}, {"player": "andrew benintendi", "game": "cle @ chw", "gameIdx": 0, "hr/park": "", "pa": "46", "dt": "", "img": "https://www.mlbstatic.com/team-logos/145.svg", "team": "chw", "start": "", "in": "6", "result": "Strikeout", "evo": "", "la": "", "dist": ""}, {"player": "yasmani grandal", "game": "cle @ chw", "gameIdx": 0, "hr/park": "0/30", "pa": "45", "dt": "", "img": "https://www.mlbstatic.com/team-logos/145.svg", "team": "chw", "start": "", "in": "6", "result": "Flyout", "evo": "97.2", "la": "39", "dist": "339"}, {"player": "andres gimenez", "game": "cle @ chw", "gameIdx": 0, "hr/park": "", "pa": "44", "dt": "", "img": "https://www.mlbstatic.com/team-logos/114.svg", "team": "cle", "start": "", "in": "6", "result": "Flyout", "evo": "82.5", "la": "36", "dist": "296"}, {"player": "amed rosario", "game": "cle @ chw", "gameIdx": 0, "hr/park": "0/30", "pa": "43", "dt": "", "img": "https://www.mlbstatic.com/team-logos/114.svg", "team": "cle", "start": "", "in": "6", "result": "Flyout", "evo": "98.7", "la": "38", "dist": "341"}, {"player": "steven kwan", "game": "cle @ chw", "gameIdx": 0, "hr/park": "", "pa": "42", "dt": "", "img": "https://www.mlbstatic.com/team-logos/114.svg", "team": "cle", "start": "", "in": "6", "result": "Forceout", "evo": "99.6", "la": "-3", "dist": "29"}, {"player": "myles straw", "game": "cle @ chw", "gameIdx": 0, "hr/park": "", "pa": "41", "dt": "", "img": "https://www.mlbstatic.com/team-logos/114.svg", "team": "cle", "start": "", "in": "6", "result": "Walk", "evo": "", "la": "", "dist": ""}, {"player": "yasmani grandal", "game": "cle @ chw", "gameIdx": 0, "hr/park": "", "pa": "40", "dt": "", "img": "https://www.mlbstatic.com/team-logos/145.svg", "team": "chw", "start": "", "in": "5", "result": "Caught Stealing 2B", "evo": "", "la": "", "dist": ""}, {"player": "jake burger", "game": "cle @ chw", "gameIdx": 0, "hr/park": "", "pa": "39", "dt": "", "img": "https://www.mlbstatic.com/team-logos/145.svg", "team": "chw", "start": "", "in": "5", "result": "Forceout", "evo": "98.4", "la": "4", "dist": "78"}, {"player": "luis robert", "game": "cle @ chw", "gameIdx": 0, "hr/park": "", "pa": "38", "dt": "", "img": "https://www.mlbstatic.com/team-logos/145.svg", "team": "chw", "start": "", "in": "5", "result": "Single", "evo": "82.3", "la": "6", "dist": "83"}, {"player": "andrew vaughn", "game": "cle @ chw", "gameIdx": 0, "hr/park": "", "pa": "37", "dt": "", "img": "https://www.mlbstatic.com/team-logos/145.svg", "team": "chw", "start": "", "in": "5", "result": "Groundout", "evo": "105.2", "la": "-16", "dist": "7"}, {"player": "cam gallagher", "game": "cle @ chw", "gameIdx": 0, "hr/park": "", "pa": "36", "dt": "", "img": "https://www.mlbstatic.com/team-logos/114.svg", "team": "cle", "start": "", "in": "5", "result": "Strikeout", "evo": "", "la": "", "dist": ""}, {"player": "brayan rocchio", "game": "cle @ chw", "gameIdx": 0, "hr/park": "", "pa": "35", "dt": "", "img": "https://www.mlbstatic.com/team-logos/114.svg", "team": "cle", "start": "", "in": "5", "result": "Single", "evo": "94.8", "la": "8", "dist": "159"}, {"player": "gabriel arias", "game": "cle @ chw", "gameIdx": 0, "hr/park": "29/30", "pa": "34", "dt": "", "img": "https://www.mlbstatic.com/team-logos/114.svg", "team": "cle", "start": "", "in": "5", "result": "Home Run", "evo": "109.0", "la": "24", "dist": "406"}, {"player": "will brennan", "game": "cle @ chw", "gameIdx": 0, "hr/park": "0/30", "pa": "33", "dt": "", "img": "https://www.mlbstatic.com/team-logos/114.svg", "team": "cle", "start": "", "in": "5", "result": "Lineout", "evo": "94.7", "la": "16", "dist": "321"}, {"player": "josh bell", "game": "cle @ chw", "gameIdx": 0, "hr/park": "", "pa": "32", "dt": "", "img": "https://www.mlbstatic.com/team-logos/114.svg", "team": "cle", "start": "", "in": "5", "result": "Strikeout", "evo": "", "la": "", "dist": ""}, {"player": "tim anderson", "game": "cle @ chw", "gameIdx": 0, "hr/park": "", "pa": "31", "dt": "", "img": "https://www.mlbstatic.com/team-logos/145.svg", "team": "chw", "start": "", "in": "4", "result": "Forceout", "evo": "94.8", "la": "4", "dist": "75"}, {"player": "jake marisnick", "game": "cle @ chw", "gameIdx": 0, "hr/park": "", "pa": "30", "dt": "", "img": "https://www.mlbstatic.com/team-logos/145.svg", "team": "chw", "start": "", "in": "4", "result": "Field Error", "evo": "82.5", "la": "-7", "dist": "25"}, {"player": "seby zavala", "game": "cle @ chw", "gameIdx": 0, "hr/park": "", "pa": "29", "dt": "", "img": "https://www.mlbstatic.com/team-logos/145.svg", "team": "chw", "start": "", "in": "4", "result": "Single", "evo": "85.0", "la": "15", "dist": "190"}, {"player": "hanser alberto", "game": "cle @ chw", "gameIdx": 0, "hr/park": "", "pa": "28", "dt": "", "img": "https://www.mlbstatic.com/team-logos/145.svg", "team": "chw", "start": "", "in": "4", "result": "Bunt Groundout", "evo": "39.9", "la": "-72", "dist": "4"}, {"player": "andrew benintendi", "game": "cle @ chw", "gameIdx": 0, "hr/park": "", "pa": "27", "dt": "", "img": "https://www.mlbstatic.com/team-logos/145.svg", "team": "chw", "start": "", "in": "4", "result": "Double", "evo": "98.3", "la": "10", "dist": "182"}, {"player": "yasmani grandal", "game": "cle @ chw", "gameIdx": 0, "hr/park": "", "pa": "26", "dt": "", "img": "https://www.mlbstatic.com/team-logos/145.svg", "team": "chw", "start": "", "in": "4", "result": "Strikeout", "evo": "", "la": "", "dist": ""}, {"player": "andres gimenez", "game": "cle @ chw", "gameIdx": 0, "hr/park": "", "pa": "25", "dt": "", "img": "https://www.mlbstatic.com/team-logos/114.svg", "team": "cle", "start": "", "in": "4", "result": "Groundout", "evo": "79.9", "la": "-39", "dist": "3"}, {"player": "amed rosario", "game": "cle @ chw", "gameIdx": 0, "hr/park": "", "pa": "24", "dt": "", "img": "https://www.mlbstatic.com/team-logos/114.svg", "team": "cle", "start": "", "in": "4", "result": "Groundout", "evo": "100.8", "la": "", "dist": "55"}, {"player": "steven kwan", "game": "cle @ chw", "gameIdx": 0, "hr/park": "", "pa": "23", "dt": "", "img": "https://www.mlbstatic.com/team-logos/114.svg", "team": "cle", "start": "", "in": "4", "result": "Groundout", "evo": "95.7", "la": "5", "dist": "79"}, {"player": "jake burger", "game": "cle @ chw", "gameIdx": 0, "hr/park": "", "pa": "22", "dt": "", "img": "https://www.mlbstatic.com/team-logos/145.svg", "team": "chw", "start": "", "in": "3", "result": "Groundout", "evo": "85.0", "la": "-13", "dist": "13"}, {"player": "luis robert", "game": "cle @ chw", "gameIdx": 0, "hr/park": "", "pa": "21", "dt": "", "img": "https://www.mlbstatic.com/team-logos/145.svg", "team": "chw", "start": "", "in": "3", "result": "Double", "evo": "105.8", "la": "7", "dist": "134"}, {"player": "andrew vaughn", "game": "cle @ chw", "gameIdx": 0, "hr/park": "0/30", "pa": "20", "dt": "", "img": "https://www.mlbstatic.com/team-logos/145.svg", "team": "chw", "start": "", "in": "3", "result": "Flyout", "evo": "95.5", "la": "37", "dist": "319"}, {"player": "tim anderson", "game": "cle @ chw", "gameIdx": 0, "hr/park": "", "pa": "19", "dt": "", "img": "https://www.mlbstatic.com/team-logos/145.svg", "team": "chw", "start": "", "in": "3", "result": "Single", "evo": "101.4", "la": "-4", "dist": "25"}, {"player": "myles straw", "game": "cle @ chw", "gameIdx": 0, "hr/park": "", "pa": "18", "dt": "", "img": "https://www.mlbstatic.com/team-logos/114.svg", "team": "cle", "start": "", "in": "3", "result": "Groundout", "evo": "101.5", "la": "-4", "dist": "28"}, {"player": "cam gallagher", "game": "cle @ chw", "gameIdx": 0, "hr/park": "", "pa": "17", "dt": "", "img": "https://www.mlbstatic.com/team-logos/114.svg", "team": "cle", "start": "", "in": "3", "result": "Strikeout", "evo": "", "la": "", "dist": ""}, {"player": "brayan rocchio", "game": "cle @ chw", "gameIdx": 0, "hr/park": "", "pa": "16", "dt": "", "img": "https://www.mlbstatic.com/team-logos/114.svg", "team": "cle", "start": "", "in": "3", "result": "Groundout", "evo": "82.6", "la": "-19", "dist": "7"}, {"player": "jake marisnick", "game": "cle @ chw", "gameIdx": 0, "hr/park": "", "pa": "15", "dt": "", "img": "https://www.mlbstatic.com/team-logos/145.svg", "team": "chw", "start": "", "in": "2", "result": "Strikeout", "evo": "", "la": "", "dist": ""}, {"player": "seby zavala", "game": "cle @ chw", "gameIdx": 0, "hr/park": "", "pa": "14", "dt": "", "img": "https://www.mlbstatic.com/team-logos/145.svg", "team": "chw", "start": "", "in": "2", "result": "Strikeout", "evo": "", "la": "", "dist": ""}, {"player": "hanser alberto", "game": "cle @ chw", "gameIdx": 0, "hr/park": "", "pa": "13", "dt": "", "img": "https://www.mlbstatic.com/team-logos/145.svg", "team": "chw", "start": "", "in": "2", "result": "Pop Out", "evo": "51.8", "la": "59", "dist": "113"}, {"player": "andrew benintendi", "game": "cle @ chw", "gameIdx": 0, "hr/park": "", "pa": "12", "dt": "", "img": "https://www.mlbstatic.com/team-logos/145.svg", "team": "chw", "start": "", "in": "2", "result": "Walk", "evo": "", "la": "", "dist": ""}, {"player": "yasmani grandal", "game": "cle @ chw", "gameIdx": 0, "hr/park": "", "pa": "11", "dt": "", "img": "https://www.mlbstatic.com/team-logos/145.svg", "team": "chw", "start": "", "in": "2", "result": "Single", "evo": "101.3", "la": "9", "dist": "157"}, {"player": "jake burger", "game": "cle @ chw", "gameIdx": 0, "hr/park": "", "pa": "10", "dt": "", "img": "https://www.mlbstatic.com/team-logos/145.svg", "team": "chw", "start": "", "in": "2", "result": "Single", "evo": "114.2", "la": "3", "dist": "73"}, {"player": "gabriel arias", "game": "cle @ chw", "gameIdx": 0, "hr/park": "", "pa": "9", "dt": "", "img": "https://www.mlbstatic.com/team-logos/114.svg", "team": "cle", "start": "", "in": "2", "result": "GIDP", "evo": "97.5", "la": "-3", "dist": "25"}, {"player": "will brennan", "game": "cle @ chw", "gameIdx": 0, "hr/park": "", "pa": "8", "dt": "", "img": "https://www.mlbstatic.com/team-logos/114.svg", "team": "cle", "start": "", "in": "2", "result": "Forceout", "evo": "79.5", "la": "-33", "dist": "4"}, {"player": "josh bell", "game": "cle @ chw", "gameIdx": 0, "hr/park": "", "pa": "7", "dt": "", "img": "https://www.mlbstatic.com/team-logos/114.svg", "team": "cle", "start": "", "in": "2", "result": "Single", "evo": "64.4", "la": "24", "dist": "188"}, {"player": "luis robert", "game": "cle @ chw", "gameIdx": 0, "hr/park": "", "pa": "6", "dt": "", "img": "https://www.mlbstatic.com/team-logos/145.svg", "team": "chw", "start": "", "in": "1", "result": "Strikeout", "evo": "", "la": "", "dist": ""}, {"player": "andrew vaughn", "game": "cle @ chw", "gameIdx": 0, "hr/park": "", "pa": "5", "dt": "", "img": "https://www.mlbstatic.com/team-logos/145.svg", "team": "chw", "start": "", "in": "1", "result": "Groundout", "evo": "86.5", "la": "-16", "dist": "9"}, {"player": "tim anderson", "game": "cle @ chw", "gameIdx": 0, "hr/park": "", "pa": "4", "dt": "", "img": "https://www.mlbstatic.com/team-logos/145.svg", "team": "chw", "start": "", "in": "1", "result": "Lineout", "evo": "49.1", "la": "27", "dist": "112"}, {"player": "andres gimenez", "game": "cle @ chw", "gameIdx": 0, "hr/park": "", "pa": "3", "dt": "", "img": "https://www.mlbstatic.com/team-logos/114.svg", "team": "cle", "start": "", "in": "1", "result": "Groundout", "evo": "73.4", "la": "11", "dist": "124"}, {"player": "amed rosario", "game": "cle @ chw", "gameIdx": 0, "hr/park": "", "pa": "2", "dt": "", "img": "https://www.mlbstatic.com/team-logos/114.svg", "team": "cle", "start": "", "in": "1", "result": "Lineout", "evo": "102.9", "la": "7", "dist": "181"}, {"player": "steven kwan", "game": "cle @ chw", "gameIdx": 0, "hr/park": "", "pa": "1", "dt": "", "img": "https://www.mlbstatic.com/team-logos/114.svg", "team": "cle", "start": "", "in": "1", "result": "Lineout", "evo": "90.1", "la": "11", "dist": "167"}], "nyy @ tor": [], "lad @ stl": []}