{"all": {"pitchers": "7", "batters": "19", "pitches": "267", "max velomax pitch velocity": "97.9", "min velomin pitch velocity": "71.1", "ff%fourseam fastball %": "32.2", "si%sinker %": "19.1", "fc%cutter %": "7.1", "fs%splitter %": "0.0", "ch%changeup %": "8.6", "sl%slider %": "25.1", "cu%curve %": "7.9", "max evmax exit velocity": "113.0", "hhhard hit": "15", "hh%hard hit %": "38.5", "brlbarrels": "5", "brl%barrel %": "12.8", "ab": "57", "avg": ".193", "h": "11", "1b": "6", "2b": "2", "3b": "0", "hr": "3", "so": "20", "bipballs in play": "39", "liveGames": 0, "totGames": 15}, "hou @ nyy": [{"player": "alex bregman", "game": "hou @ nyy", "gameIdx": 0, "hr/park": "", "pa": "65", "dt": "", "img": "https://www.mlbstatic.com/team-logos/117.svg", "team": "hou", "start": "", "in": "9", "result": "Groundout", "evo": "94.6", "la": "-14", "dist": "6"}, {"player": "kyle tucker", "game": "hou @ nyy", "gameIdx": 0, "hr/park": "0/30", "pa": "64", "dt": "", "img": "https://www.mlbstatic.com/team-logos/117.svg", "team": "hou", "start": "", "in": "9", "result": "Flyout", "evo": "96.7", "la": "28", "dist": "363"}, {"player": "jeremy pena", "game": "hou @ nyy", "gameIdx": 0, "hr/park": "", "pa": "63", "dt": "", "img": "https://www.mlbstatic.com/team-logos/117.svg", "team": "hou", "start": "", "in": "9", "result": "Strikeout", "evo": "", "la": "", "dist": ""}, {"player": "harrison bader", "game": "hou @ nyy", "gameIdx": 0, "hr/park": "", "pa": "62", "dt": "", "img": "https://www.mlbstatic.com/team-logos/147.svg", "team": "nyy", "start": "", "in": "8", "result": "GIDP", "evo": "58.7", "la": "-36", "dist": "5"}, {"player": "isiah kiner falefa", "game": "hou @ nyy", "gameIdx": 0, "hr/park": "", "pa": "61", "dt": "", "img": "https://www.mlbstatic.com/team-logos/147.svg", "team": "nyy", "start": "", "in": "8", "result": "Flyout", "evo": "83.5", "la": "37", "dist": "278"}, {"player": "dj lemahieu", "game": "hou @ nyy", "gameIdx": 0, "hr/park": "", "pa": "60", "dt": "", "img": "https://www.mlbstatic.com/team-logos/147.svg", "team": "nyy", "start": "", "in": "8", "result": "Walk", "evo": "", "la": "", "dist": ""}, {"player": "giancarlo stanton", "game": "hou @ nyy", "gameIdx": 0, "hr/park": "", "pa": "59", "dt": "", "img": "https://www.mlbstatic.com/team-logos/147.svg", "team": "nyy", "start": "", "in": "8", "result": "Single", "evo": "111.8", "la": "7", "dist": "152"}, {"player": "gleyber torres", "game": "hou @ nyy", "gameIdx": 0, "hr/park": "15/30", "pa": "58", "dt": "", "img": "https://www.mlbstatic.com/team-logos/147.svg", "team": "nyy", "start": "", "in": "8", "result": "Home Run", "evo": "102.2", "la": "29", "dist": "380"}, {"player": "jose altuve", "game": "hou @ nyy", "gameIdx": 0, "hr/park": "", "pa": "57", "dt": "", "img": "https://www.mlbstatic.com/team-logos/117.svg", "team": "hou", "start": "", "in": "8", "result": "Strikeout", "evo": "", "la": "", "dist": ""}, {"player": "martin maldonado", "game": "hou @ nyy", "gameIdx": 0, "hr/park": "", "pa": "56", "dt": "", "img": "https://www.mlbstatic.com/team-logos/117.svg", "team": "hou", "start": "", "in": "8", "result": "Strikeout", "evo": "", "la": "", "dist": ""}, {"player": "yainer diaz", "game": "hou @ nyy", "gameIdx": 0, "hr/park": "", "pa": "55", "dt": "", "img": "https://www.mlbstatic.com/team-logos/117.svg", "team": "hou", "start": "", "in": "8", "result": "Single", "evo": "57.4", "la": "32", "dist": "165"}, {"player": "mauricio dubon", "game": "hou @ nyy", "gameIdx": 0, "hr/park": "", "pa": "54", "dt": "", "img": "https://www.mlbstatic.com/team-logos/117.svg", "team": "hou", "start": "", "in": "8", "result": "Lineout", "evo": "88.1", "la": "23", "dist": "299"}, {"player": "aaron judge", "game": "hou @ nyy", "gameIdx": 0, "hr/park": "", "pa": "53", "dt": "", "img": "https://www.mlbstatic.com/team-logos/147.svg", "team": "nyy", "start": "", "in": "7", "result": "Pop Out", "evo": "102.7", "la": "69", "dist": "134"}, {"player": "jake bauers", "game": "hou @ nyy", "gameIdx": 0, "hr/park": "", "pa": "52", "dt": "", "img": "https://www.mlbstatic.com/team-logos/147.svg", "team": "nyy", "start": "", "in": "7", "result": "Single", "evo": "98.3", "la": "14", "dist": "237"}, {"player": "ben rortvedt", "game": "hou @ nyy", "gameIdx": 0, "hr/park": "0/30", "pa": "51", "dt": "", "img": "https://www.mlbstatic.com/team-logos/147.svg", "team": "nyy", "start": "", "in": "7", "result": "Flyout", "evo": "93.5", "la": "42", "dist": "323"}, {"player": "anthony volpe", "game": "hou @ nyy", "gameIdx": 0, "hr/park": "", "pa": "50", "dt": "", "img": "https://www.mlbstatic.com/team-logos/147.svg", "team": "nyy", "start": "", "in": "7", "result": "Flyout", "evo": "79.9", "la": "45", "dist": "253"}, {"player": "chas mccormick", "game": "hou @ nyy", "gameIdx": 0, "hr/park": "", "pa": "49", "dt": "", "img": "https://www.mlbstatic.com/team-logos/117.svg", "team": "hou", "start": "", "in": "7", "result": "Strikeout", "evo": "", "la": "", "dist": ""}, {"player": "yordan alvarez", "game": "hou @ nyy", "gameIdx": 0, "hr/park": "", "pa": "48", "dt": "", "img": "https://www.mlbstatic.com/team-logos/117.svg", "team": "hou", "start": "", "in": "7", "result": "GIDP", "evo": "113.0", "la": "2", "dist": "73"}, {"player": "alex bregman", "game": "hou @ nyy", "gameIdx": 0, "hr/park": "", "pa": "47", "dt": "", "img": "https://www.mlbstatic.com/team-logos/117.svg", "team": "hou", "start": "", "in": "7", "result": "Walk", "evo": "", "la": "", "dist": ""}, {"player": "harrison bader", "game": "hou @ nyy", "gameIdx": 0, "hr/park": "", "pa": "46", "dt": "", "img": "https://www.mlbstatic.com/team-logos/147.svg", "team": "nyy", "start": "", "in": "6", "result": "Strikeout", "evo": "", "la": "", "dist": ""}, {"player": "isiah kiner falefa", "game": "hou @ nyy", "gameIdx": 0, "hr/park": "", "pa": "45", "dt": "", "img": "https://www.mlbstatic.com/team-logos/147.svg", "team": "nyy", "start": "", "in": "6", "result": "Pop Out", "evo": "78.2", "la": "64", "dist": "137"}, {"player": "dj lemahieu", "game": "hou @ nyy", "gameIdx": 0, "hr/park": "", "pa": "44", "dt": "", "img": "https://www.mlbstatic.com/team-logos/147.svg", "team": "nyy", "start": "", "in": "6", "result": "Groundout", "evo": "75.0", "la": "-46", "dist": "2"}, {"player": "kyle tucker", "game": "hou @ nyy", "gameIdx": 0, "hr/park": "", "pa": "43", "dt": "", "img": "https://www.mlbstatic.com/team-logos/117.svg", "team": "hou", "start": "", "in": "6", "result": "Groundout", "evo": "102.7", "la": "7", "dist": "102"}, {"player": "jeremy pena", "game": "hou @ nyy", "gameIdx": 0, "hr/park": "", "pa": "42", "dt": "", "img": "https://www.mlbstatic.com/team-logos/117.svg", "team": "hou", "start": "", "in": "6", "result": "Walk", "evo": "", "la": "", "dist": ""}, {"player": "jose altuve", "game": "hou @ nyy", "gameIdx": 0, "hr/park": "", "pa": "41", "dt": "", "img": "https://www.mlbstatic.com/team-logos/117.svg", "team": "hou", "start": "", "in": "6", "result": "Strikeout", "evo": "", "la": "", "dist": ""}, {"player": "martin maldonado", "game": "hou @ nyy", "gameIdx": 0, "hr/park": "", "pa": "40", "dt": "", "img": "https://www.mlbstatic.com/team-logos/117.svg", "team": "hou", "start": "", "in": "6", "result": "Strikeout", "evo": "", "la": "", "dist": ""}, {"player": "giancarlo stanton", "game": "hou @ nyy", "gameIdx": 0, "hr/park": "", "pa": "39", "dt": "", "img": "https://www.mlbstatic.com/team-logos/147.svg", "team": "nyy", "start": "", "in": "5", "result": "Groundout", "evo": "56.3", "la": "-63", "dist": "3"}, {"player": "gleyber torres", "game": "hou @ nyy", "gameIdx": 0, "hr/park": "", "pa": "38", "dt": "", "img": "https://www.mlbstatic.com/team-logos/147.svg", "team": "nyy", "start": "", "in": "5", "result": "Single", "evo": "85.0", "la": "-60", "dist": "1"}, {"player": "aaron judge", "game": "hou @ nyy", "gameIdx": 0, "hr/park": "3/30", "pa": "37", "dt": "", "img": "https://www.mlbstatic.com/team-logos/147.svg", "team": "nyy", "start": "", "in": "5", "result": "Flyout", "evo": "105.4", "la": "26", "dist": "400"}, {"player": "jake bauers", "game": "hou @ nyy", "gameIdx": 0, "hr/park": "30/30", "pa": "36", "dt": "", "img": "https://www.mlbstatic.com/team-logos/147.svg", "team": "nyy", "start": "", "in": "5", "result": "Home Run", "evo": "105.5", "la": "33", "dist": "410"}, {"player": "ben rortvedt", "game": "hou @ nyy", "gameIdx": 0, "hr/park": "", "pa": "35", "dt": "", "img": "https://www.mlbstatic.com/team-logos/147.svg", "team": "nyy", "start": "", "in": "5", "result": "Lineout", "evo": "88.9", "la": "25", "dist": "297"}, {"player": "grae kessinger", "game": "hou @ nyy", "gameIdx": 0, "hr/park": "", "pa": "34", "dt": "", "img": "https://www.mlbstatic.com/team-logos/117.svg", "team": "hou", "start": "", "in": "5", "result": "Strikeout", "evo": "", "la": "", "dist": ""}, {"player": "mauricio dubon", "game": "hou @ nyy", "gameIdx": 0, "hr/park": "", "pa": "33", "dt": "", "img": "https://www.mlbstatic.com/team-logos/117.svg", "team": "hou", "start": "", "in": "5", "result": "Strikeout", "evo": "", "la": "", "dist": ""}, {"player": "chas mccormick", "game": "hou @ nyy", "gameIdx": 0, "hr/park": "", "pa": "32", "dt": "", "img": "https://www.mlbstatic.com/team-logos/117.svg", "team": "hou", "start": "", "in": "5", "result": "Walk", "evo": "", "la": "", "dist": ""}, {"player": "anthony volpe", "game": "hou @ nyy", "gameIdx": 0, "hr/park": "", "pa": "31", "dt": "", "img": "https://www.mlbstatic.com/team-logos/147.svg", "team": "nyy", "start": "", "in": "4", "result": "Groundout", "evo": "79.5", "la": "-2", "dist": "17"}, {"player": "harrison bader", "game": "hou @ nyy", "gameIdx": 0, "hr/park": "", "pa": "30", "dt": "", "img": "https://www.mlbstatic.com/team-logos/147.svg", "team": "nyy", "start": "", "in": "4", "result": "Groundout", "evo": "89.6", "la": "-21", "dist": "8"}, {"player": "isiah kiner falefa", "game": "hou @ nyy", "gameIdx": 0, "hr/park": "", "pa": "29", "dt": "", "img": "https://www.mlbstatic.com/team-logos/147.svg", "team": "nyy", "start": "", "in": "4", "result": "Pop Out", "evo": "79.0", "la": "59", "dist": "171"}, {"player": "yordan alvarez", "game": "hou @ nyy", "gameIdx": 0, "hr/park": "", "pa": "28", "dt": "", "img": "https://www.mlbstatic.com/team-logos/117.svg", "team": "hou", "start": "", "in": "4", "result": "Strikeout", "evo": "", "la": "", "dist": ""}, {"player": "alex bregman", "game": "hou @ nyy", "gameIdx": 0, "hr/park": "", "pa": "27", "dt": "", "img": "https://www.mlbstatic.com/team-logos/117.svg", "team": "hou", "start": "", "in": "4", "result": "Strikeout", "evo": "", "la": "", "dist": ""}, {"player": "kyle tucker", "game": "hou @ nyy", "gameIdx": 0, "hr/park": "", "pa": "26", "dt": "", "img": "https://www.mlbstatic.com/team-logos/117.svg", "team": "hou", "start": "", "in": "4", "result": "Strikeout", "evo": "", "la": "", "dist": ""}, {"player": "dj lemahieu", "game": "hou @ nyy", "gameIdx": 0, "hr/park": "", "pa": "25", "dt": "", "img": "https://www.mlbstatic.com/team-logos/147.svg", "team": "nyy", "start": "", "in": "3", "result": "Single", "evo": "101.1", "la": "15", "dist": "279"}, {"player": "giancarlo stanton", "game": "hou @ nyy", "gameIdx": 0, "hr/park": "", "pa": "24", "dt": "", "img": "https://www.mlbstatic.com/team-logos/147.svg", "team": "nyy", "start": "", "in": "3", "result": "Double", "evo": "101.0", "la": "10", "dist": "188"}, {"player": "gleyber torres", "game": "hou @ nyy", "gameIdx": 0, "hr/park": "", "pa": "23", "dt": "", "img": "https://www.mlbstatic.com/team-logos/147.svg", "team": "nyy", "start": "", "in": "3", "result": "Pop Out", "evo": "84.6", "la": "72", "dist": "111"}, {"player": "aaron judge", "game": "hou @ nyy", "gameIdx": 0, "hr/park": "4/30", "pa": "22", "dt": "", "img": "https://www.mlbstatic.com/team-logos/147.svg", "team": "nyy", "start": "", "in": "3", "result": "Flyout", "evo": "105.0", "la": "47", "dist": "329"}, {"player": "jeremy pena", "game": "hou @ nyy", "gameIdx": 0, "hr/park": "", "pa": "21", "dt": "", "img": "https://www.mlbstatic.com/team-logos/117.svg", "team": "hou", "start": "", "in": "3", "result": "Groundout", "evo": "58.5", "la": "13", "dist": "96"}, {"player": "jose altuve", "game": "hou @ nyy", "gameIdx": 0, "hr/park": "30/30", "pa": "20", "dt": "", "img": "https://www.mlbstatic.com/team-logos/117.svg", "team": "hou", "start": "", "in": "3", "result": "Home Run", "evo": "105.7", "la": "30", "dist": "403"}, {"player": "martin maldonado", "game": "hou @ nyy", "gameIdx": 0, "hr/park": "", "pa": "19", "dt": "", "img": "https://www.mlbstatic.com/team-logos/117.svg", "team": "hou", "start": "", "in": "3", "result": "Strikeout", "evo": "", "la": "", "dist": ""}, {"player": "grae kessinger", "game": "hou @ nyy", "gameIdx": 0, "hr/park": "", "pa": "18", "dt": "", "img": "https://www.mlbstatic.com/team-logos/117.svg", "team": "hou", "start": "", "in": "3", "result": "Flyout", "evo": "85.2", "la": "40", "dist": "288"}, {"player": "jake bauers", "game": "hou @ nyy", "gameIdx": 0, "hr/park": "0/30", "pa": "17", "dt": "", "img": "https://www.mlbstatic.com/team-logos/147.svg", "team": "nyy", "start": "", "in": "2", "result": "Lineout", "evo": "107.8", "la": "17", "dist": "306"}, {"player": "ben rortvedt", "game": "hou @ nyy", "gameIdx": 0, "hr/park": "", "pa": "16", "dt": "", "img": "https://www.mlbstatic.com/team-logos/147.svg", "team": "nyy", "start": "", "in": "2", "result": "Strikeout", "evo": "", "la": "", "dist": ""}, {"player": "anthony volpe", "game": "hou @ nyy", "gameIdx": 0, "hr/park": "0/30", "pa": "15", "dt": "", "img": "https://www.mlbstatic.com/team-logos/147.svg", "team": "nyy", "start": "", "in": "2", "result": "Sac Fly", "evo": "91.0", "la": "37", "dist": "323"}, {"player": "harrison bader", "game": "hou @ nyy", "gameIdx": 0, "hr/park": "0/30", "pa": "14", "dt": "", "img": "https://www.mlbstatic.com/team-logos/147.svg", "team": "nyy", "start": "", "in": "2", "result": "Double", "evo": "104.5", "la": "18", "dist": "337"}, {"player": "isiah kiner falefa", "game": "hou @ nyy", "gameIdx": 0, "hr/park": "", "pa": "13", "dt": "", "img": "https://www.mlbstatic.com/team-logos/147.svg", "team": "nyy", "start": "", "in": "2", "result": "Single", "evo": "83.3", "la": "-6", "dist": "22"}, {"player": "mauricio dubon", "game": "hou @ nyy", "gameIdx": 0, "hr/park": "", "pa": "12", "dt": "", "img": "https://www.mlbstatic.com/team-logos/117.svg", "team": "hou", "start": "", "in": "2", "result": "Groundout", "evo": "71.5", "la": "-1", "dist": "31"}, {"player": "chas mccormick", "game": "hou @ nyy", "gameIdx": 0, "hr/park": "", "pa": "11", "dt": "", "img": "https://www.mlbstatic.com/team-logos/117.svg", "team": "hou", "start": "", "in": "2", "result": "Pop Out", "evo": "66.0", "la": "77", "dist": "53"}, {"player": "yordan alvarez", "game": "hou @ nyy", "gameIdx": 0, "hr/park": "", "pa": "10", "dt": "", "img": "https://www.mlbstatic.com/team-logos/117.svg", "team": "hou", "start": "", "in": "2", "result": "Strikeout", "evo": "", "la": "", "dist": ""}, {"player": "dj lemahieu", "game": "hou @ nyy", "gameIdx": 0, "hr/park": "", "pa": "9", "dt": "", "img": "https://www.mlbstatic.com/team-logos/147.svg", "team": "nyy", "start": "", "in": "1", "result": "Strikeout", "evo": "", "la": "", "dist": ""}, {"player": "giancarlo stanton", "game": "hou @ nyy", "gameIdx": 0, "hr/park": "", "pa": "8", "dt": "", "img": "https://www.mlbstatic.com/team-logos/147.svg", "team": "nyy", "start": "", "in": "1", "result": "Walk", "evo": "", "la": "", "dist": ""}, {"player": "gleyber torres", "game": "hou @ nyy", "gameIdx": 0, "hr/park": "", "pa": "7", "dt": "", "img": "https://www.mlbstatic.com/team-logos/147.svg", "team": "nyy", "start": "", "in": "1", "result": "Walk", "evo": "", "la": "", "dist": ""}, {"player": "aaron judge", "game": "hou @ nyy", "gameIdx": 0, "hr/park": "", "pa": "6", "dt": "", "img": "https://www.mlbstatic.com/team-logos/147.svg", "team": "nyy", "start": "", "in": "1", "result": "Flyout", "evo": "90.3", "la": "51", "dist": "246"}, {"player": "jake bauers", "game": "hou @ nyy", "gameIdx": 0, "hr/park": "", "pa": "5", "dt": "", "img": "https://www.mlbstatic.com/team-logos/147.svg", "team": "nyy", "start": "", "in": "1", "result": "Strikeout", "evo": "", "la": "", "dist": ""}, {"player": "alex bregman", "game": "hou @ nyy", "gameIdx": 0, "hr/park": "", "pa": "4", "dt": "", "img": "https://www.mlbstatic.com/team-logos/117.svg", "team": "hou", "start": "", "in": "1", "result": "Strikeout", "evo": "", "la": "", "dist": ""}, {"player": "kyle tucker", "game": "hou @ nyy", "gameIdx": 0, "hr/park": "", "pa": "3", "dt": "", "img": "https://www.mlbstatic.com/team-logos/117.svg", "team": "hou", "start": "", "in": "1", "result": "Strikeout", "evo": "", "la": "", "dist": ""}, {"player": "jeremy pena", "game": "hou @ nyy", "gameIdx": 0, "hr/park": "", "pa": "2", "dt": "", "img": "https://www.mlbstatic.com/team-logos/117.svg", "team": "hou", "start": "", "in": "1", "result": "Strikeout", "evo": "", "la": "", "dist": ""}, {"player": "jose altuve", "game": "hou @ nyy", "gameIdx": 0, "hr/park": "", "pa": "1", "dt": "", "img": "https://www.mlbstatic.com/team-logos/117.svg", "team": "hou", "start": "", "in": "1", "result": "Walk", "evo": "", "la": "", "dist": ""}], "tb @ det": [], "atl @ chc": [], "mia @ tex": [], "wsh @ cin": [], "tor @ bos": [], "kc @ phi": [], "nym @ bal": [], "sf @ ath": [], "ari @ min": [], "chw @ cle": [], "pit @ mil": [], "col @ stl": [], "lad @ sd": [], "sea @ laa": []}