{"all": {"pitchers": "7", "batters": "18", "pitches": "236", "max velomax pitch velocity": "99.5", "min velomin pitch velocity": "76.6", "ff%fourseam fastball %": "44.5", "si%sinker %": "5.1", "fc%cutter %": "3.8", "fs%splitter %": "9.7", "ch%changeup %": "4.2", "sl%slider %": "25.0", "cu%curve %": "7.6", "max evmax exit velocity": "107.0", "hhhard hit": "20", "hh%hard hit %": "43.5", "brlbarrels": "7", "brl%barrel %": "15.2", "ab": "61", "avg": ".180", "h": "11", "1b": "5", "2b": "2", "3b": "0", "hr": "4", "so": "16", "bipballs in play": "46", "liveGames": 0, "totGames": 16}, "atl @ nym": [], "chc @ tor": [], "det @ bos": [], "cle @ tb": [], "nyy @ mia": [], "min @ phi": [], "ath @ wsh": [], "stl @ kc": [], "laa @ hou": [], "mil @ chw": [], "sd @ ari": [], "tex @ sf": [], "col @ lad": [{"player": "brendan rodgers", "game": "col @ lad", "gameIdx": 0, "hr/park": "", "pa": "63", "dt": "", "img": "https://www.mlbstatic.com/team-logos/115.svg", "team": "col", "start": "", "in": "9", "result": "Strikeout", "evo": "", "la": "", "dist": ""}, {"player": "ryan mcmahon", "game": "col @ lad", "gameIdx": 0, "hr/park": "", "pa": "62", "dt": "", "img": "https://www.mlbstatic.com/team-logos/115.svg", "team": "col", "start": "", "in": "9", "result": "Strikeout", "evo": "", "la": "", "dist": ""}, {"player": "ezequiel tovar", "game": "col @ lad", "gameIdx": 0, "hr/park": "", "pa": "61", "dt": "", "img": "https://www.mlbstatic.com/team-logos/115.svg", "team": "col", "start": "", "in": "9", "result": "Strikeout", "evo": "", "la": "", "dist": ""}, {"player": "enrique hernandez", "game": "col @ lad", "gameIdx": 0, "hr/park": "", "pa": "60", "dt": "", "img": "https://www.mlbstatic.com/team-logos/119.svg", "team": "lad", "start": "", "in": "8", "result": "Groundout", "evo": "94.0", "la": "-5", "dist": "29"}, {"player": "jason heyward", "game": "col @ lad", "gameIdx": 0, "hr/park": "", "pa": "59", "dt": "", "img": "https://www.mlbstatic.com/team-logos/119.svg", "team": "lad", "start": "", "in": "8", "result": "Pop Out", "evo": "65.8", "la": "66", "dist": "115"}, {"player": "max muncy", "game": "col @ lad", "gameIdx": 0, "hr/park": "", "pa": "58", "dt": "", "img": "https://www.mlbstatic.com/team-logos/119.svg", "team": "lad", "start": "", "in": "8", "result": "Groundout", "evo": "75.9", "la": "6", "dist": "73"}, {"player": "brenton doyle", "game": "col @ lad", "gameIdx": 0, "hr/park": "", "pa": "57", "dt": "", "img": "https://www.mlbstatic.com/team-logos/115.svg", "team": "col", "start": "", "in": "8", "result": "Groundout", "evo": "96.7", "la": "-1", "dist": "38"}, {"player": "harold castro", "game": "col @ lad", "gameIdx": 0, "hr/park": "", "pa": "56", "dt": "", "img": "https://www.mlbstatic.com/team-logos/115.svg", "team": "col", "start": "", "in": "8", "result": "Groundout", "evo": "91.5", "la": "5", "dist": "81"}, {"player": "elehuris montero", "game": "col @ lad", "gameIdx": 0, "hr/park": "", "pa": "55", "dt": "", "img": "https://www.mlbstatic.com/team-logos/115.svg", "team": "col", "start": "", "in": "8", "result": "Strikeout", "evo": "", "la": "", "dist": ""}, {"player": "will smith", "game": "col @ lad", "gameIdx": 0, "hr/park": "", "pa": "54", "dt": "", "img": "https://www.mlbstatic.com/team-logos/119.svg", "team": "lad", "start": "", "in": "7", "result": "Strikeout", "evo": "", "la": "", "dist": ""}, {"player": "freddie freeman", "game": "col @ lad", "gameIdx": 0, "hr/park": "", "pa": "53", "dt": "", "img": "https://www.mlbstatic.com/team-logos/119.svg", "team": "lad", "start": "", "in": "7", "result": "Hit By Pitch", "evo": "", "la": "", "dist": ""}, {"player": "david peralta", "game": "col @ lad", "gameIdx": 0, "hr/park": "", "pa": "52", "dt": "", "img": "https://www.mlbstatic.com/team-logos/119.svg", "team": "lad", "start": "", "in": "7", "result": "Pop Out", "evo": "78.2", "la": "76", "dist": "98"}, {"player": "austin barnes", "game": "col @ lad", "gameIdx": 0, "hr/park": "", "pa": "51", "dt": "", "img": "https://www.mlbstatic.com/team-logos/119.svg", "team": "lad", "start": "", "in": "7", "result": "Groundout", "evo": "79.6", "la": "-20", "dist": "9"}, {"player": "amed rosario", "game": "col @ lad", "gameIdx": 0, "hr/park": "17/30", "pa": "50", "dt": "", "img": "https://www.mlbstatic.com/team-logos/119.svg", "team": "lad", "start": "", "in": "7", "result": "Home Run", "evo": "101.3", "la": "20", "dist": "372"}, {"player": "michael toglia", "game": "col @ lad", "gameIdx": 0, "hr/park": "", "pa": "49", "dt": "", "img": "https://www.mlbstatic.com/team-logos/115.svg", "team": "col", "start": "", "in": "7", "result": "Flyout", "evo": "100.7", "la": "49", "dist": "284"}, {"player": "nolan jones", "game": "col @ lad", "gameIdx": 0, "hr/park": "", "pa": "48", "dt": "", "img": "https://www.mlbstatic.com/team-logos/115.svg", "team": "col", "start": "", "in": "7", "result": "Strikeout", "evo": "", "la": "", "dist": ""}, {"player": "elias diaz", "game": "col @ lad", "gameIdx": 0, "hr/park": "", "pa": "47", "dt": "", "img": "https://www.mlbstatic.com/team-logos/115.svg", "team": "col", "start": "", "in": "7", "result": "Groundout", "evo": "89.6", "la": "-27", "dist": "5"}, {"player": "james outman", "game": "col @ lad", "gameIdx": 0, "hr/park": "", "pa": "46", "dt": "", "img": "https://www.mlbstatic.com/team-logos/119.svg", "team": "lad", "start": "", "in": "6", "result": "Lineout", "evo": "96.7", "la": "9", "dist": "148"}, {"player": "enrique hernandez", "game": "col @ lad", "gameIdx": 0, "hr/park": "", "pa": "45", "dt": "", "img": "https://www.mlbstatic.com/team-logos/119.svg", "team": "lad", "start": "", "in": "6", "result": "Walk", "evo": "", "la": "", "dist": ""}, {"player": "jason heyward", "game": "col @ lad", "gameIdx": 0, "hr/park": "", "pa": "44", "dt": "", "img": "https://www.mlbstatic.com/team-logos/119.svg", "team": "lad", "start": "", "in": "6", "result": "Single", "evo": "103.9", "la": "-11", "dist": "9"}, {"player": "max muncy", "game": "col @ lad", "gameIdx": 0, "hr/park": "", "pa": "43", "dt": "", "img": "https://www.mlbstatic.com/team-logos/119.svg", "team": "lad", "start": "", "in": "6", "result": "Groundout", "evo": "88.6", "la": "4", "dist": "69"}, {"player": "brendan rodgers", "game": "col @ lad", "gameIdx": 0, "hr/park": "0/30", "pa": "42", "dt": "", "img": "https://www.mlbstatic.com/team-logos/115.svg", "team": "col", "start": "", "in": "6", "result": "Flyout", "evo": "99.6", "la": "29", "dist": "390"}, {"player": "ryan mcmahon", "game": "col @ lad", "gameIdx": 0, "hr/park": "0/30", "pa": "41", "dt": "", "img": "https://www.mlbstatic.com/team-logos/115.svg", "team": "col", "start": "", "in": "6", "result": "Flyout", "evo": "91.9", "la": "28", "dist": "350"}, {"player": "ezequiel tovar", "game": "col @ lad", "gameIdx": 0, "hr/park": "", "pa": "40", "dt": "", "img": "https://www.mlbstatic.com/team-logos/115.svg", "team": "col", "start": "", "in": "6", "result": "Single", "evo": "70.9", "la": "26", "dist": "210"}, {"player": "brenton doyle", "game": "col @ lad", "gameIdx": 0, "hr/park": "0/30", "pa": "39", "dt": "", "img": "https://www.mlbstatic.com/team-logos/115.svg", "team": "col", "start": "", "in": "6", "result": "Flyout", "evo": "96.8", "la": "35", "dist": "361"}, {"player": "will smith", "game": "col @ lad", "gameIdx": 0, "hr/park": "", "pa": "38", "dt": "", "img": "https://www.mlbstatic.com/team-logos/119.svg", "team": "lad", "start": "", "in": "5", "result": "Strikeout", "evo": "", "la": "", "dist": ""}, {"player": "freddie freeman", "game": "col @ lad", "gameIdx": 0, "hr/park": "", "pa": "37", "dt": "", "img": "https://www.mlbstatic.com/team-logos/119.svg", "team": "lad", "start": "", "in": "5", "result": "Flyout", "evo": "77.5", "la": "31", "dist": "276"}, {"player": "david peralta", "game": "col @ lad", "gameIdx": 0, "hr/park": "", "pa": "36", "dt": "", "img": "https://www.mlbstatic.com/team-logos/119.svg", "team": "lad", "start": "", "in": "5", "result": "Single", "evo": "91.2", "la": "14", "dist": "203"}, {"player": "austin barnes", "game": "col @ lad", "gameIdx": 0, "hr/park": "", "pa": "35", "dt": "", "img": "https://www.mlbstatic.com/team-logos/119.svg", "team": "lad", "start": "", "in": "5", "result": "Strikeout", "evo": "", "la": "", "dist": ""}, {"player": "harold castro", "game": "col @ lad", "gameIdx": 0, "hr/park": "", "pa": "34", "dt": "", "img": "https://www.mlbstatic.com/team-logos/115.svg", "team": "col", "start": "", "in": "5", "result": "Strikeout", "evo": "", "la": "", "dist": ""}, {"player": "elehuris montero", "game": "col @ lad", "gameIdx": 0, "hr/park": "", "pa": "33", "dt": "", "img": "https://www.mlbstatic.com/team-logos/115.svg", "team": "col", "start": "", "in": "5", "result": "Flyout", "evo": "74.3", "la": "39", "dist": "249"}, {"player": "michael toglia", "game": "col @ lad", "gameIdx": 0, "hr/park": "0/30", "pa": "32", "dt": "", "img": "https://www.mlbstatic.com/team-logos/115.svg", "team": "col", "start": "", "in": "5", "result": "Flyout", "evo": "89.1", "la": "33", "dist": "332"}, {"player": "amed rosario", "game": "col @ lad", "gameIdx": 0, "hr/park": "", "pa": "31", "dt": "", "img": "https://www.mlbstatic.com/team-logos/119.svg", "team": "lad", "start": "", "in": "4", "result": "Pop Out", "evo": "67.8", "la": "57", "dist": "157"}, {"player": "james outman", "game": "col @ lad", "gameIdx": 0, "hr/park": "", "pa": "30", "dt": "", "img": "https://www.mlbstatic.com/team-logos/119.svg", "team": "lad", "start": "", "in": "4", "result": "Flyout", "evo": "95.1", "la": "50", "dist": "279"}, {"player": "enrique hernandez", "game": "col @ lad", "gameIdx": 0, "hr/park": "", "pa": "29", "dt": "", "img": "https://www.mlbstatic.com/team-logos/119.svg", "team": "lad", "start": "", "in": "4", "result": "Single", "evo": "95.7", "la": "3", "dist": "76"}, {"player": "jason heyward", "game": "col @ lad", "gameIdx": 0, "hr/park": "", "pa": "28", "dt": "", "img": "https://www.mlbstatic.com/team-logos/119.svg", "team": "lad", "start": "", "in": "4", "result": "Single", "evo": "102.6", "la": "2", "dist": "76"}, {"player": "max muncy", "game": "col @ lad", "gameIdx": 0, "hr/park": "", "pa": "27", "dt": "", "img": "https://www.mlbstatic.com/team-logos/119.svg", "team": "lad", "start": "", "in": "4", "result": "Flyout", "evo": "93.4", "la": "52", "dist": "251"}, {"player": "nolan jones", "game": "col @ lad", "gameIdx": 0, "hr/park": "", "pa": "26", "dt": "", "img": "https://www.mlbstatic.com/team-logos/115.svg", "team": "col", "start": "", "in": "4", "result": "Strikeout", "evo": "", "la": "", "dist": ""}, {"player": "elias diaz", "game": "col @ lad", "gameIdx": 0, "hr/park": "", "pa": "25", "dt": "", "img": "https://www.mlbstatic.com/team-logos/115.svg", "team": "col", "start": "", "in": "4", "result": "Flyout", "evo": "92.8", "la": "49", "dist": "287"}, {"player": "brendan rodgers", "game": "col @ lad", "gameIdx": 0, "hr/park": "", "pa": "24", "dt": "", "img": "https://www.mlbstatic.com/team-logos/115.svg", "team": "col", "start": "", "in": "4", "result": "Groundout", "evo": "76.7", "la": "-23", "dist": "6"}, {"player": "ryan mcmahon", "game": "col @ lad", "gameIdx": 0, "hr/park": "2/30", "pa": "23", "dt": "", "img": "https://www.mlbstatic.com/team-logos/115.svg", "team": "col", "start": "", "in": "4", "result": "Double", "evo": "99.5", "la": "29", "dist": "365"}, {"player": "will smith", "game": "col @ lad", "gameIdx": 0, "hr/park": "", "pa": "22", "dt": "", "img": "https://www.mlbstatic.com/team-logos/119.svg", "team": "lad", "start": "", "in": "3", "result": "Strikeout", "evo": "", "la": "", "dist": ""}, {"player": "freddie freeman", "game": "col @ lad", "gameIdx": 0, "hr/park": "0/30", "pa": "21", "dt": "", "img": "https://www.mlbstatic.com/team-logos/119.svg", "team": "lad", "start": "", "in": "3", "result": "Flyout", "evo": "98.1", "la": "36", "dist": "359"}, {"player": "david peralta", "game": "col @ lad", "gameIdx": 0, "hr/park": "", "pa": "20", "dt": "", "img": "https://www.mlbstatic.com/team-logos/119.svg", "team": "lad", "start": "", "in": "3", "result": "Groundout", "evo": "65.6", "la": "-24", "dist": "6"}, {"player": "ezequiel tovar", "game": "col @ lad", "gameIdx": 0, "hr/park": "", "pa": "19", "dt": "", "img": "https://www.mlbstatic.com/team-logos/115.svg", "team": "col", "start": "", "in": "3", "result": "Strikeout", "evo": "", "la": "", "dist": ""}, {"player": "brenton doyle", "game": "col @ lad", "gameIdx": 0, "hr/park": "", "pa": "18", "dt": "", "img": "https://www.mlbstatic.com/team-logos/115.svg", "team": "col", "start": "", "in": "3", "result": "Pop Out", "evo": "87.7", "la": "63", "dist": "165"}, {"player": "harold castro", "game": "col @ lad", "gameIdx": 0, "hr/park": "", "pa": "17", "dt": "", "img": "https://www.mlbstatic.com/team-logos/115.svg", "team": "col", "start": "", "in": "3", "result": "Strikeout", "evo": "", "la": "", "dist": ""}, {"player": "austin barnes", "game": "col @ lad", "gameIdx": 0, "hr/park": "", "pa": "16", "dt": "", "img": "https://www.mlbstatic.com/team-logos/119.svg", "team": "lad", "start": "", "in": "2", "result": "Pop Out", "evo": "74.0", "la": "73", "dist": "71"}, {"player": "amed rosario", "game": "col @ lad", "gameIdx": 0, "hr/park": "2/30", "pa": "15", "dt": "", "img": "https://www.mlbstatic.com/team-logos/119.svg", "team": "lad", "start": "", "in": "2", "result": "Flyout", "evo": "99.5", "la": "25", "dist": "370"}, {"player": "james outman", "game": "col @ lad", "gameIdx": 0, "hr/park": "30/30", "pa": "14", "dt": "", "img": "https://www.mlbstatic.com/team-logos/119.svg", "team": "lad", "start": "", "in": "2", "result": "Home Run", "evo": "100.3", "la": "30", "dist": "387"}, {"player": "enrique hernandez", "game": "col @ lad", "gameIdx": 0, "hr/park": "0/30", "pa": "13", "dt": "", "img": "https://www.mlbstatic.com/team-logos/119.svg", "team": "lad", "start": "", "in": "2", "result": "Double", "evo": "102.8", "la": "14", "dist": "304"}, {"player": "jason heyward", "game": "col @ lad", "gameIdx": 0, "hr/park": "", "pa": "12", "dt": "", "img": "https://www.mlbstatic.com/team-logos/119.svg", "team": "lad", "start": "", "in": "2", "result": "Groundout", "evo": "80.0", "la": "-28", "dist": "5"}, {"player": "elehuris montero", "game": "col @ lad", "gameIdx": 0, "hr/park": "0/30", "pa": "11", "dt": "", "img": "https://www.mlbstatic.com/team-logos/115.svg", "team": "col", "start": "", "in": "2", "result": "Lineout", "evo": "107.0", "la": "20", "dist": "379"}, {"player": "michael toglia", "game": "col @ lad", "gameIdx": 0, "hr/park": "", "pa": "10", "dt": "", "img": "https://www.mlbstatic.com/team-logos/115.svg", "team": "col", "start": "", "in": "2", "result": "Groundout", "evo": "95.4", "la": "8", "dist": "120"}, {"player": "nolan jones", "game": "col @ lad", "gameIdx": 0, "hr/park": "", "pa": "9", "dt": "", "img": "https://www.mlbstatic.com/team-logos/115.svg", "team": "col", "start": "", "in": "2", "result": "Lineout", "evo": "99.9", "la": "9", "dist": "177"}, {"player": "max muncy", "game": "col @ lad", "gameIdx": 0, "hr/park": "", "pa": "8", "dt": "", "img": "https://www.mlbstatic.com/team-logos/119.svg", "team": "lad", "start": "", "in": "1", "result": "Strikeout", "evo": "", "la": "", "dist": ""}, {"player": "will smith", "game": "col @ lad", "gameIdx": 0, "hr/park": "26/30", "pa": "7", "dt": "", "img": "https://www.mlbstatic.com/team-logos/119.svg", "team": "lad", "start": "", "in": "1", "result": "Home Run", "evo": "103.7", "la": "27", "dist": "417"}, {"player": "freddie freeman", "game": "col @ lad", "gameIdx": 0, "hr/park": "", "pa": "6", "dt": "", "img": "https://www.mlbstatic.com/team-logos/119.svg", "team": "lad", "start": "", "in": "1", "result": "Lineout", "evo": "91.9", "la": "17", "dist": "274"}, {"player": "david peralta", "game": "col @ lad", "gameIdx": 0, "hr/park": "", "pa": "5", "dt": "", "img": "https://www.mlbstatic.com/team-logos/119.svg", "team": "lad", "start": "", "in": "1", "result": "Groundout", "evo": "77.0", "la": "-49", "dist": "3"}, {"player": "elias diaz", "game": "col @ lad", "gameIdx": 0, "hr/park": "", "pa": "4", "dt": "", "img": "https://www.mlbstatic.com/team-logos/115.svg", "team": "col", "start": "", "in": "1", "result": "Strikeout", "evo": "", "la": "", "dist": ""}, {"player": "brendan rodgers", "game": "col @ lad", "gameIdx": 0, "hr/park": "", "pa": "3", "dt": "", "img": "https://www.mlbstatic.com/team-logos/115.svg", "team": "col", "start": "", "in": "1", "result": "Strikeout", "evo": "", "la": "", "dist": ""}, {"player": "ryan mcmahon", "game": "col @ lad", "gameIdx": 0, "hr/park": "", "pa": "2", "dt": "", "img": "https://www.mlbstatic.com/team-logos/115.svg", "team": "col", "start": "", "in": "1", "result": "Groundout", "evo": "57.6", "la": "-42", "dist": "6"}, {"player": "ezequiel tovar", "game": "col @ lad", "gameIdx": 0, "hr/park": "28/30", "pa": "1", "dt": "", "img": "https://www.mlbstatic.com/team-logos/115.svg", "team": "col", "start": "", "in": "1", "result": "Home Run", "evo": "105.8", "la": "24", "dist": "426"}], "bal @ sea": [], "cin @ pit": []}