{"all": {"pitchers": "36", "batters": "89", "pitches": "1520", "max velomax pitch velocity": "101.4", "min velomin pitch velocity": "70.3", "ff%fourseam fastball %": "36.6", "si%sinker %": "8.9", "fc%cutter %": "8.4", "fs%splitter %": "2.9", "ch%changeup %": "7.2", "sl%slider %": "28.0", "cu%curve %": "8.1", "max evmax exit velocity": "116.9", "hhhard hit": "103", "hh%hard hit %": "37.1", "brlbarrels": "17", "brl%barrel %": "6.1", "ab": "342", "avg": ".251", "h": "86", "1b": "55", "2b": "18", "3b": "2", "hr": "11", "so": "74", "bipballs in play": "278", "liveGames": 0, "totGames": 5}, "laa @ det": [{"player": "andy ibanez", "game": "laa @ det", "gameIdx": 0, "hr/park": "", "pa": "82", "dt": "", "img": "https://www.mlbstatic.com/team-logos/116.svg", "team": "det", "start": "", "in": "9", "result": "Groundout", "evo": "79.4", "la": "-25", "dist": "4"}, {"player": "matt vierling", "game": "laa @ det", "gameIdx": 0, "hr/park": "", "pa": "81", "dt": "", "img": "https://www.mlbstatic.com/team-logos/116.svg", "team": "det", "start": "", "in": "9", "result": "GIDP", "evo": "76.8", "la": "-1", "dist": "33"}, {"player": "nick maton", "game": "laa @ det", "gameIdx": 0, "hr/park": "", "pa": "80", "dt": "", "img": "https://www.mlbstatic.com/team-logos/116.svg", "team": "det", "start": "", "in": "9", "result": "Walk", "evo": "", "la": "", "dist": ""}, {"player": "eduardo escobar", "game": "laa @ det", "gameIdx": 0, "hr/park": "", "pa": "79", "dt": "", "img": "https://www.mlbstatic.com/team-logos/108.svg", "team": "laa", "start": "", "in": "9", "result": "Groundout", "evo": "88.2", "la": "-14", "dist": "9"}, {"player": "hunter renfroe", "game": "laa @ det", "gameIdx": 0, "hr/park": "", "pa": "78", "dt": "", "img": "https://www.mlbstatic.com/team-logos/108.svg", "team": "laa", "start": "", "in": "9", "result": "Single", "evo": "79.3", "la": "19", "dist": "262"}, {"player": "matt thaiss", "game": "laa @ det", "gameIdx": 0, "hr/park": "", "pa": "77", "dt": "", "img": "https://www.mlbstatic.com/team-logos/108.svg", "team": "laa", "start": "", "in": "9", "result": "Single", "evo": "108.0", "la": "18", "dist": "279"}, {"player": "andrew velazquez", "game": "laa @ det", "gameIdx": 0, "hr/park": "", "pa": "76", "dt": "", "img": "https://www.mlbstatic.com/team-logos/108.svg", "team": "laa", "start": "", "in": "9", "result": "Strikeout", "evo": "", "la": "", "dist": ""}, {"player": "taylor ward", "game": "laa @ det", "gameIdx": 0, "hr/park": "", "pa": "75", "dt": "", "img": "https://www.mlbstatic.com/team-logos/108.svg", "team": "laa", "start": "", "in": "9", "result": "Walk", "evo": "", "la": "", "dist": ""}, {"player": "mickey moniak", "game": "laa @ det", "gameIdx": 0, "hr/park": "", "pa": "74", "dt": "", "img": "https://www.mlbstatic.com/team-logos/108.svg", "team": "laa", "start": "", "in": "9", "result": "Single", "evo": "94.0", "la": "-13", "dist": "8"}, {"player": "michael stefanic", "game": "laa @ det", "gameIdx": 0, "hr/park": "", "pa": "73", "dt": "", "img": "https://www.mlbstatic.com/team-logos/108.svg", "team": "laa", "start": "", "in": "9", "result": "Walk", "evo": "", "la": "", "dist": ""}, {"player": "zach neto", "game": "laa @ det", "gameIdx": 0, "hr/park": "", "pa": "72", "dt": "", "img": "https://www.mlbstatic.com/team-logos/108.svg", "team": "laa", "start": "", "in": "9", "result": "Groundout", "evo": "96.1", "la": "-10", "dist": "15"}, {"player": "zach mckinstry", "game": "laa @ det", "gameIdx": 0, "hr/park": "", "pa": "71", "dt": "", "img": "https://www.mlbstatic.com/team-logos/116.svg", "team": "det", "start": "", "in": "8", "result": "Single", "evo": "88.6", "la": "14", "dist": "231"}, {"player": "miguel cabrera", "game": "laa @ det", "gameIdx": 0, "hr/park": "", "pa": "70", "dt": "", "img": "https://www.mlbstatic.com/team-logos/116.svg", "team": "det", "start": "", "in": "8", "result": "Strikeout", "evo": "", "la": "", "dist": ""}, {"player": "jake rogers", "game": "laa @ det", "gameIdx": 0, "hr/park": "", "pa": "69", "dt": "", "img": "https://www.mlbstatic.com/team-logos/116.svg", "team": "det", "start": "", "in": "8", "result": "Walk", "evo": "", "la": "", "dist": ""}, {"player": "javier baez", "game": "laa @ det", "gameIdx": 0, "hr/park": "", "pa": "68", "dt": "", "img": "https://www.mlbstatic.com/team-logos/116.svg", "team": "det", "start": "", "in": "8", "result": "Hit By Pitch", "evo": "", "la": "", "dist": ""}, {"player": "kerry carpenter", "game": "laa @ det", "gameIdx": 0, "hr/park": "", "pa": "67", "dt": "", "img": "https://www.mlbstatic.com/team-logos/116.svg", "team": "det", "start": "", "in": "8", "result": "Groundout", "evo": "98.2", "la": "4", "dist": "75"}, {"player": "luis rengifo", "game": "laa @ det", "gameIdx": 0, "hr/park": "", "pa": "66", "dt": "", "img": "https://www.mlbstatic.com/team-logos/108.svg", "team": "laa", "start": "", "in": "8", "result": "Flyout", "evo": "80.7", "la": "48", "dist": "237"}, {"player": "eduardo escobar", "game": "laa @ det", "gameIdx": 0, "hr/park": "0/30", "pa": "65", "dt": "", "img": "https://www.mlbstatic.com/team-logos/108.svg", "team": "laa", "start": "", "in": "8", "result": "Flyout", "evo": "96.1", "la": "36", "dist": "329"}, {"player": "hunter renfroe", "game": "laa @ det", "gameIdx": 0, "hr/park": "", "pa": "64", "dt": "", "img": "https://www.mlbstatic.com/team-logos/108.svg", "team": "laa", "start": "", "in": "8", "result": "Single", "evo": "93.1", "la": "-37", "dist": "4"}, {"player": "matt thaiss", "game": "laa @ det", "gameIdx": 0, "hr/park": "", "pa": "63", "dt": "", "img": "https://www.mlbstatic.com/team-logos/108.svg", "team": "laa", "start": "", "in": "8", "result": "Single", "evo": "99.7", "la": "14", "dist": "257"}, {"player": "andrew velazquez", "game": "laa @ det", "gameIdx": 0, "hr/park": "", "pa": "62", "dt": "", "img": "https://www.mlbstatic.com/team-logos/108.svg", "team": "laa", "start": "", "in": "8", "result": "Groundout", "evo": "68.6", "la": "-27", "dist": "4"}, {"player": "spencer torkelson", "game": "laa @ det", "gameIdx": 0, "hr/park": "", "pa": "61", "dt": "", "img": "https://www.mlbstatic.com/team-logos/116.svg", "team": "det", "start": "", "in": "7", "result": "Forceout", "evo": "78.0", "la": "-13", "dist": "11"}, {"player": "andy ibanez", "game": "laa @ det", "gameIdx": 0, "hr/park": "", "pa": "60", "dt": "", "img": "https://www.mlbstatic.com/team-logos/116.svg", "team": "det", "start": "", "in": "7", "result": "Single", "evo": "91.0", "la": "-29", "dist": "4"}, {"player": "matt vierling", "game": "laa @ det", "gameIdx": 0, "hr/park": "", "pa": "59", "dt": "", "img": "https://www.mlbstatic.com/team-logos/116.svg", "team": "det", "start": "", "in": "7", "result": "Field Error", "evo": "84.0", "la": "-24", "dist": "6"}, {"player": "nick maton", "game": "laa @ det", "gameIdx": 0, "hr/park": "", "pa": "58", "dt": "", "img": "https://www.mlbstatic.com/team-logos/116.svg", "team": "det", "start": "", "in": "7", "result": "Groundout", "evo": "100.7", "la": "-23", "dist": "5"}, {"player": "zach mckinstry", "game": "laa @ det", "gameIdx": 0, "hr/park": "", "pa": "57", "dt": "", "img": "https://www.mlbstatic.com/team-logos/116.svg", "team": "det", "start": "", "in": "7", "result": "Double", "evo": "88.0", "la": "-10", "dist": "12"}, {"player": "miguel cabrera", "game": "laa @ det", "gameIdx": 0, "hr/park": "", "pa": "56", "dt": "", "img": "https://www.mlbstatic.com/team-logos/116.svg", "team": "det", "start": "", "in": "7", "result": "Groundout", "evo": "72.4", "la": "-42", "dist": "2"}, {"player": "taylor ward", "game": "laa @ det", "gameIdx": 0, "hr/park": "", "pa": "55", "dt": "", "img": "https://www.mlbstatic.com/team-logos/108.svg", "team": "laa", "start": "", "in": "7", "result": "GIDP", "evo": "93.5", "la": "-14", "dist": "9"}, {"player": "mickey moniak", "game": "laa @ det", "gameIdx": 0, "hr/park": "", "pa": "54", "dt": "", "img": "https://www.mlbstatic.com/team-logos/108.svg", "team": "laa", "start": "", "in": "7", "result": "Walk", "evo": "", "la": "", "dist": ""}, {"player": "michael stefanic", "game": "laa @ det", "gameIdx": 0, "hr/park": "0/30", "pa": "53", "dt": "", "img": "https://www.mlbstatic.com/team-logos/108.svg", "team": "laa", "start": "", "in": "7", "result": "Flyout", "evo": "96.1", "la": "26", "dist": "345"}, {"player": "jake rogers", "game": "laa @ det", "gameIdx": 0, "hr/park": "5/30", "pa": "52", "dt": "", "img": "https://www.mlbstatic.com/team-logos/116.svg", "team": "det", "start": "", "in": "6", "result": "Flyout", "evo": "97.2", "la": "33", "dist": "372"}, {"player": "javier baez", "game": "laa @ det", "gameIdx": 0, "hr/park": "", "pa": "51", "dt": "", "img": "https://www.mlbstatic.com/team-logos/116.svg", "team": "det", "start": "", "in": "6", "result": "Strikeout", "evo": "", "la": "", "dist": ""}, {"player": "kerry carpenter", "game": "laa @ det", "gameIdx": 0, "hr/park": "", "pa": "50", "dt": "", "img": "https://www.mlbstatic.com/team-logos/116.svg", "team": "det", "start": "", "in": "6", "result": "Forceout", "evo": "97.1", "la": "6", "dist": "131"}, {"player": "spencer torkelson", "game": "laa @ det", "gameIdx": 0, "hr/park": "", "pa": "49", "dt": "", "img": "https://www.mlbstatic.com/team-logos/116.svg", "team": "det", "start": "", "in": "6", "result": "Walk", "evo": "", "la": "", "dist": ""}, {"player": "zach neto", "game": "laa @ det", "gameIdx": 0, "hr/park": "", "pa": "48", "dt": "", "img": "https://www.mlbstatic.com/team-logos/108.svg", "team": "laa", "start": "", "in": "6", "result": "Strikeout", "evo": "", "la": "", "dist": ""}, {"player": "luis rengifo", "game": "laa @ det", "gameIdx": 0, "hr/park": "", "pa": "47", "dt": "", "img": "https://www.mlbstatic.com/team-logos/108.svg", "team": "laa", "start": "", "in": "6", "result": "Groundout", "evo": "83.0", "la": "1", "dist": "47"}, {"player": "eduardo escobar", "game": "laa @ det", "gameIdx": 0, "hr/park": "0/30", "pa": "46", "dt": "", "img": "https://www.mlbstatic.com/team-logos/108.svg", "team": "laa", "start": "", "in": "6", "result": "Flyout", "evo": "95.6", "la": "45", "dist": "320"}, {"player": "hunter renfroe", "game": "laa @ det", "gameIdx": 0, "hr/park": "30/30", "pa": "45", "dt": "", "img": "https://www.mlbstatic.com/team-logos/108.svg", "team": "laa", "start": "", "in": "6", "result": "Home Run", "evo": "100.9", "la": "29", "dist": "395"}, {"player": "andy ibanez", "game": "laa @ det", "gameIdx": 0, "hr/park": "0/30", "pa": "44", "dt": "", "img": "https://www.mlbstatic.com/team-logos/116.svg", "team": "det", "start": "", "in": "5", "result": "Flyout", "evo": "92.8", "la": "28", "dist": "351"}, {"player": "matt vierling", "game": "laa @ det", "gameIdx": 0, "hr/park": "", "pa": "43", "dt": "", "img": "https://www.mlbstatic.com/team-logos/116.svg", "team": "det", "start": "", "in": "5", "result": "GIDP", "evo": "73.6", "la": "", "dist": "35"}, {"player": "zack short", "game": "laa @ det", "gameIdx": 0, "hr/park": "", "pa": "42", "dt": "", "img": "https://www.mlbstatic.com/team-logos/116.svg", "team": "det", "start": "", "in": "5", "result": "Single", "evo": "95.8", "la": "14", "dist": "259"}, {"player": "matt thaiss", "game": "laa @ det", "gameIdx": 0, "hr/park": "", "pa": "41", "dt": "", "img": "https://www.mlbstatic.com/team-logos/108.svg", "team": "laa", "start": "", "in": "5", "result": "Groundout", "evo": "90.9", "la": "-4", "dist": "26"}, {"player": "mike moustakas", "game": "laa @ det", "gameIdx": 0, "hr/park": "", "pa": "40", "dt": "", "img": "https://www.mlbstatic.com/team-logos/108.svg", "team": "laa", "start": "", "in": "5", "result": "Pop Out", "evo": "76.8", "la": "78", "dist": "33"}, {"player": "taylor ward", "game": "laa @ det", "gameIdx": 0, "hr/park": "", "pa": "39", "dt": "", "img": "https://www.mlbstatic.com/team-logos/108.svg", "team": "laa", "start": "", "in": "5", "result": "Groundout", "evo": "89.5", "la": "-5", "dist": "23"}, {"player": "zach mckinstry", "game": "laa @ det", "gameIdx": 0, "hr/park": "0/30", "pa": "38", "dt": "", "img": "https://www.mlbstatic.com/team-logos/116.svg", "team": "det", "start": "", "in": "4", "result": "Lineout", "evo": "95.2", "la": "21", "dist": "314"}, {"player": "miguel cabrera", "game": "laa @ det", "gameIdx": 0, "hr/park": "", "pa": "37", "dt": "", "img": "https://www.mlbstatic.com/team-logos/116.svg", "team": "det", "start": "", "in": "4", "result": "Strikeout", "evo": "", "la": "", "dist": ""}, {"player": "jake rogers", "game": "laa @ det", "gameIdx": 0, "hr/park": "0/30", "pa": "36", "dt": "", "img": "https://www.mlbstatic.com/team-logos/116.svg", "team": "det", "start": "", "in": "4", "result": "Lineout", "evo": "96.7", "la": "21", "dist": "308"}, {"player": "mickey moniak", "game": "laa @ det", "gameIdx": 0, "hr/park": "0/30", "pa": "35", "dt": "", "img": "https://www.mlbstatic.com/team-logos/108.svg", "team": "laa", "start": "", "in": "4", "result": "Lineout", "evo": "89.7", "la": "26", "dist": "319"}, {"player": "shohei ohtani", "game": "laa @ det", "gameIdx": 0, "hr/park": "30/30", "pa": "34", "dt": "", "img": "https://www.mlbstatic.com/team-logos/108.svg", "team": "laa", "start": "", "in": "4", "result": "Home Run", "evo": "116.9", "la": "22", "dist": "435"}, {"player": "zach neto", "game": "laa @ det", "gameIdx": 0, "hr/park": "", "pa": "33", "dt": "", "img": "https://www.mlbstatic.com/team-logos/108.svg", "team": "laa", "start": "", "in": "4", "result": "Pop Out", "evo": "84.2", "la": "68", "dist": "110"}, {"player": "luis rengifo", "game": "laa @ det", "gameIdx": 0, "hr/park": "", "pa": "32", "dt": "", "img": "https://www.mlbstatic.com/team-logos/108.svg", "team": "laa", "start": "", "in": "4", "result": "Strikeout", "evo": "", "la": "", "dist": ""}, {"player": "eduardo escobar", "game": "laa @ det", "gameIdx": 0, "hr/park": "20/30", "pa": "31", "dt": "", "img": "https://www.mlbstatic.com/team-logos/108.svg", "team": "laa", "start": "", "in": "4", "result": "Home Run", "evo": "93.9", "la": "36", "dist": "350"}, {"player": "javier baez", "game": "laa @ det", "gameIdx": 0, "hr/park": "", "pa": "30", "dt": "", "img": "https://www.mlbstatic.com/team-logos/116.svg", "team": "det", "start": "", "in": "3", "result": "Forceout", "evo": "85.1", "la": "-3", "dist": "31"}, {"player": "kerry carpenter", "game": "laa @ det", "gameIdx": 0, "hr/park": "", "pa": "29", "dt": "", "img": "https://www.mlbstatic.com/team-logos/116.svg", "team": "det", "start": "", "in": "3", "result": "Single", "evo": "88.8", "la": "7", "dist": "116"}, {"player": "spencer torkelson", "game": "laa @ det", "gameIdx": 0, "hr/park": "", "pa": "28", "dt": "", "img": "https://www.mlbstatic.com/team-logos/116.svg", "team": "det", "start": "", "in": "3", "result": "Groundout", "evo": "71.6", "la": "-40", "dist": "5"}, {"player": "andy ibanez", "game": "laa @ det", "gameIdx": 0, "hr/park": "", "pa": "27", "dt": "", "img": "https://www.mlbstatic.com/team-logos/116.svg", "team": "det", "start": "", "in": "3", "result": "Strikeout", "evo": "", "la": "", "dist": ""}, {"player": "matt vierling", "game": "laa @ det", "gameIdx": 0, "hr/park": "", "pa": "26", "dt": "", "img": "https://www.mlbstatic.com/team-logos/116.svg", "team": "det", "start": "", "in": "3", "result": "Field Error", "evo": "87.8", "la": "-18", "dist": "7"}, {"player": "zack short", "game": "laa @ det", "gameIdx": 0, "hr/park": "", "pa": "25", "dt": "", "img": "https://www.mlbstatic.com/team-logos/116.svg", "team": "det", "start": "", "in": "3", "result": "Single", "evo": "103.2", "la": "3", "dist": "74"}, {"player": "hunter renfroe", "game": "laa @ det", "gameIdx": 0, "hr/park": "", "pa": "24", "dt": "", "img": "https://www.mlbstatic.com/team-logos/108.svg", "team": "laa", "start": "", "in": "3", "result": "Strikeout", "evo": "", "la": "", "dist": ""}, {"player": "matt thaiss", "game": "laa @ det", "gameIdx": 0, "hr/park": "", "pa": "23", "dt": "", "img": "https://www.mlbstatic.com/team-logos/108.svg", "team": "laa", "start": "", "in": "3", "result": "Groundout", "evo": "82.3", "la": "9", "dist": "108"}, {"player": "mike moustakas", "game": "laa @ det", "gameIdx": 0, "hr/park": "", "pa": "22", "dt": "", "img": "https://www.mlbstatic.com/team-logos/108.svg", "team": "laa", "start": "", "in": "3", "result": "Pop Out", "evo": "85.3", "la": "64", "dist": "170"}, {"player": "taylor ward", "game": "laa @ det", "gameIdx": 0, "hr/park": "", "pa": "21", "dt": "", "img": "https://www.mlbstatic.com/team-logos/108.svg", "team": "laa", "start": "", "in": "3", "result": "Field Error", "evo": "89.7", "la": "6", "dist": "107"}, {"player": "zach mckinstry", "game": "laa @ det", "gameIdx": 0, "hr/park": "", "pa": "20", "dt": "", "img": "https://www.mlbstatic.com/team-logos/116.svg", "team": "det", "start": "", "in": "2", "result": "Forceout", "evo": "95.8", "la": "4", "dist": "77"}, {"player": "miguel cabrera", "game": "laa @ det", "gameIdx": 0, "hr/park": "", "pa": "19", "dt": "", "img": "https://www.mlbstatic.com/team-logos/116.svg", "team": "det", "start": "", "in": "2", "result": "Single", "evo": "72.6", "la": "18", "dist": "179"}, {"player": "jake rogers", "game": "laa @ det", "gameIdx": 0, "hr/park": "", "pa": "18", "dt": "", "img": "https://www.mlbstatic.com/team-logos/116.svg", "team": "det", "start": "", "in": "2", "result": "Strikeout", "evo": "", "la": "", "dist": ""}, {"player": "javier baez", "game": "laa @ det", "gameIdx": 0, "hr/park": "", "pa": "17", "dt": "", "img": "https://www.mlbstatic.com/team-logos/116.svg", "team": "det", "start": "", "in": "2", "result": "Strikeout", "evo": "", "la": "", "dist": ""}, {"player": "mickey moniak", "game": "laa @ det", "gameIdx": 0, "hr/park": "0/30", "pa": "16", "dt": "", "img": "https://www.mlbstatic.com/team-logos/108.svg", "team": "laa", "start": "", "in": "2", "result": "Lineout", "evo": "97.2", "la": "19", "dist": "312"}, {"player": "shohei ohtani", "game": "laa @ det", "gameIdx": 0, "hr/park": "29/30", "pa": "15", "dt": "", "img": "https://www.mlbstatic.com/team-logos/108.svg", "team": "laa", "start": "", "in": "2", "result": "Home Run", "evo": "107.6", "la": "25", "dist": "383"}, {"player": "zach neto", "game": "laa @ det", "gameIdx": 0, "hr/park": "", "pa": "14", "dt": "", "img": "https://www.mlbstatic.com/team-logos/108.svg", "team": "laa", "start": "", "in": "2", "result": "Single", "evo": "75.2", "la": "30", "dist": "253"}, {"player": "luis rengifo", "game": "laa @ det", "gameIdx": 0, "hr/park": "28/30", "pa": "13", "dt": "", "img": "https://www.mlbstatic.com/team-logos/108.svg", "team": "laa", "start": "", "in": "2", "result": "Triple", "evo": "103.9", "la": "25", "dist": "419"}, {"player": "eduardo escobar", "game": "laa @ det", "gameIdx": 0, "hr/park": "", "pa": "12", "dt": "", "img": "https://www.mlbstatic.com/team-logos/108.svg", "team": "laa", "start": "", "in": "2", "result": "Walk", "evo": "", "la": "", "dist": ""}, {"player": "hunter renfroe", "game": "laa @ det", "gameIdx": 0, "hr/park": "", "pa": "11", "dt": "", "img": "https://www.mlbstatic.com/team-logos/108.svg", "team": "laa", "start": "", "in": "2", "result": "Pop Out", "evo": "78.8", "la": "82", "dist": "34"}, {"player": "matt thaiss", "game": "laa @ det", "gameIdx": 0, "hr/park": "", "pa": "10", "dt": "", "img": "https://www.mlbstatic.com/team-logos/108.svg", "team": "laa", "start": "", "in": "2", "result": "Strikeout", "evo": "", "la": "", "dist": ""}, {"player": "mike moustakas", "game": "laa @ det", "gameIdx": 0, "hr/park": "", "pa": "9", "dt": "", "img": "https://www.mlbstatic.com/team-logos/108.svg", "team": "laa", "start": "", "in": "2", "result": "Single", "evo": "102.4", "la": "7", "dist": "208"}, {"player": "kerry carpenter", "game": "laa @ det", "gameIdx": 0, "hr/park": "", "pa": "8", "dt": "", "img": "https://www.mlbstatic.com/team-logos/116.svg", "team": "det", "start": "", "in": "1", "result": "Double Play", "evo": "72.4", "la": "13", "dist": "145"}, {"player": "spencer torkelson", "game": "laa @ det", "gameIdx": 0, "hr/park": "", "pa": "7", "dt": "", "img": "https://www.mlbstatic.com/team-logos/116.svg", "team": "det", "start": "", "in": "1", "result": "Walk", "evo": "", "la": "", "dist": ""}, {"player": "andy ibanez", "game": "laa @ det", "gameIdx": 0, "hr/park": "", "pa": "6", "dt": "", "img": "https://www.mlbstatic.com/team-logos/116.svg", "team": "det", "start": "", "in": "1", "result": "Walk", "evo": "", "la": "", "dist": ""}, {"player": "matt vierling", "game": "laa @ det", "gameIdx": 0, "hr/park": "", "pa": "5", "dt": "", "img": "https://www.mlbstatic.com/team-logos/116.svg", "team": "det", "start": "", "in": "1", "result": "Pop Out", "evo": "67.3", "la": "79", "dist": "57"}, {"player": "taylor ward", "game": "laa @ det", "gameIdx": 0, "hr/park": "", "pa": "4", "dt": "", "img": "https://www.mlbstatic.com/team-logos/108.svg", "team": "laa", "start": "", "in": "1", "result": "Groundout", "evo": "96.8", "la": "-13", "dist": "11"}, {"player": "mickey moniak", "game": "laa @ det", "gameIdx": 0, "hr/park": "5/30", "pa": "3", "dt": "", "img": "https://www.mlbstatic.com/team-logos/108.svg", "team": "laa", "start": "", "in": "1", "result": "Double", "evo": "104.3", "la": "25", "dist": "388"}, {"player": "shohei ohtani", "game": "laa @ det", "gameIdx": 0, "hr/park": "", "pa": "2", "dt": "", "img": "https://www.mlbstatic.com/team-logos/108.svg", "team": "laa", "start": "", "in": "1", "result": "Strikeout", "evo": "", "la": "", "dist": ""}, {"player": "zach neto", "game": "laa @ det", "gameIdx": 0, "hr/park": "", "pa": "1", "dt": "", "img": "https://www.mlbstatic.com/team-logos/108.svg", "team": "laa", "start": "", "in": "1", "result": "Strikeout", "evo": "", "la": "", "dist": ""}], "wsh @ nym": [{"player": "cj abrams", "game": "wsh @ nym", "gameIdx": 0, "hr/park": "", "pa": "73", "dt": "", "img": "https://www.mlbstatic.com/team-logos/120.svg", "team": "wsh", "start": "", "in": "9", "result": "Strikeout", "evo": "", "la": "", "dist": ""}, {"player": "alex call", "game": "wsh @ nym", "gameIdx": 0, "hr/park": "", "pa": "72", "dt": "", "img": "https://www.mlbstatic.com/team-logos/120.svg", "team": "wsh", "start": "", "in": "9", "result": "Walk", "evo": "", "la": "", "dist": ""}, {"player": "ildemaro vargas", "game": "wsh @ nym", "gameIdx": 0, "hr/park": "", "pa": "71", "dt": "", "img": "https://www.mlbstatic.com/team-logos/120.svg", "team": "wsh", "start": "", "in": "9", "result": "Flyout", "evo": "83.1", "la": "43", "dist": "286"}, {"player": "stone garrett", "game": "wsh @ nym", "gameIdx": 0, "hr/park": "", "pa": "70", "dt": "", "img": "https://www.mlbstatic.com/team-logos/120.svg", "team": "wsh", "start": "", "in": "9", "result": "Groundout", "evo": "61.9", "la": "-30", "dist": "5"}, {"player": "brett baty", "game": "wsh @ nym", "gameIdx": 0, "hr/park": "", "pa": "69", "dt": "", "img": "https://www.mlbstatic.com/team-logos/121.svg", "team": "nym", "start": "", "in": "8", "result": "Groundout", "evo": "89.5", "la": "4", "dist": "86"}, {"player": "mark canha", "game": "wsh @ nym", "gameIdx": 0, "hr/park": "", "pa": "68", "dt": "", "img": "https://www.mlbstatic.com/team-logos/121.svg", "team": "nym", "start": "", "in": "8", "result": "Sac Fly", "evo": "85.9", "la": "35", "dist": "283"}, {"player": "dj stewart", "game": "wsh @ nym", "gameIdx": 0, "hr/park": "", "pa": "67", "dt": "", "img": "https://www.mlbstatic.com/team-logos/121.svg", "team": "nym", "start": "", "in": "8", "result": "Hit By Pitch", "evo": "", "la": "", "dist": ""}, {"player": "daniel vogelbach", "game": "wsh @ nym", "gameIdx": 0, "hr/park": "", "pa": "66", "dt": "", "img": "https://www.mlbstatic.com/team-logos/121.svg", "team": "nym", "start": "", "in": "8", "result": "Single", "evo": "96.1", "la": "7", "dist": "121"}, {"player": "pete alonso", "game": "wsh @ nym", "gameIdx": 0, "hr/park": "", "pa": "65", "dt": "", "img": "https://www.mlbstatic.com/team-logos/121.svg", "team": "nym", "start": "", "in": "8", "result": "Single", "evo": "73.9", "la": "39", "dist": "244"}, {"player": "jeff mcneil", "game": "wsh @ nym", "gameIdx": 0, "hr/park": "", "pa": "64", "dt": "", "img": "https://www.mlbstatic.com/team-logos/121.svg", "team": "nym", "start": "", "in": "8", "result": "Single", "evo": "46.7", "la": "-71", "dist": "1"}, {"player": "francisco lindor", "game": "wsh @ nym", "gameIdx": 0, "hr/park": "0/30", "pa": "63", "dt": "", "img": "https://www.mlbstatic.com/team-logos/121.svg", "team": "nym", "start": "", "in": "8", "result": "Flyout", "evo": "90.8", "la": "42", "dist": "324"}, {"player": "dominic smith", "game": "wsh @ nym", "gameIdx": 0, "hr/park": "", "pa": "62", "dt": "", "img": "https://www.mlbstatic.com/team-logos/120.svg", "team": "wsh", "start": "", "in": "8", "result": "Groundout", "evo": "90.1", "la": "-33", "dist": "4"}, {"player": "keibert ruiz", "game": "wsh @ nym", "gameIdx": 0, "hr/park": "", "pa": "61", "dt": "", "img": "https://www.mlbstatic.com/team-logos/120.svg", "team": "wsh", "start": "", "in": "8", "result": "Single", "evo": "96.2", "la": "7", "dist": "193"}, {"player": "joey meneses", "game": "wsh @ nym", "gameIdx": 0, "hr/park": "", "pa": "60", "dt": "", "img": "https://www.mlbstatic.com/team-logos/120.svg", "team": "wsh", "start": "", "in": "8", "result": "Groundout", "evo": "54.2", "la": "-58", "dist": "3"}, {"player": "jeimer candelario", "game": "wsh @ nym", "gameIdx": 0, "hr/park": "", "pa": "59", "dt": "", "img": "https://www.mlbstatic.com/team-logos/120.svg", "team": "wsh", "start": "", "in": "8", "result": "Groundout", "evo": "82.4", "la": "-5", "dist": "16"}, {"player": "brandon nimmo", "game": "wsh @ nym", "gameIdx": 0, "hr/park": "0/30", "pa": "58", "dt": "", "img": "https://www.mlbstatic.com/team-logos/121.svg", "team": "nym", "start": "", "in": "7", "result": "Lineout", "evo": "99.4", "la": "14", "dist": "306"}, {"player": "omar narvaez", "game": "wsh @ nym", "gameIdx": 0, "hr/park": "", "pa": "57", "dt": "", "img": "https://www.mlbstatic.com/team-logos/121.svg", "team": "nym", "start": "", "in": "7", "result": "Flyout", "evo": "72.8", "la": "31", "dist": "239"}, {"player": "brett baty", "game": "wsh @ nym", "gameIdx": 0, "hr/park": "0/30", "pa": "56", "dt": "", "img": "https://www.mlbstatic.com/team-logos/121.svg", "team": "nym", "start": "", "in": "7", "result": "Double", "evo": "102.2", "la": "18", "dist": "337"}, {"player": "mark canha", "game": "wsh @ nym", "gameIdx": 0, "hr/park": "", "pa": "55", "dt": "", "img": "https://www.mlbstatic.com/team-logos/121.svg", "team": "nym", "start": "", "in": "7", "result": "Strikeout", "evo": "", "la": "", "dist": ""}, {"player": "lane thomas", "game": "wsh @ nym", "gameIdx": 0, "hr/park": "", "pa": "54", "dt": "", "img": "https://www.mlbstatic.com/team-logos/120.svg", "team": "wsh", "start": "", "in": "7", "result": "GIDP", "evo": "100.6", "la": "-15", "dist": "8"}, {"player": "cj abrams", "game": "wsh @ nym", "gameIdx": 0, "hr/park": "", "pa": "53", "dt": "", "img": "https://www.mlbstatic.com/team-logos/120.svg", "team": "wsh", "start": "", "in": "7", "result": "Single", "evo": "98.0", "la": "-6", "dist": "22"}, {"player": "alex call", "game": "wsh @ nym", "gameIdx": 0, "hr/park": "", "pa": "52", "dt": "", "img": "https://www.mlbstatic.com/team-logos/120.svg", "team": "wsh", "start": "", "in": "7", "result": "Single", "evo": "53.1", "la": "-56", "dist": "1"}, {"player": "luis garcia", "game": "wsh @ nym", "gameIdx": 0, "hr/park": "", "pa": "51", "dt": "", "img": "https://www.mlbstatic.com/team-logos/120.svg", "team": "wsh", "start": "", "in": "7", "result": "Pop Out", "evo": "72.1", "la": "77", "dist": "47"}, {"player": "dj stewart", "game": "wsh @ nym", "gameIdx": 0, "hr/park": "", "pa": "50", "dt": "", "img": "https://www.mlbstatic.com/team-logos/121.svg", "team": "nym", "start": "", "in": "6", "result": "Pop Out", "evo": "69.1", "la": "75", "dist": "75"}, {"player": "daniel vogelbach", "game": "wsh @ nym", "gameIdx": 0, "hr/park": "0/30", "pa": "49", "dt": "", "img": "https://www.mlbstatic.com/team-logos/121.svg", "team": "nym", "start": "", "in": "6", "result": "Lineout", "evo": "99.8", "la": "20", "dist": "323"}, {"player": "pete alonso", "game": "wsh @ nym", "gameIdx": 0, "hr/park": "", "pa": "48", "dt": "", "img": "https://www.mlbstatic.com/team-logos/121.svg", "team": "nym", "start": "", "in": "6", "result": "Hit By Pitch", "evo": "", "la": "", "dist": ""}, {"player": "jeff mcneil", "game": "wsh @ nym", "gameIdx": 0, "hr/park": "", "pa": "47", "dt": "", "img": "https://www.mlbstatic.com/team-logos/121.svg", "team": "nym", "start": "", "in": "6", "result": "Pop Out", "evo": "66.9", "la": "43", "dist": "210"}, {"player": "corey dickerson", "game": "wsh @ nym", "gameIdx": 0, "hr/park": "0/30", "pa": "46", "dt": "", "img": "https://www.mlbstatic.com/team-logos/120.svg", "team": "wsh", "start": "", "in": "6", "result": "Flyout", "evo": "89.6", "la": "38", "dist": "310"}, {"player": "dominic smith", "game": "wsh @ nym", "gameIdx": 0, "hr/park": "", "pa": "45", "dt": "", "img": "https://www.mlbstatic.com/team-logos/120.svg", "team": "wsh", "start": "", "in": "6", "result": "Hit By Pitch", "evo": "", "la": "", "dist": ""}, {"player": "keibert ruiz", "game": "wsh @ nym", "gameIdx": 0, "hr/park": "", "pa": "44", "dt": "", "img": "https://www.mlbstatic.com/team-logos/120.svg", "team": "wsh", "start": "", "in": "6", "result": "Sac Fly", "evo": "81.4", "la": "34", "dist": "290"}, {"player": "joey meneses", "game": "wsh @ nym", "gameIdx": 0, "hr/park": "", "pa": "43", "dt": "", "img": "https://www.mlbstatic.com/team-logos/120.svg", "team": "wsh", "start": "", "in": "6", "result": "Single", "evo": "104.0", "la": "6", "dist": "126"}, {"player": "jeimer candelario", "game": "wsh @ nym", "gameIdx": 0, "hr/park": "", "pa": "42", "dt": "", "img": "https://www.mlbstatic.com/team-logos/120.svg", "team": "wsh", "start": "", "in": "6", "result": "Catcher Interference", "evo": "", "la": "", "dist": ""}, {"player": "lane thomas", "game": "wsh @ nym", "gameIdx": 0, "hr/park": "", "pa": "41", "dt": "", "img": "https://www.mlbstatic.com/team-logos/120.svg", "team": "wsh", "start": "", "in": "6", "result": "Strikeout", "evo": "", "la": "", "dist": ""}, {"player": "cj abrams", "game": "wsh @ nym", "gameIdx": 0, "hr/park": "", "pa": "40", "dt": "", "img": "https://www.mlbstatic.com/team-logos/120.svg", "team": "wsh", "start": "", "in": "6", "result": "Walk", "evo": "", "la": "", "dist": ""}, {"player": "francisco lindor", "game": "wsh @ nym", "gameIdx": 0, "hr/park": "", "pa": "39", "dt": "", "img": "https://www.mlbstatic.com/team-logos/121.svg", "team": "nym", "start": "", "in": "5", "result": "Strikeout Double Play", "evo": "", "la": "", "dist": ""}, {"player": "brandon nimmo", "game": "wsh @ nym", "gameIdx": 0, "hr/park": "", "pa": "38", "dt": "", "img": "https://www.mlbstatic.com/team-logos/121.svg", "team": "nym", "start": "", "in": "5", "result": "Walk", "evo": "", "la": "", "dist": ""}, {"player": "omar narvaez", "game": "wsh @ nym", "gameIdx": 0, "hr/park": "0/30", "pa": "37", "dt": "", "img": "https://www.mlbstatic.com/team-logos/121.svg", "team": "nym", "start": "", "in": "5", "result": "Flyout", "evo": "98.9", "la": "26", "dist": "363"}, {"player": "cj abrams", "game": "wsh @ nym", "gameIdx": 0, "hr/park": "", "pa": "36", "dt": "", "img": "https://www.mlbstatic.com/team-logos/120.svg", "team": "wsh", "start": "", "in": "5", "result": "Caught Stealing 2B", "evo": "", "la": "", "dist": ""}, {"player": "alex call", "game": "wsh @ nym", "gameIdx": 0, "hr/park": "", "pa": "35", "dt": "", "img": "https://www.mlbstatic.com/team-logos/120.svg", "team": "wsh", "start": "", "in": "5", "result": "Walk", "evo": "", "la": "", "dist": ""}, {"player": "luis garcia", "game": "wsh @ nym", "gameIdx": 0, "hr/park": "", "pa": "34", "dt": "", "img": "https://www.mlbstatic.com/team-logos/120.svg", "team": "wsh", "start": "", "in": "5", "result": "Groundout", "evo": "74.7", "la": "-10", "dist": "12"}, {"player": "corey dickerson", "game": "wsh @ nym", "gameIdx": 0, "hr/park": "", "pa": "33", "dt": "", "img": "https://www.mlbstatic.com/team-logos/120.svg", "team": "wsh", "start": "", "in": "5", "result": "Groundout", "evo": "81.0", "la": "-40", "dist": "5"}, {"player": "brett baty", "game": "wsh @ nym", "gameIdx": 0, "hr/park": "0/30", "pa": "32", "dt": "", "img": "https://www.mlbstatic.com/team-logos/121.svg", "team": "nym", "start": "", "in": "4", "result": "Lineout", "evo": "95.4", "la": "22", "dist": "341"}, {"player": "mark canha", "game": "wsh @ nym", "gameIdx": 0, "hr/park": "", "pa": "31", "dt": "", "img": "https://www.mlbstatic.com/team-logos/121.svg", "team": "nym", "start": "", "in": "4", "result": "Single", "evo": "98.6", "la": "16", "dist": "276"}, {"player": "dj stewart", "game": "wsh @ nym", "gameIdx": 0, "hr/park": "", "pa": "30", "dt": "", "img": "https://www.mlbstatic.com/team-logos/121.svg", "team": "nym", "start": "", "in": "4", "result": "Strikeout", "evo": "", "la": "", "dist": ""}, {"player": "daniel vogelbach", "game": "wsh @ nym", "gameIdx": 0, "hr/park": "", "pa": "29", "dt": "", "img": "https://www.mlbstatic.com/team-logos/121.svg", "team": "nym", "start": "", "in": "4", "result": "Pop Out", "evo": "86.4", "la": "71", "dist": "116"}, {"player": "dominic smith", "game": "wsh @ nym", "gameIdx": 0, "hr/park": "", "pa": "28", "dt": "", "img": "https://www.mlbstatic.com/team-logos/120.svg", "team": "wsh", "start": "", "in": "4", "result": "Strikeout", "evo": "", "la": "", "dist": ""}, {"player": "keibert ruiz", "game": "wsh @ nym", "gameIdx": 0, "hr/park": "0/30", "pa": "27", "dt": "", "img": "https://www.mlbstatic.com/team-logos/120.svg", "team": "wsh", "start": "", "in": "4", "result": "Flyout", "evo": "92.0", "la": "31", "dist": "330"}, {"player": "joey meneses", "game": "wsh @ nym", "gameIdx": 0, "hr/park": "", "pa": "26", "dt": "", "img": "https://www.mlbstatic.com/team-logos/120.svg", "team": "wsh", "start": "", "in": "4", "result": "Lineout", "evo": "77.7", "la": "27", "dist": "277"}, {"player": "jeimer candelario", "game": "wsh @ nym", "gameIdx": 0, "hr/park": "", "pa": "25", "dt": "", "img": "https://www.mlbstatic.com/team-logos/120.svg", "team": "wsh", "start": "", "in": "4", "result": "Strikeout", "evo": "", "la": "", "dist": ""}, {"player": "pete alonso", "game": "wsh @ nym", "gameIdx": 0, "hr/park": "2/30", "pa": "24", "dt": "", "img": "https://www.mlbstatic.com/team-logos/121.svg", "team": "nym", "start": "", "in": "3", "result": "Flyout", "evo": "96.7", "la": "37", "dist": "361"}, {"player": "jeff mcneil", "game": "wsh @ nym", "gameIdx": 0, "hr/park": "7/30", "pa": "23", "dt": "", "img": "https://www.mlbstatic.com/team-logos/121.svg", "team": "nym", "start": "", "in": "3", "result": "Flyout", "evo": "95.9", "la": "39", "dist": "343"}, {"player": "francisco lindor", "game": "wsh @ nym", "gameIdx": 0, "hr/park": "", "pa": "22", "dt": "", "img": "https://www.mlbstatic.com/team-logos/121.svg", "team": "nym", "start": "", "in": "3", "result": "Pop Out", "evo": "82.7", "la": "79", "dist": "54"}, {"player": "lane thomas", "game": "wsh @ nym", "gameIdx": 0, "hr/park": "", "pa": "21", "dt": "", "img": "https://www.mlbstatic.com/team-logos/120.svg", "team": "wsh", "start": "", "in": "3", "result": "Strikeout", "evo": "", "la": "", "dist": ""}, {"player": "cj abrams", "game": "wsh @ nym", "gameIdx": 0, "hr/park": "", "pa": "20", "dt": "", "img": "https://www.mlbstatic.com/team-logos/120.svg", "team": "wsh", "start": "", "in": "3", "result": "Walk", "evo": "", "la": "", "dist": ""}, {"player": "alex call", "game": "wsh @ nym", "gameIdx": 0, "hr/park": "", "pa": "19", "dt": "", "img": "https://www.mlbstatic.com/team-logos/120.svg", "team": "wsh", "start": "", "in": "3", "result": "Sac Bunt", "evo": "8.6", "la": "65", "dist": "5"}, {"player": "luis garcia", "game": "wsh @ nym", "gameIdx": 0, "hr/park": "", "pa": "18", "dt": "", "img": "https://www.mlbstatic.com/team-logos/120.svg", "team": "wsh", "start": "", "in": "3", "result": "Strikeout", "evo": "", "la": "", "dist": ""}, {"player": "corey dickerson", "game": "wsh @ nym", "gameIdx": 0, "hr/park": "", "pa": "17", "dt": "", "img": "https://www.mlbstatic.com/team-logos/120.svg", "team": "wsh", "start": "", "in": "3", "result": "Single", "evo": "106.7", "la": "3", "dist": "94"}, {"player": "brandon nimmo", "game": "wsh @ nym", "gameIdx": 0, "hr/park": "1/30", "pa": "16", "dt": "", "img": "https://www.mlbstatic.com/team-logos/121.svg", "team": "nym", "start": "", "in": "2", "result": "Flyout", "evo": "95.9", "la": "40", "dist": "330"}, {"player": "omar narvaez", "game": "wsh @ nym", "gameIdx": 0, "hr/park": "", "pa": "15", "dt": "", "img": "https://www.mlbstatic.com/team-logos/121.svg", "team": "nym", "start": "", "in": "2", "result": "Walk", "evo": "", "la": "", "dist": ""}, {"player": "brett baty", "game": "wsh @ nym", "gameIdx": 0, "hr/park": "", "pa": "14", "dt": "", "img": "https://www.mlbstatic.com/team-logos/121.svg", "team": "nym", "start": "", "in": "2", "result": "Groundout", "evo": "59.0", "la": "-28", "dist": "8"}, {"player": "mark canha", "game": "wsh @ nym", "gameIdx": 0, "hr/park": "", "pa": "13", "dt": "", "img": "https://www.mlbstatic.com/team-logos/121.svg", "team": "nym", "start": "", "in": "2", "result": "Single", "evo": "104.7", "la": "-9", "dist": "12"}, {"player": "dj stewart", "game": "wsh @ nym", "gameIdx": 0, "hr/park": "", "pa": "12", "dt": "", "img": "https://www.mlbstatic.com/team-logos/121.svg", "team": "nym", "start": "", "in": "2", "result": "Strikeout", "evo": "", "la": "", "dist": ""}, {"player": "daniel vogelbach", "game": "wsh @ nym", "gameIdx": 0, "hr/park": "", "pa": "11", "dt": "", "img": "https://www.mlbstatic.com/team-logos/121.svg", "team": "nym", "start": "", "in": "2", "result": "Walk", "evo": "", "la": "", "dist": ""}, {"player": "dominic smith", "game": "wsh @ nym", "gameIdx": 0, "hr/park": "", "pa": "10", "dt": "", "img": "https://www.mlbstatic.com/team-logos/120.svg", "team": "wsh", "start": "", "in": "2", "result": "Groundout", "evo": "102.5", "la": "-2", "dist": "32"}, {"player": "keibert ruiz", "game": "wsh @ nym", "gameIdx": 0, "hr/park": "", "pa": "9", "dt": "", "img": "https://www.mlbstatic.com/team-logos/120.svg", "team": "wsh", "start": "", "in": "2", "result": "Groundout", "evo": "99.4", "la": "-9", "dist": "16"}, {"player": "joey meneses", "game": "wsh @ nym", "gameIdx": 0, "hr/park": "", "pa": "8", "dt": "", "img": "https://www.mlbstatic.com/team-logos/120.svg", "team": "wsh", "start": "", "in": "2", "result": "Groundout", "evo": "93.3", "la": "-2", "dist": "37"}, {"player": "pete alonso", "game": "wsh @ nym", "gameIdx": 0, "hr/park": "", "pa": "7", "dt": "", "img": "https://www.mlbstatic.com/team-logos/121.svg", "team": "nym", "start": "", "in": "1", "result": "Pop Out", "evo": "64.5", "la": "68", "dist": "87"}, {"player": "jeff mcneil", "game": "wsh @ nym", "gameIdx": 0, "hr/park": "", "pa": "6", "dt": "", "img": "https://www.mlbstatic.com/team-logos/121.svg", "team": "nym", "start": "", "in": "1", "result": "Hit By Pitch", "evo": "", "la": "", "dist": ""}, {"player": "francisco lindor", "game": "wsh @ nym", "gameIdx": 0, "hr/park": "", "pa": "5", "dt": "", "img": "https://www.mlbstatic.com/team-logos/121.svg", "team": "nym", "start": "", "in": "1", "result": "Pop Out", "evo": "69.4", "la": "59", "dist": "173"}, {"player": "brandon nimmo", "game": "wsh @ nym", "gameIdx": 0, "hr/park": "", "pa": "4", "dt": "", "img": "https://www.mlbstatic.com/team-logos/121.svg", "team": "nym", "start": "", "in": "1", "result": "Strikeout", "evo": "", "la": "", "dist": ""}, {"player": "jeimer candelario", "game": "wsh @ nym", "gameIdx": 0, "hr/park": "", "pa": "3", "dt": "", "img": "https://www.mlbstatic.com/team-logos/120.svg", "team": "wsh", "start": "", "in": "1", "result": "Flyout", "evo": "89.1", "la": "43", "dist": "299"}, {"player": "lane thomas", "game": "wsh @ nym", "gameIdx": 0, "hr/park": "", "pa": "2", "dt": "", "img": "https://www.mlbstatic.com/team-logos/120.svg", "team": "wsh", "start": "", "in": "1", "result": "Pop Out", "evo": "87.9", "la": "72", "dist": "112"}, {"player": "cj abrams", "game": "wsh @ nym", "gameIdx": 0, "hr/park": "", "pa": "1", "dt": "", "img": "https://www.mlbstatic.com/team-logos/120.svg", "team": "wsh", "start": "", "in": "1", "result": "Lineout", "evo": "87.8", "la": "21", "dist": "295"}], "chc @ stl": [{"player": "alec burleson", "game": "chc @ stl", "gameIdx": 0, "hr/park": "", "pa": "86", "dt": "", "img": "https://www.mlbstatic.com/team-logos/138.svg", "team": "stl", "start": "", "in": "9", "result": "Groundout", "evo": "101.8", "la": "-6", "dist": "19"}, {"player": "brendan donovan", "game": "chc @ stl", "gameIdx": 0, "hr/park": "", "pa": "85", "dt": "", "img": "https://www.mlbstatic.com/team-logos/138.svg", "team": "stl", "start": "", "in": "9", "result": "Field Error", "evo": "83.7", "la": "-1", "dist": "38"}, {"player": "taylor motter", "game": "chc @ stl", "gameIdx": 0, "hr/park": "", "pa": "84", "dt": "", "img": "https://www.mlbstatic.com/team-logos/138.svg", "team": "stl", "start": "", "in": "9", "result": "Strikeout", "evo": "", "la": "", "dist": ""}, {"player": "dylan carlson", "game": "chc @ stl", "gameIdx": 0, "hr/park": "", "pa": "83", "dt": "", "img": "https://www.mlbstatic.com/team-logos/138.svg", "team": "stl", "start": "", "in": "9", "result": "Pop Out", "evo": "82.2", "la": "59", "dist": "207"}, {"player": "ian happ", "game": "chc @ stl", "gameIdx": 0, "hr/park": "", "pa": "82", "dt": "", "img": "https://www.mlbstatic.com/team-logos/112.svg", "team": "chc", "start": "", "in": "9", "result": "Flyout", "evo": "91.7", "la": "59", "dist": "252"}, {"player": "patrick wisdom", "game": "chc @ stl", "gameIdx": 0, "hr/park": "", "pa": "81", "dt": "", "img": "https://www.mlbstatic.com/team-logos/112.svg", "team": "chc", "start": "", "in": "9", "result": "Strikeout", "evo": "", "la": "", "dist": ""}, {"player": "mike tauchman", "game": "chc @ stl", "gameIdx": 0, "hr/park": "", "pa": "80", "dt": "", "img": "https://www.mlbstatic.com/team-logos/112.svg", "team": "chc", "start": "", "in": "9", "result": "Single", "evo": "39.8", "la": "-5", "dist": "15"}, {"player": "miles mastrobuoni", "game": "chc @ stl", "gameIdx": 0, "hr/park": "", "pa": "79", "dt": "", "img": "https://www.mlbstatic.com/team-logos/112.svg", "team": "chc", "start": "", "in": "9", "result": "Forceout", "evo": "99.8", "la": "6", "dist": "110"}, {"player": "miguel amaya", "game": "chc @ stl", "gameIdx": 0, "hr/park": "", "pa": "78", "dt": "", "img": "https://www.mlbstatic.com/team-logos/112.svg", "team": "chc", "start": "", "in": "9", "result": "Hit By Pitch", "evo": "", "la": "", "dist": ""}, {"player": "christopher morel", "game": "chc @ stl", "gameIdx": 0, "hr/park": "", "pa": "77", "dt": "", "img": "https://www.mlbstatic.com/team-logos/112.svg", "team": "chc", "start": "", "in": "9", "result": "Single", "evo": "71.2", "la": "32", "dist": "243"}, {"player": "nolan gorman", "game": "chc @ stl", "gameIdx": 0, "hr/park": "", "pa": "76", "dt": "", "img": "https://www.mlbstatic.com/team-logos/138.svg", "team": "stl", "start": "", "in": "8", "result": "Strikeout", "evo": "", "la": "", "dist": ""}, {"player": "jordan walker", "game": "chc @ stl", "gameIdx": 0, "hr/park": "", "pa": "75", "dt": "", "img": "https://www.mlbstatic.com/team-logos/138.svg", "team": "stl", "start": "", "in": "8", "result": "Groundout", "evo": "84.9", "la": "-18", "dist": "9"}, {"player": "tyler oneill", "game": "chc @ stl", "gameIdx": 0, "hr/park": "", "pa": "74", "dt": "", "img": "https://www.mlbstatic.com/team-logos/138.svg", "team": "stl", "start": "", "in": "8", "result": "Double", "evo": "105.2", "la": "7", "dist": "136"}, {"player": "andrew knizner", "game": "chc @ stl", "gameIdx": 0, "hr/park": "30/30", "pa": "73", "dt": "", "img": "https://www.mlbstatic.com/team-logos/138.svg", "team": "stl", "start": "", "in": "8", "result": "Home Run", "evo": "101.3", "la": "31", "dist": "409"}, {"player": "paul dejong", "game": "chc @ stl", "gameIdx": 0, "hr/park": "", "pa": "72", "dt": "", "img": "https://www.mlbstatic.com/team-logos/138.svg", "team": "stl", "start": "", "in": "8", "result": "Flyout", "evo": "90.0", "la": "49", "dist": "284"}, {"player": "alec burleson", "game": "chc @ stl", "gameIdx": 0, "hr/park": "", "pa": "71", "dt": "", "img": "https://www.mlbstatic.com/team-logos/138.svg", "team": "stl", "start": "", "in": "8", "result": "Double", "evo": "104.6", "la": "12", "dist": "215"}, {"player": "trey mancini", "game": "chc @ stl", "gameIdx": 0, "hr/park": "", "pa": "70", "dt": "", "img": "https://www.mlbstatic.com/team-logos/112.svg", "team": "chc", "start": "", "in": "8", "result": "Strikeout", "evo": "", "la": "", "dist": ""}, {"player": "seiya suzuki", "game": "chc @ stl", "gameIdx": 0, "hr/park": "", "pa": "69", "dt": "", "img": "https://www.mlbstatic.com/team-logos/112.svg", "team": "chc", "start": "", "in": "8", "result": "Forceout", "evo": "60.3", "la": "-1", "dist": "28"}, {"player": "cody bellinger", "game": "chc @ stl", "gameIdx": 0, "hr/park": "", "pa": "68", "dt": "", "img": "https://www.mlbstatic.com/team-logos/112.svg", "team": "chc", "start": "", "in": "8", "result": "Single", "evo": "83.7", "la": "17", "dist": "224"}, {"player": "ian happ", "game": "chc @ stl", "gameIdx": 0, "hr/park": "", "pa": "67", "dt": "", "img": "https://www.mlbstatic.com/team-logos/112.svg", "team": "chc", "start": "", "in": "8", "result": "Walk", "evo": "", "la": "", "dist": ""}, {"player": "patrick wisdom", "game": "chc @ stl", "gameIdx": 0, "hr/park": "", "pa": "66", "dt": "", "img": "https://www.mlbstatic.com/team-logos/112.svg", "team": "chc", "start": "", "in": "8", "result": "Groundout", "evo": "90.2", "la": "-1", "dist": "44"}, {"player": "brendan donovan", "game": "chc @ stl", "gameIdx": 0, "hr/park": "", "pa": "65", "dt": "", "img": "https://www.mlbstatic.com/team-logos/138.svg", "team": "stl", "start": "", "in": "7", "result": "Pop Out", "evo": "75.0", "la": "70", "dist": "118"}, {"player": "taylor motter", "game": "chc @ stl", "gameIdx": 0, "hr/park": "", "pa": "64", "dt": "", "img": "https://www.mlbstatic.com/team-logos/138.svg", "team": "stl", "start": "", "in": "7", "result": "Strikeout", "evo": "", "la": "", "dist": ""}, {"player": "dylan carlson", "game": "chc @ stl", "gameIdx": 0, "hr/park": "", "pa": "63", "dt": "", "img": "https://www.mlbstatic.com/team-logos/138.svg", "team": "stl", "start": "", "in": "7", "result": "Strikeout", "evo": "", "la": "", "dist": ""}, {"player": "mike tauchman", "game": "chc @ stl", "gameIdx": 0, "hr/park": "", "pa": "62", "dt": "", "img": "https://www.mlbstatic.com/team-logos/112.svg", "team": "chc", "start": "", "in": "7", "result": "Lineout", "evo": "107.1", "la": "8", "dist": "173"}, {"player": "miles mastrobuoni", "game": "chc @ stl", "gameIdx": 0, "hr/park": "", "pa": "61", "dt": "", "img": "https://www.mlbstatic.com/team-logos/112.svg", "team": "chc", "start": "", "in": "7", "result": "Groundout", "evo": "78.0", "la": "-14", "dist": "8"}, {"player": "yan gomes", "game": "chc @ stl", "gameIdx": 0, "hr/park": "", "pa": "60", "dt": "", "img": "https://www.mlbstatic.com/team-logos/112.svg", "team": "chc", "start": "", "in": "7", "result": "Double", "evo": "78.2", "la": "-11", "dist": "13"}, {"player": "christopher morel", "game": "chc @ stl", "gameIdx": 0, "hr/park": "", "pa": "59", "dt": "", "img": "https://www.mlbstatic.com/team-logos/112.svg", "team": "chc", "start": "", "in": "7", "result": "Walk", "evo": "", "la": "", "dist": ""}, {"player": "dansby swanson", "game": "chc @ stl", "gameIdx": 0, "hr/park": "", "pa": "58", "dt": "", "img": "https://www.mlbstatic.com/team-logos/112.svg", "team": "chc", "start": "", "in": "7", "result": "Walk", "evo": "", "la": "", "dist": ""}, {"player": "seiya suzuki", "game": "chc @ stl", "gameIdx": 0, "hr/park": "", "pa": "57", "dt": "", "img": "https://www.mlbstatic.com/team-logos/112.svg", "team": "chc", "start": "", "in": "7", "result": "Flyout", "evo": "88.1", "la": "59", "dist": "221"}, {"player": "nolan gorman", "game": "chc @ stl", "gameIdx": 0, "hr/park": "", "pa": "56", "dt": "", "img": "https://www.mlbstatic.com/team-logos/138.svg", "team": "stl", "start": "", "in": "6", "result": "GIDP", "evo": "95.1", "la": "2", "dist": "56"}, {"player": "jordan walker", "game": "chc @ stl", "gameIdx": 0, "hr/park": "2/30", "pa": "55", "dt": "", "img": "https://www.mlbstatic.com/team-logos/138.svg", "team": "stl", "start": "", "in": "6", "result": "Flyout", "evo": "93.0", "la": "36", "dist": "355"}, {"player": "tyler oneill", "game": "chc @ stl", "gameIdx": 0, "hr/park": "", "pa": "54", "dt": "", "img": "https://www.mlbstatic.com/team-logos/138.svg", "team": "stl", "start": "", "in": "6", "result": "Walk", "evo": "", "la": "", "dist": ""}, {"player": "cody bellinger", "game": "chc @ stl", "gameIdx": 0, "hr/park": "0/30", "pa": "53", "dt": "", "img": "https://www.mlbstatic.com/team-logos/112.svg", "team": "chc", "start": "", "in": "6", "result": "Flyout", "evo": "97.3", "la": "48", "dist": "325"}, {"player": "ian happ", "game": "chc @ stl", "gameIdx": 0, "hr/park": "", "pa": "52", "dt": "", "img": "https://www.mlbstatic.com/team-logos/112.svg", "team": "chc", "start": "", "in": "6", "result": "Groundout", "evo": "65.8", "la": "1", "dist": "47"}, {"player": "nico hoerner", "game": "chc @ stl", "gameIdx": 0, "hr/park": "", "pa": "51", "dt": "", "img": "https://www.mlbstatic.com/team-logos/112.svg", "team": "chc", "start": "", "in": "6", "result": "Flyout", "evo": "88.1", "la": "47", "dist": "286"}, {"player": "mike tauchman", "game": "chc @ stl", "gameIdx": 0, "hr/park": "17/30", "pa": "50", "dt": "", "img": "https://www.mlbstatic.com/team-logos/112.svg", "team": "chc", "start": "", "in": "6", "result": "Home Run", "evo": "101.2", "la": "32", "dist": "401"}, {"player": "andrew knizner", "game": "chc @ stl", "gameIdx": 0, "hr/park": "0/30", "pa": "49", "dt": "", "img": "https://www.mlbstatic.com/team-logos/138.svg", "team": "stl", "start": "", "in": "5", "result": "Flyout", "evo": "86.2", "la": "29", "dist": "324"}, {"player": "nolan arenado", "game": "chc @ stl", "gameIdx": 0, "hr/park": "", "pa": "48", "dt": "", "img": "https://www.mlbstatic.com/team-logos/138.svg", "team": "stl", "start": "", "in": "5", "result": "Double", "evo": "103.6", "la": "8", "dist": "149"}, {"player": "paul goldschmidt", "game": "chc @ stl", "gameIdx": 0, "hr/park": "", "pa": "47", "dt": "", "img": "https://www.mlbstatic.com/team-logos/138.svg", "team": "stl", "start": "", "in": "5", "result": "Groundout", "evo": "73.8", "la": "-14", "dist": "7"}, {"player": "brendan donovan", "game": "chc @ stl", "gameIdx": 0, "hr/park": "", "pa": "46", "dt": "", "img": "https://www.mlbstatic.com/team-logos/138.svg", "team": "stl", "start": "", "in": "5", "result": "Groundout", "evo": "69.6", "la": "-70", "dist": "2"}, {"player": "miles mastrobuoni", "game": "chc @ stl", "gameIdx": 0, "hr/park": "", "pa": "45", "dt": "", "img": "https://www.mlbstatic.com/team-logos/112.svg", "team": "chc", "start": "", "in": "5", "result": "Groundout", "evo": "94.5", "la": "", "dist": "51"}, {"player": "yan gomes", "game": "chc @ stl", "gameIdx": 0, "hr/park": "", "pa": "44", "dt": "", "img": "https://www.mlbstatic.com/team-logos/112.svg", "team": "chc", "start": "", "in": "5", "result": "Strikeout", "evo": "", "la": "", "dist": ""}, {"player": "christopher morel", "game": "chc @ stl", "gameIdx": 0, "hr/park": "", "pa": "43", "dt": "", "img": "https://www.mlbstatic.com/team-logos/112.svg", "team": "chc", "start": "", "in": "5", "result": "Groundout", "evo": "95.8", "la": "-13", "dist": "13"}, {"player": "taylor motter", "game": "chc @ stl", "gameIdx": 0, "hr/park": "", "pa": "42", "dt": "", "img": "https://www.mlbstatic.com/team-logos/138.svg", "team": "stl", "start": "", "in": "4", "result": "Forceout", "evo": "81.6", "la": "-24", "dist": "6"}, {"player": "dylan carlson", "game": "chc @ stl", "gameIdx": 0, "hr/park": "0/30", "pa": "41", "dt": "", "img": "https://www.mlbstatic.com/team-logos/138.svg", "team": "stl", "start": "", "in": "4", "result": "Flyout", "evo": "99.0", "la": "48", "dist": "323"}, {"player": "nolan gorman", "game": "chc @ stl", "gameIdx": 0, "hr/park": "", "pa": "40", "dt": "", "img": "https://www.mlbstatic.com/team-logos/138.svg", "team": "stl", "start": "", "in": "4", "result": "Walk", "evo": "", "la": "", "dist": ""}, {"player": "jordan walker", "game": "chc @ stl", "gameIdx": 0, "hr/park": "0/30", "pa": "39", "dt": "", "img": "https://www.mlbstatic.com/team-logos/138.svg", "team": "stl", "start": "", "in": "4", "result": "Flyout", "evo": "96.5", "la": "27", "dist": "358"}, {"player": "tyler oneill", "game": "chc @ stl", "gameIdx": 0, "hr/park": "", "pa": "38", "dt": "", "img": "https://www.mlbstatic.com/team-logos/138.svg", "team": "stl", "start": "", "in": "4", "result": "Single", "evo": "101.0", "la": "", "dist": "51"}, {"player": "andrew knizner", "game": "chc @ stl", "gameIdx": 0, "hr/park": "29/30", "pa": "37", "dt": "", "img": "https://www.mlbstatic.com/team-logos/138.svg", "team": "stl", "start": "", "in": "4", "result": "Home Run", "evo": "107.5", "la": "22", "dist": "392"}, {"player": "dansby swanson", "game": "chc @ stl", "gameIdx": 0, "hr/park": "", "pa": "36", "dt": "", "img": "https://www.mlbstatic.com/team-logos/112.svg", "team": "chc", "start": "", "in": "4", "result": "Strikeout", "evo": "", "la": "", "dist": ""}, {"player": "seiya suzuki", "game": "chc @ stl", "gameIdx": 0, "hr/park": "", "pa": "35", "dt": "", "img": "https://www.mlbstatic.com/team-logos/112.svg", "team": "chc", "start": "", "in": "4", "result": "Forceout", "evo": "97.1", "la": "-26", "dist": "5"}, {"player": "cody bellinger", "game": "chc @ stl", "gameIdx": 0, "hr/park": "", "pa": "34", "dt": "", "img": "https://www.mlbstatic.com/team-logos/112.svg", "team": "chc", "start": "", "in": "4", "result": "Single", "evo": "75.4", "la": "12", "dist": "159"}, {"player": "ian happ", "game": "chc @ stl", "gameIdx": 0, "hr/park": "0/30", "pa": "33", "dt": "", "img": "https://www.mlbstatic.com/team-logos/112.svg", "team": "chc", "start": "", "in": "4", "result": "Flyout", "evo": "88.5", "la": "35", "dist": "326"}, {"player": "nico hoerner", "game": "chc @ stl", "gameIdx": 0, "hr/park": "", "pa": "32", "dt": "", "img": "https://www.mlbstatic.com/team-logos/112.svg", "team": "chc", "start": "", "in": "4", "result": "Double", "evo": "93.8", "la": "14", "dist": "230"}, {"player": "nolan arenado", "game": "chc @ stl", "gameIdx": 0, "hr/park": "", "pa": "31", "dt": "", "img": "https://www.mlbstatic.com/team-logos/138.svg", "team": "stl", "start": "", "in": "3", "result": "Forceout", "evo": "87.9", "la": "-5", "dist": "23"}, {"player": "paul goldschmidt", "game": "chc @ stl", "gameIdx": 0, "hr/park": "", "pa": "30", "dt": "", "img": "https://www.mlbstatic.com/team-logos/138.svg", "team": "stl", "start": "", "in": "3", "result": "Walk", "evo": "", "la": "", "dist": ""}, {"player": "brendan donovan", "game": "chc @ stl", "gameIdx": 0, "hr/park": "", "pa": "29", "dt": "", "img": "https://www.mlbstatic.com/team-logos/138.svg", "team": "stl", "start": "", "in": "3", "result": "Strikeout", "evo": "", "la": "", "dist": ""}, {"player": "taylor motter", "game": "chc @ stl", "gameIdx": 0, "hr/park": "", "pa": "28", "dt": "", "img": "https://www.mlbstatic.com/team-logos/138.svg", "team": "stl", "start": "", "in": "3", "result": "Groundout", "evo": "78.5", "la": "8", "dist": "117"}, {"player": "dylan carlson", "game": "chc @ stl", "gameIdx": 0, "hr/park": "", "pa": "27", "dt": "", "img": "https://www.mlbstatic.com/team-logos/138.svg", "team": "stl", "start": "", "in": "3", "result": "Single", "evo": "92.3", "la": "3", "dist": "65"}, {"player": "mike tauchman", "game": "chc @ stl", "gameIdx": 0, "hr/park": "", "pa": "26", "dt": "", "img": "https://www.mlbstatic.com/team-logos/112.svg", "team": "chc", "start": "", "in": "3", "result": "Forceout", "evo": "96.9", "la": "-17", "dist": "5"}, {"player": "miles mastrobuoni", "game": "chc @ stl", "gameIdx": 0, "hr/park": "", "pa": "25", "dt": "", "img": "https://www.mlbstatic.com/team-logos/112.svg", "team": "chc", "start": "", "in": "3", "result": "Single", "evo": "78.0", "la": "-45", "dist": "4"}, {"player": "yan gomes", "game": "chc @ stl", "gameIdx": 0, "hr/park": "", "pa": "24", "dt": "", "img": "https://www.mlbstatic.com/team-logos/112.svg", "team": "chc", "start": "", "in": "3", "result": "Single", "evo": "106.9", "la": "15", "dist": "264"}, {"player": "christopher morel", "game": "chc @ stl", "gameIdx": 0, "hr/park": "", "pa": "23", "dt": "", "img": "https://www.mlbstatic.com/team-logos/112.svg", "team": "chc", "start": "", "in": "3", "result": "Single", "evo": "101.9", "la": "10", "dist": "191"}, {"player": "dansby swanson", "game": "chc @ stl", "gameIdx": 0, "hr/park": "", "pa": "22", "dt": "", "img": "https://www.mlbstatic.com/team-logos/112.svg", "team": "chc", "start": "", "in": "3", "result": "Single", "evo": "48.1", "la": "-72", "dist": "4"}, {"player": "seiya suzuki", "game": "chc @ stl", "gameIdx": 0, "hr/park": "", "pa": "21", "dt": "", "img": "https://www.mlbstatic.com/team-logos/112.svg", "team": "chc", "start": "", "in": "3", "result": "Groundout", "evo": "95.1", "la": "-6", "dist": "19"}, {"player": "cody bellinger", "game": "chc @ stl", "gameIdx": 0, "hr/park": "0/30", "pa": "20", "dt": "", "img": "https://www.mlbstatic.com/team-logos/112.svg", "team": "chc", "start": "", "in": "3", "result": "Flyout", "evo": "95.8", "la": "26", "dist": "357"}, {"player": "nolan gorman", "game": "chc @ stl", "gameIdx": 0, "hr/park": "", "pa": "19", "dt": "", "img": "https://www.mlbstatic.com/team-logos/138.svg", "team": "stl", "start": "", "in": "2", "result": "Strikeout", "evo": "", "la": "", "dist": ""}, {"player": "jordan walker", "game": "chc @ stl", "gameIdx": 0, "hr/park": "", "pa": "18", "dt": "", "img": "https://www.mlbstatic.com/team-logos/138.svg", "team": "stl", "start": "", "in": "2", "result": "Strikeout", "evo": "", "la": "", "dist": ""}, {"player": "tyler oneill", "game": "chc @ stl", "gameIdx": 0, "hr/park": "", "pa": "17", "dt": "", "img": "https://www.mlbstatic.com/team-logos/138.svg", "team": "stl", "start": "", "in": "2", "result": "Single", "evo": "110.9", "la": "11", "dist": "186"}, {"player": "andrew knizner", "game": "chc @ stl", "gameIdx": 0, "hr/park": "", "pa": "16", "dt": "", "img": "https://www.mlbstatic.com/team-logos/138.svg", "team": "stl", "start": "", "in": "2", "result": "Groundout", "evo": "99.9", "la": "-1", "dist": "40"}, {"player": "ian happ", "game": "chc @ stl", "gameIdx": 0, "hr/park": "", "pa": "15", "dt": "", "img": "https://www.mlbstatic.com/team-logos/112.svg", "team": "chc", "start": "", "in": "2", "result": "Forceout", "evo": "97.4", "la": "-5", "dist": "23"}, {"player": "nico hoerner", "game": "chc @ stl", "gameIdx": 0, "hr/park": "", "pa": "14", "dt": "", "img": "https://www.mlbstatic.com/team-logos/112.svg", "team": "chc", "start": "", "in": "2", "result": "Lineout", "evo": "103.9", "la": "15", "dist": "291"}, {"player": "mike tauchman", "game": "chc @ stl", "gameIdx": 0, "hr/park": "", "pa": "13", "dt": "", "img": "https://www.mlbstatic.com/team-logos/112.svg", "team": "chc", "start": "", "in": "2", "result": "Single", "evo": "99.1", "la": "-10", "dist": "11"}, {"player": "miles mastrobuoni", "game": "chc @ stl", "gameIdx": 0, "hr/park": "", "pa": "12", "dt": "", "img": "https://www.mlbstatic.com/team-logos/112.svg", "team": "chc", "start": "", "in": "2", "result": "Strikeout", "evo": "", "la": "", "dist": ""}, {"player": "nolan arenado", "game": "chc @ stl", "gameIdx": 0, "hr/park": "", "pa": "11", "dt": "", "img": "https://www.mlbstatic.com/team-logos/138.svg", "team": "stl", "start": "", "in": "1", "result": "Groundout", "evo": "89.3", "la": "-29", "dist": "5"}, {"player": "paul goldschmidt", "game": "chc @ stl", "gameIdx": 0, "hr/park": "", "pa": "10", "dt": "", "img": "https://www.mlbstatic.com/team-logos/138.svg", "team": "stl", "start": "", "in": "1", "result": "Strikeout", "evo": "", "la": "", "dist": ""}, {"player": "brendan donovan", "game": "chc @ stl", "gameIdx": 0, "hr/park": "", "pa": "9", "dt": "", "img": "https://www.mlbstatic.com/team-logos/138.svg", "team": "stl", "start": "", "in": "1", "result": "Groundout", "evo": "95.3", "la": "-11", "dist": "13"}, {"player": "yan gomes", "game": "chc @ stl", "gameIdx": 0, "hr/park": "", "pa": "8", "dt": "", "img": "https://www.mlbstatic.com/team-logos/112.svg", "team": "chc", "start": "", "in": "1", "result": "Groundout", "evo": "81.1", "la": "-14", "dist": "10"}, {"player": "christopher morel", "game": "chc @ stl", "gameIdx": 0, "hr/park": "0/30", "pa": "7", "dt": "", "img": "https://www.mlbstatic.com/team-logos/112.svg", "team": "chc", "start": "", "in": "1", "result": "Double", "evo": "107.5", "la": "19", "dist": "329"}, {"player": "dansby swanson", "game": "chc @ stl", "gameIdx": 0, "hr/park": "", "pa": "6", "dt": "", "img": "https://www.mlbstatic.com/team-logos/112.svg", "team": "chc", "start": "", "in": "1", "result": "Walk", "evo": "", "la": "", "dist": ""}, {"player": "seiya suzuki", "game": "chc @ stl", "gameIdx": 0, "hr/park": "", "pa": "5", "dt": "", "img": "https://www.mlbstatic.com/team-logos/112.svg", "team": "chc", "start": "", "in": "1", "result": "Walk", "evo": "", "la": "", "dist": ""}, {"player": "cody bellinger", "game": "chc @ stl", "gameIdx": 0, "hr/park": "", "pa": "4", "dt": "", "img": "https://www.mlbstatic.com/team-logos/112.svg", "team": "chc", "start": "", "in": "1", "result": "Single", "evo": "105.0", "la": "-2", "dist": "39"}, {"player": "ian happ", "game": "chc @ stl", "gameIdx": 0, "hr/park": "", "pa": "3", "dt": "", "img": "https://www.mlbstatic.com/team-logos/112.svg", "team": "chc", "start": "", "in": "1", "result": "Hit By Pitch", "evo": "", "la": "", "dist": ""}, {"player": "nico hoerner", "game": "chc @ stl", "gameIdx": 0, "hr/park": "0/30", "pa": "2", "dt": "", "img": "https://www.mlbstatic.com/team-logos/112.svg", "team": "chc", "start": "", "in": "1", "result": "Flyout", "evo": "92.8", "la": "35", "dist": "354"}, {"player": "mike tauchman", "game": "chc @ stl", "gameIdx": 0, "hr/park": "", "pa": "1", "dt": "", "img": "https://www.mlbstatic.com/team-logos/112.svg", "team": "chc", "start": "", "in": "1", "result": "Strikeout", "evo": "", "la": "", "dist": ""}], "cle @ chw": [{"player": "andrew benintendi", "game": "cle @ chw", "gameIdx": 0, "hr/park": "", "pa": "80", "dt": "", "img": "https://www.mlbstatic.com/team-logos/145.svg", "team": "chw", "start": "", "in": "9", "result": "Strikeout", "evo": "", "la": "", "dist": ""}, {"player": "gavin sheets", "game": "cle @ chw", "gameIdx": 0, "hr/park": "", "pa": "79", "dt": "", "img": "https://www.mlbstatic.com/team-logos/145.svg", "team": "chw", "start": "", "in": "9", "result": "Single", "evo": "101.9", "la": "9", "dist": "234"}, {"player": "oscar colas", "game": "cle @ chw", "gameIdx": 0, "hr/park": "", "pa": "78", "dt": "", "img": "https://www.mlbstatic.com/team-logos/145.svg", "team": "chw", "start": "", "in": "9", "result": "Single", "evo": "102.8", "la": "", "dist": "45"}, {"player": "jake burger", "game": "cle @ chw", "gameIdx": 0, "hr/park": "", "pa": "77", "dt": "", "img": "https://www.mlbstatic.com/team-logos/145.svg", "team": "chw", "start": "", "in": "9", "result": "Groundout", "evo": "100.8", "la": "-39", "dist": "4"}, {"player": "yasmani grandal", "game": "cle @ chw", "gameIdx": 0, "hr/park": "", "pa": "76", "dt": "", "img": "https://www.mlbstatic.com/team-logos/145.svg", "team": "chw", "start": "", "in": "9", "result": "Groundout", "evo": "91.7", "la": "-32", "dist": "5"}, {"player": "gabriel arias", "game": "cle @ chw", "gameIdx": 0, "hr/park": "", "pa": "75", "dt": "", "img": "https://www.mlbstatic.com/team-logos/114.svg", "team": "cle", "start": "", "in": "9", "result": "Strikeout", "evo": "", "la": "", "dist": ""}, {"player": "oscar gonzalez", "game": "cle @ chw", "gameIdx": 0, "hr/park": "", "pa": "74", "dt": "", "img": "https://www.mlbstatic.com/team-logos/114.svg", "team": "cle", "start": "", "in": "9", "result": "Single", "evo": "106.3", "la": "-23", "dist": "6"}, {"player": "josh bell", "game": "cle @ chw", "gameIdx": 0, "hr/park": "", "pa": "73", "dt": "", "img": "https://www.mlbstatic.com/team-logos/114.svg", "team": "cle", "start": "", "in": "9", "result": "Strikeout", "evo": "", "la": "", "dist": ""}, {"player": "josh naylor", "game": "cle @ chw", "gameIdx": 0, "hr/park": "", "pa": "72", "dt": "", "img": "https://www.mlbstatic.com/team-logos/114.svg", "team": "cle", "start": "", "in": "9", "result": "Walk", "evo": "", "la": "", "dist": ""}, {"player": "jose ramirez", "game": "cle @ chw", "gameIdx": 0, "hr/park": "0/30", "pa": "71", "dt": "", "img": "https://www.mlbstatic.com/team-logos/114.svg", "team": "cle", "start": "", "in": "9", "result": "Flyout", "evo": "90.7", "la": "38", "dist": "318"}, {"player": "yoan moncada", "game": "cle @ chw", "gameIdx": 0, "hr/park": "", "pa": "70", "dt": "", "img": "https://www.mlbstatic.com/team-logos/145.svg", "team": "chw", "start": "", "in": "8", "result": "Strikeout", "evo": "", "la": "", "dist": ""}, {"player": "eloy jimenez", "game": "cle @ chw", "gameIdx": 0, "hr/park": "", "pa": "69", "dt": "", "img": "https://www.mlbstatic.com/team-logos/145.svg", "team": "chw", "start": "", "in": "8", "result": "Pop Out", "evo": "68.5", "la": "85", "dist": "29"}, {"player": "luis robert", "game": "cle @ chw", "gameIdx": 0, "hr/park": "", "pa": "68", "dt": "", "img": "https://www.mlbstatic.com/team-logos/145.svg", "team": "chw", "start": "", "in": "8", "result": "Hit By Pitch", "evo": "", "la": "", "dist": ""}, {"player": "tim anderson", "game": "cle @ chw", "gameIdx": 0, "hr/park": "", "pa": "67", "dt": "", "img": "https://www.mlbstatic.com/team-logos/145.svg", "team": "chw", "start": "", "in": "8", "result": "Groundout", "evo": "85.1", "la": "-10", "dist": "13"}, {"player": "andres gimenez", "game": "cle @ chw", "gameIdx": 0, "hr/park": "0/30", "pa": "66", "dt": "", "img": "https://www.mlbstatic.com/team-logos/114.svg", "team": "cle", "start": "", "in": "8", "result": "Flyout", "evo": "92.9", "la": "39", "dist": "307"}, {"player": "steven kwan", "game": "cle @ chw", "gameIdx": 0, "hr/park": "", "pa": "65", "dt": "", "img": "https://www.mlbstatic.com/team-logos/114.svg", "team": "cle", "start": "", "in": "8", "result": "Lineout", "evo": "91.3", "la": "20", "dist": "276"}, {"player": "myles straw", "game": "cle @ chw", "gameIdx": 0, "hr/park": "", "pa": "64", "dt": "", "img": "https://www.mlbstatic.com/team-logos/114.svg", "team": "cle", "start": "", "in": "8", "result": "Flyout", "evo": "80.6", "la": "30", "dist": "286"}, {"player": "bo naylor", "game": "cle @ chw", "gameIdx": 0, "hr/park": "", "pa": "63", "dt": "", "img": "https://www.mlbstatic.com/team-logos/114.svg", "team": "cle", "start": "", "in": "8", "result": "Single", "evo": "96.1", "la": "4", "dist": "90"}, {"player": "gabriel arias", "game": "cle @ chw", "gameIdx": 0, "hr/park": "", "pa": "62", "dt": "", "img": "https://www.mlbstatic.com/team-logos/114.svg", "team": "cle", "start": "", "in": "8", "result": "Double", "evo": "88.9", "la": "14", "dist": "221"}, {"player": "andrew benintendi", "game": "cle @ chw", "gameIdx": 0, "hr/park": "", "pa": "61", "dt": "", "img": "https://www.mlbstatic.com/team-logos/145.svg", "team": "chw", "start": "", "in": "7", "result": "Flyout", "evo": "80.0", "la": "38", "dist": "284"}, {"player": "seby zavala", "game": "cle @ chw", "gameIdx": 0, "hr/park": "", "pa": "60", "dt": "", "img": "https://www.mlbstatic.com/team-logos/145.svg", "team": "chw", "start": "", "in": "7", "result": "Single", "evo": "94.1", "la": "12", "dist": "166"}, {"player": "oscar colas", "game": "cle @ chw", "gameIdx": 0, "hr/park": "", "pa": "59", "dt": "", "img": "https://www.mlbstatic.com/team-logos/145.svg", "team": "chw", "start": "", "in": "7", "result": "Strikeout", "evo": "", "la": "", "dist": ""}, {"player": "jake burger", "game": "cle @ chw", "gameIdx": 0, "hr/park": "", "pa": "58", "dt": "", "img": "https://www.mlbstatic.com/team-logos/145.svg", "team": "chw", "start": "", "in": "7", "result": "Walk", "evo": "", "la": "", "dist": ""}, {"player": "will brennan", "game": "cle @ chw", "gameIdx": 0, "hr/park": "", "pa": "57", "dt": "", "img": "https://www.mlbstatic.com/team-logos/114.svg", "team": "cle", "start": "", "in": "7", "result": "Groundout", "evo": "87.8", "la": "-9", "dist": "13"}, {"player": "josh bell", "game": "cle @ chw", "gameIdx": 0, "hr/park": "", "pa": "56", "dt": "", "img": "https://www.mlbstatic.com/team-logos/114.svg", "team": "cle", "start": "", "in": "7", "result": "Strikeout", "evo": "", "la": "", "dist": ""}, {"player": "josh naylor", "game": "cle @ chw", "gameIdx": 0, "hr/park": "", "pa": "55", "dt": "", "img": "https://www.mlbstatic.com/team-logos/114.svg", "team": "cle", "start": "", "in": "7", "result": "Double", "evo": "57.5", "la": "-24", "dist": "5"}, {"player": "jose ramirez", "game": "cle @ chw", "gameIdx": 0, "hr/park": "", "pa": "54", "dt": "", "img": "https://www.mlbstatic.com/team-logos/114.svg", "team": "cle", "start": "", "in": "7", "result": "Strikeout", "evo": "", "la": "", "dist": ""}, {"player": "andres gimenez", "game": "cle @ chw", "gameIdx": 0, "hr/park": "", "pa": "53", "dt": "", "img": "https://www.mlbstatic.com/team-logos/114.svg", "team": "cle", "start": "", "in": "7", "result": "Hit By Pitch", "evo": "", "la": "", "dist": ""}, {"player": "yasmani grandal", "game": "cle @ chw", "gameIdx": 0, "hr/park": "", "pa": "52", "dt": "", "img": "https://www.mlbstatic.com/team-logos/145.svg", "team": "chw", "start": "", "in": "6", "result": "Strikeout", "evo": "", "la": "", "dist": ""}, {"player": "yoan moncada", "game": "cle @ chw", "gameIdx": 0, "hr/park": "", "pa": "51", "dt": "", "img": "https://www.mlbstatic.com/team-logos/145.svg", "team": "chw", "start": "", "in": "6", "result": "Single", "evo": "71.5", "la": "18", "dist": "177"}, {"player": "eloy jimenez", "game": "cle @ chw", "gameIdx": 0, "hr/park": "", "pa": "50", "dt": "", "img": "https://www.mlbstatic.com/team-logos/145.svg", "team": "chw", "start": "", "in": "6", "result": "Single", "evo": "72.1", "la": "28", "dist": "240"}, {"player": "luis robert", "game": "cle @ chw", "gameIdx": 0, "hr/park": "", "pa": "49", "dt": "", "img": "https://www.mlbstatic.com/team-logos/145.svg", "team": "chw", "start": "", "in": "6", "result": "Groundout", "evo": "79.4", "la": "-14", "dist": "8"}, {"player": "tim anderson", "game": "cle @ chw", "gameIdx": 0, "hr/park": "", "pa": "48", "dt": "", "img": "https://www.mlbstatic.com/team-logos/145.svg", "team": "chw", "start": "", "in": "6", "result": "Strikeout", "evo": "", "la": "", "dist": ""}, {"player": "steven kwan", "game": "cle @ chw", "gameIdx": 0, "hr/park": "", "pa": "47", "dt": "", "img": "https://www.mlbstatic.com/team-logos/114.svg", "team": "cle", "start": "", "in": "6", "result": "Flyout", "evo": "69.5", "la": "30", "dist": "218"}, {"player": "myles straw", "game": "cle @ chw", "gameIdx": 0, "hr/park": "", "pa": "46", "dt": "", "img": "https://www.mlbstatic.com/team-logos/114.svg", "team": "cle", "start": "", "in": "6", "result": "Strikeout", "evo": "", "la": "", "dist": ""}, {"player": "bo naylor", "game": "cle @ chw", "gameIdx": 0, "hr/park": "", "pa": "45", "dt": "", "img": "https://www.mlbstatic.com/team-logos/114.svg", "team": "cle", "start": "", "in": "6", "result": "Single", "evo": "96.6", "la": "8", "dist": "155"}, {"player": "gabriel arias", "game": "cle @ chw", "gameIdx": 0, "hr/park": "", "pa": "44", "dt": "", "img": "https://www.mlbstatic.com/team-logos/114.svg", "team": "cle", "start": "", "in": "6", "result": "Single", "evo": "97.3", "la": "16", "dist": "270"}, {"player": "andrew benintendi", "game": "cle @ chw", "gameIdx": 0, "hr/park": "", "pa": "43", "dt": "", "img": "https://www.mlbstatic.com/team-logos/145.svg", "team": "chw", "start": "", "in": "5", "result": "Lineout", "evo": "97.1", "la": "19", "dist": "294"}, {"player": "seby zavala", "game": "cle @ chw", "gameIdx": 0, "hr/park": "", "pa": "42", "dt": "", "img": "https://www.mlbstatic.com/team-logos/145.svg", "team": "chw", "start": "", "in": "5", "result": "Groundout", "evo": "53.8", "la": "-20", "dist": "6"}, {"player": "oscar colas", "game": "cle @ chw", "gameIdx": 0, "hr/park": "", "pa": "41", "dt": "", "img": "https://www.mlbstatic.com/team-logos/145.svg", "team": "chw", "start": "", "in": "5", "result": "Pop Out", "evo": "86.4", "la": "64", "dist": "169"}, {"player": "jake burger", "game": "cle @ chw", "gameIdx": 0, "hr/park": "30/30", "pa": "40", "dt": "", "img": "https://www.mlbstatic.com/team-logos/145.svg", "team": "chw", "start": "", "in": "5", "result": "Home Run", "evo": "109.2", "la": "32", "dist": "423"}, {"player": "yasmani grandal", "game": "cle @ chw", "gameIdx": 0, "hr/park": "", "pa": "39", "dt": "", "img": "https://www.mlbstatic.com/team-logos/145.svg", "team": "chw", "start": "", "in": "5", "result": "Single", "evo": "70.3", "la": "22", "dist": "214"}, {"player": "will brennan", "game": "cle @ chw", "gameIdx": 0, "hr/park": "", "pa": "38", "dt": "", "img": "https://www.mlbstatic.com/team-logos/114.svg", "team": "cle", "start": "", "in": "5", "result": "Lineout", "evo": "88.8", "la": "19", "dist": "288"}, {"player": "josh bell", "game": "cle @ chw", "gameIdx": 0, "hr/park": "", "pa": "37", "dt": "", "img": "https://www.mlbstatic.com/team-logos/114.svg", "team": "cle", "start": "", "in": "5", "result": "Strikeout", "evo": "", "la": "", "dist": ""}, {"player": "josh naylor", "game": "cle @ chw", "gameIdx": 0, "hr/park": "", "pa": "36", "dt": "", "img": "https://www.mlbstatic.com/team-logos/114.svg", "team": "cle", "start": "", "in": "5", "result": "Flyout", "evo": "79.8", "la": "31", "dist": "297"}, {"player": "yoan moncada", "game": "cle @ chw", "gameIdx": 0, "hr/park": "0/30", "pa": "35", "dt": "", "img": "https://www.mlbstatic.com/team-logos/145.svg", "team": "chw", "start": "", "in": "4", "result": "Flyout", "evo": "94.4", "la": "31", "dist": "333"}, {"player": "eloy jimenez", "game": "cle @ chw", "gameIdx": 0, "hr/park": "", "pa": "34", "dt": "", "img": "https://www.mlbstatic.com/team-logos/145.svg", "team": "chw", "start": "", "in": "4", "result": "Pop Out", "evo": "63.1", "la": "29", "dist": "196"}, {"player": "luis robert", "game": "cle @ chw", "gameIdx": 0, "hr/park": "", "pa": "33", "dt": "", "img": "https://www.mlbstatic.com/team-logos/145.svg", "team": "chw", "start": "", "in": "4", "result": "Pop Out", "evo": "63.9", "la": "76", "dist": "51"}, {"player": "jose ramirez", "game": "cle @ chw", "gameIdx": 0, "hr/park": "1/30", "pa": "32", "dt": "", "img": "https://www.mlbstatic.com/team-logos/114.svg", "team": "cle", "start": "", "in": "4", "result": "Flyout", "evo": "95.3", "la": "31", "dist": "373"}, {"player": "andres gimenez", "game": "cle @ chw", "gameIdx": 0, "hr/park": "", "pa": "31", "dt": "", "img": "https://www.mlbstatic.com/team-logos/114.svg", "team": "cle", "start": "", "in": "4", "result": "Strikeout", "evo": "", "la": "", "dist": ""}, {"player": "steven kwan", "game": "cle @ chw", "gameIdx": 0, "hr/park": "0/30", "pa": "30", "dt": "", "img": "https://www.mlbstatic.com/team-logos/114.svg", "team": "cle", "start": "", "in": "4", "result": "Lineout", "evo": "92.1", "la": "22", "dist": "317"}, {"player": "tim anderson", "game": "cle @ chw", "gameIdx": 0, "hr/park": "", "pa": "29", "dt": "", "img": "https://www.mlbstatic.com/team-logos/145.svg", "team": "chw", "start": "", "in": "3", "result": "Strikeout", "evo": "", "la": "", "dist": ""}, {"player": "andrew benintendi", "game": "cle @ chw", "gameIdx": 0, "hr/park": "", "pa": "28", "dt": "", "img": "https://www.mlbstatic.com/team-logos/145.svg", "team": "chw", "start": "", "in": "3", "result": "Walk", "evo": "", "la": "", "dist": ""}, {"player": "seby zavala", "game": "cle @ chw", "gameIdx": 0, "hr/park": "", "pa": "27", "dt": "", "img": "https://www.mlbstatic.com/team-logos/145.svg", "team": "chw", "start": "", "in": "3", "result": "Strikeout", "evo": "", "la": "", "dist": ""}, {"player": "oscar colas", "game": "cle @ chw", "gameIdx": 0, "hr/park": "0/30", "pa": "26", "dt": "", "img": "https://www.mlbstatic.com/team-logos/145.svg", "team": "chw", "start": "", "in": "3", "result": "Lineout", "evo": "105.5", "la": "18", "dist": "353"}, {"player": "jake burger", "game": "cle @ chw", "gameIdx": 0, "hr/park": "18/30", "pa": "25", "dt": "", "img": "https://www.mlbstatic.com/team-logos/145.svg", "team": "chw", "start": "", "in": "3", "result": "Home Run", "evo": "102.3", "la": "33", "dist": "358"}, {"player": "myles straw", "game": "cle @ chw", "gameIdx": 0, "hr/park": "", "pa": "24", "dt": "", "img": "https://www.mlbstatic.com/team-logos/114.svg", "team": "cle", "start": "", "in": "3", "result": "Forceout", "evo": "93.6", "la": "3", "dist": "74"}, {"player": "bo naylor", "game": "cle @ chw", "gameIdx": 0, "hr/park": "", "pa": "23", "dt": "", "img": "https://www.mlbstatic.com/team-logos/114.svg", "team": "cle", "start": "", "in": "3", "result": "Strikeout", "evo": "", "la": "", "dist": ""}, {"player": "gabriel arias", "game": "cle @ chw", "gameIdx": 0, "hr/park": "", "pa": "22", "dt": "", "img": "https://www.mlbstatic.com/team-logos/114.svg", "team": "cle", "start": "", "in": "3", "result": "Walk", "evo": "", "la": "", "dist": ""}, {"player": "will brennan", "game": "cle @ chw", "gameIdx": 0, "hr/park": "", "pa": "21", "dt": "", "img": "https://www.mlbstatic.com/team-logos/114.svg", "team": "cle", "start": "", "in": "3", "result": "Single", "evo": "94.8", "la": "13", "dist": "218"}, {"player": "josh bell", "game": "cle @ chw", "gameIdx": 0, "hr/park": "", "pa": "20", "dt": "", "img": "https://www.mlbstatic.com/team-logos/114.svg", "team": "cle", "start": "", "in": "3", "result": "Walk", "evo": "", "la": "", "dist": ""}, {"player": "josh naylor", "game": "cle @ chw", "gameIdx": 0, "hr/park": "", "pa": "19", "dt": "", "img": "https://www.mlbstatic.com/team-logos/114.svg", "team": "cle", "start": "", "in": "3", "result": "Double", "evo": "106.0", "la": "11", "dist": "204"}, {"player": "jose ramirez", "game": "cle @ chw", "gameIdx": 0, "hr/park": "", "pa": "18", "dt": "", "img": "https://www.mlbstatic.com/team-logos/114.svg", "team": "cle", "start": "", "in": "3", "result": "Pop Out", "evo": "81.0", "la": "57", "dist": "200"}, {"player": "andres gimenez", "game": "cle @ chw", "gameIdx": 0, "hr/park": "", "pa": "17", "dt": "", "img": "https://www.mlbstatic.com/team-logos/114.svg", "team": "cle", "start": "", "in": "3", "result": "Single", "evo": "28.8", "la": "-50", "dist": "3"}, {"player": "steven kwan", "game": "cle @ chw", "gameIdx": 0, "hr/park": "", "pa": "16", "dt": "", "img": "https://www.mlbstatic.com/team-logos/114.svg", "team": "cle", "start": "", "in": "3", "result": "Single", "evo": "62.1", "la": "28", "dist": "193"}, {"player": "yasmani grandal", "game": "cle @ chw", "gameIdx": 0, "hr/park": "0/30", "pa": "15", "dt": "", "img": "https://www.mlbstatic.com/team-logos/145.svg", "team": "chw", "start": "", "in": "2", "result": "Flyout", "evo": "95.0", "la": "36", "dist": "322"}, {"player": "yoan moncada", "game": "cle @ chw", "gameIdx": 0, "hr/park": "", "pa": "14", "dt": "", "img": "https://www.mlbstatic.com/team-logos/145.svg", "team": "chw", "start": "", "in": "2", "result": "Groundout", "evo": "98.4", "la": "-9", "dist": "18"}, {"player": "eloy jimenez", "game": "cle @ chw", "gameIdx": 0, "hr/park": "", "pa": "13", "dt": "", "img": "https://www.mlbstatic.com/team-logos/145.svg", "team": "chw", "start": "", "in": "2", "result": "Groundout", "evo": "76.5", "la": "-10", "dist": "17"}, {"player": "myles straw", "game": "cle @ chw", "gameIdx": 0, "hr/park": "", "pa": "12", "dt": "", "img": "https://www.mlbstatic.com/team-logos/114.svg", "team": "cle", "start": "", "in": "2", "result": "Strikeout", "evo": "", "la": "", "dist": ""}, {"player": "bo naylor", "game": "cle @ chw", "gameIdx": 0, "hr/park": "", "pa": "11", "dt": "", "img": "https://www.mlbstatic.com/team-logos/114.svg", "team": "cle", "start": "", "in": "2", "result": "Groundout", "evo": "65.2", "la": "-29", "dist": "6"}, {"player": "gabriel arias", "game": "cle @ chw", "gameIdx": 0, "hr/park": "", "pa": "10", "dt": "", "img": "https://www.mlbstatic.com/team-logos/114.svg", "team": "cle", "start": "", "in": "2", "result": "Groundout", "evo": "102.5", "la": "-10", "dist": "15"}, {"player": "will brennan", "game": "cle @ chw", "gameIdx": 0, "hr/park": "0/30", "pa": "9", "dt": "", "img": "https://www.mlbstatic.com/team-logos/114.svg", "team": "cle", "start": "", "in": "2", "result": "Double", "evo": "102.0", "la": "14", "dist": "315"}, {"player": "luis robert", "game": "cle @ chw", "gameIdx": 0, "hr/park": "", "pa": "8", "dt": "", "img": "https://www.mlbstatic.com/team-logos/145.svg", "team": "chw", "start": "", "in": "1", "result": "Strikeout", "evo": "", "la": "", "dist": ""}, {"player": "tim anderson", "game": "cle @ chw", "gameIdx": 0, "hr/park": "", "pa": "7", "dt": "", "img": "https://www.mlbstatic.com/team-logos/145.svg", "team": "chw", "start": "", "in": "1", "result": "Groundout", "evo": "71.8", "la": "-7", "dist": "14"}, {"player": "andrew benintendi", "game": "cle @ chw", "gameIdx": 0, "hr/park": "", "pa": "6", "dt": "", "img": "https://www.mlbstatic.com/team-logos/145.svg", "team": "chw", "start": "", "in": "1", "result": "Lineout", "evo": "79.8", "la": "12", "dist": "175"}, {"player": "josh bell", "game": "cle @ chw", "gameIdx": 0, "hr/park": "", "pa": "5", "dt": "", "img": "https://www.mlbstatic.com/team-logos/114.svg", "team": "cle", "start": "", "in": "1", "result": "Groundout", "evo": "47.6", "la": "-73", "dist": "1"}, {"player": "josh naylor", "game": "cle @ chw", "gameIdx": 0, "hr/park": "", "pa": "4", "dt": "", "img": "https://www.mlbstatic.com/team-logos/114.svg", "team": "cle", "start": "", "in": "1", "result": "Groundout", "evo": "69.6", "la": "-14", "dist": "9"}, {"player": "jose ramirez", "game": "cle @ chw", "gameIdx": 0, "hr/park": "", "pa": "3", "dt": "", "img": "https://www.mlbstatic.com/team-logos/114.svg", "team": "cle", "start": "", "in": "1", "result": "Pop Out", "evo": "73.8", "la": "62", "dist": "169"}, {"player": "andres gimenez", "game": "cle @ chw", "gameIdx": 0, "hr/park": "", "pa": "2", "dt": "", "img": "https://www.mlbstatic.com/team-logos/114.svg", "team": "cle", "start": "", "in": "1", "result": "Double", "evo": "103.1", "la": "19", "dist": "286"}, {"player": "steven kwan", "game": "cle @ chw", "gameIdx": 0, "hr/park": "", "pa": "1", "dt": "", "img": "https://www.mlbstatic.com/team-logos/114.svg", "team": "cle", "start": "", "in": "1", "result": "Triple", "evo": "94.3", "la": "9", "dist": "148"}]}