{"all": {"pitchers": "9", "batters": "20", "pitches": "264", "max velomax pitch velocity": "100.3", "min velomin pitch velocity": "73.3", "ff%fourseam fastball %": "33.0", "si%sinker %": "18.6", "fc%cutter %": "0.8", "fs%splitter %": "1.5", "ch%changeup %": "7.6", "sl%slider %": "33.7", "cu%curve %": "4.9", "max evmax exit velocity": "111.1", "hhhard hit": "27", "hh%hard hit %": "48.2", "brlbarrels": "7", "brl%barrel %": "12.5", "ab": "65", "avg": ".231", "h": "15", "1b": "7", "2b": "6", "3b": "0", "hr": "2", "so": "10", "bipballs in play": "56", "liveGames": 0, "totGames": 15}, "sd @ nyy": [], "chw @ det": [{"player": "yasmani grandal", "game": "chw @ det", "gameIdx": 0, "hr/park": "", "pa": "71", "dt": "", "img": "https://www.mlbstatic.com/team-logos/145.svg", "team": "chw", "start": "", "in": "9", "result": "GIDP", "evo": "70.6", "la": "-10", "dist": "13"}, {"player": "andrew vaughn", "game": "chw @ det", "gameIdx": 0, "hr/park": "", "pa": "70", "dt": "", "img": "https://www.mlbstatic.com/team-logos/145.svg", "team": "chw", "start": "", "in": "9", "result": "Single", "evo": "100.2", "la": "-16", "dist": "5"}, {"player": "yoan moncada", "game": "chw @ det", "gameIdx": 0, "hr/park": "", "pa": "69", "dt": "", "img": "https://www.mlbstatic.com/team-logos/145.svg", "team": "chw", "start": "", "in": "9", "result": "Strikeout", "evo": "", "la": "", "dist": ""}, {"player": "spencer torkelson", "game": "chw @ det", "gameIdx": 0, "hr/park": "0/30", "pa": "68", "dt": "", "img": "https://www.mlbstatic.com/team-logos/116.svg", "team": "det", "start": "", "in": "8", "result": "Lineout", "evo": "106.9", "la": "18", "dist": "305"}, {"player": "riley greene", "game": "chw @ det", "gameIdx": 0, "hr/park": "0/30", "pa": "67", "dt": "", "img": "https://www.mlbstatic.com/team-logos/116.svg", "team": "det", "start": "", "in": "8", "result": "Flyout", "evo": "97.7", "la": "38", "dist": "347"}, {"player": "zach mckinstry", "game": "chw @ det", "gameIdx": 0, "hr/park": "", "pa": "66", "dt": "", "img": "https://www.mlbstatic.com/team-logos/116.svg", "team": "det", "start": "", "in": "8", "result": "Double", "evo": "94.9", "la": "15", "dist": "210"}, {"player": "zack short", "game": "chw @ det", "gameIdx": 0, "hr/park": "30/30", "pa": "65", "dt": "", "img": "https://www.mlbstatic.com/team-logos/116.svg", "team": "det", "start": "", "in": "8", "result": "Home Run", "evo": "105.8", "la": "25", "dist": "416"}, {"player": "andy ibanez", "game": "chw @ det", "gameIdx": 0, "hr/park": "0/30", "pa": "64", "dt": "", "img": "https://www.mlbstatic.com/team-logos/116.svg", "team": "det", "start": "", "in": "8", "result": "Lineout", "evo": "90.0", "la": "22", "dist": "301"}, {"player": "jonathan schoop", "game": "chw @ det", "gameIdx": 0, "hr/park": "", "pa": "63", "dt": "", "img": "https://www.mlbstatic.com/team-logos/116.svg", "team": "det", "start": "", "in": "8", "result": "Double", "evo": "111.1", "la": "15", "dist": "290"}, {"player": "andrew benintendi", "game": "chw @ det", "gameIdx": 0, "hr/park": "", "pa": "62", "dt": "", "img": "https://www.mlbstatic.com/team-logos/145.svg", "team": "chw", "start": "", "in": "8", "result": "Strikeout", "evo": "", "la": "", "dist": ""}, {"player": "tim anderson", "game": "chw @ det", "gameIdx": 0, "hr/park": "0/30", "pa": "61", "dt": "", "img": "https://www.mlbstatic.com/team-logos/145.svg", "team": "chw", "start": "", "in": "8", "result": "Flyout", "evo": "86.2", "la": "37", "dist": "307"}, {"player": "romy gonzalez", "game": "chw @ det", "gameIdx": 0, "hr/park": "", "pa": "60", "dt": "", "img": "https://www.mlbstatic.com/team-logos/145.svg", "team": "chw", "start": "", "in": "8", "result": "Groundout", "evo": "77.2", "la": "-13", "dist": "7"}, {"player": "matt vierling", "game": "chw @ det", "gameIdx": 0, "hr/park": "", "pa": "59", "dt": "", "img": "https://www.mlbstatic.com/team-logos/116.svg", "team": "det", "start": "", "in": "7", "result": "Groundout", "evo": "103.9", "la": "-25", "dist": "3"}, {"player": "miguel cabrera", "game": "chw @ det", "gameIdx": 0, "hr/park": "", "pa": "58", "dt": "", "img": "https://www.mlbstatic.com/team-logos/116.svg", "team": "det", "start": "", "in": "7", "result": "Groundout", "evo": "101.6", "la": "-29", "dist": "4"}, {"player": "eric haase", "game": "chw @ det", "gameIdx": 0, "hr/park": "", "pa": "57", "dt": "", "img": "https://www.mlbstatic.com/team-logos/116.svg", "team": "det", "start": "", "in": "7", "result": "Single", "evo": "63.8", "la": "20", "dist": "178"}, {"player": "spencer torkelson", "game": "chw @ det", "gameIdx": 0, "hr/park": "0/30", "pa": "56", "dt": "", "img": "https://www.mlbstatic.com/team-logos/116.svg", "team": "det", "start": "", "in": "7", "result": "Double", "evo": "110.0", "la": "16", "dist": "393"}, {"player": "riley greene", "game": "chw @ det", "gameIdx": 0, "hr/park": "4/30", "pa": "55", "dt": "", "img": "https://www.mlbstatic.com/team-logos/116.svg", "team": "det", "start": "", "in": "7", "result": "Double", "evo": "104.9", "la": "25", "dist": "382"}, {"player": "zach mckinstry", "game": "chw @ det", "gameIdx": 0, "hr/park": "28/30", "pa": "54", "dt": "", "img": "https://www.mlbstatic.com/team-logos/116.svg", "team": "det", "start": "", "in": "7", "result": "Home Run", "evo": "100.9", "la": "23", "dist": "373"}, {"player": "zack short", "game": "chw @ det", "gameIdx": 0, "hr/park": "", "pa": "53", "dt": "", "img": "https://www.mlbstatic.com/team-logos/116.svg", "team": "det", "start": "", "in": "7", "result": "Groundout", "evo": "102.3", "la": "-13", "dist": "7"}, {"player": "clint frazier", "game": "chw @ det", "gameIdx": 0, "hr/park": "", "pa": "52", "dt": "", "img": "https://www.mlbstatic.com/team-logos/145.svg", "team": "chw", "start": "", "in": "7", "result": "Strikeout", "evo": "", "la": "", "dist": ""}, {"player": "gavin sheets", "game": "chw @ det", "gameIdx": 0, "hr/park": "15/30", "pa": "51", "dt": "", "img": "https://www.mlbstatic.com/team-logos/145.svg", "team": "chw", "start": "", "in": "7", "result": "Double", "evo": "106.2", "la": "19", "dist": "412"}, {"player": "jake burger", "game": "chw @ det", "gameIdx": 0, "hr/park": "", "pa": "50", "dt": "", "img": "https://www.mlbstatic.com/team-logos/145.svg", "team": "chw", "start": "", "in": "7", "result": "Field Error", "evo": "101.8", "la": "-19", "dist": "7"}, {"player": "yasmani grandal", "game": "chw @ det", "gameIdx": 0, "hr/park": "", "pa": "49", "dt": "", "img": "https://www.mlbstatic.com/team-logos/145.svg", "team": "chw", "start": "", "in": "7", "result": "Strikeout", "evo": "", "la": "", "dist": ""}, {"player": "andrew vaughn", "game": "chw @ det", "gameIdx": 0, "hr/park": "", "pa": "48", "dt": "", "img": "https://www.mlbstatic.com/team-logos/145.svg", "team": "chw", "start": "", "in": "7", "result": "Pop Out", "evo": "91.9", "la": "56", "dist": "208"}, {"player": "yoan moncada", "game": "chw @ det", "gameIdx": 0, "hr/park": "", "pa": "47", "dt": "", "img": "https://www.mlbstatic.com/team-logos/145.svg", "team": "chw", "start": "", "in": "7", "result": "Single", "evo": "98.6", "la": "2", "dist": "70"}, {"player": "andrew benintendi", "game": "chw @ det", "gameIdx": 0, "hr/park": "", "pa": "46", "dt": "", "img": "https://www.mlbstatic.com/team-logos/145.svg", "team": "chw", "start": "", "in": "7", "result": "Walk", "evo": "", "la": "", "dist": ""}, {"player": "andy ibanez", "game": "chw @ det", "gameIdx": 0, "hr/park": "", "pa": "45", "dt": "", "img": "https://www.mlbstatic.com/team-logos/116.svg", "team": "det", "start": "", "in": "6", "result": "Groundout", "evo": "72.6", "la": "-24", "dist": "7"}, {"player": "jonathan schoop", "game": "chw @ det", "gameIdx": 0, "hr/park": "", "pa": "44", "dt": "", "img": "https://www.mlbstatic.com/team-logos/116.svg", "team": "det", "start": "", "in": "6", "result": "Groundout", "evo": "64.9", "la": "-72", "dist": "1"}, {"player": "akil baddoo", "game": "chw @ det", "gameIdx": 0, "hr/park": "", "pa": "43", "dt": "", "img": "https://www.mlbstatic.com/team-logos/116.svg", "team": "det", "start": "", "in": "6", "result": "Walk", "evo": "", "la": "", "dist": ""}, {"player": "nick maton", "game": "chw @ det", "gameIdx": 0, "hr/park": "", "pa": "42", "dt": "", "img": "https://www.mlbstatic.com/team-logos/116.svg", "team": "det", "start": "", "in": "6", "result": "Groundout", "evo": "72.2", "la": "11", "dist": "107"}, {"player": "tim anderson", "game": "chw @ det", "gameIdx": 0, "hr/park": "", "pa": "41", "dt": "", "img": "https://www.mlbstatic.com/team-logos/145.svg", "team": "chw", "start": "", "in": "6", "result": "Forceout", "evo": "84.7", "la": "-12", "dist": "12"}, {"player": "romy gonzalez", "game": "chw @ det", "gameIdx": 0, "hr/park": "", "pa": "40", "dt": "", "img": "https://www.mlbstatic.com/team-logos/145.svg", "team": "chw", "start": "", "in": "6", "result": "Single", "evo": "105.8", "la": "11", "dist": "251"}, {"player": "clint frazier", "game": "chw @ det", "gameIdx": 0, "hr/park": "", "pa": "39", "dt": "", "img": "https://www.mlbstatic.com/team-logos/145.svg", "team": "chw", "start": "", "in": "6", "result": "Flyout", "evo": "80.1", "la": "33", "dist": "277"}, {"player": "gavin sheets", "game": "chw @ det", "gameIdx": 0, "hr/park": "0/30", "pa": "38", "dt": "", "img": "https://www.mlbstatic.com/team-logos/145.svg", "team": "chw", "start": "", "in": "6", "result": "Flyout", "evo": "96.4", "la": "31", "dist": "363"}, {"player": "eric haase", "game": "chw @ det", "gameIdx": 0, "hr/park": "", "pa": "37", "dt": "", "img": "https://www.mlbstatic.com/team-logos/116.svg", "team": "det", "start": "", "in": "5", "result": "Groundout", "evo": "64.1", "la": "-11", "dist": "11"}, {"player": "spencer torkelson", "game": "chw @ det", "gameIdx": 0, "hr/park": "", "pa": "36", "dt": "", "img": "https://www.mlbstatic.com/team-logos/116.svg", "team": "det", "start": "", "in": "5", "result": "Walk", "evo": "", "la": "", "dist": ""}, {"player": "riley greene", "game": "chw @ det", "gameIdx": 0, "hr/park": "", "pa": "35", "dt": "", "img": "https://www.mlbstatic.com/team-logos/116.svg", "team": "det", "start": "", "in": "5", "result": "Strikeout", "evo": "", "la": "", "dist": ""}, {"player": "zach mckinstry", "game": "chw @ det", "gameIdx": 0, "hr/park": "0/30", "pa": "34", "dt": "", "img": "https://www.mlbstatic.com/team-logos/116.svg", "team": "det", "start": "", "in": "5", "result": "Flyout", "evo": "101.3", "la": "33", "dist": "363"}, {"player": "zack short", "game": "chw @ det", "gameIdx": 0, "hr/park": "", "pa": "33", "dt": "", "img": "https://www.mlbstatic.com/team-logos/116.svg", "team": "det", "start": "", "in": "5", "result": "Walk", "evo": "", "la": "", "dist": ""}, {"player": "jake burger", "game": "chw @ det", "gameIdx": 0, "hr/park": "", "pa": "32", "dt": "", "img": "https://www.mlbstatic.com/team-logos/145.svg", "team": "chw", "start": "", "in": "5", "result": "Groundout", "evo": "95.0", "la": "-14", "dist": "11"}, {"player": "yasmani grandal", "game": "chw @ det", "gameIdx": 0, "hr/park": "0/30", "pa": "31", "dt": "", "img": "https://www.mlbstatic.com/team-logos/145.svg", "team": "chw", "start": "", "in": "5", "result": "Flyout", "evo": "91.3", "la": "37", "dist": "310"}, {"player": "andrew vaughn", "game": "chw @ det", "gameIdx": 0, "hr/park": "", "pa": "30", "dt": "", "img": "https://www.mlbstatic.com/team-logos/145.svg", "team": "chw", "start": "", "in": "5", "result": "Groundout", "evo": "105.4", "la": "-33", "dist": "3"}, {"player": "andy ibanez", "game": "chw @ det", "gameIdx": 0, "hr/park": "", "pa": "29", "dt": "", "img": "https://www.mlbstatic.com/team-logos/116.svg", "team": "det", "start": "", "in": "4", "result": "Flyout", "evo": "87.2", "la": "30", "dist": "285"}, {"player": "jonathan schoop", "game": "chw @ det", "gameIdx": 0, "hr/park": "", "pa": "28", "dt": "", "img": "https://www.mlbstatic.com/team-logos/116.svg", "team": "det", "start": "", "in": "4", "result": "Flyout", "evo": "85.3", "la": "54", "dist": "206"}, {"player": "akil baddoo", "game": "chw @ det", "gameIdx": 0, "hr/park": "", "pa": "27", "dt": "", "img": "https://www.mlbstatic.com/team-logos/116.svg", "team": "det", "start": "", "in": "4", "result": "Flyout", "evo": "96.2", "la": "54", "dist": "226"}, {"player": "yoan moncada", "game": "chw @ det", "gameIdx": 0, "hr/park": "", "pa": "26", "dt": "", "img": "https://www.mlbstatic.com/team-logos/145.svg", "team": "chw", "start": "", "in": "4", "result": "Strikeout", "evo": "", "la": "", "dist": ""}, {"player": "andrew benintendi", "game": "chw @ det", "gameIdx": 0, "hr/park": "", "pa": "25", "dt": "", "img": "https://www.mlbstatic.com/team-logos/145.svg", "team": "chw", "start": "", "in": "4", "result": "Strikeout", "evo": "", "la": "", "dist": ""}, {"player": "tim anderson", "game": "chw @ det", "gameIdx": 0, "hr/park": "", "pa": "24", "dt": "", "img": "https://www.mlbstatic.com/team-logos/145.svg", "team": "chw", "start": "", "in": "4", "result": "Groundout", "evo": "92.3", "la": "-22", "dist": "8"}, {"player": "nick maton", "game": "chw @ det", "gameIdx": 0, "hr/park": "", "pa": "23", "dt": "", "img": "https://www.mlbstatic.com/team-logos/116.svg", "team": "det", "start": "", "in": "3", "result": "Pop Out", "evo": "88.9", "la": "69", "dist": "133"}, {"player": "eric haase", "game": "chw @ det", "gameIdx": 0, "hr/park": "", "pa": "22", "dt": "", "img": "https://www.mlbstatic.com/team-logos/116.svg", "team": "det", "start": "", "in": "3", "result": "Lineout", "evo": "80.9", "la": "25", "dist": "276"}, {"player": "spencer torkelson", "game": "chw @ det", "gameIdx": 0, "hr/park": "", "pa": "21", "dt": "", "img": "https://www.mlbstatic.com/team-logos/116.svg", "team": "det", "start": "", "in": "3", "result": "Groundout", "evo": "92.0", "la": "-38", "dist": "4"}, {"player": "romy gonzalez", "game": "chw @ det", "gameIdx": 0, "hr/park": "", "pa": "20", "dt": "", "img": "https://www.mlbstatic.com/team-logos/145.svg", "team": "chw", "start": "", "in": "3", "result": "Groundout", "evo": "99.8", "la": "-22", "dist": "6"}, {"player": "clint frazier", "game": "chw @ det", "gameIdx": 0, "hr/park": "", "pa": "19", "dt": "", "img": "https://www.mlbstatic.com/team-logos/145.svg", "team": "chw", "start": "", "in": "3", "result": "Groundout", "evo": "40.6", "la": "38", "dist": "98"}, {"player": "gavin sheets", "game": "chw @ det", "gameIdx": 0, "hr/park": "", "pa": "18", "dt": "", "img": "https://www.mlbstatic.com/team-logos/145.svg", "team": "chw", "start": "", "in": "3", "result": "Groundout", "evo": "81.9", "la": "-2", "dist": "28"}, {"player": "riley greene", "game": "chw @ det", "gameIdx": 0, "hr/park": "", "pa": "17", "dt": "", "img": "https://www.mlbstatic.com/team-logos/116.svg", "team": "det", "start": "", "in": "2", "result": "Strikeout", "evo": "", "la": "", "dist": ""}, {"player": "zach mckinstry", "game": "chw @ det", "gameIdx": 0, "hr/park": "", "pa": "16", "dt": "", "img": "https://www.mlbstatic.com/team-logos/116.svg", "team": "det", "start": "", "in": "2", "result": "Sac Fly", "evo": "77.0", "la": "40", "dist": "261"}, {"player": "zack short", "game": "chw @ det", "gameIdx": 0, "hr/park": "", "pa": "15", "dt": "", "img": "https://www.mlbstatic.com/team-logos/116.svg", "team": "det", "start": "", "in": "2", "result": "Walk", "evo": "", "la": "", "dist": ""}, {"player": "andy ibanez", "game": "chw @ det", "gameIdx": 0, "hr/park": "", "pa": "14", "dt": "", "img": "https://www.mlbstatic.com/team-logos/116.svg", "team": "det", "start": "", "in": "2", "result": "Single", "evo": "102.5", "la": "11", "dist": "245"}, {"player": "jonathan schoop", "game": "chw @ det", "gameIdx": 0, "hr/park": "", "pa": "13", "dt": "", "img": "https://www.mlbstatic.com/team-logos/116.svg", "team": "det", "start": "", "in": "2", "result": "Single", "evo": "99.8", "la": "6", "dist": "129"}, {"player": "akil baddoo", "game": "chw @ det", "gameIdx": 0, "hr/park": "", "pa": "12", "dt": "", "img": "https://www.mlbstatic.com/team-logos/116.svg", "team": "det", "start": "", "in": "2", "result": "Double", "evo": "74.5", "la": "27", "dist": "264"}, {"player": "nick maton", "game": "chw @ det", "gameIdx": 0, "hr/park": "", "pa": "11", "dt": "", "img": "https://www.mlbstatic.com/team-logos/116.svg", "team": "det", "start": "", "in": "2", "result": "Flyout", "evo": "75.5", "la": "31", "dist": "269"}, {"player": "jake burger", "game": "chw @ det", "gameIdx": 0, "hr/park": "", "pa": "10", "dt": "", "img": "https://www.mlbstatic.com/team-logos/145.svg", "team": "chw", "start": "", "in": "2", "result": "Flyout", "evo": "76.1", "la": "49", "dist": "229"}, {"player": "yasmani grandal", "game": "chw @ det", "gameIdx": 0, "hr/park": "", "pa": "9", "dt": "", "img": "https://www.mlbstatic.com/team-logos/145.svg", "team": "chw", "start": "", "in": "2", "result": "Groundout", "evo": "82.2", "la": "-7", "dist": "14"}, {"player": "andrew vaughn", "game": "chw @ det", "gameIdx": 0, "hr/park": "0/30", "pa": "8", "dt": "", "img": "https://www.mlbstatic.com/team-logos/145.svg", "team": "chw", "start": "", "in": "2", "result": "Flyout", "evo": "95.1", "la": "36", "dist": "334"}, {"player": "eric haase", "game": "chw @ det", "gameIdx": 0, "hr/park": "", "pa": "7", "dt": "", "img": "https://www.mlbstatic.com/team-logos/116.svg", "team": "det", "start": "", "in": "1", "result": "Groundout", "evo": "97.2", "la": "-1", "dist": "43"}, {"player": "spencer torkelson", "game": "chw @ det", "gameIdx": 0, "hr/park": "", "pa": "6", "dt": "", "img": "https://www.mlbstatic.com/team-logos/116.svg", "team": "det", "start": "", "in": "1", "result": "Flyout", "evo": "81.5", "la": "42", "dist": "268"}, {"player": "riley greene", "game": "chw @ det", "gameIdx": 0, "hr/park": "", "pa": "5", "dt": "", "img": "https://www.mlbstatic.com/team-logos/116.svg", "team": "det", "start": "", "in": "1", "result": "Strikeout", "evo": "", "la": "", "dist": ""}, {"player": "zach mckinstry", "game": "chw @ det", "gameIdx": 0, "hr/park": "", "pa": "4", "dt": "", "img": "https://www.mlbstatic.com/team-logos/116.svg", "team": "det", "start": "", "in": "1", "result": "Single", "evo": "96.2", "la": "7", "dist": "113"}, {"player": "yoan moncada", "game": "chw @ det", "gameIdx": 0, "hr/park": "", "pa": "3", "dt": "", "img": "https://www.mlbstatic.com/team-logos/145.svg", "team": "chw", "start": "", "in": "1", "result": "Strikeout", "evo": "", "la": "", "dist": ""}, {"player": "andrew benintendi", "game": "chw @ det", "gameIdx": 0, "hr/park": "", "pa": "2", "dt": "", "img": "https://www.mlbstatic.com/team-logos/145.svg", "team": "chw", "start": "", "in": "1", "result": "Groundout", "evo": "96.3", "la": "-3", "dist": "34"}, {"player": "tim anderson", "game": "chw @ det", "gameIdx": 0, "hr/park": "0/30", "pa": "1", "dt": "", "img": "https://www.mlbstatic.com/team-logos/145.svg", "team": "chw", "start": "", "in": "1", "result": "Flyout", "evo": "94.3", "la": "30", "dist": "306"}], "tor @ min": [], "tex @ bal": [], "hou @ ath": [], "wsh @ kc": [], "pit @ sea": [], "lad @ tb": [], "phi @ atl": [], "sf @ mil": [], "bos @ ari": [], "cin @ chc": [], "stl @ cle": [], "nym @ col": [], "mia @ laa": []}