{"all": {"pitchers": "19", "batters": "41", "pitches": "591", "max velomax pitch velocity": "99.5", "min velomin pitch velocity": "70.8", "ff%fourseam fastball %": "42.1", "si%sinker %": "16.4", "fc%cutter %": "3.2", "fs%splitter %": "7.4", "ch%changeup %": "10.7", "sl%slider %": "15.7", "cu%curve %": "4.2", "max evmax exit velocity": "108.3", "hhhard hit": "28", "hh%hard hit %": "29.2", "brlbarrels": "5", "brl%barrel %": "5.2", "ab": "131", "avg": ".198", "h": "26", "1b": "15", "2b": "6", "3b": "0", "hr": "5", "so": "36", "bipballs in play": "96", "liveGames": 0, "totGames": 8}, "bal @ tor": [{"player": "mark trumbo", "game": "bal @ tor", "gameIdx": 0, "hr/park": "", "pa": "69", "dt": "", "img": "https://www.mlbstatic.com/team-logos/110.svg", "team": "bal", "start": "", "in": "9", "result": "Strikeout", "evo": "", "la": "", "dist": ""}, {"player": "chris davis", "game": "bal @ tor", "gameIdx": 0, "hr/park": "", "pa": "68", "dt": "", "img": "https://www.mlbstatic.com/team-logos/110.svg", "team": "bal", "start": "", "in": "9", "result": "Strikeout", "evo": "", "la": "", "dist": ""}, {"player": "trey mancini", "game": "bal @ tor", "gameIdx": 0, "hr/park": "", "pa": "67", "dt": "", "img": "https://www.mlbstatic.com/team-logos/110.svg", "team": "bal", "start": "", "in": "9", "result": "Groundout", "evo": "52.2", "la": "-47", "dist": "3"}, {"player": "adam jones", "game": "bal @ tor", "gameIdx": 0, "hr/park": "", "pa": "66", "dt": "", "img": "https://www.mlbstatic.com/team-logos/110.svg", "team": "bal", "start": "", "in": "9", "result": "Single", "evo": "81.7", "la": "10", "dist": "139"}, {"player": "ryan goins", "game": "bal @ tor", "gameIdx": 0, "hr/park": "", "pa": "65", "dt": "", "img": "https://www.mlbstatic.com/team-logos/141.svg", "team": "tor", "start": "", "in": "8", "result": "Groundout", "evo": "71.7", "la": "-32", "dist": "3"}, {"player": "teoscar hernandez", "game": "bal @ tor", "gameIdx": 0, "hr/park": "", "pa": "64", "dt": "", "img": "https://www.mlbstatic.com/team-logos/141.svg", "team": "tor", "start": "", "in": "8", "result": "Lineout", "evo": "80.7", "la": "24", "dist": "281"}, {"player": "miguel montero", "game": "bal @ tor", "gameIdx": 0, "hr/park": "", "pa": "63", "dt": "", "img": "https://www.mlbstatic.com/team-logos/141.svg", "team": "tor", "start": "", "in": "8", "result": "Groundout", "evo": "83.7", "la": "-17", "dist": "9"}, {"player": "jonathan schoop", "game": "bal @ tor", "gameIdx": 0, "hr/park": "", "pa": "62", "dt": "", "img": "https://www.mlbstatic.com/team-logos/110.svg", "team": "bal", "start": "", "in": "8", "result": "Groundout", "evo": "78.6", "la": "4", "dist": "69"}, {"player": "manny machado", "game": "bal @ tor", "gameIdx": 0, "hr/park": "0/30", "pa": "61", "dt": "", "img": "https://www.mlbstatic.com/team-logos/110.svg", "team": "bal", "start": "", "in": "8", "result": "Lineout", "evo": "104.5", "la": "18", "dist": "337"}, {"player": "tim beckham", "game": "bal @ tor", "gameIdx": 0, "hr/park": "", "pa": "60", "dt": "", "img": "https://www.mlbstatic.com/team-logos/110.svg", "team": "bal", "start": "", "in": "8", "result": "Groundout", "evo": "97.7", "la": "-11", "dist": "11"}, {"player": "kevin pillar", "game": "bal @ tor", "gameIdx": 0, "hr/park": "", "pa": "59", "dt": "", "img": "https://www.mlbstatic.com/team-logos/141.svg", "team": "tor", "start": "", "in": "7", "result": "Strikeout", "evo": "", "la": "", "dist": ""}, {"player": "kendrys morales", "game": "bal @ tor", "gameIdx": 0, "hr/park": "", "pa": "58", "dt": "", "img": "https://www.mlbstatic.com/team-logos/141.svg", "team": "tor", "start": "", "in": "7", "result": "Strikeout", "evo": "", "la": "", "dist": ""}, {"player": "josh donaldson", "game": "bal @ tor", "gameIdx": 0, "hr/park": "", "pa": "57", "dt": "", "img": "https://www.mlbstatic.com/team-logos/141.svg", "team": "tor", "start": "", "in": "7", "result": "Groundout", "evo": "55.1", "la": "-2", "dist": "20"}, {"player": "seth smith", "game": "bal @ tor", "gameIdx": 0, "hr/park": "", "pa": "56", "dt": "", "img": "https://www.mlbstatic.com/team-logos/110.svg", "team": "bal", "start": "", "in": "7", "result": "Strikeout", "evo": "", "la": "", "dist": ""}, {"player": "caleb joseph", "game": "bal @ tor", "gameIdx": 0, "hr/park": "", "pa": "55", "dt": "", "img": "https://www.mlbstatic.com/team-logos/110.svg", "team": "bal", "start": "", "in": "7", "result": "Single", "evo": "", "la": "", "dist": ""}, {"player": "mark trumbo", "game": "bal @ tor", "gameIdx": 0, "hr/park": "", "pa": "54", "dt": "", "img": "https://www.mlbstatic.com/team-logos/110.svg", "team": "bal", "start": "", "in": "7", "result": "Groundout", "evo": "65.2", "la": "-43", "dist": "4"}, {"player": "chris davis", "game": "bal @ tor", "gameIdx": 0, "hr/park": "", "pa": "53", "dt": "", "img": "https://www.mlbstatic.com/team-logos/110.svg", "team": "bal", "start": "", "in": "7", "result": "Strikeout", "evo": "", "la": "", "dist": ""}, {"player": "trey mancini", "game": "bal @ tor", "gameIdx": 0, "hr/park": "", "pa": "52", "dt": "", "img": "https://www.mlbstatic.com/team-logos/110.svg", "team": "bal", "start": "", "in": "7", "result": "Walk", "evo": "", "la": "", "dist": ""}, {"player": "ezequiel carrera", "game": "bal @ tor", "gameIdx": 0, "hr/park": "", "pa": "51", "dt": "", "img": "https://www.mlbstatic.com/team-logos/141.svg", "team": "tor", "start": "", "in": "6", "result": "Groundout", "evo": "87.0", "la": "-10", "dist": "13"}, {"player": "richard urena", "game": "bal @ tor", "gameIdx": 0, "hr/park": "", "pa": "50", "dt": "", "img": "https://www.mlbstatic.com/team-logos/141.svg", "team": "tor", "start": "", "in": "6", "result": "Strikeout", "evo": "", "la": "", "dist": ""}, {"player": "darwin barney", "game": "bal @ tor", "gameIdx": 0, "hr/park": "", "pa": "49", "dt": "", "img": "https://www.mlbstatic.com/team-logos/141.svg", "team": "tor", "start": "", "in": "6", "result": "Single", "evo": "", "la": "", "dist": ""}, {"player": "ryan goins", "game": "bal @ tor", "gameIdx": 0, "hr/park": "", "pa": "48", "dt": "", "img": "https://www.mlbstatic.com/team-logos/141.svg", "team": "tor", "start": "", "in": "6", "result": "Groundout", "evo": "44.1", "la": "-33", "dist": "3"}, {"player": "teoscar hernandez", "game": "bal @ tor", "gameIdx": 0, "hr/park": "", "pa": "47", "dt": "", "img": "https://www.mlbstatic.com/team-logos/141.svg", "team": "tor", "start": "", "in": "6", "result": "Single", "evo": "55.1", "la": "-54", "dist": "4"}, {"player": "miguel montero", "game": "bal @ tor", "gameIdx": 0, "hr/park": "", "pa": "46", "dt": "", "img": "https://www.mlbstatic.com/team-logos/141.svg", "team": "tor", "start": "", "in": "6", "result": "Hit By Pitch", "evo": "", "la": "", "dist": ""}, {"player": "adam jones", "game": "bal @ tor", "gameIdx": 0, "hr/park": "", "pa": "45", "dt": "", "img": "https://www.mlbstatic.com/team-logos/110.svg", "team": "bal", "start": "", "in": "6", "result": "Groundout", "evo": "98.7", "la": "-20", "dist": "5"}, {"player": "jonathan schoop", "game": "bal @ tor", "gameIdx": 0, "hr/park": "", "pa": "44", "dt": "", "img": "https://www.mlbstatic.com/team-logos/110.svg", "team": "bal", "start": "", "in": "6", "result": "Groundout", "evo": "103.4", "la": "4", "dist": "121"}, {"player": "manny machado", "game": "bal @ tor", "gameIdx": 0, "hr/park": "", "pa": "43", "dt": "", "img": "https://www.mlbstatic.com/team-logos/110.svg", "team": "bal", "start": "", "in": "6", "result": "Strikeout", "evo": "", "la": "", "dist": ""}, {"player": "kevin pillar", "game": "bal @ tor", "gameIdx": 0, "hr/park": "", "pa": "42", "dt": "", "img": "https://www.mlbstatic.com/team-logos/141.svg", "team": "tor", "start": "", "in": "5", "result": "Groundout", "evo": "87.0", "la": "-29", "dist": "4"}, {"player": "kendrys morales", "game": "bal @ tor", "gameIdx": 0, "hr/park": "0/30", "pa": "41", "dt": "", "img": "https://www.mlbstatic.com/team-logos/141.svg", "team": "tor", "start": "", "in": "5", "result": "Flyout", "evo": "91.3", "la": "31", "dist": "357"}, {"player": "josh donaldson", "game": "bal @ tor", "gameIdx": 0, "hr/park": "", "pa": "40", "dt": "", "img": "https://www.mlbstatic.com/team-logos/141.svg", "team": "tor", "start": "", "in": "5", "result": "Walk", "evo": "", "la": "", "dist": ""}, {"player": "ezequiel carrera", "game": "bal @ tor", "gameIdx": 0, "hr/park": "", "pa": "39", "dt": "", "img": "https://www.mlbstatic.com/team-logos/141.svg", "team": "tor", "start": "", "in": "5", "result": "Strikeout", "evo": "", "la": "", "dist": ""}, {"player": "tim beckham", "game": "bal @ tor", "gameIdx": 0, "hr/park": "", "pa": "38", "dt": "", "img": "https://www.mlbstatic.com/team-logos/110.svg", "team": "bal", "start": "", "in": "5", "result": "Groundout", "evo": "102.8", "la": "-7", "dist": "14"}, {"player": "seth smith", "game": "bal @ tor", "gameIdx": 0, "hr/park": "", "pa": "37", "dt": "", "img": "https://www.mlbstatic.com/team-logos/110.svg", "team": "bal", "start": "", "in": "5", "result": "Groundout", "evo": "96.2", "la": "4", "dist": "90"}, {"player": "caleb joseph", "game": "bal @ tor", "gameIdx": 0, "hr/park": "", "pa": "36", "dt": "", "img": "https://www.mlbstatic.com/team-logos/110.svg", "team": "bal", "start": "", "in": "5", "result": "Groundout", "evo": "51.6", "la": "-58", "dist": "4"}, {"player": "mark trumbo", "game": "bal @ tor", "gameIdx": 0, "hr/park": "30/30", "pa": "35", "dt": "", "img": "https://www.mlbstatic.com/team-logos/110.svg", "team": "bal", "start": "", "in": "5", "result": "Home Run", "evo": "104.2", "la": "33", "dist": "400"}, {"player": "richard urena", "game": "bal @ tor", "gameIdx": 0, "hr/park": "0/30", "pa": "34", "dt": "", "img": "https://www.mlbstatic.com/team-logos/141.svg", "team": "tor", "start": "", "in": "4", "result": "Lineout", "evo": "93.6", "la": "21", "dist": "327"}, {"player": "darwin barney", "game": "bal @ tor", "gameIdx": 0, "hr/park": "", "pa": "33", "dt": "", "img": "https://www.mlbstatic.com/team-logos/141.svg", "team": "tor", "start": "", "in": "4", "result": "Strikeout", "evo": "", "la": "", "dist": ""}, {"player": "ryan goins", "game": "bal @ tor", "gameIdx": 0, "hr/park": "30/30", "pa": "32", "dt": "", "img": "https://www.mlbstatic.com/team-logos/141.svg", "team": "tor", "start": "", "in": "4", "result": "Home Run", "evo": "103.8", "la": "26", "dist": "412"}, {"player": "teoscar hernandez", "game": "bal @ tor", "gameIdx": 0, "hr/park": "", "pa": "31", "dt": "", "img": "https://www.mlbstatic.com/team-logos/141.svg", "team": "tor", "start": "", "in": "4", "result": "Groundout", "evo": "86.3", "la": "-16", "dist": "9"}, {"player": "chris davis", "game": "bal @ tor", "gameIdx": 0, "hr/park": "", "pa": "30", "dt": "", "img": "https://www.mlbstatic.com/team-logos/110.svg", "team": "bal", "start": "", "in": "4", "result": "Groundout", "evo": "92.7", "la": "-9", "dist": "18"}, {"player": "trey mancini", "game": "bal @ tor", "gameIdx": 0, "hr/park": "", "pa": "29", "dt": "", "img": "https://www.mlbstatic.com/team-logos/110.svg", "team": "bal", "start": "", "in": "4", "result": "Strikeout", "evo": "", "la": "", "dist": ""}, {"player": "adam jones", "game": "bal @ tor", "gameIdx": 0, "hr/park": "", "pa": "28", "dt": "", "img": "https://www.mlbstatic.com/team-logos/110.svg", "team": "bal", "start": "", "in": "4", "result": "Single", "evo": "75.8", "la": "10", "dist": "135"}, {"player": "jonathan schoop", "game": "bal @ tor", "gameIdx": 0, "hr/park": "", "pa": "27", "dt": "", "img": "https://www.mlbstatic.com/team-logos/110.svg", "team": "bal", "start": "", "in": "4", "result": "Strikeout", "evo": "", "la": "", "dist": ""}, {"player": "manny machado", "game": "bal @ tor", "gameIdx": 0, "hr/park": "", "pa": "26", "dt": "", "img": "https://www.mlbstatic.com/team-logos/110.svg", "team": "bal", "start": "", "in": "4", "result": "Double", "evo": "101.9", "la": "-5", "dist": "20"}, {"player": "miguel montero", "game": "bal @ tor", "gameIdx": 0, "hr/park": "", "pa": "25", "dt": "", "img": "https://www.mlbstatic.com/team-logos/141.svg", "team": "tor", "start": "", "in": "3", "result": "Pop Out", "evo": "74.8", "la": "81", "dist": "80"}, {"player": "kevin pillar", "game": "bal @ tor", "gameIdx": 0, "hr/park": "", "pa": "24", "dt": "", "img": "https://www.mlbstatic.com/team-logos/141.svg", "team": "tor", "start": "", "in": "3", "result": "Pop Out", "evo": "", "la": "", "dist": ""}, {"player": "kendrys morales", "game": "bal @ tor", "gameIdx": 0, "hr/park": "0/30", "pa": "23", "dt": "", "img": "https://www.mlbstatic.com/team-logos/141.svg", "team": "tor", "start": "", "in": "3", "result": "Flyout", "evo": "100.9", "la": "21", "dist": "387"}, {"player": "tim beckham", "game": "bal @ tor", "gameIdx": 0, "hr/park": "", "pa": "22", "dt": "", "img": "https://www.mlbstatic.com/team-logos/110.svg", "team": "bal", "start": "", "in": "3", "result": "Strikeout", "evo": "", "la": "", "dist": ""}, {"player": "seth smith", "game": "bal @ tor", "gameIdx": 0, "hr/park": "", "pa": "21", "dt": "", "img": "https://www.mlbstatic.com/team-logos/110.svg", "team": "bal", "start": "", "in": "3", "result": "Groundout", "evo": "106.4", "la": "-3", "dist": "26"}, {"player": "caleb joseph", "game": "bal @ tor", "gameIdx": 0, "hr/park": "", "pa": "20", "dt": "", "img": "https://www.mlbstatic.com/team-logos/110.svg", "team": "bal", "start": "", "in": "3", "result": "Strikeout", "evo": "", "la": "", "dist": ""}, {"player": "josh donaldson", "game": "bal @ tor", "gameIdx": 0, "hr/park": "", "pa": "19", "dt": "", "img": "https://www.mlbstatic.com/team-logos/141.svg", "team": "tor", "start": "", "in": "2", "result": "Groundout", "evo": "94.0", "la": "7", "dist": "119"}, {"player": "ezequiel carrera", "game": "bal @ tor", "gameIdx": 0, "hr/park": "", "pa": "18", "dt": "", "img": "https://www.mlbstatic.com/team-logos/141.svg", "team": "tor", "start": "", "in": "2", "result": "Strikeout", "evo": "", "la": "", "dist": ""}, {"player": "richard urena", "game": "bal @ tor", "gameIdx": 0, "hr/park": "", "pa": "17", "dt": "", "img": "https://www.mlbstatic.com/team-logos/141.svg", "team": "tor", "start": "", "in": "2", "result": "Double", "evo": "90.0", "la": "12", "dist": "228"}, {"player": "darwin barney", "game": "bal @ tor", "gameIdx": 0, "hr/park": "", "pa": "16", "dt": "", "img": "https://www.mlbstatic.com/team-logos/141.svg", "team": "tor", "start": "", "in": "2", "result": "Double", "evo": "100.1", "la": "14", "dist": "270"}, {"player": "ryan goins", "game": "bal @ tor", "gameIdx": 0, "hr/park": "", "pa": "15", "dt": "", "img": "https://www.mlbstatic.com/team-logos/141.svg", "team": "tor", "start": "", "in": "2", "result": "Groundout", "evo": "93.2", "la": "7", "dist": "133"}, {"player": "teoscar hernandez", "game": "bal @ tor", "gameIdx": 0, "hr/park": "", "pa": "14", "dt": "", "img": "https://www.mlbstatic.com/team-logos/141.svg", "team": "tor", "start": "", "in": "2", "result": "Double", "evo": "92.4", "la": "50", "dist": "278"}, {"player": "mark trumbo", "game": "bal @ tor", "gameIdx": 0, "hr/park": "", "pa": "13", "dt": "", "img": "https://www.mlbstatic.com/team-logos/110.svg", "team": "bal", "start": "", "in": "2", "result": "Strikeout", "evo": "", "la": "", "dist": ""}, {"player": "chris davis", "game": "bal @ tor", "gameIdx": 0, "hr/park": "", "pa": "12", "dt": "", "img": "https://www.mlbstatic.com/team-logos/110.svg", "team": "bal", "start": "", "in": "2", "result": "Strikeout", "evo": "", "la": "", "dist": ""}, {"player": "trey mancini", "game": "bal @ tor", "gameIdx": 0, "hr/park": "", "pa": "11", "dt": "", "img": "https://www.mlbstatic.com/team-logos/110.svg", "team": "bal", "start": "", "in": "2", "result": "Single", "evo": "66.3", "la": "37", "dist": "220"}, {"player": "adam jones", "game": "bal @ tor", "gameIdx": 0, "hr/park": "", "pa": "10", "dt": "", "img": "https://www.mlbstatic.com/team-logos/110.svg", "team": "bal", "start": "", "in": "2", "result": "Flyout", "evo": "82.1", "la": "41", "dist": "274"}, {"player": "miguel montero", "game": "bal @ tor", "gameIdx": 0, "hr/park": "", "pa": "9", "dt": "", "img": "https://www.mlbstatic.com/team-logos/141.svg", "team": "tor", "start": "", "in": "1", "result": "Strikeout", "evo": "", "la": "", "dist": ""}, {"player": "kevin pillar", "game": "bal @ tor", "gameIdx": 0, "hr/park": "", "pa": "8", "dt": "", "img": "https://www.mlbstatic.com/team-logos/141.svg", "team": "tor", "start": "", "in": "1", "result": "Single", "evo": "", "la": "", "dist": ""}, {"player": "kendrys morales", "game": "bal @ tor", "gameIdx": 0, "hr/park": "", "pa": "7", "dt": "", "img": "https://www.mlbstatic.com/team-logos/141.svg", "team": "tor", "start": "", "in": "1", "result": "Single", "evo": "98.4", "la": "11", "dist": "236"}, {"player": "josh donaldson", "game": "bal @ tor", "gameIdx": 0, "hr/park": "", "pa": "6", "dt": "", "img": "https://www.mlbstatic.com/team-logos/141.svg", "team": "tor", "start": "", "in": "1", "result": "Walk", "evo": "", "la": "", "dist": ""}, {"player": "ezequiel carrera", "game": "bal @ tor", "gameIdx": 0, "hr/park": "0/30", "pa": "5", "dt": "", "img": "https://www.mlbstatic.com/team-logos/141.svg", "team": "tor", "start": "", "in": "1", "result": "Flyout", "evo": "99.7", "la": "34", "dist": "382"}, {"player": "richard urena", "game": "bal @ tor", "gameIdx": 0, "hr/park": "", "pa": "4", "dt": "", "img": "https://www.mlbstatic.com/team-logos/141.svg", "team": "tor", "start": "", "in": "1", "result": "Strikeout", "evo": "", "la": "", "dist": ""}, {"player": "jonathan schoop", "game": "bal @ tor", "gameIdx": 0, "hr/park": "0/30", "pa": "3", "dt": "", "img": "https://www.mlbstatic.com/team-logos/110.svg", "team": "bal", "start": "", "in": "1", "result": "Flyout", "evo": "98.9", "la": "41", "dist": "345"}, {"player": "manny machado", "game": "bal @ tor", "gameIdx": 0, "hr/park": "", "pa": "2", "dt": "", "img": "https://www.mlbstatic.com/team-logos/110.svg", "team": "bal", "start": "", "in": "1", "result": "Strikeout", "evo": "", "la": "", "dist": ""}, {"player": "tim beckham", "game": "bal @ tor", "gameIdx": 0, "hr/park": "", "pa": "1", "dt": "", "img": "https://www.mlbstatic.com/team-logos/110.svg", "team": "bal", "start": "", "in": "1", "result": "Pop Out", "evo": "86.9", "la": "60", "dist": "178"}], "det @ cle": [], "nyy @ tb": [], "pit @ mil": [{"player": "jett bandy", "game": "pit @ mil", "gameIdx": 0, "hr/park": "", "pa": "71", "dt": "", "img": "https://www.mlbstatic.com/team-logos/158.svg", "team": "mil", "start": "", "in": "9", "result": "Strikeout", "evo": "", "la": "", "dist": ""}, {"player": "ryan braun", "game": "pit @ mil", "gameIdx": 0, "hr/park": "", "pa": "70", "dt": "", "img": "https://www.mlbstatic.com/team-logos/158.svg", "team": "mil", "start": "", "in": "9", "result": "Forceout", "evo": "75.5", "la": "-35", "dist": "4"}, {"player": "domingo santana", "game": "pit @ mil", "gameIdx": 0, "hr/park": "", "pa": "69", "dt": "", "img": "https://www.mlbstatic.com/team-logos/158.svg", "team": "mil", "start": "", "in": "9", "result": "Single", "evo": "108.3", "la": "18", "dist": "279"}, {"player": "hernan perez", "game": "pit @ mil", "gameIdx": 0, "hr/park": "", "pa": "68", "dt": "", "img": "https://www.mlbstatic.com/team-logos/158.svg", "team": "mil", "start": "", "in": "9", "result": "Groundout", "evo": "45.9", "la": "3", "dist": "38"}, {"player": "josh bell", "game": "pit @ mil", "gameIdx": 0, "hr/park": "", "pa": "67", "dt": "", "img": "https://www.mlbstatic.com/team-logos/134.svg", "team": "pit", "start": "", "in": "9", "result": "Strikeout", "evo": "", "la": "", "dist": ""}, {"player": "andrew mccutchen", "game": "pit @ mil", "gameIdx": 0, "hr/park": "", "pa": "66", "dt": "", "img": "https://www.mlbstatic.com/team-logos/134.svg", "team": "pit", "start": "", "in": "9", "result": "Walk", "evo": "", "la": "", "dist": ""}, {"player": "adam frazier", "game": "pit @ mil", "gameIdx": 0, "hr/park": "", "pa": "65", "dt": "", "img": "https://www.mlbstatic.com/team-logos/134.svg", "team": "pit", "start": "", "in": "9", "result": "Groundout", "evo": "62.4", "la": "-28", "dist": "5"}, {"player": "starling marte", "game": "pit @ mil", "gameIdx": 0, "hr/park": "", "pa": "64", "dt": "", "img": "https://www.mlbstatic.com/team-logos/134.svg", "team": "pit", "start": "", "in": "9", "result": "Strikeout", "evo": "", "la": "", "dist": ""}, {"player": "stephen vogt", "game": "pit @ mil", "gameIdx": 0, "hr/park": "", "pa": "63", "dt": "", "img": "https://www.mlbstatic.com/team-logos/158.svg", "team": "mil", "start": "", "in": "8", "result": "Pop Out", "evo": "", "la": "", "dist": ""}, {"player": "orlando arcia", "game": "pit @ mil", "gameIdx": 0, "hr/park": "", "pa": "62", "dt": "", "img": "https://www.mlbstatic.com/team-logos/158.svg", "team": "mil", "start": "", "in": "8", "result": "Walk", "evo": "", "la": "", "dist": ""}, {"player": "eric sogard", "game": "pit @ mil", "gameIdx": 0, "hr/park": "", "pa": "61", "dt": "", "img": "https://www.mlbstatic.com/team-logos/158.svg", "team": "mil", "start": "", "in": "8", "result": "GIDP", "evo": "86.7", "la": "-32", "dist": "3"}, {"player": "manny pina", "game": "pit @ mil", "gameIdx": 0, "hr/park": "", "pa": "60", "dt": "", "img": "https://www.mlbstatic.com/team-logos/158.svg", "team": "mil", "start": "", "in": "8", "result": "Single", "evo": "101.6", "la": "-5", "dist": "18"}, {"player": "john jaso", "game": "pit @ mil", "gameIdx": 0, "hr/park": "", "pa": "59", "dt": "", "img": "https://www.mlbstatic.com/team-logos/134.svg", "team": "pit", "start": "", "in": "8", "result": "Flyout", "evo": "75.1", "la": "41", "dist": "258"}, {"player": "jordy mercer", "game": "pit @ mil", "gameIdx": 0, "hr/park": "9/30", "pa": "58", "dt": "", "img": "https://www.mlbstatic.com/team-logos/134.svg", "team": "pit", "start": "", "in": "8", "result": "Home Run", "evo": "98.1", "la": "29", "dist": "383"}, {"player": "elias diaz", "game": "pit @ mil", "gameIdx": 0, "hr/park": "", "pa": "57", "dt": "", "img": "https://www.mlbstatic.com/team-logos/134.svg", "team": "pit", "start": "", "in": "8", "result": "Flyout", "evo": "81.5", "la": "47", "dist": "241"}, {"player": "sean rodriguez", "game": "pit @ mil", "gameIdx": 0, "hr/park": "", "pa": "56", "dt": "", "img": "https://www.mlbstatic.com/team-logos/134.svg", "team": "pit", "start": "", "in": "8", "result": "Pop Out", "evo": "92.5", "la": "62", "dist": "189"}, {"player": "jesus aguilar", "game": "pit @ mil", "gameIdx": 0, "hr/park": "", "pa": "55", "dt": "", "img": "https://www.mlbstatic.com/team-logos/158.svg", "team": "mil", "start": "", "in": "7", "result": "Strikeout", "evo": "", "la": "", "dist": ""}, {"player": "travis shaw", "game": "pit @ mil", "gameIdx": 0, "hr/park": "", "pa": "54", "dt": "", "img": "https://www.mlbstatic.com/team-logos/158.svg", "team": "mil", "start": "", "in": "7", "result": "Groundout", "evo": "95.5", "la": "-20", "dist": "8"}, {"player": "ryan braun", "game": "pit @ mil", "gameIdx": 0, "hr/park": "", "pa": "53", "dt": "", "img": "https://www.mlbstatic.com/team-logos/158.svg", "team": "mil", "start": "", "in": "7", "result": "Strikeout", "evo": "", "la": "", "dist": ""}, {"player": "gregory polanco", "game": "pit @ mil", "gameIdx": 0, "hr/park": "0/30", "pa": "52", "dt": "", "img": "https://www.mlbstatic.com/team-logos/134.svg", "team": "pit", "start": "", "in": "7", "result": "Flyout", "evo": "91.7", "la": "29", "dist": "331"}, {"player": "josh bell", "game": "pit @ mil", "gameIdx": 0, "hr/park": "", "pa": "51", "dt": "", "img": "https://www.mlbstatic.com/team-logos/134.svg", "team": "pit", "start": "", "in": "7", "result": "Walk", "evo": "", "la": "", "dist": ""}, {"player": "andrew mccutchen", "game": "pit @ mil", "gameIdx": 0, "hr/park": "", "pa": "50", "dt": "", "img": "https://www.mlbstatic.com/team-logos/134.svg", "team": "pit", "start": "", "in": "7", "result": "Strikeout", "evo": "", "la": "", "dist": ""}, {"player": "adam frazier", "game": "pit @ mil", "gameIdx": 0, "hr/park": "", "pa": "49", "dt": "", "img": "https://www.mlbstatic.com/team-logos/134.svg", "team": "pit", "start": "", "in": "7", "result": "Pop Out", "evo": "", "la": "", "dist": ""}, {"player": "domingo santana", "game": "pit @ mil", "gameIdx": 0, "hr/park": "0/30", "pa": "48", "dt": "", "img": "https://www.mlbstatic.com/team-logos/158.svg", "team": "mil", "start": "", "in": "6", "result": "Flyout", "evo": "94.5", "la": "27", "dist": "383"}, {"player": "hernan perez", "game": "pit @ mil", "gameIdx": 0, "hr/park": "", "pa": "47", "dt": "", "img": "https://www.mlbstatic.com/team-logos/158.svg", "team": "mil", "start": "", "in": "6", "result": "Lineout", "evo": "81.3", "la": "12", "dist": "173"}, {"player": "jonathan villar", "game": "pit @ mil", "gameIdx": 0, "hr/park": "", "pa": "46", "dt": "", "img": "https://www.mlbstatic.com/team-logos/158.svg", "team": "mil", "start": "", "in": "6", "result": "Strikeout", "evo": "", "la": "", "dist": ""}, {"player": "starling marte", "game": "pit @ mil", "gameIdx": 0, "hr/park": "", "pa": "45", "dt": "", "img": "https://www.mlbstatic.com/team-logos/134.svg", "team": "pit", "start": "", "in": "6", "result": "Strikeout", "evo": "", "la": "", "dist": ""}, {"player": "steven brault", "game": "pit @ mil", "gameIdx": 0, "hr/park": "", "pa": "44", "dt": "", "img": "https://www.mlbstatic.com/team-logos/134.svg", "team": "pit", "start": "", "in": "6", "result": "Single", "evo": "89.1", "la": "7", "dist": "125"}, {"player": "jordy mercer", "game": "pit @ mil", "gameIdx": 0, "hr/park": "", "pa": "43", "dt": "", "img": "https://www.mlbstatic.com/team-logos/134.svg", "team": "pit", "start": "", "in": "6", "result": "Intent Walk", "evo": "", "la": "", "dist": ""}, {"player": "elias diaz", "game": "pit @ mil", "gameIdx": 0, "hr/park": "", "pa": "42", "dt": "", "img": "https://www.mlbstatic.com/team-logos/134.svg", "team": "pit", "start": "", "in": "6", "result": "Forceout", "evo": "89.6", "la": "-37", "dist": "4"}, {"player": "sean rodriguez", "game": "pit @ mil", "gameIdx": 0, "hr/park": "", "pa": "41", "dt": "", "img": "https://www.mlbstatic.com/team-logos/134.svg", "team": "pit", "start": "", "in": "6", "result": "Fielders Choice Out", "evo": "", "la": "", "dist": ""}, {"player": "gregory polanco", "game": "pit @ mil", "gameIdx": 0, "hr/park": "", "pa": "40", "dt": "", "img": "https://www.mlbstatic.com/team-logos/134.svg", "team": "pit", "start": "", "in": "6", "result": "Single", "evo": "107.0", "la": "11", "dist": "259"}, {"player": "josh bell", "game": "pit @ mil", "gameIdx": 0, "hr/park": "0/30", "pa": "39", "dt": "", "img": "https://www.mlbstatic.com/team-logos/134.svg", "team": "pit", "start": "", "in": "6", "result": "Double", "evo": "102.7", "la": "17", "dist": "376"}, {"player": "orlando arcia", "game": "pit @ mil", "gameIdx": 0, "hr/park": "", "pa": "38", "dt": "", "img": "https://www.mlbstatic.com/team-logos/158.svg", "team": "mil", "start": "", "in": "5", "result": "Groundout", "evo": "94.8", "la": "-5", "dist": "25"}, {"player": "keon broxton", "game": "pit @ mil", "gameIdx": 0, "hr/park": "", "pa": "37", "dt": "", "img": "https://www.mlbstatic.com/team-logos/158.svg", "team": "mil", "start": "", "in": "5", "result": "Strikeout", "evo": "", "la": "", "dist": ""}, {"player": "manny pina", "game": "pit @ mil", "gameIdx": 0, "hr/park": "0/30", "pa": "36", "dt": "", "img": "https://www.mlbstatic.com/team-logos/158.svg", "team": "mil", "start": "", "in": "5", "result": "Flyout", "evo": "87.9", "la": "30", "dist": "317"}, {"player": "jesus aguilar", "game": "pit @ mil", "gameIdx": 0, "hr/park": "", "pa": "35", "dt": "", "img": "https://www.mlbstatic.com/team-logos/158.svg", "team": "mil", "start": "", "in": "5", "result": "Single", "evo": "102.8", "la": "2", "dist": "68"}, {"player": "andrew mccutchen", "game": "pit @ mil", "gameIdx": 0, "hr/park": "", "pa": "34", "dt": "", "img": "https://www.mlbstatic.com/team-logos/134.svg", "team": "pit", "start": "", "in": "5", "result": "Strikeout", "evo": "", "la": "", "dist": ""}, {"player": "adam frazier", "game": "pit @ mil", "gameIdx": 0, "hr/park": "", "pa": "33", "dt": "", "img": "https://www.mlbstatic.com/team-logos/134.svg", "team": "pit", "start": "", "in": "5", "result": "Lineout", "evo": "69.2", "la": "12", "dist": "125"}, {"player": "starling marte", "game": "pit @ mil", "gameIdx": 0, "hr/park": "13/30", "pa": "32", "dt": "", "img": "https://www.mlbstatic.com/team-logos/134.svg", "team": "pit", "start": "", "in": "5", "result": "Home Run", "evo": "103.6", "la": "23", "dist": "402"}, {"player": "steven brault", "game": "pit @ mil", "gameIdx": 0, "hr/park": "", "pa": "31", "dt": "", "img": "https://www.mlbstatic.com/team-logos/134.svg", "team": "pit", "start": "", "in": "5", "result": "Double", "evo": "96.9", "la": "14", "dist": "228"}, {"player": "jordy mercer", "game": "pit @ mil", "gameIdx": 0, "hr/park": "", "pa": "30", "dt": "", "img": "https://www.mlbstatic.com/team-logos/134.svg", "team": "pit", "start": "", "in": "5", "result": "Strikeout", "evo": "", "la": "", "dist": ""}, {"player": "travis shaw", "game": "pit @ mil", "gameIdx": 0, "hr/park": "", "pa": "29", "dt": "", "img": "https://www.mlbstatic.com/team-logos/158.svg", "team": "mil", "start": "", "in": "4", "result": "Strikeout", "evo": "", "la": "", "dist": ""}, {"player": "ryan braun", "game": "pit @ mil", "gameIdx": 0, "hr/park": "", "pa": "28", "dt": "", "img": "https://www.mlbstatic.com/team-logos/158.svg", "team": "mil", "start": "", "in": "4", "result": "Walk", "evo": "", "la": "", "dist": ""}, {"player": "domingo santana", "game": "pit @ mil", "gameIdx": 0, "hr/park": "", "pa": "27", "dt": "", "img": "https://www.mlbstatic.com/team-logos/158.svg", "team": "mil", "start": "", "in": "4", "result": "Strikeout", "evo": "", "la": "", "dist": ""}, {"player": "hernan perez", "game": "pit @ mil", "gameIdx": 0, "hr/park": "", "pa": "26", "dt": "", "img": "https://www.mlbstatic.com/team-logos/158.svg", "team": "mil", "start": "", "in": "4", "result": "Pop Out", "evo": "", "la": "", "dist": ""}, {"player": "elias diaz", "game": "pit @ mil", "gameIdx": 0, "hr/park": "", "pa": "25", "dt": "", "img": "https://www.mlbstatic.com/team-logos/134.svg", "team": "pit", "start": "", "in": "4", "result": "Groundout", "evo": "62.8", "la": "-47", "dist": "3"}, {"player": "sean rodriguez", "game": "pit @ mil", "gameIdx": 0, "hr/park": "", "pa": "24", "dt": "", "img": "https://www.mlbstatic.com/team-logos/134.svg", "team": "pit", "start": "", "in": "4", "result": "Forceout", "evo": "81.6", "la": "-47", "dist": "4"}, {"player": "gregory polanco", "game": "pit @ mil", "gameIdx": 0, "hr/park": "", "pa": "23", "dt": "", "img": "https://www.mlbstatic.com/team-logos/134.svg", "team": "pit", "start": "", "in": "4", "result": "Single", "evo": "98.9", "la": "-2", "dist": "29"}, {"player": "josh bell", "game": "pit @ mil", "gameIdx": 0, "hr/park": "", "pa": "22", "dt": "", "img": "https://www.mlbstatic.com/team-logos/134.svg", "team": "pit", "start": "", "in": "4", "result": "Groundout", "evo": "87.0", "la": "1", "dist": "48"}, {"player": "brandon woodruff", "game": "pit @ mil", "gameIdx": 0, "hr/park": "", "pa": "21", "dt": "", "img": "https://www.mlbstatic.com/team-logos/158.svg", "team": "mil", "start": "", "in": "3", "result": "Groundout", "evo": "82.1", "la": "1", "dist": "59"}, {"player": "orlando arcia", "game": "pit @ mil", "gameIdx": 0, "hr/park": "", "pa": "20", "dt": "", "img": "https://www.mlbstatic.com/team-logos/158.svg", "team": "mil", "start": "", "in": "3", "result": "Strikeout", "evo": "", "la": "", "dist": ""}, {"player": "keon broxton", "game": "pit @ mil", "gameIdx": 0, "hr/park": "", "pa": "19", "dt": "", "img": "https://www.mlbstatic.com/team-logos/158.svg", "team": "mil", "start": "", "in": "3", "result": "Lineout", "evo": "70.0", "la": "10", "dist": "107"}, {"player": "andrew mccutchen", "game": "pit @ mil", "gameIdx": 0, "hr/park": "", "pa": "18", "dt": "", "img": "https://www.mlbstatic.com/team-logos/134.svg", "team": "pit", "start": "", "in": "3", "result": "Groundout", "evo": "", "la": "", "dist": ""}, {"player": "adam frazier", "game": "pit @ mil", "gameIdx": 0, "hr/park": "", "pa": "17", "dt": "", "img": "https://www.mlbstatic.com/team-logos/134.svg", "team": "pit", "start": "", "in": "3", "result": "Walk", "evo": "", "la": "", "dist": ""}, {"player": "starling marte", "game": "pit @ mil", "gameIdx": 0, "hr/park": "", "pa": "16", "dt": "", "img": "https://www.mlbstatic.com/team-logos/134.svg", "team": "pit", "start": "", "in": "3", "result": "Groundout", "evo": "98.2", "la": "-19", "dist": "6"}, {"player": "steven brault", "game": "pit @ mil", "gameIdx": 0, "hr/park": "", "pa": "15", "dt": "", "img": "https://www.mlbstatic.com/team-logos/134.svg", "team": "pit", "start": "", "in": "3", "result": "Groundout", "evo": "89.1", "la": "-6", "dist": "19"}, {"player": "manny pina", "game": "pit @ mil", "gameIdx": 0, "hr/park": "0/30", "pa": "14", "dt": "", "img": "https://www.mlbstatic.com/team-logos/158.svg", "team": "mil", "start": "", "in": "2", "result": "Flyout", "evo": "98.6", "la": "40", "dist": "346"}, {"player": "jesus aguilar", "game": "pit @ mil", "gameIdx": 0, "hr/park": "", "pa": "13", "dt": "", "img": "https://www.mlbstatic.com/team-logos/158.svg", "team": "mil", "start": "", "in": "2", "result": "Strikeout", "evo": "", "la": "", "dist": ""}, {"player": "travis shaw", "game": "pit @ mil", "gameIdx": 0, "hr/park": "", "pa": "12", "dt": "", "img": "https://www.mlbstatic.com/team-logos/158.svg", "team": "mil", "start": "", "in": "2", "result": "Pop Out", "evo": "", "la": "", "dist": ""}, {"player": "jordy mercer", "game": "pit @ mil", "gameIdx": 0, "hr/park": "", "pa": "11", "dt": "", "img": "https://www.mlbstatic.com/team-logos/134.svg", "team": "pit", "start": "", "in": "2", "result": "Groundout", "evo": "87.9", "la": "7", "dist": "139"}, {"player": "elias diaz", "game": "pit @ mil", "gameIdx": 0, "hr/park": "", "pa": "10", "dt": "", "img": "https://www.mlbstatic.com/team-logos/134.svg", "team": "pit", "start": "", "in": "2", "result": "Groundout", "evo": "83.3", "la": "-39", "dist": "3"}, {"player": "sean rodriguez", "game": "pit @ mil", "gameIdx": 0, "hr/park": "", "pa": "9", "dt": "", "img": "https://www.mlbstatic.com/team-logos/134.svg", "team": "pit", "start": "", "in": "2", "result": "Groundout", "evo": "73.7", "la": "-29", "dist": "9"}, {"player": "ryan braun", "game": "pit @ mil", "gameIdx": 0, "hr/park": "", "pa": "8", "dt": "", "img": "https://www.mlbstatic.com/team-logos/158.svg", "team": "mil", "start": "", "in": "1", "result": "Flyout", "evo": "84.0", "la": "55", "dist": "226"}, {"player": "domingo santana", "game": "pit @ mil", "gameIdx": 0, "hr/park": "", "pa": "7", "dt": "", "img": "https://www.mlbstatic.com/team-logos/158.svg", "team": "mil", "start": "", "in": "1", "result": "Lineout", "evo": "", "la": "", "dist": ""}, {"player": "hernan perez", "game": "pit @ mil", "gameIdx": 0, "hr/park": "", "pa": "6", "dt": "", "img": "https://www.mlbstatic.com/team-logos/158.svg", "team": "mil", "start": "", "in": "1", "result": "Flyout", "evo": "71.6", "la": "36", "dist": "249"}, {"player": "gregory polanco", "game": "pit @ mil", "gameIdx": 0, "hr/park": "", "pa": "5", "dt": "", "img": "https://www.mlbstatic.com/team-logos/134.svg", "team": "pit", "start": "", "in": "1", "result": "Strikeout", "evo": "", "la": "", "dist": ""}, {"player": "josh bell", "game": "pit @ mil", "gameIdx": 0, "hr/park": "", "pa": "4", "dt": "", "img": "https://www.mlbstatic.com/team-logos/134.svg", "team": "pit", "start": "", "in": "1", "result": "Groundout", "evo": "83.6", "la": "-18", "dist": "8"}, {"player": "andrew mccutchen", "game": "pit @ mil", "gameIdx": 0, "hr/park": "22/30", "pa": "3", "dt": "", "img": "https://www.mlbstatic.com/team-logos/134.svg", "team": "pit", "start": "", "in": "1", "result": "Home Run", "evo": "97.1", "la": "28", "dist": "392"}, {"player": "adam frazier", "game": "pit @ mil", "gameIdx": 0, "hr/park": "", "pa": "2", "dt": "", "img": "https://www.mlbstatic.com/team-logos/134.svg", "team": "pit", "start": "", "in": "1", "result": "Single", "evo": "91.9", "la": "7", "dist": "153"}, {"player": "starling marte", "game": "pit @ mil", "gameIdx": 0, "hr/park": "", "pa": "1", "dt": "", "img": "https://www.mlbstatic.com/team-logos/134.svg", "team": "pit", "start": "", "in": "1", "result": "Groundout", "evo": "63.4", "la": "-37", "dist": "5"}], "sea @ tex": [], "chw @ kc": [], "col @ ari": [], "lad @ sf": []}