{"all": {"pitchers": "7", "batters": "20", "pitches": "259", "max velomax pitch velocity": "96.7", "min velomin pitch velocity": "64.2", "ff%fourseam fastball %": "17.8", "si%sinker %": "37.8", "fc%cutter %": "3.1", "fs%splitter %": "0.0", "ch%changeup %": "20.1", "sl%slider %": "10.8", "cu%curve %": "9.7", "max evmax exit velocity": "111.6", "hhhard hit": "22", "hh%hard hit %": "44.0", "brlbarrels": "6", "brl%barrel %": "12.0", "ab": "59", "avg": ".153", "h": "9", "1b": "7", "2b": "1", "3b": "0", "hr": "1", "so": "10", "bipballs in play": "50", "liveGames": 0, "totGames": 12}, "min @ det": [{"player": "max kepler", "game": "min @ det", "gameIdx": 0, "hr/park": "", "pa": "66", "dt": "", "img": "https://www.mlbstatic.com/team-logos/142.svg", "team": "min", "start": "", "in": "9", "result": "Pop Out", "evo": "", "la": "", "dist": ""}, {"player": "eddie rosario", "game": "min @ det", "gameIdx": 0, "hr/park": "0/30", "pa": "65", "dt": "", "img": "https://www.mlbstatic.com/team-logos/142.svg", "team": "min", "start": "", "in": "9", "result": "Flyout", "evo": "97.6", "la": "50", "dist": "321"}, {"player": "joe mauer", "game": "min @ det", "gameIdx": 0, "hr/park": "", "pa": "64", "dt": "", "img": "https://www.mlbstatic.com/team-logos/142.svg", "team": "min", "start": "", "in": "9", "result": "Single", "evo": "73.0", "la": "44", "dist": "206"}, {"player": "jason castro", "game": "min @ det", "gameIdx": 0, "hr/park": "0/30", "pa": "63", "dt": "", "img": "https://www.mlbstatic.com/team-logos/142.svg", "team": "min", "start": "", "in": "9", "result": "Single", "evo": "99.1", "la": "14", "dist": "309"}, {"player": "miguel sano", "game": "min @ det", "gameIdx": 0, "hr/park": "28/30", "pa": "62", "dt": "", "img": "https://www.mlbstatic.com/team-logos/142.svg", "team": "min", "start": "", "in": "9", "result": "Double", "evo": "111.6", "la": "20", "dist": "429"}, {"player": "jorge polanco", "game": "min @ det", "gameIdx": 0, "hr/park": "", "pa": "61", "dt": "", "img": "https://www.mlbstatic.com/team-logos/142.svg", "team": "min", "start": "", "in": "9", "result": "Strikeout", "evo": "", "la": "", "dist": ""}, {"player": "victor martinez", "game": "min @ det", "gameIdx": 0, "hr/park": "", "pa": "60", "dt": "", "img": "https://www.mlbstatic.com/team-logos/116.svg", "team": "det", "start": "", "in": "8", "result": "Pop Out", "evo": "77.6", "la": "52", "dist": "207"}, {"player": "miguel cabrera", "game": "min @ det", "gameIdx": 0, "hr/park": "", "pa": "59", "dt": "", "img": "https://www.mlbstatic.com/team-logos/116.svg", "team": "det", "start": "", "in": "8", "result": "Walk", "evo": "", "la": "", "dist": ""}, {"player": "nick castellanos", "game": "min @ det", "gameIdx": 0, "hr/park": "", "pa": "58", "dt": "", "img": "https://www.mlbstatic.com/team-logos/116.svg", "team": "det", "start": "", "in": "8", "result": "Single", "evo": "101.3", "la": "14", "dist": "215"}, {"player": "ian kinsler", "game": "min @ det", "gameIdx": 0, "hr/park": "", "pa": "57", "dt": "", "img": "https://www.mlbstatic.com/team-logos/116.svg", "team": "det", "start": "", "in": "8", "result": "Flyout", "evo": "88.3", "la": "33", "dist": "295"}, {"player": "dixon machado", "game": "min @ det", "gameIdx": 0, "hr/park": "", "pa": "56", "dt": "", "img": "https://www.mlbstatic.com/team-logos/116.svg", "team": "det", "start": "", "in": "8", "result": "Flyout", "evo": "94.2", "la": "57", "dist": "209"}, {"player": "robbie grossman", "game": "min @ det", "gameIdx": 0, "hr/park": "", "pa": "55", "dt": "", "img": "https://www.mlbstatic.com/team-logos/142.svg", "team": "min", "start": "", "in": "8", "result": "Groundout", "evo": "83.7", "la": "-2", "dist": "38"}, {"player": "brian dozier", "game": "min @ det", "gameIdx": 0, "hr/park": "", "pa": "54", "dt": "", "img": "https://www.mlbstatic.com/team-logos/142.svg", "team": "min", "start": "", "in": "8", "result": "Walk", "evo": "", "la": "", "dist": ""}, {"player": "danny santana", "game": "min @ det", "gameIdx": 0, "hr/park": "", "pa": "53", "dt": "", "img": "https://www.mlbstatic.com/team-logos/142.svg", "team": "min", "start": "", "in": "8", "result": "Lineout", "evo": "58.1", "la": "34", "dist": "180"}, {"player": "byron buxton", "game": "min @ det", "gameIdx": 0, "hr/park": "", "pa": "52", "dt": "", "img": "https://www.mlbstatic.com/team-logos/142.svg", "team": "min", "start": "", "in": "8", "result": "Strikeout", "evo": "", "la": "", "dist": ""}, {"player": "jacoby jones", "game": "min @ det", "gameIdx": 0, "hr/park": "", "pa": "51", "dt": "", "img": "https://www.mlbstatic.com/team-logos/116.svg", "team": "det", "start": "", "in": "7", "result": "Strikeout", "evo": "", "la": "", "dist": ""}, {"player": "james mccann", "game": "min @ det", "gameIdx": 0, "hr/park": "0/30", "pa": "50", "dt": "", "img": "https://www.mlbstatic.com/team-logos/116.svg", "team": "det", "start": "", "in": "7", "result": "Flyout", "evo": "98.9", "la": "26", "dist": "382"}, {"player": "mikie mahtook", "game": "min @ det", "gameIdx": 0, "hr/park": "", "pa": "49", "dt": "", "img": "https://www.mlbstatic.com/team-logos/116.svg", "team": "det", "start": "", "in": "7", "result": "Field Error", "evo": "95.0", "la": "-6", "dist": "23"}, {"player": "justin upton", "game": "min @ det", "gameIdx": 0, "hr/park": "0/30", "pa": "48", "dt": "", "img": "https://www.mlbstatic.com/team-logos/116.svg", "team": "det", "start": "", "in": "7", "result": "Flyout", "evo": "104.3", "la": "37", "dist": "357"}, {"player": "eddie rosario", "game": "min @ det", "gameIdx": 0, "hr/park": "", "pa": "47", "dt": "", "img": "https://www.mlbstatic.com/team-logos/142.svg", "team": "min", "start": "", "in": "7", "result": "GIDP", "evo": "83.3", "la": "2", "dist": "55"}, {"player": "chris gimenez", "game": "min @ det", "gameIdx": 0, "hr/park": "", "pa": "46", "dt": "", "img": "https://www.mlbstatic.com/team-logos/142.svg", "team": "min", "start": "", "in": "7", "result": "Walk", "evo": "", "la": "", "dist": ""}, {"player": "jason castro", "game": "min @ det", "gameIdx": 0, "hr/park": "", "pa": "45", "dt": "", "img": "https://www.mlbstatic.com/team-logos/142.svg", "team": "min", "start": "", "in": "7", "result": "Single", "evo": "96.0", "la": "5", "dist": "128"}, {"player": "miguel sano", "game": "min @ det", "gameIdx": 0, "hr/park": "", "pa": "44", "dt": "", "img": "https://www.mlbstatic.com/team-logos/142.svg", "team": "min", "start": "", "in": "7", "result": "Groundout", "evo": "102.0", "la": "6", "dist": "122"}, {"player": "victor martinez", "game": "min @ det", "gameIdx": 0, "hr/park": "0/30", "pa": "43", "dt": "", "img": "https://www.mlbstatic.com/team-logos/116.svg", "team": "det", "start": "", "in": "6", "result": "Flyout", "evo": "89.2", "la": "33", "dist": "332"}, {"player": "miguel cabrera", "game": "min @ det", "gameIdx": 0, "hr/park": "", "pa": "42", "dt": "", "img": "https://www.mlbstatic.com/team-logos/116.svg", "team": "det", "start": "", "in": "6", "result": "Strikeout", "evo": "", "la": "", "dist": ""}, {"player": "nick castellanos", "game": "min @ det", "gameIdx": 0, "hr/park": "0/30", "pa": "41", "dt": "", "img": "https://www.mlbstatic.com/team-logos/116.svg", "team": "det", "start": "", "in": "6", "result": "Flyout", "evo": "105.1", "la": "44", "dist": "340"}, {"player": "ian kinsler", "game": "min @ det", "gameIdx": 0, "hr/park": "", "pa": "40", "dt": "", "img": "https://www.mlbstatic.com/team-logos/116.svg", "team": "det", "start": "", "in": "6", "result": "Walk", "evo": "", "la": "", "dist": ""}, {"player": "jorge polanco", "game": "min @ det", "gameIdx": 0, "hr/park": "0/30", "pa": "39", "dt": "", "img": "https://www.mlbstatic.com/team-logos/142.svg", "team": "min", "start": "", "in": "6", "result": "Lineout", "evo": "86.0", "la": "27", "dist": "315"}, {"player": "robbie grossman", "game": "min @ det", "gameIdx": 0, "hr/park": "", "pa": "38", "dt": "", "img": "https://www.mlbstatic.com/team-logos/142.svg", "team": "min", "start": "", "in": "6", "result": "Single", "evo": "68.1", "la": "22", "dist": "214"}, {"player": "brian dozier", "game": "min @ det", "gameIdx": 0, "hr/park": "0/30", "pa": "37", "dt": "", "img": "https://www.mlbstatic.com/team-logos/142.svg", "team": "min", "start": "", "in": "6", "result": "Flyout", "evo": "95.1", "la": "43", "dist": "303"}, {"player": "danny santana", "game": "min @ det", "gameIdx": 0, "hr/park": "", "pa": "36", "dt": "", "img": "https://www.mlbstatic.com/team-logos/142.svg", "team": "min", "start": "", "in": "6", "result": "Groundout", "evo": "84.8", "la": "-22", "dist": "6"}, {"player": "dixon machado", "game": "min @ det", "gameIdx": 0, "hr/park": "", "pa": "35", "dt": "", "img": "https://www.mlbstatic.com/team-logos/116.svg", "team": "det", "start": "", "in": "5", "result": "Flyout", "evo": "87.2", "la": "35", "dist": "295"}, {"player": "jacoby jones", "game": "min @ det", "gameIdx": 0, "hr/park": "5/30", "pa": "34", "dt": "", "img": "https://www.mlbstatic.com/team-logos/116.svg", "team": "det", "start": "", "in": "5", "result": "Flyout", "evo": "101.8", "la": "24", "dist": "400"}, {"player": "james mccann", "game": "min @ det", "gameIdx": 0, "hr/park": "6/30", "pa": "33", "dt": "", "img": "https://www.mlbstatic.com/team-logos/116.svg", "team": "det", "start": "", "in": "5", "result": "Home Run", "evo": "103.7", "la": "23", "dist": "366"}, {"player": "mikie mahtook", "game": "min @ det", "gameIdx": 0, "hr/park": "0/30", "pa": "32", "dt": "", "img": "https://www.mlbstatic.com/team-logos/116.svg", "team": "det", "start": "", "in": "5", "result": "Flyout", "evo": "98.7", "la": "45", "dist": "320"}, {"player": "justin upton", "game": "min @ det", "gameIdx": 0, "hr/park": "", "pa": "31", "dt": "", "img": "https://www.mlbstatic.com/team-logos/116.svg", "team": "det", "start": "", "in": "5", "result": "Hit By Pitch", "evo": "", "la": "", "dist": ""}, {"player": "byron buxton", "game": "min @ det", "gameIdx": 0, "hr/park": "", "pa": "30", "dt": "", "img": "https://www.mlbstatic.com/team-logos/142.svg", "team": "min", "start": "", "in": "5", "result": "Strikeout", "evo": "", "la": "", "dist": ""}, {"player": "eddie rosario", "game": "min @ det", "gameIdx": 0, "hr/park": "0/30", "pa": "29", "dt": "", "img": "https://www.mlbstatic.com/team-logos/142.svg", "team": "min", "start": "", "in": "5", "result": "Lineout", "evo": "88.9", "la": "25", "dist": "325"}, {"player": "chris gimenez", "game": "min @ det", "gameIdx": 0, "hr/park": "", "pa": "28", "dt": "", "img": "https://www.mlbstatic.com/team-logos/142.svg", "team": "min", "start": "", "in": "5", "result": "Walk", "evo": "", "la": "", "dist": ""}, {"player": "jason castro", "game": "min @ det", "gameIdx": 0, "hr/park": "0/30", "pa": "27", "dt": "", "img": "https://www.mlbstatic.com/team-logos/142.svg", "team": "min", "start": "", "in": "5", "result": "Lineout", "evo": "102.9", "la": "20", "dist": "363"}, {"player": "victor martinez", "game": "min @ det", "gameIdx": 0, "hr/park": "", "pa": "26", "dt": "", "img": "https://www.mlbstatic.com/team-logos/116.svg", "team": "det", "start": "", "in": "4", "result": "Pop Out", "evo": "88.7", "la": "84", "dist": "33"}, {"player": "miguel cabrera", "game": "min @ det", "gameIdx": 0, "hr/park": "", "pa": "25", "dt": "", "img": "https://www.mlbstatic.com/team-logos/116.svg", "team": "det", "start": "", "in": "4", "result": "Single", "evo": "103.8", "la": "6", "dist": "146"}, {"player": "nick castellanos", "game": "min @ det", "gameIdx": 0, "hr/park": "", "pa": "24", "dt": "", "img": "https://www.mlbstatic.com/team-logos/116.svg", "team": "det", "start": "", "in": "4", "result": "Groundout", "evo": "92.5", "la": "-3", "dist": "32"}, {"player": "ian kinsler", "game": "min @ det", "gameIdx": 0, "hr/park": "", "pa": "23", "dt": "", "img": "https://www.mlbstatic.com/team-logos/116.svg", "team": "det", "start": "", "in": "4", "result": "Groundout", "evo": "97.9", "la": "1", "dist": "58"}, {"player": "miguel sano", "game": "min @ det", "gameIdx": 0, "hr/park": "", "pa": "22", "dt": "", "img": "https://www.mlbstatic.com/team-logos/142.svg", "team": "min", "start": "", "in": "4", "result": "Strikeout", "evo": "", "la": "", "dist": ""}, {"player": "jorge polanco", "game": "min @ det", "gameIdx": 0, "hr/park": "", "pa": "21", "dt": "", "img": "https://www.mlbstatic.com/team-logos/142.svg", "team": "min", "start": "", "in": "4", "result": "Pop Out", "evo": "", "la": "", "dist": ""}, {"player": "robbie grossman", "game": "min @ det", "gameIdx": 0, "hr/park": "", "pa": "20", "dt": "", "img": "https://www.mlbstatic.com/team-logos/142.svg", "team": "min", "start": "", "in": "4", "result": "Flyout", "evo": "87.6", "la": "47", "dist": "251"}, {"player": "dixon machado", "game": "min @ det", "gameIdx": 0, "hr/park": "", "pa": "19", "dt": "", "img": "https://www.mlbstatic.com/team-logos/116.svg", "team": "det", "start": "", "in": "3", "result": "Flyout", "evo": "84.9", "la": "51", "dist": "245"}, {"player": "jacoby jones", "game": "min @ det", "gameIdx": 0, "hr/park": "", "pa": "18", "dt": "", "img": "https://www.mlbstatic.com/team-logos/116.svg", "team": "det", "start": "", "in": "3", "result": "Flyout", "evo": "81.0", "la": "44", "dist": "262"}, {"player": "james mccann", "game": "min @ det", "gameIdx": 0, "hr/park": "0/30", "pa": "17", "dt": "", "img": "https://www.mlbstatic.com/team-logos/116.svg", "team": "det", "start": "", "in": "3", "result": "Lineout", "evo": "103.4", "la": "21", "dist": "335"}, {"player": "brian dozier", "game": "min @ det", "gameIdx": 0, "hr/park": "0/30", "pa": "16", "dt": "", "img": "https://www.mlbstatic.com/team-logos/142.svg", "team": "min", "start": "", "in": "3", "result": "Lineout", "evo": "100.5", "la": "19", "dist": "303"}, {"player": "danny santana", "game": "min @ det", "gameIdx": 0, "hr/park": "", "pa": "15", "dt": "", "img": "https://www.mlbstatic.com/team-logos/142.svg", "team": "min", "start": "", "in": "3", "result": "Pop Out", "evo": "", "la": "", "dist": ""}, {"player": "byron buxton", "game": "min @ det", "gameIdx": 0, "hr/park": "", "pa": "14", "dt": "", "img": "https://www.mlbstatic.com/team-logos/142.svg", "team": "min", "start": "", "in": "3", "result": "Strikeout", "evo": "", "la": "", "dist": ""}, {"player": "mikie mahtook", "game": "min @ det", "gameIdx": 0, "hr/park": "", "pa": "13", "dt": "", "img": "https://www.mlbstatic.com/team-logos/116.svg", "team": "det", "start": "", "in": "2", "result": "GIDP", "evo": "93.0", "la": "-5", "dist": "21"}, {"player": "justin upton", "game": "min @ det", "gameIdx": 0, "hr/park": "", "pa": "12", "dt": "", "img": "https://www.mlbstatic.com/team-logos/116.svg", "team": "det", "start": "", "in": "2", "result": "Pop Out", "evo": "66.8", "la": "45", "dist": "209"}, {"player": "victor martinez", "game": "min @ det", "gameIdx": 0, "hr/park": "", "pa": "11", "dt": "", "img": "https://www.mlbstatic.com/team-logos/116.svg", "team": "det", "start": "", "in": "2", "result": "Single", "evo": "87.4", "la": "9", "dist": "119"}, {"player": "eddie rosario", "game": "min @ det", "gameIdx": 0, "hr/park": "", "pa": "10", "dt": "", "img": "https://www.mlbstatic.com/team-logos/142.svg", "team": "min", "start": "", "in": "2", "result": "Strikeout", "evo": "", "la": "", "dist": ""}, {"player": "chris gimenez", "game": "min @ det", "gameIdx": 0, "hr/park": "", "pa": "9", "dt": "", "img": "https://www.mlbstatic.com/team-logos/142.svg", "team": "min", "start": "", "in": "2", "result": "Strikeout", "evo": "", "la": "", "dist": ""}, {"player": "jason castro", "game": "min @ det", "gameIdx": 0, "hr/park": "1/30", "pa": "8", "dt": "", "img": "https://www.mlbstatic.com/team-logos/142.svg", "team": "min", "start": "", "in": "2", "result": "Flyout", "evo": "95.2", "la": "35", "dist": "351"}, {"player": "miguel cabrera", "game": "min @ det", "gameIdx": 0, "hr/park": "", "pa": "7", "dt": "", "img": "https://www.mlbstatic.com/team-logos/116.svg", "team": "det", "start": "", "in": "1", "result": "Flyout", "evo": "86.6", "la": "41", "dist": "283"}, {"player": "nick castellanos", "game": "min @ det", "gameIdx": 0, "hr/park": "", "pa": "6", "dt": "", "img": "https://www.mlbstatic.com/team-logos/116.svg", "team": "det", "start": "", "in": "1", "result": "Groundout", "evo": "99.1", "la": "-4", "dist": "23"}, {"player": "ian kinsler", "game": "min @ det", "gameIdx": 0, "hr/park": "", "pa": "5", "dt": "", "img": "https://www.mlbstatic.com/team-logos/116.svg", "team": "det", "start": "", "in": "1", "result": "Flyout", "evo": "91.9", "la": "54", "dist": "256"}, {"player": "miguel sano", "game": "min @ det", "gameIdx": 0, "hr/park": "", "pa": "4", "dt": "", "img": "https://www.mlbstatic.com/team-logos/142.svg", "team": "min", "start": "", "in": "1", "result": "Strikeout", "evo": "", "la": "", "dist": ""}, {"player": "jorge polanco", "game": "min @ det", "gameIdx": 0, "hr/park": "0/30", "pa": "3", "dt": "", "img": "https://www.mlbstatic.com/team-logos/142.svg", "team": "min", "start": "", "in": "1", "result": "Flyout", "evo": "87.3", "la": "35", "dist": "334"}, {"player": "robbie grossman", "game": "min @ det", "gameIdx": 0, "hr/park": "", "pa": "2", "dt": "", "img": "https://www.mlbstatic.com/team-logos/142.svg", "team": "min", "start": "", "in": "1", "result": "Walk", "evo": "", "la": "", "dist": ""}, {"player": "brian dozier", "game": "min @ det", "gameIdx": 0, "hr/park": "", "pa": "1", "dt": "", "img": "https://www.mlbstatic.com/team-logos/142.svg", "team": "min", "start": "", "in": "1", "result": "Groundout", "evo": "101.2", "la": "5", "dist": "96"}], "chw @ cle": [], "cin @ pit": [], "stl @ wsh": [], "nym @ phi": [], "mil @ tor": [], "bal @ bos": [], "atl @ mia": [], "sd @ col": [], "tex @ laa": [], "hou @ sea": [], "ari @ sf": []}