{"all": {"pitchers": "28", "batters": "71", "pitches": "952", "max velomax pitch velocity": "98.5", "min velomin pitch velocity": "70.5", "ff%fourseam fastball %": "24.8", "si%sinker %": "34.3", "fc%cutter %": "4.1", "fs%splitter %": "0.5", "ch%changeup %": "8.1", "sl%slider %": "18.3", "cu%curve %": "9.7", "max evmax exit velocity": "111.7", "hhhard hit": "58", "hh%hard hit %": "34.1", "brlbarrels": "8", "brl%barrel %": "4.7", "ab": "213", "avg": ".239", "h": "51", "1b": "33", "2b": "11", "3b": "1", "hr": "6", "so": "48", "bipballs in play": "170", "liveGames": 0, "totGames": 15}, "bal @ tb": [], "min @ cle": [], "chc @ mia": [], "laa @ bos": [], "cin @ wsh": [], "mil @ atl": [{"player": "danny santana", "game": "mil @ atl", "gameIdx": 0, "hr/park": "", "pa": "74", "dt": "", "img": "https://www.mlbstatic.com/team-logos/144.svg", "team": "atl", "start": "", "in": "9", "result": "Groundout", "evo": "", "la": "", "dist": ""}, {"player": "kurt suzuki", "game": "mil @ atl", "gameIdx": 0, "hr/park": "", "pa": "73", "dt": "", "img": "https://www.mlbstatic.com/team-logos/144.svg", "team": "atl", "start": "", "in": "9", "result": "Pop Out", "evo": "49.7", "la": "42", "dist": "136"}, {"player": "matt adams", "game": "mil @ atl", "gameIdx": 0, "hr/park": "", "pa": "72", "dt": "", "img": "https://www.mlbstatic.com/team-logos/144.svg", "team": "atl", "start": "", "in": "9", "result": "Walk", "evo": "", "la": "", "dist": ""}, {"player": "lane adams", "game": "mil @ atl", "gameIdx": 0, "hr/park": "", "pa": "71", "dt": "", "img": "https://www.mlbstatic.com/team-logos/144.svg", "team": "atl", "start": "", "in": "9", "result": "Pop Out", "evo": "", "la": "", "dist": ""}, {"player": "lewis brinson", "game": "mil @ atl", "gameIdx": 0, "hr/park": "", "pa": "70", "dt": "", "img": "https://www.mlbstatic.com/team-logos/158.svg", "team": "mil", "start": "", "in": "9", "result": "Groundout", "evo": "66.4", "la": "5", "dist": "60"}, {"player": "domingo santana", "game": "mil @ atl", "gameIdx": 0, "hr/park": "", "pa": "69", "dt": "", "img": "https://www.mlbstatic.com/team-logos/158.svg", "team": "mil", "start": "", "in": "9", "result": "Double", "evo": "105.6", "la": "22", "dist": "288"}, {"player": "jesus aguilar", "game": "mil @ atl", "gameIdx": 0, "hr/park": "", "pa": "68", "dt": "", "img": "https://www.mlbstatic.com/team-logos/158.svg", "team": "mil", "start": "", "in": "9", "result": "Groundout", "evo": "56.7", "la": "-62", "dist": "1"}, {"player": "eric sogard", "game": "mil @ atl", "gameIdx": 0, "hr/park": "", "pa": "67", "dt": "", "img": "https://www.mlbstatic.com/team-logos/158.svg", "team": "mil", "start": "", "in": "9", "result": "Groundout", "evo": "71.4", "la": "1", "dist": "39"}, {"player": "nick markakis", "game": "mil @ atl", "gameIdx": 0, "hr/park": "", "pa": "66", "dt": "", "img": "https://www.mlbstatic.com/team-logos/144.svg", "team": "atl", "start": "", "in": "8", "result": "Groundout", "evo": "52.5", "la": "-24", "dist": "6"}, {"player": "brandon phillips", "game": "mil @ atl", "gameIdx": 0, "hr/park": "", "pa": "65", "dt": "", "img": "https://www.mlbstatic.com/team-logos/144.svg", "team": "atl", "start": "", "in": "8", "result": "Flyout", "evo": "81.2", "la": "49", "dist": "244"}, {"player": "ender inciarte", "game": "mil @ atl", "gameIdx": 0, "hr/park": "", "pa": "64", "dt": "", "img": "https://www.mlbstatic.com/team-logos/144.svg", "team": "atl", "start": "", "in": "8", "result": "Single", "evo": "", "la": "", "dist": ""}, {"player": "jace peterson", "game": "mil @ atl", "gameIdx": 0, "hr/park": "", "pa": "63", "dt": "", "img": "https://www.mlbstatic.com/team-logos/144.svg", "team": "atl", "start": "", "in": "8", "result": "Strikeout", "evo": "", "la": "", "dist": ""}, {"player": "johan camargo", "game": "mil @ atl", "gameIdx": 0, "hr/park": "", "pa": "62", "dt": "", "img": "https://www.mlbstatic.com/team-logos/144.svg", "team": "atl", "start": "", "in": "8", "result": "Walk", "evo": "", "la": "", "dist": ""}, {"player": "nick franklin", "game": "mil @ atl", "gameIdx": 0, "hr/park": "", "pa": "61", "dt": "", "img": "https://www.mlbstatic.com/team-logos/158.svg", "team": "mil", "start": "", "in": "8", "result": "Flyout", "evo": "95.5", "la": "54", "dist": "274"}, {"player": "orlando arcia", "game": "mil @ atl", "gameIdx": 0, "hr/park": "", "pa": "60", "dt": "", "img": "https://www.mlbstatic.com/team-logos/158.svg", "team": "mil", "start": "", "in": "8", "result": "Strikeout", "evo": "", "la": "", "dist": ""}, {"player": "keon broxton", "game": "mil @ atl", "gameIdx": 0, "hr/park": "", "pa": "59", "dt": "", "img": "https://www.mlbstatic.com/team-logos/158.svg", "team": "mil", "start": "", "in": "8", "result": "Double", "evo": "98.9", "la": "17", "dist": "286"}, {"player": "manny pina", "game": "mil @ atl", "gameIdx": 0, "hr/park": "", "pa": "58", "dt": "", "img": "https://www.mlbstatic.com/team-logos/158.svg", "team": "mil", "start": "", "in": "8", "result": "Groundout", "evo": "84.7", "la": "-26", "dist": "5"}, {"player": "dansby swanson", "game": "mil @ atl", "gameIdx": 0, "hr/park": "", "pa": "57", "dt": "", "img": "https://www.mlbstatic.com/team-logos/144.svg", "team": "atl", "start": "", "in": "7", "result": "Groundout", "evo": "60.9", "la": "-21", "dist": "8"}, {"player": "kurt suzuki", "game": "mil @ atl", "gameIdx": 0, "hr/park": "", "pa": "56", "dt": "", "img": "https://www.mlbstatic.com/team-logos/144.svg", "team": "atl", "start": "", "in": "7", "result": "Pop Out", "evo": "75.8", "la": "58", "dist": "174"}, {"player": "matt adams", "game": "mil @ atl", "gameIdx": 0, "hr/park": "", "pa": "55", "dt": "", "img": "https://www.mlbstatic.com/team-logos/144.svg", "team": "atl", "start": "", "in": "7", "result": "Groundout", "evo": "95.8", "la": "3", "dist": "73"}, {"player": "hernan perez", "game": "mil @ atl", "gameIdx": 0, "hr/park": "0/30", "pa": "54", "dt": "", "img": "https://www.mlbstatic.com/team-logos/158.svg", "team": "mil", "start": "", "in": "7", "result": "Flyout", "evo": "95.3", "la": "24", "dist": "363"}, {"player": "travis shaw", "game": "mil @ atl", "gameIdx": 0, "hr/park": "", "pa": "53", "dt": "", "img": "https://www.mlbstatic.com/team-logos/158.svg", "team": "mil", "start": "", "in": "7", "result": "Groundout", "evo": "93.1", "la": "6", "dist": "102"}, {"player": "domingo santana", "game": "mil @ atl", "gameIdx": 0, "hr/park": "", "pa": "52", "dt": "", "img": "https://www.mlbstatic.com/team-logos/158.svg", "team": "mil", "start": "", "in": "7", "result": "Strikeout", "evo": "", "la": "", "dist": ""}, {"player": "matt kemp", "game": "mil @ atl", "gameIdx": 0, "hr/park": "0/30", "pa": "51", "dt": "", "img": "https://www.mlbstatic.com/team-logos/144.svg", "team": "atl", "start": "", "in": "6", "result": "Flyout", "evo": "87.1", "la": "40", "dist": "319"}, {"player": "nick markakis", "game": "mil @ atl", "gameIdx": 0, "hr/park": "", "pa": "50", "dt": "", "img": "https://www.mlbstatic.com/team-logos/144.svg", "team": "atl", "start": "", "in": "6", "result": "Groundout", "evo": "78.2", "la": "-34", "dist": "3"}, {"player": "brandon phillips", "game": "mil @ atl", "gameIdx": 0, "hr/park": "", "pa": "49", "dt": "", "img": "https://www.mlbstatic.com/team-logos/144.svg", "team": "atl", "start": "", "in": "6", "result": "Groundout", "evo": "98.8", "la": "-2", "dist": "30"}, {"player": "eric thames", "game": "mil @ atl", "gameIdx": 0, "hr/park": "", "pa": "48", "dt": "", "img": "https://www.mlbstatic.com/team-logos/158.svg", "team": "mil", "start": "", "in": "6", "result": "Groundout", "evo": "", "la": "", "dist": ""}, {"player": "eric sogard", "game": "mil @ atl", "gameIdx": 0, "hr/park": "", "pa": "47", "dt": "", "img": "https://www.mlbstatic.com/team-logos/158.svg", "team": "mil", "start": "", "in": "6", "result": "Strikeout", "evo": "", "la": "", "dist": ""}, {"player": "zach davies", "game": "mil @ atl", "gameIdx": 0, "hr/park": "", "pa": "46", "dt": "", "img": "https://www.mlbstatic.com/team-logos/158.svg", "team": "mil", "start": "", "in": "6", "result": "Sac Bunt", "evo": "", "la": "", "dist": ""}, {"player": "orlando arcia", "game": "mil @ atl", "gameIdx": 0, "hr/park": "", "pa": "45", "dt": "", "img": "https://www.mlbstatic.com/team-logos/158.svg", "team": "mil", "start": "", "in": "6", "result": "Double", "evo": "102.4", "la": "13", "dist": "243"}, {"player": "ender inciarte", "game": "mil @ atl", "gameIdx": 0, "hr/park": "", "pa": "44", "dt": "", "img": "https://www.mlbstatic.com/team-logos/144.svg", "team": "atl", "start": "", "in": "5", "result": "Lineout", "evo": "98.9", "la": "16", "dist": "277"}, {"player": "luke jackson", "game": "mil @ atl", "gameIdx": 0, "hr/park": "", "pa": "43", "dt": "", "img": "https://www.mlbstatic.com/team-logos/144.svg", "team": "atl", "start": "", "in": "5", "result": "Sac Bunt", "evo": "36.1", "la": "-50", "dist": "6"}, {"player": "johan camargo", "game": "mil @ atl", "gameIdx": 0, "hr/park": "", "pa": "42", "dt": "", "img": "https://www.mlbstatic.com/team-logos/144.svg", "team": "atl", "start": "", "in": "5", "result": "Walk", "evo": "", "la": "", "dist": ""}, {"player": "dansby swanson", "game": "mil @ atl", "gameIdx": 0, "hr/park": "", "pa": "41", "dt": "", "img": "https://www.mlbstatic.com/team-logos/144.svg", "team": "atl", "start": "", "in": "5", "result": "Groundout", "evo": "", "la": "", "dist": ""}, {"player": "keon broxton", "game": "mil @ atl", "gameIdx": 0, "hr/park": "", "pa": "40", "dt": "", "img": "https://www.mlbstatic.com/team-logos/158.svg", "team": "mil", "start": "", "in": "5", "result": "Strikeout", "evo": "", "la": "", "dist": ""}, {"player": "manny pina", "game": "mil @ atl", "gameIdx": 0, "hr/park": "", "pa": "39", "dt": "", "img": "https://www.mlbstatic.com/team-logos/158.svg", "team": "mil", "start": "", "in": "5", "result": "Flyout", "evo": "81.9", "la": "52", "dist": "228"}, {"player": "hernan perez", "game": "mil @ atl", "gameIdx": 0, "hr/park": "", "pa": "38", "dt": "", "img": "https://www.mlbstatic.com/team-logos/158.svg", "team": "mil", "start": "", "in": "5", "result": "Flyout", "evo": "86.0", "la": "40", "dist": "293"}, {"player": "kurt suzuki", "game": "mil @ atl", "gameIdx": 0, "hr/park": "", "pa": "37", "dt": "", "img": "https://www.mlbstatic.com/team-logos/144.svg", "team": "atl", "start": "", "in": "4", "result": "GIDP", "evo": "78.1", "la": "-18", "dist": "7"}, {"player": "matt adams", "game": "mil @ atl", "gameIdx": 0, "hr/park": "", "pa": "36", "dt": "", "img": "https://www.mlbstatic.com/team-logos/144.svg", "team": "atl", "start": "", "in": "4", "result": "Lineout", "evo": "78.7", "la": "25", "dist": "287"}, {"player": "matt kemp", "game": "mil @ atl", "gameIdx": 0, "hr/park": "", "pa": "35", "dt": "", "img": "https://www.mlbstatic.com/team-logos/144.svg", "team": "atl", "start": "", "in": "4", "result": "Single", "evo": "78.8", "la": "14", "dist": "176"}, {"player": "travis shaw", "game": "mil @ atl", "gameIdx": 0, "hr/park": "", "pa": "34", "dt": "", "img": "https://www.mlbstatic.com/team-logos/158.svg", "team": "mil", "start": "", "in": "4", "result": "Strikeout", "evo": "", "la": "", "dist": ""}, {"player": "domingo santana", "game": "mil @ atl", "gameIdx": 0, "hr/park": "0/30", "pa": "33", "dt": "", "img": "https://www.mlbstatic.com/team-logos/158.svg", "team": "mil", "start": "", "in": "4", "result": "Sac Fly", "evo": "97.2", "la": "20", "dist": "339"}, {"player": "eric thames", "game": "mil @ atl", "gameIdx": 0, "hr/park": "", "pa": "32", "dt": "", "img": "https://www.mlbstatic.com/team-logos/158.svg", "team": "mil", "start": "", "in": "4", "result": "Pop Out", "evo": "61.6", "la": "50", "dist": "166"}, {"player": "eric sogard", "game": "mil @ atl", "gameIdx": 0, "hr/park": "", "pa": "31", "dt": "", "img": "https://www.mlbstatic.com/team-logos/158.svg", "team": "mil", "start": "", "in": "4", "result": "Single", "evo": "97.7", "la": "12", "dist": "260"}, {"player": "zach davies", "game": "mil @ atl", "gameIdx": 0, "hr/park": "", "pa": "30", "dt": "", "img": "https://www.mlbstatic.com/team-logos/158.svg", "team": "mil", "start": "", "in": "4", "result": "Double", "evo": "91.6", "la": "14", "dist": "226"}, {"player": "nick markakis", "game": "mil @ atl", "gameIdx": 0, "hr/park": "0/30", "pa": "29", "dt": "", "img": "https://www.mlbstatic.com/team-logos/144.svg", "team": "atl", "start": "", "in": "3", "result": "Lineout", "evo": "99.3", "la": "18", "dist": "322"}, {"player": "brandon phillips", "game": "mil @ atl", "gameIdx": 0, "hr/park": "", "pa": "28", "dt": "", "img": "https://www.mlbstatic.com/team-logos/144.svg", "team": "atl", "start": "", "in": "3", "result": "Groundout", "evo": "", "la": "", "dist": ""}, {"player": "ender inciarte", "game": "mil @ atl", "gameIdx": 0, "hr/park": "0/30", "pa": "27", "dt": "", "img": "https://www.mlbstatic.com/team-logos/144.svg", "team": "atl", "start": "", "in": "3", "result": "Flyout", "evo": "82.7", "la": "35", "dist": "304"}, {"player": "orlando arcia", "game": "mil @ atl", "gameIdx": 0, "hr/park": "", "pa": "26", "dt": "", "img": "https://www.mlbstatic.com/team-logos/158.svg", "team": "mil", "start": "", "in": "3", "result": "Strikeout", "evo": "", "la": "", "dist": ""}, {"player": "keon broxton", "game": "mil @ atl", "gameIdx": 0, "hr/park": "", "pa": "25", "dt": "", "img": "https://www.mlbstatic.com/team-logos/158.svg", "team": "mil", "start": "", "in": "3", "result": "Single", "evo": "100.9", "la": "12", "dist": "246"}, {"player": "manny pina", "game": "mil @ atl", "gameIdx": 0, "hr/park": "", "pa": "24", "dt": "", "img": "https://www.mlbstatic.com/team-logos/158.svg", "team": "mil", "start": "", "in": "3", "result": "Walk", "evo": "", "la": "", "dist": ""}, {"player": "hernan perez", "game": "mil @ atl", "gameIdx": 0, "hr/park": "", "pa": "23", "dt": "", "img": "https://www.mlbstatic.com/team-logos/158.svg", "team": "mil", "start": "", "in": "3", "result": "Single", "evo": "102.5", "la": "-1", "dist": "37"}, {"player": "travis shaw", "game": "mil @ atl", "gameIdx": 0, "hr/park": "", "pa": "22", "dt": "", "img": "https://www.mlbstatic.com/team-logos/158.svg", "team": "mil", "start": "", "in": "3", "result": "Walk", "evo": "", "la": "", "dist": ""}, {"player": "domingo santana", "game": "mil @ atl", "gameIdx": 0, "hr/park": "", "pa": "21", "dt": "", "img": "https://www.mlbstatic.com/team-logos/158.svg", "team": "mil", "start": "", "in": "3", "result": "Single", "evo": "97.0", "la": "18", "dist": "276"}, {"player": "eric thames", "game": "mil @ atl", "gameIdx": 0, "hr/park": "", "pa": "20", "dt": "", "img": "https://www.mlbstatic.com/team-logos/158.svg", "team": "mil", "start": "", "in": "3", "result": "Strikeout", "evo": "", "la": "", "dist": ""}, {"player": "eric sogard", "game": "mil @ atl", "gameIdx": 0, "hr/park": "", "pa": "19", "dt": "", "img": "https://www.mlbstatic.com/team-logos/158.svg", "team": "mil", "start": "", "in": "3", "result": "Pop Out", "evo": "82.6", "la": "76", "dist": "125"}, {"player": "julio teheran", "game": "mil @ atl", "gameIdx": 0, "hr/park": "", "pa": "18", "dt": "", "img": "https://www.mlbstatic.com/team-logos/144.svg", "team": "atl", "start": "", "in": "2", "result": "Groundout", "evo": "67.4", "la": "-3", "dist": "22"}, {"player": "johan camargo", "game": "mil @ atl", "gameIdx": 0, "hr/park": "", "pa": "17", "dt": "", "img": "https://www.mlbstatic.com/team-logos/144.svg", "team": "atl", "start": "", "in": "2", "result": "Single", "evo": "77.5", "la": "15", "dist": "187"}, {"player": "dansby swanson", "game": "mil @ atl", "gameIdx": 0, "hr/park": "", "pa": "16", "dt": "", "img": "https://www.mlbstatic.com/team-logos/144.svg", "team": "atl", "start": "", "in": "2", "result": "Single", "evo": "65.3", "la": "-37", "dist": "4"}, {"player": "kurt suzuki", "game": "mil @ atl", "gameIdx": 0, "hr/park": "", "pa": "15", "dt": "", "img": "https://www.mlbstatic.com/team-logos/144.svg", "team": "atl", "start": "", "in": "2", "result": "Flyout", "evo": "82.1", "la": "51", "dist": "252"}, {"player": "matt adams", "game": "mil @ atl", "gameIdx": 0, "hr/park": "", "pa": "14", "dt": "", "img": "https://www.mlbstatic.com/team-logos/144.svg", "team": "atl", "start": "", "in": "2", "result": "Single", "evo": "86.9", "la": "11", "dist": "182"}, {"player": "zach davies", "game": "mil @ atl", "gameIdx": 0, "hr/park": "", "pa": "13", "dt": "", "img": "https://www.mlbstatic.com/team-logos/158.svg", "team": "mil", "start": "", "in": "2", "result": "Groundout", "evo": "88.6", "la": "-30", "dist": "6"}, {"player": "orlando arcia", "game": "mil @ atl", "gameIdx": 0, "hr/park": "", "pa": "12", "dt": "", "img": "https://www.mlbstatic.com/team-logos/158.svg", "team": "mil", "start": "", "in": "2", "result": "Strikeout", "evo": "", "la": "", "dist": ""}, {"player": "keon broxton", "game": "mil @ atl", "gameIdx": 0, "hr/park": "18/30", "pa": "11", "dt": "", "img": "https://www.mlbstatic.com/team-logos/158.svg", "team": "mil", "start": "", "in": "2", "result": "Home Run", "evo": "99.6", "la": "32", "dist": "366"}, {"player": "manny pina", "game": "mil @ atl", "gameIdx": 0, "hr/park": "", "pa": "10", "dt": "", "img": "https://www.mlbstatic.com/team-logos/158.svg", "team": "mil", "start": "", "in": "2", "result": "Pop Out", "evo": "69.4", "la": "77", "dist": "95"}, {"player": "matt kemp", "game": "mil @ atl", "gameIdx": 0, "hr/park": "", "pa": "9", "dt": "", "img": "https://www.mlbstatic.com/team-logos/144.svg", "team": "atl", "start": "", "in": "1", "result": "Groundout", "evo": "42.0", "la": "-42", "dist": "3"}, {"player": "nick markakis", "game": "mil @ atl", "gameIdx": 0, "hr/park": "", "pa": "8", "dt": "", "img": "https://www.mlbstatic.com/team-logos/144.svg", "team": "atl", "start": "", "in": "1", "result": "Flyout", "evo": "85.8", "la": "44", "dist": "271"}, {"player": "brandon phillips", "game": "mil @ atl", "gameIdx": 0, "hr/park": "", "pa": "7", "dt": "", "img": "https://www.mlbstatic.com/team-logos/144.svg", "team": "atl", "start": "", "in": "1", "result": "Flyout", "evo": "85.3", "la": "51", "dist": "241"}, {"player": "ender inciarte", "game": "mil @ atl", "gameIdx": 0, "hr/park": "", "pa": "6", "dt": "", "img": "https://www.mlbstatic.com/team-logos/144.svg", "team": "atl", "start": "", "in": "1", "result": "Single", "evo": "69.1", "la": "20", "dist": "182"}, {"player": "hernan perez", "game": "mil @ atl", "gameIdx": 0, "hr/park": "", "pa": "5", "dt": "", "img": "https://www.mlbstatic.com/team-logos/158.svg", "team": "mil", "start": "", "in": "1", "result": "Pop Out", "evo": "66.2", "la": "46", "dist": "213"}, {"player": "travis shaw", "game": "mil @ atl", "gameIdx": 0, "hr/park": "30/30", "pa": "4", "dt": "", "img": "https://www.mlbstatic.com/team-logos/158.svg", "team": "mil", "start": "", "in": "1", "result": "Home Run", "evo": "109.1", "la": "30", "dist": "429"}, {"player": "domingo santana", "game": "mil @ atl", "gameIdx": 0, "hr/park": "", "pa": "3", "dt": "", "img": "https://www.mlbstatic.com/team-logos/158.svg", "team": "mil", "start": "", "in": "1", "result": "Single", "evo": "107.1", "la": "13", "dist": "288"}, {"player": "eric thames", "game": "mil @ atl", "gameIdx": 0, "hr/park": "", "pa": "2", "dt": "", "img": "https://www.mlbstatic.com/team-logos/158.svg", "team": "mil", "start": "", "in": "1", "result": "GIDP", "evo": "85.0", "la": "-9", "dist": "11"}, {"player": "eric sogard", "game": "mil @ atl", "gameIdx": 0, "hr/park": "", "pa": "1", "dt": "", "img": "https://www.mlbstatic.com/team-logos/158.svg", "team": "mil", "start": "", "in": "1", "result": "Field Error", "evo": "81.7", "la": "3", "dist": "79"}], "tex @ nyy": [], "ath @ chw": [{"player": "matt davidson", "game": "ath @ chw", "gameIdx": 0, "hr/park": "", "pa": "74", "dt": "", "img": "https://www.mlbstatic.com/team-logos/145.svg", "team": "chw", "start": "", "in": "9", "result": "Pop Out", "evo": "81.5", "la": "62", "dist": "168"}, {"player": "todd frazier", "game": "ath @ chw", "gameIdx": 0, "hr/park": "", "pa": "73", "dt": "", "img": "https://www.mlbstatic.com/team-logos/145.svg", "team": "chw", "start": "", "in": "9", "result": "Single", "evo": "104.7", "la": "5", "dist": "113"}, {"player": "avisail garcia", "game": "ath @ chw", "gameIdx": 0, "hr/park": "0/30", "pa": "72", "dt": "", "img": "https://www.mlbstatic.com/team-logos/145.svg", "team": "chw", "start": "", "in": "9", "result": "Flyout", "evo": "88.9", "la": "36", "dist": "326"}, {"player": "jose abreu", "game": "ath @ chw", "gameIdx": 0, "hr/park": "", "pa": "71", "dt": "", "img": "https://www.mlbstatic.com/team-logos/145.svg", "team": "chw", "start": "", "in": "9", "result": "Groundout", "evo": "101.4", "la": "-17", "dist": "10"}, {"player": "melky cabrera", "game": "ath @ chw", "gameIdx": 0, "hr/park": "30/30", "pa": "70", "dt": "", "img": "https://www.mlbstatic.com/team-logos/145.svg", "team": "chw", "start": "", "in": "9", "result": "Home Run", "evo": "101.0", "la": "23", "dist": "400"}, {"player": "yonder alonso", "game": "ath @ chw", "gameIdx": 0, "hr/park": "", "pa": "69", "dt": "", "img": "https://www.mlbstatic.com/team-logos/133.svg", "team": "ath", "start": "", "in": "9", "result": "Strikeout", "evo": "", "la": "", "dist": ""}, {"player": "khris davis", "game": "ath @ chw", "gameIdx": 0, "hr/park": "", "pa": "68", "dt": "", "img": "https://www.mlbstatic.com/team-logos/133.svg", "team": "ath", "start": "", "in": "9", "result": "Single", "evo": "101.9", "la": "3", "dist": "74"}, {"player": "ryon healy", "game": "ath @ chw", "gameIdx": 0, "hr/park": "", "pa": "67", "dt": "", "img": "https://www.mlbstatic.com/team-logos/133.svg", "team": "ath", "start": "", "in": "9", "result": "Single", "evo": "102.9", "la": "3", "dist": "81"}, {"player": "franklin barreto", "game": "ath @ chw", "gameIdx": 0, "hr/park": "0/30", "pa": "66", "dt": "", "img": "https://www.mlbstatic.com/team-logos/133.svg", "team": "ath", "start": "", "in": "9", "result": "Flyout", "evo": "100.0", "la": "36", "dist": "380"}, {"player": "rajai davis", "game": "ath @ chw", "gameIdx": 0, "hr/park": "", "pa": "65", "dt": "", "img": "https://www.mlbstatic.com/team-logos/133.svg", "team": "ath", "start": "", "in": "9", "result": "Pop Out", "evo": "71.9", "la": "56", "dist": "185"}, {"player": "matt joyce", "game": "ath @ chw", "gameIdx": 0, "hr/park": "30/30", "pa": "64", "dt": "", "img": "https://www.mlbstatic.com/team-logos/133.svg", "team": "ath", "start": "", "in": "9", "result": "Home Run", "evo": "106.6", "la": "27", "dist": "422"}, {"player": "adam rosales", "game": "ath @ chw", "gameIdx": 0, "hr/park": "8/30", "pa": "63", "dt": "", "img": "https://www.mlbstatic.com/team-logos/133.svg", "team": "ath", "start": "", "in": "9", "result": "Home Run", "evo": "104.8", "la": "35", "dist": "387"}, {"player": "kevan smith", "game": "ath @ chw", "gameIdx": 0, "hr/park": "", "pa": "62", "dt": "", "img": "https://www.mlbstatic.com/team-logos/145.svg", "team": "chw", "start": "", "in": "8", "result": "Strikeout", "evo": "", "la": "", "dist": ""}, {"player": "adam engel", "game": "ath @ chw", "gameIdx": 0, "hr/park": "", "pa": "61", "dt": "", "img": "https://www.mlbstatic.com/team-logos/145.svg", "team": "chw", "start": "", "in": "8", "result": "Flyout", "evo": "91.1", "la": "46", "dist": "295"}, {"player": "yolmer sanchez", "game": "ath @ chw", "gameIdx": 0, "hr/park": "", "pa": "60", "dt": "", "img": "https://www.mlbstatic.com/team-logos/145.svg", "team": "chw", "start": "", "in": "8", "result": "Strikeout", "evo": "", "la": "", "dist": ""}, {"player": "matt olson", "game": "ath @ chw", "gameIdx": 0, "hr/park": "", "pa": "59", "dt": "", "img": "https://www.mlbstatic.com/team-logos/133.svg", "team": "ath", "start": "", "in": "8", "result": "Strikeout", "evo": "", "la": "", "dist": ""}, {"player": "bruce maxwell", "game": "ath @ chw", "gameIdx": 0, "hr/park": "", "pa": "58", "dt": "", "img": "https://www.mlbstatic.com/team-logos/133.svg", "team": "ath", "start": "", "in": "8", "result": "GIDP", "evo": "104.0", "la": "-9", "dist": "14"}, {"player": "yonder alonso", "game": "ath @ chw", "gameIdx": 0, "hr/park": "0/30", "pa": "57", "dt": "", "img": "https://www.mlbstatic.com/team-logos/133.svg", "team": "ath", "start": "", "in": "8", "result": "Single", "evo": "90.8", "la": "41", "dist": "300"}, {"player": "khris davis", "game": "ath @ chw", "gameIdx": 0, "hr/park": "", "pa": "56", "dt": "", "img": "https://www.mlbstatic.com/team-logos/133.svg", "team": "ath", "start": "", "in": "8", "result": "Single", "evo": "104.3", "la": "5", "dist": "104"}, {"player": "ryon healy", "game": "ath @ chw", "gameIdx": 0, "hr/park": "", "pa": "55", "dt": "", "img": "https://www.mlbstatic.com/team-logos/133.svg", "team": "ath", "start": "", "in": "8", "result": "Field Error", "evo": "72.4", "la": "-21", "dist": "10"}, {"player": "franklin barreto", "game": "ath @ chw", "gameIdx": 0, "hr/park": "", "pa": "54", "dt": "", "img": "https://www.mlbstatic.com/team-logos/133.svg", "team": "ath", "start": "", "in": "8", "result": "Single", "evo": "62.5", "la": "29", "dist": "204"}, {"player": "tim anderson", "game": "ath @ chw", "gameIdx": 0, "hr/park": "", "pa": "53", "dt": "", "img": "https://www.mlbstatic.com/team-logos/145.svg", "team": "chw", "start": "", "in": "7", "result": "Groundout", "evo": "98.0", "la": "-10", "dist": "11"}, {"player": "matt davidson", "game": "ath @ chw", "gameIdx": 0, "hr/park": "", "pa": "52", "dt": "", "img": "https://www.mlbstatic.com/team-logos/145.svg", "team": "chw", "start": "", "in": "7", "result": "Groundout", "evo": "99.5", "la": "-5", "dist": "21"}, {"player": "todd frazier", "game": "ath @ chw", "gameIdx": 0, "hr/park": "", "pa": "51", "dt": "", "img": "https://www.mlbstatic.com/team-logos/145.svg", "team": "chw", "start": "", "in": "7", "result": "Strikeout", "evo": "", "la": "", "dist": ""}, {"player": "rajai davis", "game": "ath @ chw", "gameIdx": 0, "hr/park": "", "pa": "50", "dt": "", "img": "https://www.mlbstatic.com/team-logos/133.svg", "team": "ath", "start": "", "in": "7", "result": "Strikeout", "evo": "", "la": "", "dist": ""}, {"player": "jed lowrie", "game": "ath @ chw", "gameIdx": 0, "hr/park": "", "pa": "49", "dt": "", "img": "https://www.mlbstatic.com/team-logos/133.svg", "team": "ath", "start": "", "in": "7", "result": "Double", "evo": "97.4", "la": "12", "dist": "217"}, {"player": "adam rosales", "game": "ath @ chw", "gameIdx": 0, "hr/park": "", "pa": "48", "dt": "", "img": "https://www.mlbstatic.com/team-logos/133.svg", "team": "ath", "start": "", "in": "7", "result": "Forceout", "evo": "83.7", "la": "-16", "dist": "7"}, {"player": "matt olson", "game": "ath @ chw", "gameIdx": 0, "hr/park": "", "pa": "47", "dt": "", "img": "https://www.mlbstatic.com/team-logos/133.svg", "team": "ath", "start": "", "in": "7", "result": "Walk", "evo": "", "la": "", "dist": ""}, {"player": "bruce maxwell", "game": "ath @ chw", "gameIdx": 0, "hr/park": "", "pa": "46", "dt": "", "img": "https://www.mlbstatic.com/team-logos/133.svg", "team": "ath", "start": "", "in": "7", "result": "Groundout", "evo": "", "la": "", "dist": ""}, {"player": "yonder alonso", "game": "ath @ chw", "gameIdx": 0, "hr/park": "", "pa": "45", "dt": "", "img": "https://www.mlbstatic.com/team-logos/133.svg", "team": "ath", "start": "", "in": "7", "result": "Single", "evo": "101.7", "la": "11", "dist": "195"}, {"player": "avisail garcia", "game": "ath @ chw", "gameIdx": 0, "hr/park": "", "pa": "44", "dt": "", "img": "https://www.mlbstatic.com/team-logos/145.svg", "team": "chw", "start": "", "in": "6", "result": "Groundout", "evo": "", "la": "", "dist": ""}, {"player": "jose abreu", "game": "ath @ chw", "gameIdx": 0, "hr/park": "", "pa": "43", "dt": "", "img": "https://www.mlbstatic.com/team-logos/145.svg", "team": "chw", "start": "", "in": "6", "result": "Strikeout", "evo": "", "la": "", "dist": ""}, {"player": "melky cabrera", "game": "ath @ chw", "gameIdx": 0, "hr/park": "0/30", "pa": "42", "dt": "", "img": "https://www.mlbstatic.com/team-logos/145.svg", "team": "chw", "start": "", "in": "6", "result": "Flyout", "evo": "85.3", "la": "31", "dist": "303"}, {"player": "alen hanson", "game": "ath @ chw", "gameIdx": 0, "hr/park": "", "pa": "41", "dt": "", "img": "https://www.mlbstatic.com/team-logos/145.svg", "team": "chw", "start": "", "in": "6", "result": "Single", "evo": "66.4", "la": "-37", "dist": "5"}, {"player": "khris davis", "game": "ath @ chw", "gameIdx": 0, "hr/park": "", "pa": "40", "dt": "", "img": "https://www.mlbstatic.com/team-logos/133.svg", "team": "ath", "start": "", "in": "6", "result": "Strikeout", "evo": "", "la": "", "dist": ""}, {"player": "ryon healy", "game": "ath @ chw", "gameIdx": 0, "hr/park": "", "pa": "39", "dt": "", "img": "https://www.mlbstatic.com/team-logos/133.svg", "team": "ath", "start": "", "in": "6", "result": "Lineout", "evo": "108.2", "la": "9", "dist": "161"}, {"player": "franklin barreto", "game": "ath @ chw", "gameIdx": 0, "hr/park": "", "pa": "38", "dt": "", "img": "https://www.mlbstatic.com/team-logos/133.svg", "team": "ath", "start": "", "in": "6", "result": "Strikeout", "evo": "", "la": "", "dist": ""}, {"player": "rajai davis", "game": "ath @ chw", "gameIdx": 0, "hr/park": "", "pa": "37", "dt": "", "img": "https://www.mlbstatic.com/team-logos/133.svg", "team": "ath", "start": "", "in": "6", "result": "Single", "evo": "95.3", "la": "-2", "dist": "34"}, {"player": "adam engel", "game": "ath @ chw", "gameIdx": 0, "hr/park": "", "pa": "36", "dt": "", "img": "https://www.mlbstatic.com/team-logos/145.svg", "team": "chw", "start": "", "in": "5", "result": "Strikeout", "evo": "", "la": "", "dist": ""}, {"player": "omar narvaez", "game": "ath @ chw", "gameIdx": 0, "hr/park": "", "pa": "35", "dt": "", "img": "https://www.mlbstatic.com/team-logos/145.svg", "team": "chw", "start": "", "in": "5", "result": "Groundout", "evo": "72.6", "la": "2", "dist": "52"}, {"player": "tim anderson", "game": "ath @ chw", "gameIdx": 0, "hr/park": "", "pa": "34", "dt": "", "img": "https://www.mlbstatic.com/team-logos/145.svg", "team": "chw", "start": "", "in": "5", "result": "Strikeout", "evo": "", "la": "", "dist": ""}, {"player": "jaycob brugman", "game": "ath @ chw", "gameIdx": 0, "hr/park": "", "pa": "33", "dt": "", "img": "https://www.mlbstatic.com/team-logos/133.svg", "team": "ath", "start": "", "in": "5", "result": "Strikeout", "evo": "", "la": "", "dist": ""}, {"player": "adam rosales", "game": "ath @ chw", "gameIdx": 0, "hr/park": "", "pa": "32", "dt": "", "img": "https://www.mlbstatic.com/team-logos/133.svg", "team": "ath", "start": "", "in": "5", "result": "Pop Out", "evo": "53.1", "la": "55", "dist": "129"}, {"player": "matt olson", "game": "ath @ chw", "gameIdx": 0, "hr/park": "", "pa": "31", "dt": "", "img": "https://www.mlbstatic.com/team-logos/133.svg", "team": "ath", "start": "", "in": "5", "result": "Strikeout", "evo": "", "la": "", "dist": ""}, {"player": "matt davidson", "game": "ath @ chw", "gameIdx": 0, "hr/park": "", "pa": "30", "dt": "", "img": "https://www.mlbstatic.com/team-logos/145.svg", "team": "chw", "start": "", "in": "4", "result": "Forceout", "evo": "100.9", "la": "2", "dist": "72"}, {"player": "todd frazier", "game": "ath @ chw", "gameIdx": 0, "hr/park": "", "pa": "29", "dt": "", "img": "https://www.mlbstatic.com/team-logos/145.svg", "team": "chw", "start": "", "in": "4", "result": "Walk", "evo": "", "la": "", "dist": ""}, {"player": "avisail garcia", "game": "ath @ chw", "gameIdx": 0, "hr/park": "0/30", "pa": "28", "dt": "", "img": "https://www.mlbstatic.com/team-logos/145.svg", "team": "chw", "start": "", "in": "4", "result": "Flyout", "evo": "99.2", "la": "38", "dist": "349"}, {"player": "jose abreu", "game": "ath @ chw", "gameIdx": 0, "hr/park": "", "pa": "27", "dt": "", "img": "https://www.mlbstatic.com/team-logos/145.svg", "team": "chw", "start": "", "in": "4", "result": "Double", "evo": "97.3", "la": "16", "dist": "279"}, {"player": "melky cabrera", "game": "ath @ chw", "gameIdx": 0, "hr/park": "", "pa": "26", "dt": "", "img": "https://www.mlbstatic.com/team-logos/145.svg", "team": "chw", "start": "", "in": "4", "result": "Strikeout", "evo": "", "la": "", "dist": ""}, {"player": "josh phegley", "game": "ath @ chw", "gameIdx": 0, "hr/park": "", "pa": "25", "dt": "", "img": "https://www.mlbstatic.com/team-logos/133.svg", "team": "ath", "start": "", "in": "4", "result": "Lineout", "evo": "69.7", "la": "14", "dist": "143"}, {"player": "yonder alonso", "game": "ath @ chw", "gameIdx": 0, "hr/park": "", "pa": "24", "dt": "", "img": "https://www.mlbstatic.com/team-logos/133.svg", "team": "ath", "start": "", "in": "4", "result": "Double Play", "evo": "93.0", "la": "7", "dist": "125"}, {"player": "khris davis", "game": "ath @ chw", "gameIdx": 0, "hr/park": "", "pa": "23", "dt": "", "img": "https://www.mlbstatic.com/team-logos/133.svg", "team": "ath", "start": "", "in": "4", "result": "Walk", "evo": "", "la": "", "dist": ""}, {"player": "ryon healy", "game": "ath @ chw", "gameIdx": 0, "hr/park": "", "pa": "22", "dt": "", "img": "https://www.mlbstatic.com/team-logos/133.svg", "team": "ath", "start": "", "in": "4", "result": "Single", "evo": "43.1", "la": "5", "dist": "120"}, {"player": "alen hanson", "game": "ath @ chw", "gameIdx": 0, "hr/park": "", "pa": "21", "dt": "", "img": "https://www.mlbstatic.com/team-logos/145.svg", "team": "chw", "start": "", "in": "3", "result": "Strikeout", "evo": "", "la": "", "dist": ""}, {"player": "adam engel", "game": "ath @ chw", "gameIdx": 0, "hr/park": "30/30", "pa": "20", "dt": "", "img": "https://www.mlbstatic.com/team-logos/145.svg", "team": "chw", "start": "", "in": "3", "result": "Home Run", "evo": "100.2", "la": "33", "dist": "382"}, {"player": "omar narvaez", "game": "ath @ chw", "gameIdx": 0, "hr/park": "", "pa": "19", "dt": "", "img": "https://www.mlbstatic.com/team-logos/145.svg", "team": "chw", "start": "", "in": "3", "result": "Groundout", "evo": "91.2", "la": "-13", "dist": "9"}, {"player": "tim anderson", "game": "ath @ chw", "gameIdx": 0, "hr/park": "", "pa": "18", "dt": "", "img": "https://www.mlbstatic.com/team-logos/145.svg", "team": "chw", "start": "", "in": "3", "result": "Groundout", "evo": "", "la": "", "dist": ""}, {"player": "franklin barreto", "game": "ath @ chw", "gameIdx": 0, "hr/park": "", "pa": "17", "dt": "", "img": "https://www.mlbstatic.com/team-logos/133.svg", "team": "ath", "start": "", "in": "3", "result": "Strikeout", "evo": "", "la": "", "dist": ""}, {"player": "rajai davis", "game": "ath @ chw", "gameIdx": 0, "hr/park": "", "pa": "16", "dt": "", "img": "https://www.mlbstatic.com/team-logos/133.svg", "team": "ath", "start": "", "in": "3", "result": "Pop Out", "evo": "57.4", "la": "53", "dist": "148"}, {"player": "jaycob brugman", "game": "ath @ chw", "gameIdx": 0, "hr/park": "", "pa": "15", "dt": "", "img": "https://www.mlbstatic.com/team-logos/133.svg", "team": "ath", "start": "", "in": "3", "result": "Groundout", "evo": "70.3", "la": "-7", "dist": "19"}, {"player": "matt davidson", "game": "ath @ chw", "gameIdx": 0, "hr/park": "", "pa": "14", "dt": "", "img": "https://www.mlbstatic.com/team-logos/145.svg", "team": "chw", "start": "", "in": "2", "result": "Strikeout", "evo": "", "la": "", "dist": ""}, {"player": "todd frazier", "game": "ath @ chw", "gameIdx": 0, "hr/park": "0/30", "pa": "13", "dt": "", "img": "https://www.mlbstatic.com/team-logos/145.svg", "team": "chw", "start": "", "in": "2", "result": "Groundout", "evo": "59.2", "la": "28", "dist": "302"}, {"player": "avisail garcia", "game": "ath @ chw", "gameIdx": 0, "hr/park": "", "pa": "12", "dt": "", "img": "https://www.mlbstatic.com/team-logos/145.svg", "team": "chw", "start": "", "in": "2", "result": "Groundout", "evo": "76.2", "la": "-28", "dist": "5"}, {"player": "adam rosales", "game": "ath @ chw", "gameIdx": 0, "hr/park": "", "pa": "11", "dt": "", "img": "https://www.mlbstatic.com/team-logos/133.svg", "team": "ath", "start": "", "in": "2", "result": "Groundout", "evo": "", "la": "", "dist": ""}, {"player": "matt olson", "game": "ath @ chw", "gameIdx": 0, "hr/park": "", "pa": "10", "dt": "", "img": "https://www.mlbstatic.com/team-logos/133.svg", "team": "ath", "start": "", "in": "2", "result": "Strikeout", "evo": "", "la": "", "dist": ""}, {"player": "josh phegley", "game": "ath @ chw", "gameIdx": 0, "hr/park": "", "pa": "9", "dt": "", "img": "https://www.mlbstatic.com/team-logos/133.svg", "team": "ath", "start": "", "in": "2", "result": "Lineout", "evo": "55.5", "la": "11", "dist": "92"}, {"player": "jose abreu", "game": "ath @ chw", "gameIdx": 0, "hr/park": "", "pa": "8", "dt": "", "img": "https://www.mlbstatic.com/team-logos/145.svg", "team": "chw", "start": "", "in": "1", "result": "Groundout", "evo": "71.1", "la": "6", "dist": "79"}, {"player": "melky cabrera", "game": "ath @ chw", "gameIdx": 0, "hr/park": "", "pa": "7", "dt": "", "img": "https://www.mlbstatic.com/team-logos/145.svg", "team": "chw", "start": "", "in": "1", "result": "Groundout", "evo": "", "la": "", "dist": ""}, {"player": "alen hanson", "game": "ath @ chw", "gameIdx": 0, "hr/park": "", "pa": "6", "dt": "", "img": "https://www.mlbstatic.com/team-logos/145.svg", "team": "chw", "start": "", "in": "1", "result": "Double", "evo": "71.1", "la": "15", "dist": "162"}, {"player": "yonder alonso", "game": "ath @ chw", "gameIdx": 0, "hr/park": "", "pa": "5", "dt": "", "img": "https://www.mlbstatic.com/team-logos/133.svg", "team": "ath", "start": "", "in": "1", "result": "Pop Out", "evo": "", "la": "", "dist": ""}, {"player": "khris davis", "game": "ath @ chw", "gameIdx": 0, "hr/park": "0/30", "pa": "4", "dt": "", "img": "https://www.mlbstatic.com/team-logos/133.svg", "team": "ath", "start": "", "in": "1", "result": "Flyout", "evo": "95.9", "la": "30", "dist": "330"}, {"player": "ryon healy", "game": "ath @ chw", "gameIdx": 0, "hr/park": "", "pa": "3", "dt": "", "img": "https://www.mlbstatic.com/team-logos/133.svg", "team": "ath", "start": "", "in": "1", "result": "Pop Out", "evo": "89.7", "la": "89", "dist": "42"}, {"player": "franklin barreto", "game": "ath @ chw", "gameIdx": 0, "hr/park": "", "pa": "2", "dt": "", "img": "https://www.mlbstatic.com/team-logos/133.svg", "team": "ath", "start": "", "in": "1", "result": "Single", "evo": "80.2", "la": "14", "dist": "181"}, {"player": "rajai davis", "game": "ath @ chw", "gameIdx": 0, "hr/park": "", "pa": "1", "dt": "", "img": "https://www.mlbstatic.com/team-logos/133.svg", "team": "ath", "start": "", "in": "1", "result": "Walk", "evo": "", "la": "", "dist": ""}], "tor @ kc": [], "nym @ sf": [], "col @ lad": [], "hou @ sea": [], "phi @ ari": [{"player": "daniel descalso", "game": "phi @ ari", "gameIdx": 0, "hr/park": "", "pa": "83", "dt": "", "img": "https://www.mlbstatic.com/team-logos/109.svg", "team": "ari", "start": "", "in": "11", "result": "Single", "evo": "104.2", "la": "1", "dist": "52"}, {"player": "chris owings", "game": "phi @ ari", "gameIdx": 0, "hr/park": "", "pa": "82", "dt": "", "img": "https://www.mlbstatic.com/team-logos/109.svg", "team": "ari", "start": "", "in": "11", "result": "Walk", "evo": "", "la": "", "dist": ""}, {"player": "paul goldschmidt", "game": "phi @ ari", "gameIdx": 0, "hr/park": "", "pa": "81", "dt": "", "img": "https://www.mlbstatic.com/team-logos/109.svg", "team": "ari", "start": "", "in": "11", "result": "Single", "evo": "85.7", "la": "9", "dist": "120"}, {"player": "nick ahmed", "game": "phi @ ari", "gameIdx": 0, "hr/park": "", "pa": "80", "dt": "", "img": "https://www.mlbstatic.com/team-logos/109.svg", "team": "ari", "start": "", "in": "11", "result": "Strikeout", "evo": "", "la": "", "dist": ""}, {"player": "gregor blanco", "game": "phi @ ari", "gameIdx": 0, "hr/park": "", "pa": "79", "dt": "", "img": "https://www.mlbstatic.com/team-logos/109.svg", "team": "ari", "start": "", "in": "11", "result": "Pop Out", "evo": "73.0", "la": "52", "dist": "207"}, {"player": "odubel herrera", "game": "phi @ ari", "gameIdx": 0, "hr/park": "", "pa": "78", "dt": "", "img": "https://www.mlbstatic.com/team-logos/143.svg", "team": "phi", "start": "", "in": "11", "result": "GIDP", "evo": "93.5", "la": "-28", "dist": "3"}, {"player": "maikel franco", "game": "phi @ ari", "gameIdx": 0, "hr/park": "", "pa": "77", "dt": "", "img": "https://www.mlbstatic.com/team-logos/143.svg", "team": "phi", "start": "", "in": "11", "result": "Walk", "evo": "", "la": "", "dist": ""}, {"player": "tommy joseph", "game": "phi @ ari", "gameIdx": 0, "hr/park": "", "pa": "76", "dt": "", "img": "https://www.mlbstatic.com/team-logos/143.svg", "team": "phi", "start": "", "in": "11", "result": "Groundout", "evo": "67.5", "la": "-37", "dist": "3"}, {"player": "chris herrmann", "game": "phi @ ari", "gameIdx": 0, "hr/park": "0/30", "pa": "75", "dt": "", "img": "https://www.mlbstatic.com/team-logos/109.svg", "team": "ari", "start": "", "in": "10", "result": "Lineout", "evo": "103.7", "la": "18", "dist": "361"}, {"player": "jeff mathis", "game": "phi @ ari", "gameIdx": 0, "hr/park": "", "pa": "74", "dt": "", "img": "https://www.mlbstatic.com/team-logos/109.svg", "team": "ari", "start": "", "in": "10", "result": "Strikeout", "evo": "", "la": "", "dist": ""}, {"player": "rey fuentes", "game": "phi @ ari", "gameIdx": 0, "hr/park": "", "pa": "73", "dt": "", "img": "https://www.mlbstatic.com/team-logos/109.svg", "team": "ari", "start": "", "in": "10", "result": "Walk", "evo": "", "la": "", "dist": ""}, {"player": "brandon drury", "game": "phi @ ari", "gameIdx": 0, "hr/park": "0/30", "pa": "72", "dt": "", "img": "https://www.mlbstatic.com/team-logos/109.svg", "team": "ari", "start": "", "in": "10", "result": "Flyout", "evo": "96.5", "la": "48", "dist": "311"}, {"player": "aaron altherr", "game": "phi @ ari", "gameIdx": 0, "hr/park": "", "pa": "71", "dt": "", "img": "https://www.mlbstatic.com/team-logos/143.svg", "team": "phi", "start": "", "in": "10", "result": "Strikeout", "evo": "", "la": "", "dist": ""}, {"player": "freddy galvis", "game": "phi @ ari", "gameIdx": 0, "hr/park": "", "pa": "70", "dt": "", "img": "https://www.mlbstatic.com/team-logos/143.svg", "team": "phi", "start": "", "in": "10", "result": "Lineout", "evo": "", "la": "", "dist": ""}, {"player": "daniel nava", "game": "phi @ ari", "gameIdx": 0, "hr/park": "", "pa": "69", "dt": "", "img": "https://www.mlbstatic.com/team-logos/143.svg", "team": "phi", "start": "", "in": "10", "result": "Groundout", "evo": "96.7", "la": "-3", "dist": "26"}, {"player": "daniel descalso", "game": "phi @ ari", "gameIdx": 0, "hr/park": "18/30", "pa": "68", "dt": "", "img": "https://www.mlbstatic.com/team-logos/109.svg", "team": "ari", "start": "", "in": "9", "result": "Flyout", "evo": "101.8", "la": "26", "dist": "411"}, {"player": "chris owings", "game": "phi @ ari", "gameIdx": 0, "hr/park": "", "pa": "67", "dt": "", "img": "https://www.mlbstatic.com/team-logos/109.svg", "team": "ari", "start": "", "in": "9", "result": "Single", "evo": "77.2", "la": "8", "dist": "127"}, {"player": "paul goldschmidt", "game": "phi @ ari", "gameIdx": 0, "hr/park": "", "pa": "66", "dt": "", "img": "https://www.mlbstatic.com/team-logos/109.svg", "team": "ari", "start": "", "in": "9", "result": "Flyout", "evo": "", "la": "", "dist": ""}, {"player": "nick ahmed", "game": "phi @ ari", "gameIdx": 0, "hr/park": "", "pa": "65", "dt": "", "img": "https://www.mlbstatic.com/team-logos/109.svg", "team": "ari", "start": "", "in": "9", "result": "Strikeout", "evo": "", "la": "", "dist": ""}, {"player": "brock stassi", "game": "phi @ ari", "gameIdx": 0, "hr/park": "", "pa": "64", "dt": "", "img": "https://www.mlbstatic.com/team-logos/143.svg", "team": "phi", "start": "", "in": "9", "result": "Groundout", "evo": "102.4", "la": "-2", "dist": "29"}, {"player": "ty kelly", "game": "phi @ ari", "gameIdx": 0, "hr/park": "", "pa": "63", "dt": "", "img": "https://www.mlbstatic.com/team-logos/143.svg", "team": "phi", "start": "", "in": "9", "result": "Walk", "evo": "", "la": "", "dist": ""}, {"player": "andrew knapp", "game": "phi @ ari", "gameIdx": 0, "hr/park": "", "pa": "62", "dt": "", "img": "https://www.mlbstatic.com/team-logos/143.svg", "team": "phi", "start": "", "in": "9", "result": "Groundout", "evo": "67.6", "la": "-34", "dist": "3"}, {"player": "odubel herrera", "game": "phi @ ari", "gameIdx": 0, "hr/park": "", "pa": "61", "dt": "", "img": "https://www.mlbstatic.com/team-logos/143.svg", "team": "phi", "start": "", "in": "9", "result": "Strikeout", "evo": "", "la": "", "dist": ""}, {"player": "gregor blanco", "game": "phi @ ari", "gameIdx": 0, "hr/park": "", "pa": "60", "dt": "", "img": "https://www.mlbstatic.com/team-logos/109.svg", "team": "ari", "start": "", "in": "8", "result": "Strikeout", "evo": "", "la": "", "dist": ""}, {"player": "jeff mathis", "game": "phi @ ari", "gameIdx": 0, "hr/park": "", "pa": "58", "dt": "", "img": "https://www.mlbstatic.com/team-logos/109.svg", "team": "ari", "start": "", "in": "8", "result": "Double", "evo": "94.8", "la": "14", "dist": "246"}, {"player": "rey fuentes", "game": "phi @ ari", "gameIdx": 0, "hr/park": "", "pa": "57", "dt": "", "img": "https://www.mlbstatic.com/team-logos/109.svg", "team": "ari", "start": "", "in": "8", "result": "Groundout", "evo": "78.0", "la": "-47", "dist": "3"}, {"player": "brandon drury", "game": "phi @ ari", "gameIdx": 0, "hr/park": "", "pa": "56", "dt": "", "img": "https://www.mlbstatic.com/team-logos/109.svg", "team": "ari", "start": "", "in": "8", "result": "Groundout", "evo": "98.6", "la": "8", "dist": "153"}, {"player": "maikel franco", "game": "phi @ ari", "gameIdx": 0, "hr/park": "", "pa": "55", "dt": "", "img": "https://www.mlbstatic.com/team-logos/143.svg", "team": "phi", "start": "", "in": "8", "result": "Groundout", "evo": "95.3", "la": "-12", "dist": "14"}, {"player": "tommy joseph", "game": "phi @ ari", "gameIdx": 0, "hr/park": "", "pa": "54", "dt": "", "img": "https://www.mlbstatic.com/team-logos/143.svg", "team": "phi", "start": "", "in": "8", "result": "Flyout", "evo": "77.9", "la": "35", "dist": "289"}, {"player": "aaron altherr", "game": "phi @ ari", "gameIdx": 0, "hr/park": "", "pa": "53", "dt": "", "img": "https://www.mlbstatic.com/team-logos/143.svg", "team": "phi", "start": "", "in": "8", "result": "Pop Out", "evo": "63.6", "la": "42", "dist": "199"}, {"player": "freddy galvis", "game": "phi @ ari", "gameIdx": 0, "hr/park": "", "pa": "52", "dt": "", "img": "https://www.mlbstatic.com/team-logos/143.svg", "team": "phi", "start": "", "in": "8", "result": "Single", "evo": "100.8", "la": "15", "dist": "242"}, {"player": "daniel descalso", "game": "phi @ ari", "gameIdx": 0, "hr/park": "", "pa": "51", "dt": "", "img": "https://www.mlbstatic.com/team-logos/109.svg", "team": "ari", "start": "", "in": "7", "result": "Strikeout", "evo": "", "la": "", "dist": ""}, {"player": "chris owings", "game": "phi @ ari", "gameIdx": 0, "hr/park": "", "pa": "50", "dt": "", "img": "https://www.mlbstatic.com/team-logos/109.svg", "team": "ari", "start": "", "in": "7", "result": "Strikeout", "evo": "", "la": "", "dist": ""}, {"player": "paul goldschmidt", "game": "phi @ ari", "gameIdx": 0, "hr/park": "", "pa": "49", "dt": "", "img": "https://www.mlbstatic.com/team-logos/109.svg", "team": "ari", "start": "", "in": "7", "result": "Lineout", "evo": "103.5", "la": "9", "dist": "182"}, {"player": "daniel nava", "game": "phi @ ari", "gameIdx": 0, "hr/park": "", "pa": "48", "dt": "", "img": "https://www.mlbstatic.com/team-logos/143.svg", "team": "phi", "start": "", "in": "7", "result": "Groundout", "evo": "", "la": "", "dist": ""}, {"player": "howie kendrick", "game": "phi @ ari", "gameIdx": 0, "hr/park": "", "pa": "47", "dt": "", "img": "https://www.mlbstatic.com/team-logos/143.svg", "team": "phi", "start": "", "in": "7", "result": "Single", "evo": "61.2", "la": "46", "dist": "171"}, {"player": "ty kelly", "game": "phi @ ari", "gameIdx": 0, "hr/park": "", "pa": "46", "dt": "", "img": "https://www.mlbstatic.com/team-logos/143.svg", "team": "phi", "start": "", "in": "7", "result": "Forceout", "evo": "71.3", "la": "-10", "dist": "16"}, {"player": "andrew knapp", "game": "phi @ ari", "gameIdx": 0, "hr/park": "", "pa": "45", "dt": "", "img": "https://www.mlbstatic.com/team-logos/143.svg", "team": "phi", "start": "", "in": "7", "result": "Single", "evo": "105.1", "la": "12", "dist": "274"}, {"player": "odubel herrera", "game": "phi @ ari", "gameIdx": 0, "hr/park": "", "pa": "44", "dt": "", "img": "https://www.mlbstatic.com/team-logos/143.svg", "team": "phi", "start": "", "in": "7", "result": "Single", "evo": "59.6", "la": "-32", "dist": "5"}, {"player": "maikel franco", "game": "phi @ ari", "gameIdx": 0, "hr/park": "", "pa": "43", "dt": "", "img": "https://www.mlbstatic.com/team-logos/143.svg", "team": "phi", "start": "", "in": "7", "result": "Groundout", "evo": "107.8", "la": "-9", "dist": "15"}, {"player": "nick ahmed", "game": "phi @ ari", "gameIdx": 0, "hr/park": "0/30", "pa": "42", "dt": "", "img": "https://www.mlbstatic.com/team-logos/109.svg", "team": "ari", "start": "", "in": "6", "result": "Flyout", "evo": "89.8", "la": "34", "dist": "324"}, {"player": "gregor blanco", "game": "phi @ ari", "gameIdx": 0, "hr/park": "", "pa": "41", "dt": "", "img": "https://www.mlbstatic.com/team-logos/109.svg", "team": "ari", "start": "", "in": "6", "result": "Strikeout", "evo": "", "la": "", "dist": ""}, {"player": "david peralta", "game": "phi @ ari", "gameIdx": 0, "hr/park": "", "pa": "40", "dt": "", "img": "https://www.mlbstatic.com/team-logos/109.svg", "team": "ari", "start": "", "in": "6", "result": "Groundout", "evo": "", "la": "", "dist": ""}, {"player": "tommy joseph", "game": "phi @ ari", "gameIdx": 0, "hr/park": "", "pa": "39", "dt": "", "img": "https://www.mlbstatic.com/team-logos/143.svg", "team": "phi", "start": "", "in": "6", "result": "Strikeout", "evo": "", "la": "", "dist": ""}, {"player": "aaron altherr", "game": "phi @ ari", "gameIdx": 0, "hr/park": "", "pa": "38", "dt": "", "img": "https://www.mlbstatic.com/team-logos/143.svg", "team": "phi", "start": "", "in": "6", "result": "Triple", "evo": "", "la": "", "dist": ""}, {"player": "freddy galvis", "game": "phi @ ari", "gameIdx": 0, "hr/park": "0/30", "pa": "37", "dt": "", "img": "https://www.mlbstatic.com/team-logos/143.svg", "team": "phi", "start": "", "in": "6", "result": "Lineout", "evo": "86.6", "la": "27", "dist": "340"}, {"player": "cameron perkins", "game": "phi @ ari", "gameIdx": 0, "hr/park": "", "pa": "36", "dt": "", "img": "https://www.mlbstatic.com/team-logos/143.svg", "team": "phi", "start": "", "in": "6", "result": "Strikeout", "evo": "", "la": "", "dist": ""}, {"player": "jeff mathis", "game": "phi @ ari", "gameIdx": 0, "hr/park": "0/30", "pa": "35", "dt": "", "img": "https://www.mlbstatic.com/team-logos/109.svg", "team": "ari", "start": "", "in": "5", "result": "Lineout", "evo": "88.7", "la": "25", "dist": "317"}, {"player": "rey fuentes", "game": "phi @ ari", "gameIdx": 0, "hr/park": "", "pa": "34", "dt": "", "img": "https://www.mlbstatic.com/team-logos/109.svg", "team": "ari", "start": "", "in": "5", "result": "Flyout", "evo": "100.8", "la": "52", "dist": "283"}, {"player": "brandon drury", "game": "phi @ ari", "gameIdx": 0, "hr/park": "", "pa": "33", "dt": "", "img": "https://www.mlbstatic.com/team-logos/109.svg", "team": "ari", "start": "", "in": "5", "result": "Strikeout", "evo": "", "la": "", "dist": ""}, {"player": "jeremy hellickson", "game": "phi @ ari", "gameIdx": 0, "hr/park": "", "pa": "32", "dt": "", "img": "https://www.mlbstatic.com/team-logos/143.svg", "team": "phi", "start": "", "in": "5", "result": "Groundout", "evo": "73.2", "la": "-27", "dist": "5"}, {"player": "ty kelly", "game": "phi @ ari", "gameIdx": 0, "hr/park": "", "pa": "31", "dt": "", "img": "https://www.mlbstatic.com/team-logos/143.svg", "team": "phi", "start": "", "in": "5", "result": "Groundout", "evo": "75.7", "la": "-9", "dist": "12"}, {"player": "andrew knapp", "game": "phi @ ari", "gameIdx": 0, "hr/park": "", "pa": "30", "dt": "", "img": "https://www.mlbstatic.com/team-logos/143.svg", "team": "phi", "start": "", "in": "5", "result": "Single", "evo": "88.4", "la": "8", "dist": "150"}, {"player": "odubel herrera", "game": "phi @ ari", "gameIdx": 0, "hr/park": "", "pa": "29", "dt": "", "img": "https://www.mlbstatic.com/team-logos/143.svg", "team": "phi", "start": "", "in": "5", "result": "Walk", "evo": "", "la": "", "dist": ""}, {"player": "maikel franco", "game": "phi @ ari", "gameIdx": 0, "hr/park": "", "pa": "28", "dt": "", "img": "https://www.mlbstatic.com/team-logos/143.svg", "team": "phi", "start": "", "in": "5", "result": "Groundout", "evo": "", "la": "", "dist": ""}, {"player": "daniel descalso", "game": "phi @ ari", "gameIdx": 0, "hr/park": "", "pa": "27", "dt": "", "img": "https://www.mlbstatic.com/team-logos/109.svg", "team": "ari", "start": "", "in": "4", "result": "Groundout", "evo": "", "la": "", "dist": ""}, {"player": "chris owings", "game": "phi @ ari", "gameIdx": 0, "hr/park": "", "pa": "26", "dt": "", "img": "https://www.mlbstatic.com/team-logos/109.svg", "team": "ari", "start": "", "in": "4", "result": "Forceout", "evo": "79.8", "la": "2", "dist": "58"}, {"player": "paul goldschmidt", "game": "phi @ ari", "gameIdx": 0, "hr/park": "", "pa": "25", "dt": "", "img": "https://www.mlbstatic.com/team-logos/109.svg", "team": "ari", "start": "", "in": "4", "result": "Single", "evo": "102.6", "la": "-4", "dist": "21"}, {"player": "nick ahmed", "game": "phi @ ari", "gameIdx": 0, "hr/park": "13/30", "pa": "24", "dt": "", "img": "https://www.mlbstatic.com/team-logos/109.svg", "team": "ari", "start": "", "in": "4", "result": "Double", "evo": "90.6", "la": "32", "dist": "348"}, {"player": "tommy joseph", "game": "phi @ ari", "gameIdx": 0, "hr/park": "", "pa": "23", "dt": "", "img": "https://www.mlbstatic.com/team-logos/143.svg", "team": "phi", "start": "", "in": "4", "result": "GIDP", "evo": "109.2", "la": "-8", "dist": "21"}, {"player": "aaron altherr", "game": "phi @ ari", "gameIdx": 0, "hr/park": "", "pa": "22", "dt": "", "img": "https://www.mlbstatic.com/team-logos/143.svg", "team": "phi", "start": "", "in": "4", "result": "Single", "evo": "111.7", "la": "7", "dist": "155"}, {"player": "freddy galvis", "game": "phi @ ari", "gameIdx": 0, "hr/park": "", "pa": "21", "dt": "", "img": "https://www.mlbstatic.com/team-logos/143.svg", "team": "phi", "start": "", "in": "4", "result": "Groundout", "evo": "86.2", "la": "-21", "dist": "6"}, {"player": "gregor blanco", "game": "phi @ ari", "gameIdx": 0, "hr/park": "", "pa": "20", "dt": "", "img": "https://www.mlbstatic.com/team-logos/109.svg", "team": "ari", "start": "", "in": "3", "result": "Strikeout", "evo": "", "la": "", "dist": ""}, {"player": "randall delgado", "game": "phi @ ari", "gameIdx": 0, "hr/park": "", "pa": "19", "dt": "", "img": "https://www.mlbstatic.com/team-logos/109.svg", "team": "ari", "start": "", "in": "3", "result": "Groundout", "evo": "", "la": "", "dist": ""}, {"player": "jeff mathis", "game": "phi @ ari", "gameIdx": 0, "hr/park": "", "pa": "18", "dt": "", "img": "https://www.mlbstatic.com/team-logos/109.svg", "team": "ari", "start": "", "in": "3", "result": "Groundout", "evo": "73.4", "la": "-1", "dist": "31"}, {"player": "cameron perkins", "game": "phi @ ari", "gameIdx": 0, "hr/park": "", "pa": "17", "dt": "", "img": "https://www.mlbstatic.com/team-logos/143.svg", "team": "phi", "start": "", "in": "3", "result": "Strikeout", "evo": "", "la": "", "dist": ""}, {"player": "jeremy hellickson", "game": "phi @ ari", "gameIdx": 0, "hr/park": "", "pa": "16", "dt": "", "img": "https://www.mlbstatic.com/team-logos/143.svg", "team": "phi", "start": "", "in": "3", "result": "Strikeout", "evo": "", "la": "", "dist": ""}, {"player": "ty kelly", "game": "phi @ ari", "gameIdx": 0, "hr/park": "", "pa": "15", "dt": "", "img": "https://www.mlbstatic.com/team-logos/143.svg", "team": "phi", "start": "", "in": "3", "result": "Lineout", "evo": "96.1", "la": "10", "dist": "164"}, {"player": "rey fuentes", "game": "phi @ ari", "gameIdx": 0, "hr/park": "", "pa": "14", "dt": "", "img": "https://www.mlbstatic.com/team-logos/109.svg", "team": "ari", "start": "", "in": "2", "result": "Flyout", "evo": "92.3", "la": "47", "dist": "296"}, {"player": "brandon drury", "game": "phi @ ari", "gameIdx": 0, "hr/park": "", "pa": "13", "dt": "", "img": "https://www.mlbstatic.com/team-logos/109.svg", "team": "ari", "start": "", "in": "2", "result": "Strikeout", "evo": "", "la": "", "dist": ""}, {"player": "daniel descalso", "game": "phi @ ari", "gameIdx": 0, "hr/park": "", "pa": "12", "dt": "", "img": "https://www.mlbstatic.com/team-logos/109.svg", "team": "ari", "start": "", "in": "2", "result": "Double", "evo": "91.4", "la": "13", "dist": "184"}, {"player": "chris owings", "game": "phi @ ari", "gameIdx": 0, "hr/park": "", "pa": "11", "dt": "", "img": "https://www.mlbstatic.com/team-logos/109.svg", "team": "ari", "start": "", "in": "2", "result": "Strikeout", "evo": "", "la": "", "dist": ""}, {"player": "andrew knapp", "game": "phi @ ari", "gameIdx": 0, "hr/park": "", "pa": "10", "dt": "", "img": "https://www.mlbstatic.com/team-logos/143.svg", "team": "phi", "start": "", "in": "2", "result": "Strikeout", "evo": "", "la": "", "dist": ""}, {"player": "odubel herrera", "game": "phi @ ari", "gameIdx": 0, "hr/park": "", "pa": "9", "dt": "", "img": "https://www.mlbstatic.com/team-logos/143.svg", "team": "phi", "start": "", "in": "2", "result": "Lineout", "evo": "85.5", "la": "22", "dist": "289"}, {"player": "maikel franco", "game": "phi @ ari", "gameIdx": 0, "hr/park": "", "pa": "8", "dt": "", "img": "https://www.mlbstatic.com/team-logos/143.svg", "team": "phi", "start": "", "in": "2", "result": "Double", "evo": "98.3", "la": "15", "dist": "293"}, {"player": "paul goldschmidt", "game": "phi @ ari", "gameIdx": 0, "hr/park": "", "pa": "7", "dt": "", "img": "https://www.mlbstatic.com/team-logos/109.svg", "team": "ari", "start": "", "in": "1", "result": "Strikeout", "evo": "", "la": "", "dist": ""}, {"player": "nick ahmed", "game": "phi @ ari", "gameIdx": 0, "hr/park": "", "pa": "6", "dt": "", "img": "https://www.mlbstatic.com/team-logos/109.svg", "team": "ari", "start": "", "in": "1", "result": "Groundout", "evo": "66.6", "la": "-40", "dist": "4"}, {"player": "gregor blanco", "game": "phi @ ari", "gameIdx": 0, "hr/park": "", "pa": "5", "dt": "", "img": "https://www.mlbstatic.com/team-logos/109.svg", "team": "ari", "start": "", "in": "1", "result": "Strikeout", "evo": "", "la": "", "dist": ""}, {"player": "tommy joseph", "game": "phi @ ari", "gameIdx": 0, "hr/park": "", "pa": "4", "dt": "", "img": "https://www.mlbstatic.com/team-logos/143.svg", "team": "phi", "start": "", "in": "1", "result": "Groundout", "evo": "", "la": "", "dist": ""}, {"player": "aaron altherr", "game": "phi @ ari", "gameIdx": 0, "hr/park": "", "pa": "3", "dt": "", "img": "https://www.mlbstatic.com/team-logos/143.svg", "team": "phi", "start": "", "in": "1", "result": "Single", "evo": "110.0", "la": "", "dist": "50"}, {"player": "freddy galvis", "game": "phi @ ari", "gameIdx": 0, "hr/park": "0/30", "pa": "2", "dt": "", "img": "https://www.mlbstatic.com/team-logos/143.svg", "team": "phi", "start": "", "in": "1", "result": "Lineout", "evo": "98.0", "la": "19", "dist": "321"}, {"player": "cameron perkins", "game": "phi @ ari", "gameIdx": 0, "hr/park": "", "pa": "1", "dt": "", "img": "https://www.mlbstatic.com/team-logos/143.svg", "team": "phi", "start": "", "in": "1", "result": "Strikeout", "evo": "", "la": "", "dist": ""}], "det @ sd": [], "pit @ stl": []}