{"all": {"pitchers": "15", "batters": "45", "pitches": "592", "max velomax pitch velocity": "98.6", "min velomin pitch velocity": "72.1", "ff%fourseam fastball %": "33.4", "si%sinker %": "20.1", "fc%cutter %": "2.5", "fs%splitter %": "0.0", "ch%changeup %": "18.4", "sl%slider %": "16.4", "cu%curve %": "9.0", "max evmax exit velocity": "109.5", "hhhard hit": "28", "hh%hard hit %": "27.7", "brlbarrels": "4", "brl%barrel %": "4.0", "ab": "132", "avg": ".280", "h": "37", "1b": "28", "2b": "6", "3b": "0", "hr": "3", "so": "35", "bipballs in play": "101", "liveGames": 0, "totGames": 8}, "phi @ ari": [{"player": "ty kelly", "game": "phi @ ari", "gameIdx": 0, "hr/park": "", "pa": "75", "dt": "", "img": "https://www.mlbstatic.com/team-logos/143.svg", "team": "phi", "start": "", "in": "9", "result": "Groundout", "evo": "92.4", "la": "-14", "dist": "10"}, {"player": "andrew knapp", "game": "phi @ ari", "gameIdx": 0, "hr/park": "", "pa": "74", "dt": "", "img": "https://www.mlbstatic.com/team-logos/143.svg", "team": "phi", "start": "", "in": "9", "result": "Groundout", "evo": "96.4", "la": "-10", "dist": "12"}, {"player": "brock stassi", "game": "phi @ ari", "gameIdx": 0, "hr/park": "", "pa": "73", "dt": "", "img": "https://www.mlbstatic.com/team-logos/143.svg", "team": "phi", "start": "", "in": "9", "result": "Strikeout", "evo": "", "la": "", "dist": ""}, {"player": "david peralta", "game": "phi @ ari", "gameIdx": 0, "hr/park": "", "pa": "72", "dt": "", "img": "https://www.mlbstatic.com/team-logos/109.svg", "team": "ari", "start": "", "in": "8", "result": "Groundout", "evo": "88.9", "la": "-8", "dist": "17"}, {"player": "nick ahmed", "game": "phi @ ari", "gameIdx": 0, "hr/park": "", "pa": "71", "dt": "", "img": "https://www.mlbstatic.com/team-logos/109.svg", "team": "ari", "start": "", "in": "8", "result": "Groundout", "evo": "71.3", "la": "5", "dist": "62"}, {"player": "chris herrmann", "game": "phi @ ari", "gameIdx": 0, "hr/park": "", "pa": "70", "dt": "", "img": "https://www.mlbstatic.com/team-logos/109.svg", "team": "ari", "start": "", "in": "8", "result": "Strikeout", "evo": "", "la": "", "dist": ""}, {"player": "andres blanco", "game": "phi @ ari", "gameIdx": 0, "hr/park": "", "pa": "69", "dt": "", "img": "https://www.mlbstatic.com/team-logos/143.svg", "team": "phi", "start": "", "in": "8", "result": "Strikeout", "evo": "", "la": "", "dist": ""}, {"player": "odubel herrera", "game": "phi @ ari", "gameIdx": 0, "hr/park": "", "pa": "68", "dt": "", "img": "https://www.mlbstatic.com/team-logos/143.svg", "team": "phi", "start": "", "in": "8", "result": "Strikeout", "evo": "", "la": "", "dist": ""}, {"player": "maikel franco", "game": "phi @ ari", "gameIdx": 0, "hr/park": "", "pa": "67", "dt": "", "img": "https://www.mlbstatic.com/team-logos/143.svg", "team": "phi", "start": "", "in": "8", "result": "Groundout", "evo": "89.3", "la": "-28", "dist": "5"}, {"player": "brandon drury", "game": "phi @ ari", "gameIdx": 0, "hr/park": "", "pa": "66", "dt": "", "img": "https://www.mlbstatic.com/team-logos/109.svg", "team": "ari", "start": "", "in": "7", "result": "Strikeout", "evo": "", "la": "", "dist": ""}, {"player": "jeff mathis", "game": "phi @ ari", "gameIdx": 0, "hr/park": "", "pa": "65", "dt": "", "img": "https://www.mlbstatic.com/team-logos/109.svg", "team": "ari", "start": "", "in": "7", "result": "Single", "evo": "106.1", "la": "10", "dist": "250"}, {"player": "rey fuentes", "game": "phi @ ari", "gameIdx": 0, "hr/park": "", "pa": "64", "dt": "", "img": "https://www.mlbstatic.com/team-logos/109.svg", "team": "ari", "start": "", "in": "7", "result": "Forceout", "evo": "69.8", "la": "-43", "dist": "3"}, {"player": "daniel descalso", "game": "phi @ ari", "gameIdx": 0, "hr/park": "", "pa": "63", "dt": "", "img": "https://www.mlbstatic.com/team-logos/109.svg", "team": "ari", "start": "", "in": "7", "result": "Strikeout", "evo": "", "la": "", "dist": ""}, {"player": "chris owings", "game": "phi @ ari", "gameIdx": 0, "hr/park": "", "pa": "62", "dt": "", "img": "https://www.mlbstatic.com/team-logos/109.svg", "team": "ari", "start": "", "in": "7", "result": "Single", "evo": "67.6", "la": "36", "dist": "213"}, {"player": "aaron altherr", "game": "phi @ ari", "gameIdx": 0, "hr/park": "", "pa": "61", "dt": "", "img": "https://www.mlbstatic.com/team-logos/143.svg", "team": "phi", "start": "", "in": "7", "result": "Pop Out", "evo": "80.0", "la": "89", "dist": "16"}, {"player": "freddy galvis", "game": "phi @ ari", "gameIdx": 0, "hr/park": "", "pa": "60", "dt": "", "img": "https://www.mlbstatic.com/team-logos/143.svg", "team": "phi", "start": "", "in": "7", "result": "Flyout", "evo": "", "la": "", "dist": ""}, {"player": "daniel nava", "game": "phi @ ari", "gameIdx": 0, "hr/park": "", "pa": "59", "dt": "", "img": "https://www.mlbstatic.com/team-logos/143.svg", "team": "phi", "start": "", "in": "7", "result": "Walk", "evo": "", "la": "", "dist": ""}, {"player": "cameron perkins", "game": "phi @ ari", "gameIdx": 0, "hr/park": "", "pa": "58", "dt": "", "img": "https://www.mlbstatic.com/team-logos/143.svg", "team": "phi", "start": "", "in": "7", "result": "Flyout", "evo": "81.5", "la": "47", "dist": "252"}, {"player": "jake lamb", "game": "phi @ ari", "gameIdx": 0, "hr/park": "", "pa": "57", "dt": "", "img": "https://www.mlbstatic.com/team-logos/109.svg", "team": "ari", "start": "", "in": "6", "result": "Groundout", "evo": "40.1", "la": "-4", "dist": "21"}, {"player": "david peralta", "game": "phi @ ari", "gameIdx": 0, "hr/park": "", "pa": "56", "dt": "", "img": "https://www.mlbstatic.com/team-logos/109.svg", "team": "ari", "start": "", "in": "6", "result": "Groundout", "evo": "57.9", "la": "-41", "dist": "6"}, {"player": "nick ahmed", "game": "phi @ ari", "gameIdx": 0, "hr/park": "", "pa": "55", "dt": "", "img": "https://www.mlbstatic.com/team-logos/109.svg", "team": "ari", "start": "", "in": "6", "result": "Strikeout", "evo": "", "la": "", "dist": ""}, {"player": "andrew knapp", "game": "phi @ ari", "gameIdx": 0, "hr/park": "", "pa": "54", "dt": "", "img": "https://www.mlbstatic.com/team-logos/143.svg", "team": "phi", "start": "", "in": "6", "result": "Strikeout", "evo": "", "la": "", "dist": ""}, {"player": "brock stassi", "game": "phi @ ari", "gameIdx": 0, "hr/park": "", "pa": "53", "dt": "", "img": "https://www.mlbstatic.com/team-logos/143.svg", "team": "phi", "start": "", "in": "6", "result": "Groundout", "evo": "82.9", "la": "-36", "dist": "7"}, {"player": "andres blanco", "game": "phi @ ari", "gameIdx": 0, "hr/park": "", "pa": "52", "dt": "", "img": "https://www.mlbstatic.com/team-logos/143.svg", "team": "phi", "start": "", "in": "6", "result": "Strikeout", "evo": "", "la": "", "dist": ""}, {"player": "odubel herrera", "game": "phi @ ari", "gameIdx": 0, "hr/park": "", "pa": "51", "dt": "", "img": "https://www.mlbstatic.com/team-logos/143.svg", "team": "phi", "start": "", "in": "6", "result": "Single", "evo": "91.0", "la": "4", "dist": "94"}, {"player": "maikel franco", "game": "phi @ ari", "gameIdx": 0, "hr/park": "", "pa": "50", "dt": "", "img": "https://www.mlbstatic.com/team-logos/143.svg", "team": "phi", "start": "", "in": "6", "result": "Single", "evo": "105.3", "la": "-6", "dist": "23"}, {"player": "chris herrmann", "game": "phi @ ari", "gameIdx": 0, "hr/park": "", "pa": "49", "dt": "", "img": "https://www.mlbstatic.com/team-logos/109.svg", "team": "ari", "start": "", "in": "5", "result": "Groundout", "evo": "97.1", "la": "5", "dist": "101"}, {"player": "zack greinke", "game": "phi @ ari", "gameIdx": 0, "hr/park": "", "pa": "48", "dt": "", "img": "https://www.mlbstatic.com/team-logos/109.svg", "team": "ari", "start": "", "in": "5", "result": "Strikeout", "evo": "", "la": "", "dist": ""}, {"player": "jeff mathis", "game": "phi @ ari", "gameIdx": 0, "hr/park": "", "pa": "47", "dt": "", "img": "https://www.mlbstatic.com/team-logos/109.svg", "team": "ari", "start": "", "in": "5", "result": "Single", "evo": "90.1", "la": "14", "dist": "275"}, {"player": "rey fuentes", "game": "phi @ ari", "gameIdx": 0, "hr/park": "", "pa": "46", "dt": "", "img": "https://www.mlbstatic.com/team-logos/109.svg", "team": "ari", "start": "", "in": "5", "result": "Walk", "evo": "", "la": "", "dist": ""}, {"player": "daniel descalso", "game": "phi @ ari", "gameIdx": 0, "hr/park": "", "pa": "45", "dt": "", "img": "https://www.mlbstatic.com/team-logos/109.svg", "team": "ari", "start": "", "in": "5", "result": "Strikeout", "evo": "", "la": "", "dist": ""}, {"player": "aaron altherr", "game": "phi @ ari", "gameIdx": 0, "hr/park": "", "pa": "44", "dt": "", "img": "https://www.mlbstatic.com/team-logos/143.svg", "team": "phi", "start": "", "in": "5", "result": "Groundout", "evo": "60.5", "la": "-26", "dist": "5"}, {"player": "freddy galvis", "game": "phi @ ari", "gameIdx": 0, "hr/park": "", "pa": "43", "dt": "", "img": "https://www.mlbstatic.com/team-logos/143.svg", "team": "phi", "start": "", "in": "5", "result": "Walk", "evo": "", "la": "", "dist": ""}, {"player": "daniel nava", "game": "phi @ ari", "gameIdx": 0, "hr/park": "", "pa": "42", "dt": "", "img": "https://www.mlbstatic.com/team-logos/143.svg", "team": "phi", "start": "", "in": "5", "result": "Single", "evo": "84.1", "la": "20", "dist": "252"}, {"player": "adam morgan", "game": "phi @ ari", "gameIdx": 0, "hr/park": "", "pa": "41", "dt": "", "img": "https://www.mlbstatic.com/team-logos/143.svg", "team": "phi", "start": "", "in": "5", "result": "Walk", "evo": "", "la": "", "dist": ""}, {"player": "andrew knapp", "game": "phi @ ari", "gameIdx": 0, "hr/park": "", "pa": "40", "dt": "", "img": "https://www.mlbstatic.com/team-logos/143.svg", "team": "phi", "start": "", "in": "5", "result": "Forceout", "evo": "96.7", "la": "-2", "dist": "34"}, {"player": "brock stassi", "game": "phi @ ari", "gameIdx": 0, "hr/park": "", "pa": "39", "dt": "", "img": "https://www.mlbstatic.com/team-logos/143.svg", "team": "phi", "start": "", "in": "5", "result": "Walk", "evo": "", "la": "", "dist": ""}, {"player": "andres blanco", "game": "phi @ ari", "gameIdx": 0, "hr/park": "", "pa": "38", "dt": "", "img": "https://www.mlbstatic.com/team-logos/143.svg", "team": "phi", "start": "", "in": "5", "result": "Flyout", "evo": "71.8", "la": "45", "dist": "226"}, {"player": "chris owings", "game": "phi @ ari", "gameIdx": 0, "hr/park": "", "pa": "37", "dt": "", "img": "https://www.mlbstatic.com/team-logos/109.svg", "team": "ari", "start": "", "in": "4", "result": "Strikeout", "evo": "", "la": "", "dist": ""}, {"player": "jake lamb", "game": "phi @ ari", "gameIdx": 0, "hr/park": "", "pa": "36", "dt": "", "img": "https://www.mlbstatic.com/team-logos/109.svg", "team": "ari", "start": "", "in": "4", "result": "Strikeout", "evo": "", "la": "", "dist": ""}, {"player": "david peralta", "game": "phi @ ari", "gameIdx": 0, "hr/park": "", "pa": "35", "dt": "", "img": "https://www.mlbstatic.com/team-logos/109.svg", "team": "ari", "start": "", "in": "4", "result": "Groundout", "evo": "106.1", "la": "-7", "dist": "15"}, {"player": "odubel herrera", "game": "phi @ ari", "gameIdx": 0, "hr/park": "", "pa": "34", "dt": "", "img": "https://www.mlbstatic.com/team-logos/143.svg", "team": "phi", "start": "", "in": "4", "result": "Strikeout", "evo": "", "la": "", "dist": ""}, {"player": "maikel franco", "game": "phi @ ari", "gameIdx": 0, "hr/park": "", "pa": "33", "dt": "", "img": "https://www.mlbstatic.com/team-logos/143.svg", "team": "phi", "start": "", "in": "4", "result": "Groundout", "evo": "91.1", "la": "-17", "dist": "12"}, {"player": "aaron altherr", "game": "phi @ ari", "gameIdx": 0, "hr/park": "", "pa": "32", "dt": "", "img": "https://www.mlbstatic.com/team-logos/143.svg", "team": "phi", "start": "", "in": "4", "result": "Strikeout", "evo": "", "la": "", "dist": ""}, {"player": "nick ahmed", "game": "phi @ ari", "gameIdx": 0, "hr/park": "", "pa": "31", "dt": "", "img": "https://www.mlbstatic.com/team-logos/109.svg", "team": "ari", "start": "", "in": "3", "result": "Pop Out", "evo": "64.5", "la": "74", "dist": "109"}, {"player": "chris herrmann", "game": "phi @ ari", "gameIdx": 0, "hr/park": "", "pa": "30", "dt": "", "img": "https://www.mlbstatic.com/team-logos/109.svg", "team": "ari", "start": "", "in": "3", "result": "Walk", "evo": "", "la": "", "dist": ""}, {"player": "zack greinke", "game": "phi @ ari", "gameIdx": 0, "hr/park": "", "pa": "29", "dt": "", "img": "https://www.mlbstatic.com/team-logos/109.svg", "team": "ari", "start": "", "in": "3", "result": "Strikeout", "evo": "", "la": "", "dist": ""}, {"player": "jeff mathis", "game": "phi @ ari", "gameIdx": 0, "hr/park": "", "pa": "28", "dt": "", "img": "https://www.mlbstatic.com/team-logos/109.svg", "team": "ari", "start": "", "in": "3", "result": "Forceout", "evo": "69.7", "la": "-35", "dist": "5"}, {"player": "rey fuentes", "game": "phi @ ari", "gameIdx": 0, "hr/park": "", "pa": "27", "dt": "", "img": "https://www.mlbstatic.com/team-logos/109.svg", "team": "ari", "start": "", "in": "3", "result": "Single", "evo": "106.0", "la": "-10", "dist": "14"}, {"player": "daniel descalso", "game": "phi @ ari", "gameIdx": 0, "hr/park": "", "pa": "26", "dt": "", "img": "https://www.mlbstatic.com/team-logos/109.svg", "team": "ari", "start": "", "in": "3", "result": "Single", "evo": "107.4", "la": "-5", "dist": "18"}, {"player": "chris owings", "game": "phi @ ari", "gameIdx": 0, "hr/park": "", "pa": "25", "dt": "", "img": "https://www.mlbstatic.com/team-logos/109.svg", "team": "ari", "start": "", "in": "3", "result": "Walk", "evo": "", "la": "", "dist": ""}, {"player": "jake lamb", "game": "phi @ ari", "gameIdx": 0, "hr/park": "", "pa": "24", "dt": "", "img": "https://www.mlbstatic.com/team-logos/109.svg", "team": "ari", "start": "", "in": "3", "result": "Single", "evo": "", "la": "", "dist": ""}, {"player": "david peralta", "game": "phi @ ari", "gameIdx": 0, "hr/park": "", "pa": "23", "dt": "", "img": "https://www.mlbstatic.com/team-logos/109.svg", "team": "ari", "start": "", "in": "3", "result": "Single", "evo": "94.3", "la": "-18", "dist": "9"}, {"player": "freddy galvis", "game": "phi @ ari", "gameIdx": 0, "hr/park": "0/30", "pa": "22", "dt": "", "img": "https://www.mlbstatic.com/team-logos/143.svg", "team": "phi", "start": "", "in": "3", "result": "Flyout", "evo": "91.3", "la": "40", "dist": "331"}, {"player": "daniel nava", "game": "phi @ ari", "gameIdx": 0, "hr/park": "", "pa": "21", "dt": "", "img": "https://www.mlbstatic.com/team-logos/143.svg", "team": "phi", "start": "", "in": "3", "result": "Strikeout", "evo": "", "la": "", "dist": ""}, {"player": "nick pivetta", "game": "phi @ ari", "gameIdx": 0, "hr/park": "", "pa": "20", "dt": "", "img": "https://www.mlbstatic.com/team-logos/143.svg", "team": "phi", "start": "", "in": "3", "result": "Strikeout", "evo": "", "la": "", "dist": ""}, {"player": "nick ahmed", "game": "phi @ ari", "gameIdx": 0, "hr/park": "", "pa": "19", "dt": "", "img": "https://www.mlbstatic.com/team-logos/109.svg", "team": "ari", "start": "", "in": "2", "result": "GIDP", "evo": "86.8", "la": "3", "dist": "66"}, {"player": "chris herrmann", "game": "phi @ ari", "gameIdx": 0, "hr/park": "", "pa": "18", "dt": "", "img": "https://www.mlbstatic.com/team-logos/109.svg", "team": "ari", "start": "", "in": "2", "result": "Walk", "evo": "", "la": "", "dist": ""}, {"player": "zack greinke", "game": "phi @ ari", "gameIdx": 0, "hr/park": "", "pa": "17", "dt": "", "img": "https://www.mlbstatic.com/team-logos/109.svg", "team": "ari", "start": "", "in": "2", "result": "Walk", "evo": "", "la": "", "dist": ""}, {"player": "jeff mathis", "game": "phi @ ari", "gameIdx": 0, "hr/park": "", "pa": "16", "dt": "", "img": "https://www.mlbstatic.com/team-logos/109.svg", "team": "ari", "start": "", "in": "2", "result": "Walk", "evo": "", "la": "", "dist": ""}, {"player": "rey fuentes", "game": "phi @ ari", "gameIdx": 0, "hr/park": "", "pa": "15", "dt": "", "img": "https://www.mlbstatic.com/team-logos/109.svg", "team": "ari", "start": "", "in": "2", "result": "Forceout", "evo": "74.1", "la": "-5", "dist": "23"}, {"player": "daniel descalso", "game": "phi @ ari", "gameIdx": 0, "hr/park": "", "pa": "14", "dt": "", "img": "https://www.mlbstatic.com/team-logos/109.svg", "team": "ari", "start": "", "in": "2", "result": "Single", "evo": "74.2", "la": "25", "dist": "238"}, {"player": "chris owings", "game": "phi @ ari", "gameIdx": 0, "hr/park": "9/30", "pa": "13", "dt": "", "img": "https://www.mlbstatic.com/team-logos/109.svg", "team": "ari", "start": "", "in": "2", "result": "Double", "evo": "97.4", "la": "22", "dist": "360"}, {"player": "andrew knapp", "game": "phi @ ari", "gameIdx": 0, "hr/park": "", "pa": "12", "dt": "", "img": "https://www.mlbstatic.com/team-logos/143.svg", "team": "phi", "start": "", "in": "2", "result": "Groundout", "evo": "51.0", "la": "-42", "dist": "3"}, {"player": "brock stassi", "game": "phi @ ari", "gameIdx": 0, "hr/park": "", "pa": "11", "dt": "", "img": "https://www.mlbstatic.com/team-logos/143.svg", "team": "phi", "start": "", "in": "2", "result": "Lineout", "evo": "", "la": "", "dist": ""}, {"player": "andres blanco", "game": "phi @ ari", "gameIdx": 0, "hr/park": "", "pa": "10", "dt": "", "img": "https://www.mlbstatic.com/team-logos/143.svg", "team": "phi", "start": "", "in": "2", "result": "Groundout", "evo": "", "la": "", "dist": ""}, {"player": "jake lamb", "game": "phi @ ari", "gameIdx": 0, "hr/park": "", "pa": "9", "dt": "", "img": "https://www.mlbstatic.com/team-logos/109.svg", "team": "ari", "start": "", "in": "1", "result": "Strikeout", "evo": "", "la": "", "dist": ""}, {"player": "david peralta", "game": "phi @ ari", "gameIdx": 0, "hr/park": "", "pa": "8", "dt": "", "img": "https://www.mlbstatic.com/team-logos/109.svg", "team": "ari", "start": "", "in": "1", "result": "Groundout", "evo": "69.1", "la": "-33", "dist": "6"}, {"player": "nick ahmed", "game": "phi @ ari", "gameIdx": 0, "hr/park": "", "pa": "7", "dt": "", "img": "https://www.mlbstatic.com/team-logos/109.svg", "team": "ari", "start": "", "in": "1", "result": "Strikeout", "evo": "", "la": "", "dist": ""}, {"player": "chris herrmann", "game": "phi @ ari", "gameIdx": 0, "hr/park": "28/30", "pa": "6", "dt": "", "img": "https://www.mlbstatic.com/team-logos/109.svg", "team": "ari", "start": "", "in": "1", "result": "Home Run", "evo": "106.2", "la": "20", "dist": "415"}, {"player": "odubel herrera", "game": "phi @ ari", "gameIdx": 0, "hr/park": "", "pa": "5", "dt": "", "img": "https://www.mlbstatic.com/team-logos/143.svg", "team": "phi", "start": "", "in": "1", "result": "Strikeout", "evo": "", "la": "", "dist": ""}, {"player": "maikel franco", "game": "phi @ ari", "gameIdx": 0, "hr/park": "", "pa": "4", "dt": "", "img": "https://www.mlbstatic.com/team-logos/143.svg", "team": "phi", "start": "", "in": "1", "result": "Pop Out", "evo": "73.8", "la": "84", "dist": "41"}, {"player": "aaron altherr", "game": "phi @ ari", "gameIdx": 0, "hr/park": "", "pa": "3", "dt": "", "img": "https://www.mlbstatic.com/team-logos/143.svg", "team": "phi", "start": "", "in": "1", "result": "Single", "evo": "80.7", "la": "24", "dist": "250"}, {"player": "freddy galvis", "game": "phi @ ari", "gameIdx": 0, "hr/park": "0/30", "pa": "2", "dt": "", "img": "https://www.mlbstatic.com/team-logos/143.svg", "team": "phi", "start": "", "in": "1", "result": "Lineout", "evo": "99.9", "la": "19", "dist": "370"}, {"player": "daniel nava", "game": "phi @ ari", "gameIdx": 0, "hr/park": "", "pa": "1", "dt": "", "img": "https://www.mlbstatic.com/team-logos/143.svg", "team": "phi", "start": "", "in": "1", "result": "Single", "evo": "84.6", "la": "19", "dist": "252"}], "cin @ stl": [{"player": "arismendy alcantara", "game": "cin @ stl", "gameIdx": 0, "hr/park": "", "pa": "76", "dt": "", "img": "https://www.mlbstatic.com/team-logos/113.svg", "team": "cin", "start": "", "in": "9", "result": "Groundout", "evo": "80.2", "la": "2", "dist": "49"}, {"player": "patrick kivlehan", "game": "cin @ stl", "gameIdx": 0, "hr/park": "", "pa": "75", "dt": "", "img": "https://www.mlbstatic.com/team-logos/113.svg", "team": "cin", "start": "", "in": "9", "result": "Pop Out", "evo": "", "la": "", "dist": ""}, {"player": "devin mesoraco", "game": "cin @ stl", "gameIdx": 0, "hr/park": "", "pa": "74", "dt": "", "img": "https://www.mlbstatic.com/team-logos/113.svg", "team": "cin", "start": "", "in": "9", "result": "Strikeout", "evo": "", "la": "", "dist": ""}, {"player": "jose a martinez", "game": "cin @ stl", "gameIdx": 0, "hr/park": "0/30", "pa": "73", "dt": "", "img": "https://www.mlbstatic.com/team-logos/138.svg", "team": "stl", "start": "", "in": "8", "result": "Lineout", "evo": "107.3", "la": "15", "dist": "323"}, {"player": "stephen piscotty", "game": "cin @ stl", "gameIdx": 0, "hr/park": "0/30", "pa": "72", "dt": "", "img": "https://www.mlbstatic.com/team-logos/138.svg", "team": "stl", "start": "", "in": "8", "result": "Double", "evo": "99.6", "la": "26", "dist": "397"}, {"player": "randal grichuk", "game": "cin @ stl", "gameIdx": 0, "hr/park": "", "pa": "71", "dt": "", "img": "https://www.mlbstatic.com/team-logos/138.svg", "team": "stl", "start": "", "in": "8", "result": "Groundout", "evo": "86.3", "la": "", "dist": "30"}, {"player": "tommy pham", "game": "cin @ stl", "gameIdx": 0, "hr/park": "", "pa": "70", "dt": "", "img": "https://www.mlbstatic.com/team-logos/138.svg", "team": "stl", "start": "", "in": "8", "result": "Strikeout", "evo": "", "la": "", "dist": ""}, {"player": "scott schebler", "game": "cin @ stl", "gameIdx": 0, "hr/park": "0/30", "pa": "69", "dt": "", "img": "https://www.mlbstatic.com/team-logos/113.svg", "team": "cin", "start": "", "in": "8", "result": "Flyout", "evo": "93.9", "la": "37", "dist": "345"}, {"player": "billy hamilton", "game": "cin @ stl", "gameIdx": 0, "hr/park": "", "pa": "68", "dt": "", "img": "https://www.mlbstatic.com/team-logos/113.svg", "team": "cin", "start": "", "in": "8", "result": "Single", "evo": "51.1", "la": "18", "dist": "108"}, {"player": "adam duvall", "game": "cin @ stl", "gameIdx": 0, "hr/park": "0/30", "pa": "67", "dt": "", "img": "https://www.mlbstatic.com/team-logos/113.svg", "team": "cin", "start": "", "in": "8", "result": "Sac Fly", "evo": "92.2", "la": "41", "dist": "336"}, {"player": "joey votto", "game": "cin @ stl", "gameIdx": 0, "hr/park": "", "pa": "66", "dt": "", "img": "https://www.mlbstatic.com/team-logos/113.svg", "team": "cin", "start": "", "in": "8", "result": "Double", "evo": "", "la": "", "dist": ""}, {"player": "scooter gennett", "game": "cin @ stl", "gameIdx": 0, "hr/park": "", "pa": "65", "dt": "", "img": "https://www.mlbstatic.com/team-logos/113.svg", "team": "cin", "start": "", "in": "8", "result": "Forceout", "evo": "71.6", "la": "-9", "dist": "19"}, {"player": "jose peraza", "game": "cin @ stl", "gameIdx": 0, "hr/park": "", "pa": "64", "dt": "", "img": "https://www.mlbstatic.com/team-logos/113.svg", "team": "cin", "start": "", "in": "8", "result": "Single", "evo": "90.8", "la": "15", "dist": "259"}, {"player": "greg garcia", "game": "cin @ stl", "gameIdx": 0, "hr/park": "", "pa": "63", "dt": "", "img": "https://www.mlbstatic.com/team-logos/138.svg", "team": "stl", "start": "", "in": "7", "result": "Groundout", "evo": "88.3", "la": "-17", "dist": "7"}, {"player": "aledmys diaz", "game": "cin @ stl", "gameIdx": 0, "hr/park": "", "pa": "62", "dt": "", "img": "https://www.mlbstatic.com/team-logos/138.svg", "team": "stl", "start": "", "in": "7", "result": "Strikeout", "evo": "", "la": "", "dist": ""}, {"player": "paul dejong", "game": "cin @ stl", "gameIdx": 0, "hr/park": "", "pa": "61", "dt": "", "img": "https://www.mlbstatic.com/team-logos/138.svg", "team": "stl", "start": "", "in": "7", "result": "Groundout", "evo": "48.5", "la": "24", "dist": "112"}, {"player": "arismendy alcantara", "game": "cin @ stl", "gameIdx": 0, "hr/park": "", "pa": "60", "dt": "", "img": "https://www.mlbstatic.com/team-logos/113.svg", "team": "cin", "start": "", "in": "7", "result": "Pop Out", "evo": "", "la": "", "dist": ""}, {"player": "patrick kivlehan", "game": "cin @ stl", "gameIdx": 0, "hr/park": "", "pa": "59", "dt": "", "img": "https://www.mlbstatic.com/team-logos/113.svg", "team": "cin", "start": "", "in": "7", "result": "Strikeout", "evo": "", "la": "", "dist": ""}, {"player": "devin mesoraco", "game": "cin @ stl", "gameIdx": 0, "hr/park": "", "pa": "58", "dt": "", "img": "https://www.mlbstatic.com/team-logos/113.svg", "team": "cin", "start": "", "in": "7", "result": "Groundout", "evo": "43.0", "la": "-54", "dist": "4"}, {"player": "scott schebler", "game": "cin @ stl", "gameIdx": 0, "hr/park": "", "pa": "57", "dt": "", "img": "https://www.mlbstatic.com/team-logos/113.svg", "team": "cin", "start": "", "in": "7", "result": "Double", "evo": "90.7", "la": "13", "dist": "188"}, {"player": "luke voit", "game": "cin @ stl", "gameIdx": 0, "hr/park": "", "pa": "56", "dt": "", "img": "https://www.mlbstatic.com/team-logos/138.svg", "team": "stl", "start": "", "in": "6", "result": "Groundout", "evo": "", "la": "", "dist": ""}, {"player": "yadier molina", "game": "cin @ stl", "gameIdx": 0, "hr/park": "", "pa": "55", "dt": "", "img": "https://www.mlbstatic.com/team-logos/138.svg", "team": "stl", "start": "", "in": "6", "result": "GIDP", "evo": "95.9", "la": "-1", "dist": "38"}, {"player": "jedd gyorko", "game": "cin @ stl", "gameIdx": 0, "hr/park": "", "pa": "54", "dt": "", "img": "https://www.mlbstatic.com/team-logos/138.svg", "team": "stl", "start": "", "in": "6", "result": "Single", "evo": "79.6", "la": "21", "dist": "240"}, {"player": "stephen piscotty", "game": "cin @ stl", "gameIdx": 0, "hr/park": "", "pa": "53", "dt": "", "img": "https://www.mlbstatic.com/team-logos/138.svg", "team": "stl", "start": "", "in": "6", "result": "Field Error", "evo": "", "la": "", "dist": ""}, {"player": "randal grichuk", "game": "cin @ stl", "gameIdx": 0, "hr/park": "", "pa": "52", "dt": "", "img": "https://www.mlbstatic.com/team-logos/138.svg", "team": "stl", "start": "", "in": "6", "result": "Single", "evo": "103.9", "la": "-7", "dist": "12"}, {"player": "tommy pham", "game": "cin @ stl", "gameIdx": 0, "hr/park": "", "pa": "51", "dt": "", "img": "https://www.mlbstatic.com/team-logos/138.svg", "team": "stl", "start": "", "in": "6", "result": "Single", "evo": "92.1", "la": "15", "dist": "242"}, {"player": "greg garcia", "game": "cin @ stl", "gameIdx": 0, "hr/park": "", "pa": "50", "dt": "", "img": "https://www.mlbstatic.com/team-logos/138.svg", "team": "stl", "start": "", "in": "6", "result": "Hit By Pitch", "evo": "", "la": "", "dist": ""}, {"player": "eugenio suarez", "game": "cin @ stl", "gameIdx": 0, "hr/park": "", "pa": "49", "dt": "", "img": "https://www.mlbstatic.com/team-logos/113.svg", "team": "cin", "start": "", "in": "6", "result": "Flyout", "evo": "93.1", "la": "54", "dist": "248"}, {"player": "adam duvall", "game": "cin @ stl", "gameIdx": 0, "hr/park": "", "pa": "48", "dt": "", "img": "https://www.mlbstatic.com/team-logos/113.svg", "team": "cin", "start": "", "in": "6", "result": "Single", "evo": "104.5", "la": "5", "dist": "102"}, {"player": "joey votto", "game": "cin @ stl", "gameIdx": 0, "hr/park": "", "pa": "47", "dt": "", "img": "https://www.mlbstatic.com/team-logos/113.svg", "team": "cin", "start": "", "in": "6", "result": "Walk", "evo": "", "la": "", "dist": ""}, {"player": "scooter gennett", "game": "cin @ stl", "gameIdx": 0, "hr/park": "0/30", "pa": "46", "dt": "", "img": "https://www.mlbstatic.com/team-logos/113.svg", "team": "cin", "start": "", "in": "6", "result": "Lineout", "evo": "91.2", "la": "23", "dist": "338"}, {"player": "jose peraza", "game": "cin @ stl", "gameIdx": 0, "hr/park": "", "pa": "45", "dt": "", "img": "https://www.mlbstatic.com/team-logos/113.svg", "team": "cin", "start": "", "in": "6", "result": "Groundout", "evo": "101.8", "la": "-1", "dist": "33"}, {"player": "aledmys diaz", "game": "cin @ stl", "gameIdx": 0, "hr/park": "", "pa": "44", "dt": "", "img": "https://www.mlbstatic.com/team-logos/138.svg", "team": "stl", "start": "", "in": "5", "result": "GIDP", "evo": "86.2", "la": "-13", "dist": "14"}, {"player": "paul dejong", "game": "cin @ stl", "gameIdx": 0, "hr/park": "", "pa": "43", "dt": "", "img": "https://www.mlbstatic.com/team-logos/138.svg", "team": "stl", "start": "", "in": "5", "result": "Single", "evo": "100.8", "la": "8", "dist": "138"}, {"player": "luke voit", "game": "cin @ stl", "gameIdx": 0, "hr/park": "0/30", "pa": "42", "dt": "", "img": "https://www.mlbstatic.com/team-logos/138.svg", "team": "stl", "start": "", "in": "5", "result": "Double", "evo": "97.1", "la": "23", "dist": "369"}, {"player": "yadier molina", "game": "cin @ stl", "gameIdx": 0, "hr/park": "", "pa": "41", "dt": "", "img": "https://www.mlbstatic.com/team-logos/138.svg", "team": "stl", "start": "", "in": "5", "result": "Strikeout", "evo": "", "la": "", "dist": ""}, {"player": "austin brice", "game": "cin @ stl", "gameIdx": 0, "hr/park": "", "pa": "40", "dt": "", "img": "https://www.mlbstatic.com/team-logos/113.svg", "team": "cin", "start": "", "in": "5", "result": "Strikeout", "evo": "", "la": "", "dist": ""}, {"player": "patrick kivlehan", "game": "cin @ stl", "gameIdx": 0, "hr/park": "", "pa": "39", "dt": "", "img": "https://www.mlbstatic.com/team-logos/113.svg", "team": "cin", "start": "", "in": "5", "result": "Groundout", "evo": "47.6", "la": "-15", "dist": "10"}, {"player": "devin mesoraco", "game": "cin @ stl", "gameIdx": 0, "hr/park": "", "pa": "38", "dt": "", "img": "https://www.mlbstatic.com/team-logos/113.svg", "team": "cin", "start": "", "in": "5", "result": "Groundout", "evo": "", "la": "", "dist": ""}, {"player": "jedd gyorko", "game": "cin @ stl", "gameIdx": 0, "hr/park": "", "pa": "37", "dt": "", "img": "https://www.mlbstatic.com/team-logos/138.svg", "team": "stl", "start": "", "in": "4", "result": "Strikeout", "evo": "", "la": "", "dist": ""}, {"player": "stephen piscotty", "game": "cin @ stl", "gameIdx": 0, "hr/park": "", "pa": "36", "dt": "", "img": "https://www.mlbstatic.com/team-logos/138.svg", "team": "stl", "start": "", "in": "4", "result": "Single", "evo": "75.7", "la": "21", "dist": "211"}, {"player": "randal grichuk", "game": "cin @ stl", "gameIdx": 0, "hr/park": "18/30", "pa": "35", "dt": "", "img": "https://www.mlbstatic.com/team-logos/138.svg", "team": "stl", "start": "", "in": "4", "result": "Home Run", "evo": "101.6", "la": "30", "dist": "408"}, {"player": "tommy pham", "game": "cin @ stl", "gameIdx": 0, "hr/park": "", "pa": "34", "dt": "", "img": "https://www.mlbstatic.com/team-logos/138.svg", "team": "stl", "start": "", "in": "4", "result": "Single", "evo": "86.4", "la": "18", "dist": "271"}, {"player": "michael wacha", "game": "cin @ stl", "gameIdx": 0, "hr/park": "", "pa": "33", "dt": "", "img": "https://www.mlbstatic.com/team-logos/138.svg", "team": "stl", "start": "", "in": "4", "result": "Sac Bunt", "evo": "", "la": "", "dist": ""}, {"player": "aledmys diaz", "game": "cin @ stl", "gameIdx": 0, "hr/park": "", "pa": "32", "dt": "", "img": "https://www.mlbstatic.com/team-logos/138.svg", "team": "stl", "start": "", "in": "4", "result": "Strikeout", "evo": "", "la": "", "dist": ""}, {"player": "paul dejong", "game": "cin @ stl", "gameIdx": 0, "hr/park": "", "pa": "31", "dt": "", "img": "https://www.mlbstatic.com/team-logos/138.svg", "team": "stl", "start": "", "in": "4", "result": "Single", "evo": "69.2", "la": "13", "dist": "110"}, {"player": "scott schebler", "game": "cin @ stl", "gameIdx": 0, "hr/park": "", "pa": "30", "dt": "", "img": "https://www.mlbstatic.com/team-logos/113.svg", "team": "cin", "start": "", "in": "4", "result": "Strikeout", "evo": "", "la": "", "dist": ""}, {"player": "eugenio suarez", "game": "cin @ stl", "gameIdx": 0, "hr/park": "", "pa": "29", "dt": "", "img": "https://www.mlbstatic.com/team-logos/113.svg", "team": "cin", "start": "", "in": "4", "result": "Strikeout", "evo": "", "la": "", "dist": ""}, {"player": "adam duvall", "game": "cin @ stl", "gameIdx": 0, "hr/park": "0/30", "pa": "28", "dt": "", "img": "https://www.mlbstatic.com/team-logos/113.svg", "team": "cin", "start": "", "in": "4", "result": "Sac Fly", "evo": "86.7", "la": "34", "dist": "300"}, {"player": "joey votto", "game": "cin @ stl", "gameIdx": 0, "hr/park": "", "pa": "27", "dt": "", "img": "https://www.mlbstatic.com/team-logos/113.svg", "team": "cin", "start": "", "in": "4", "result": "Single", "evo": "100.9", "la": "6", "dist": "93"}, {"player": "scooter gennett", "game": "cin @ stl", "gameIdx": 0, "hr/park": "", "pa": "26", "dt": "", "img": "https://www.mlbstatic.com/team-logos/113.svg", "team": "cin", "start": "", "in": "4", "result": "Single", "evo": "98.3", "la": "", "dist": "52"}, {"player": "luke voit", "game": "cin @ stl", "gameIdx": 0, "hr/park": "", "pa": "25", "dt": "", "img": "https://www.mlbstatic.com/team-logos/138.svg", "team": "stl", "start": "", "in": "3", "result": "GIDP", "evo": "77.5", "la": "-14", "dist": "9"}, {"player": "yadier molina", "game": "cin @ stl", "gameIdx": 0, "hr/park": "", "pa": "24", "dt": "", "img": "https://www.mlbstatic.com/team-logos/138.svg", "team": "stl", "start": "", "in": "3", "result": "Single", "evo": "94.1", "la": "11", "dist": "151"}, {"player": "jedd gyorko", "game": "cin @ stl", "gameIdx": 0, "hr/park": "", "pa": "23", "dt": "", "img": "https://www.mlbstatic.com/team-logos/138.svg", "team": "stl", "start": "", "in": "3", "result": "Walk", "evo": "", "la": "", "dist": ""}, {"player": "stephen piscotty", "game": "cin @ stl", "gameIdx": 0, "hr/park": "", "pa": "22", "dt": "", "img": "https://www.mlbstatic.com/team-logos/138.svg", "team": "stl", "start": "", "in": "3", "result": "Strikeout", "evo": "", "la": "", "dist": ""}, {"player": "jose peraza", "game": "cin @ stl", "gameIdx": 0, "hr/park": "", "pa": "21", "dt": "", "img": "https://www.mlbstatic.com/team-logos/113.svg", "team": "cin", "start": "", "in": "3", "result": "Groundout", "evo": "102.9", "la": "-7", "dist": "19"}, {"player": "brandon finnegan", "game": "cin @ stl", "gameIdx": 0, "hr/park": "", "pa": "20", "dt": "", "img": "https://www.mlbstatic.com/team-logos/113.svg", "team": "cin", "start": "", "in": "3", "result": "Groundout", "evo": "89.2", "la": "-5", "dist": "18"}, {"player": "patrick kivlehan", "game": "cin @ stl", "gameIdx": 0, "hr/park": "", "pa": "19", "dt": "", "img": "https://www.mlbstatic.com/team-logos/113.svg", "team": "cin", "start": "", "in": "3", "result": "Strikeout", "evo": "", "la": "", "dist": ""}, {"player": "randal grichuk", "game": "cin @ stl", "gameIdx": 0, "hr/park": "0/30", "pa": "18", "dt": "", "img": "https://www.mlbstatic.com/team-logos/138.svg", "team": "stl", "start": "", "in": "2", "result": "Lineout", "evo": "101.5", "la": "16", "dist": "348"}, {"player": "tommy pham", "game": "cin @ stl", "gameIdx": 0, "hr/park": "", "pa": "17", "dt": "", "img": "https://www.mlbstatic.com/team-logos/138.svg", "team": "stl", "start": "", "in": "2", "result": "Walk", "evo": "", "la": "", "dist": ""}, {"player": "michael wacha", "game": "cin @ stl", "gameIdx": 0, "hr/park": "", "pa": "16", "dt": "", "img": "https://www.mlbstatic.com/team-logos/138.svg", "team": "stl", "start": "", "in": "2", "result": "Fielders Choice Out", "evo": "60.5", "la": "-13", "dist": "11"}, {"player": "aledmys diaz", "game": "cin @ stl", "gameIdx": 0, "hr/park": "", "pa": "15", "dt": "", "img": "https://www.mlbstatic.com/team-logos/138.svg", "team": "stl", "start": "", "in": "2", "result": "Groundout", "evo": "", "la": "", "dist": ""}, {"player": "paul dejong", "game": "cin @ stl", "gameIdx": 0, "hr/park": "0/30", "pa": "14", "dt": "", "img": "https://www.mlbstatic.com/team-logos/138.svg", "team": "stl", "start": "", "in": "2", "result": "Double", "evo": "103.3", "la": "19", "dist": "316"}, {"player": "devin mesoraco", "game": "cin @ stl", "gameIdx": 0, "hr/park": "", "pa": "13", "dt": "", "img": "https://www.mlbstatic.com/team-logos/113.svg", "team": "cin", "start": "", "in": "2", "result": "GIDP", "evo": "74.4", "la": "6", "dist": "71"}, {"player": "scott schebler", "game": "cin @ stl", "gameIdx": 0, "hr/park": "", "pa": "12", "dt": "", "img": "https://www.mlbstatic.com/team-logos/113.svg", "team": "cin", "start": "", "in": "2", "result": "Single", "evo": "109.5", "la": "3", "dist": "76"}, {"player": "eugenio suarez", "game": "cin @ stl", "gameIdx": 0, "hr/park": "1/30", "pa": "11", "dt": "", "img": "https://www.mlbstatic.com/team-logos/113.svg", "team": "cin", "start": "", "in": "2", "result": "Flyout", "evo": "94.7", "la": "27", "dist": "341"}, {"player": "adam duvall", "game": "cin @ stl", "gameIdx": 0, "hr/park": "", "pa": "10", "dt": "", "img": "https://www.mlbstatic.com/team-logos/113.svg", "team": "cin", "start": "", "in": "2", "result": "Field Error", "evo": "89.0", "la": "2", "dist": "62"}, {"player": "luke voit", "game": "cin @ stl", "gameIdx": 0, "hr/park": "", "pa": "9", "dt": "", "img": "https://www.mlbstatic.com/team-logos/138.svg", "team": "stl", "start": "", "in": "1", "result": "Strikeout", "evo": "", "la": "", "dist": ""}, {"player": "yadier molina", "game": "cin @ stl", "gameIdx": 0, "hr/park": "", "pa": "8", "dt": "", "img": "https://www.mlbstatic.com/team-logos/138.svg", "team": "stl", "start": "", "in": "1", "result": "Groundout", "evo": "68.7", "la": "-27", "dist": "6"}, {"player": "jedd gyorko", "game": "cin @ stl", "gameIdx": 0, "hr/park": "30/30", "pa": "7", "dt": "", "img": "https://www.mlbstatic.com/team-logos/138.svg", "team": "stl", "start": "", "in": "1", "result": "Home Run", "evo": "104.0", "la": "30", "dist": "413"}, {"player": "stephen piscotty", "game": "cin @ stl", "gameIdx": 0, "hr/park": "", "pa": "6", "dt": "", "img": "https://www.mlbstatic.com/team-logos/138.svg", "team": "stl", "start": "", "in": "1", "result": "Walk", "evo": "", "la": "", "dist": ""}, {"player": "randal grichuk", "game": "cin @ stl", "gameIdx": 0, "hr/park": "", "pa": "5", "dt": "", "img": "https://www.mlbstatic.com/team-logos/138.svg", "team": "stl", "start": "", "in": "1", "result": "Flyout", "evo": "", "la": "", "dist": ""}, {"player": "tommy pham", "game": "cin @ stl", "gameIdx": 0, "hr/park": "", "pa": "4", "dt": "", "img": "https://www.mlbstatic.com/team-logos/138.svg", "team": "stl", "start": "", "in": "1", "result": "Walk", "evo": "", "la": "", "dist": ""}, {"player": "joey votto", "game": "cin @ stl", "gameIdx": 0, "hr/park": "0/30", "pa": "3", "dt": "", "img": "https://www.mlbstatic.com/team-logos/113.svg", "team": "cin", "start": "", "in": "1", "result": "Flyout", "evo": "98.9", "la": "41", "dist": "346"}, {"player": "scooter gennett", "game": "cin @ stl", "gameIdx": 0, "hr/park": "", "pa": "2", "dt": "", "img": "https://www.mlbstatic.com/team-logos/113.svg", "team": "cin", "start": "", "in": "1", "result": "Strikeout", "evo": "", "la": "", "dist": ""}, {"player": "jose peraza", "game": "cin @ stl", "gameIdx": 0, "hr/park": "", "pa": "1", "dt": "", "img": "https://www.mlbstatic.com/team-logos/113.svg", "team": "cin", "start": "", "in": "1", "result": "Single", "evo": "78.4", "la": "21", "dist": "261"}], "chc @ wsh": [], "tex @ cle": [], "min @ bos": [], "nyy @ chw": [], "col @ sf": [], "laa @ lad": []}