{"all": {"pitchers": "8", "batters": "19", "pitches": "280", "max velomax pitch velocity": "96.2", "min velomin pitch velocity": "66.7", "ff%fourseam fastball %": "46.1", "si%sinker %": "17.5", "fc%cutter %": "0.0", "fs%splitter %": "5.0", "ch%changeup %": "3.6", "sl%slider %": "21.1", "cu%curve %": "3.6", "max evmax exit velocity": "109.7", "hhhard hit": "20", "hh%hard hit %": "37.0", "brlbarrels": "4", "brl%barrel %": "7.4", "ab": "66", "avg": ".303", "h": "20", "1b": "13", "2b": "6", "3b": "0", "hr": "1", "so": "13", "bipballs in play": "54", "liveGames": 0, "totGames": 15}, "chc @ atl": [], "phi @ mia": [], "nyy @ min": [], "sea @ hou": [], "sd @ col": [], "tb @ ath": [{"player": "shane peterson", "game": "tb @ ath", "gameIdx": 0, "hr/park": "", "pa": "75", "dt": "", "img": "https://www.mlbstatic.com/team-logos/139.svg", "team": "tb", "start": "", "in": "9", "result": "Strikeout", "evo": "", "la": "", "dist": ""}, {"player": "trevor plouffe", "game": "tb @ ath", "gameIdx": 0, "hr/park": "", "pa": "74", "dt": "", "img": "https://www.mlbstatic.com/team-logos/139.svg", "team": "tb", "start": "", "in": "9", "result": "Strikeout", "evo": "", "la": "", "dist": ""}, {"player": "mallex smith", "game": "tb @ ath", "gameIdx": 0, "hr/park": "", "pa": "73", "dt": "", "img": "https://www.mlbstatic.com/team-logos/139.svg", "team": "tb", "start": "", "in": "9", "result": "Groundout", "evo": "67.4", "la": "-13", "dist": "11"}, {"player": "marcus semien", "game": "tb @ ath", "gameIdx": 0, "hr/park": "0/30", "pa": "72", "dt": "", "img": "https://www.mlbstatic.com/team-logos/133.svg", "team": "ath", "start": "", "in": "8", "result": "Lineout", "evo": "84.5", "la": "27", "dist": "326"}, {"player": "matt joyce", "game": "tb @ ath", "gameIdx": 0, "hr/park": "30/30", "pa": "71", "dt": "", "img": "https://www.mlbstatic.com/team-logos/133.svg", "team": "ath", "start": "", "in": "8", "result": "Home Run", "evo": "106.3", "la": "33", "dist": "405"}, {"player": "rajai davis", "game": "tb @ ath", "gameIdx": 0, "hr/park": "", "pa": "70", "dt": "", "img": "https://www.mlbstatic.com/team-logos/133.svg", "team": "ath", "start": "", "in": "8", "result": "Strikeout", "evo": "", "la": "", "dist": ""}, {"player": "jaycob brugman", "game": "tb @ ath", "gameIdx": 0, "hr/park": "", "pa": "69", "dt": "", "img": "https://www.mlbstatic.com/team-logos/133.svg", "team": "ath", "start": "", "in": "8", "result": "Lineout", "evo": "102.1", "la": "17", "dist": "278"}, {"player": "tim beckham", "game": "tb @ ath", "gameIdx": 0, "hr/park": "", "pa": "68", "dt": "", "img": "https://www.mlbstatic.com/team-logos/139.svg", "team": "tb", "start": "", "in": "8", "result": "Flyout", "evo": "84.9", "la": "55", "dist": "220"}, {"player": "brad miller", "game": "tb @ ath", "gameIdx": 0, "hr/park": "", "pa": "67", "dt": "", "img": "https://www.mlbstatic.com/team-logos/139.svg", "team": "tb", "start": "", "in": "8", "result": "Strikeout", "evo": "", "la": "", "dist": ""}, {"player": "wilson ramos", "game": "tb @ ath", "gameIdx": 0, "hr/park": "0/30", "pa": "66", "dt": "", "img": "https://www.mlbstatic.com/team-logos/139.svg", "team": "tb", "start": "", "in": "8", "result": "Lineout", "evo": "100.0", "la": "19", "dist": "324"}, {"player": "logan morrison", "game": "tb @ ath", "gameIdx": 0, "hr/park": "", "pa": "65", "dt": "", "img": "https://www.mlbstatic.com/team-logos/139.svg", "team": "tb", "start": "", "in": "8", "result": "Double", "evo": "103.5", "la": "15", "dist": "257"}, {"player": "matt chapman", "game": "tb @ ath", "gameIdx": 0, "hr/park": "", "pa": "64", "dt": "", "img": "https://www.mlbstatic.com/team-logos/133.svg", "team": "ath", "start": "", "in": "7", "result": "Groundout", "evo": "73.0", "la": "-21", "dist": "8"}, {"player": "bruce maxwell", "game": "tb @ ath", "gameIdx": 0, "hr/park": "", "pa": "63", "dt": "", "img": "https://www.mlbstatic.com/team-logos/133.svg", "team": "ath", "start": "", "in": "7", "result": "Groundout", "evo": "73.8", "la": "-28", "dist": "7"}, {"player": "jed lowrie", "game": "tb @ ath", "gameIdx": 0, "hr/park": "", "pa": "62", "dt": "", "img": "https://www.mlbstatic.com/team-logos/133.svg", "team": "ath", "start": "", "in": "7", "result": "Single", "evo": "89.1", "la": "13", "dist": "164"}, {"player": "khris davis", "game": "tb @ ath", "gameIdx": 0, "hr/park": "", "pa": "61", "dt": "", "img": "https://www.mlbstatic.com/team-logos/133.svg", "team": "ath", "start": "", "in": "7", "result": "Pop Out", "evo": "", "la": "", "dist": ""}, {"player": "yonder alonso", "game": "tb @ ath", "gameIdx": 0, "hr/park": "", "pa": "60", "dt": "", "img": "https://www.mlbstatic.com/team-logos/133.svg", "team": "ath", "start": "", "in": "7", "result": "Hit By Pitch", "evo": "", "la": "", "dist": ""}, {"player": "marcus semien", "game": "tb @ ath", "gameIdx": 0, "hr/park": "", "pa": "59", "dt": "", "img": "https://www.mlbstatic.com/team-logos/133.svg", "team": "ath", "start": "", "in": "7", "result": "Walk", "evo": "", "la": "", "dist": ""}, {"player": "evan longoria", "game": "tb @ ath", "gameIdx": 0, "hr/park": "", "pa": "58", "dt": "", "img": "https://www.mlbstatic.com/team-logos/139.svg", "team": "tb", "start": "", "in": "7", "result": "GIDP", "evo": "88.2", "la": "-30", "dist": "4"}, {"player": "corey dickerson", "game": "tb @ ath", "gameIdx": 0, "hr/park": "", "pa": "57", "dt": "", "img": "https://www.mlbstatic.com/team-logos/139.svg", "team": "tb", "start": "", "in": "7", "result": "Single", "evo": "93.7", "la": "12", "dist": "174"}, {"player": "shane peterson", "game": "tb @ ath", "gameIdx": 0, "hr/park": "", "pa": "56", "dt": "", "img": "https://www.mlbstatic.com/team-logos/139.svg", "team": "tb", "start": "", "in": "7", "result": "Strikeout", "evo": "", "la": "", "dist": ""}, {"player": "trevor plouffe", "game": "tb @ ath", "gameIdx": 0, "hr/park": "", "pa": "55", "dt": "", "img": "https://www.mlbstatic.com/team-logos/139.svg", "team": "tb", "start": "", "in": "7", "result": "Field Error", "evo": "98.1", "la": "-15", "dist": "10"}, {"player": "matt joyce", "game": "tb @ ath", "gameIdx": 0, "hr/park": "0/30", "pa": "54", "dt": "", "img": "https://www.mlbstatic.com/team-logos/133.svg", "team": "ath", "start": "", "in": "6", "result": "Lineout", "evo": "106.1", "la": "16", "dist": "347"}, {"player": "rajai davis", "game": "tb @ ath", "gameIdx": 0, "hr/park": "", "pa": "53", "dt": "", "img": "https://www.mlbstatic.com/team-logos/133.svg", "team": "ath", "start": "", "in": "6", "result": "Fielders Choice Out", "evo": "95.8", "la": "-18", "dist": "9"}, {"player": "jaycob brugman", "game": "tb @ ath", "gameIdx": 0, "hr/park": "", "pa": "52", "dt": "", "img": "https://www.mlbstatic.com/team-logos/133.svg", "team": "ath", "start": "", "in": "6", "result": "Single", "evo": "", "la": "", "dist": ""}, {"player": "matt chapman", "game": "tb @ ath", "gameIdx": 0, "hr/park": "", "pa": "51", "dt": "", "img": "https://www.mlbstatic.com/team-logos/133.svg", "team": "ath", "start": "", "in": "6", "result": "Single", "evo": "100.7", "la": "8", "dist": "179"}, {"player": "bruce maxwell", "game": "tb @ ath", "gameIdx": 0, "hr/park": "", "pa": "50", "dt": "", "img": "https://www.mlbstatic.com/team-logos/133.svg", "team": "ath", "start": "", "in": "6", "result": "Pop Out", "evo": "66.1", "la": "54", "dist": "173"}, {"player": "jed lowrie", "game": "tb @ ath", "gameIdx": 0, "hr/park": "", "pa": "49", "dt": "", "img": "https://www.mlbstatic.com/team-logos/133.svg", "team": "ath", "start": "", "in": "6", "result": "Double", "evo": "88.9", "la": "16", "dist": "212"}, {"player": "mallex smith", "game": "tb @ ath", "gameIdx": 0, "hr/park": "", "pa": "48", "dt": "", "img": "https://www.mlbstatic.com/team-logos/139.svg", "team": "tb", "start": "", "in": "6", "result": "Strikeout", "evo": "", "la": "", "dist": ""}, {"player": "tim beckham", "game": "tb @ ath", "gameIdx": 0, "hr/park": "", "pa": "47", "dt": "", "img": "https://www.mlbstatic.com/team-logos/139.svg", "team": "tb", "start": "", "in": "6", "result": "Field Error", "evo": "95.3", "la": "", "dist": "44"}, {"player": "brad miller", "game": "tb @ ath", "gameIdx": 0, "hr/park": "", "pa": "46", "dt": "", "img": "https://www.mlbstatic.com/team-logos/139.svg", "team": "tb", "start": "", "in": "6", "result": "Double", "evo": "107.6", "la": "3", "dist": "112"}, {"player": "wilson ramos", "game": "tb @ ath", "gameIdx": 0, "hr/park": "", "pa": "45", "dt": "", "img": "https://www.mlbstatic.com/team-logos/139.svg", "team": "tb", "start": "", "in": "6", "result": "Groundout", "evo": "67.7", "la": "-52", "dist": "3"}, {"player": "logan morrison", "game": "tb @ ath", "gameIdx": 0, "hr/park": "", "pa": "44", "dt": "", "img": "https://www.mlbstatic.com/team-logos/139.svg", "team": "tb", "start": "", "in": "6", "result": "Flyout", "evo": "81.5", "la": "33", "dist": "298"}, {"player": "khris davis", "game": "tb @ ath", "gameIdx": 0, "hr/park": "", "pa": "43", "dt": "", "img": "https://www.mlbstatic.com/team-logos/133.svg", "team": "ath", "start": "", "in": "5", "result": "Strikeout", "evo": "", "la": "", "dist": ""}, {"player": "yonder alonso", "game": "tb @ ath", "gameIdx": 0, "hr/park": "", "pa": "42", "dt": "", "img": "https://www.mlbstatic.com/team-logos/133.svg", "team": "ath", "start": "", "in": "5", "result": "Single", "evo": "83.7", "la": "21", "dist": "266"}, {"player": "marcus semien", "game": "tb @ ath", "gameIdx": 0, "hr/park": "", "pa": "41", "dt": "", "img": "https://www.mlbstatic.com/team-logos/133.svg", "team": "ath", "start": "", "in": "5", "result": "Single", "evo": "95.3", "la": "8", "dist": "140"}, {"player": "matt joyce", "game": "tb @ ath", "gameIdx": 0, "hr/park": "", "pa": "40", "dt": "", "img": "https://www.mlbstatic.com/team-logos/133.svg", "team": "ath", "start": "", "in": "5", "result": "Sac Fly", "evo": "96.5", "la": "52", "dist": "277"}, {"player": "rajai davis", "game": "tb @ ath", "gameIdx": 0, "hr/park": "1/30", "pa": "39", "dt": "", "img": "https://www.mlbstatic.com/team-logos/133.svg", "team": "ath", "start": "", "in": "5", "result": "Double", "evo": "89.2", "la": "31", "dist": "317"}, {"player": "jaycob brugman", "game": "tb @ ath", "gameIdx": 0, "hr/park": "", "pa": "38", "dt": "", "img": "https://www.mlbstatic.com/team-logos/133.svg", "team": "ath", "start": "", "in": "5", "result": "Walk", "evo": "", "la": "", "dist": ""}, {"player": "matt chapman", "game": "tb @ ath", "gameIdx": 0, "hr/park": "", "pa": "37", "dt": "", "img": "https://www.mlbstatic.com/team-logos/133.svg", "team": "ath", "start": "", "in": "5", "result": "Strikeout", "evo": "", "la": "", "dist": ""}, {"player": "bruce maxwell", "game": "tb @ ath", "gameIdx": 0, "hr/park": "", "pa": "36", "dt": "", "img": "https://www.mlbstatic.com/team-logos/133.svg", "team": "ath", "start": "", "in": "5", "result": "Walk", "evo": "", "la": "", "dist": ""}, {"player": "evan longoria", "game": "tb @ ath", "gameIdx": 0, "hr/park": "", "pa": "35", "dt": "", "img": "https://www.mlbstatic.com/team-logos/139.svg", "team": "tb", "start": "", "in": "5", "result": "Pop Out", "evo": "85.0", "la": "57", "dist": "192"}, {"player": "corey dickerson", "game": "tb @ ath", "gameIdx": 0, "hr/park": "", "pa": "34", "dt": "", "img": "https://www.mlbstatic.com/team-logos/139.svg", "team": "tb", "start": "", "in": "5", "result": "Single", "evo": "64.1", "la": "22", "dist": "169"}, {"player": "shane peterson", "game": "tb @ ath", "gameIdx": 0, "hr/park": "", "pa": "33", "dt": "", "img": "https://www.mlbstatic.com/team-logos/139.svg", "team": "tb", "start": "", "in": "5", "result": "Strikeout", "evo": "", "la": "", "dist": ""}, {"player": "trevor plouffe", "game": "tb @ ath", "gameIdx": 0, "hr/park": "", "pa": "32", "dt": "", "img": "https://www.mlbstatic.com/team-logos/139.svg", "team": "tb", "start": "", "in": "5", "result": "Walk", "evo": "", "la": "", "dist": ""}, {"player": "mallex smith", "game": "tb @ ath", "gameIdx": 0, "hr/park": "", "pa": "31", "dt": "", "img": "https://www.mlbstatic.com/team-logos/139.svg", "team": "tb", "start": "", "in": "5", "result": "Groundout", "evo": "76.2", "la": "-29", "dist": "5"}, {"player": "jed lowrie", "game": "tb @ ath", "gameIdx": 0, "hr/park": "", "pa": "30", "dt": "", "img": "https://www.mlbstatic.com/team-logos/133.svg", "team": "ath", "start": "", "in": "4", "result": "Groundout", "evo": "83.7", "la": "4", "dist": "67"}, {"player": "khris davis", "game": "tb @ ath", "gameIdx": 0, "hr/park": "", "pa": "29", "dt": "", "img": "https://www.mlbstatic.com/team-logos/133.svg", "team": "ath", "start": "", "in": "4", "result": "GIDP", "evo": "92.8", "la": "-17", "dist": "7"}, {"player": "yonder alonso", "game": "tb @ ath", "gameIdx": 0, "hr/park": "", "pa": "28", "dt": "", "img": "https://www.mlbstatic.com/team-logos/133.svg", "team": "ath", "start": "", "in": "4", "result": "Walk", "evo": "", "la": "", "dist": ""}, {"player": "tim beckham", "game": "tb @ ath", "gameIdx": 0, "hr/park": "", "pa": "27", "dt": "", "img": "https://www.mlbstatic.com/team-logos/139.svg", "team": "tb", "start": "", "in": "4", "result": "GIDP", "evo": "104.5", "la": "2", "dist": "68"}, {"player": "brad miller", "game": "tb @ ath", "gameIdx": 0, "hr/park": "", "pa": "26", "dt": "", "img": "https://www.mlbstatic.com/team-logos/139.svg", "team": "tb", "start": "", "in": "4", "result": "Forceout", "evo": "97.4", "la": "-11", "dist": "12"}, {"player": "wilson ramos", "game": "tb @ ath", "gameIdx": 0, "hr/park": "0/30", "pa": "25", "dt": "", "img": "https://www.mlbstatic.com/team-logos/139.svg", "team": "tb", "start": "", "in": "4", "result": "Single", "evo": "101.0", "la": "23", "dist": "388"}, {"player": "logan morrison", "game": "tb @ ath", "gameIdx": 0, "hr/park": "", "pa": "24", "dt": "", "img": "https://www.mlbstatic.com/team-logos/139.svg", "team": "tb", "start": "", "in": "4", "result": "Single", "evo": "109.3", "la": "16", "dist": "279"}, {"player": "evan longoria", "game": "tb @ ath", "gameIdx": 0, "hr/park": "", "pa": "23", "dt": "", "img": "https://www.mlbstatic.com/team-logos/139.svg", "team": "tb", "start": "", "in": "4", "result": "Single", "evo": "45.9", "la": "-39", "dist": "3"}, {"player": "marcus semien", "game": "tb @ ath", "gameIdx": 0, "hr/park": "", "pa": "22", "dt": "", "img": "https://www.mlbstatic.com/team-logos/133.svg", "team": "ath", "start": "", "in": "3", "result": "Strikeout", "evo": "", "la": "", "dist": ""}, {"player": "matt joyce", "game": "tb @ ath", "gameIdx": 0, "hr/park": "0/30", "pa": "21", "dt": "", "img": "https://www.mlbstatic.com/team-logos/133.svg", "team": "ath", "start": "", "in": "3", "result": "Flyout", "evo": "87.8", "la": "34", "dist": "303"}, {"player": "rajai davis", "game": "tb @ ath", "gameIdx": 0, "hr/park": "", "pa": "20", "dt": "", "img": "https://www.mlbstatic.com/team-logos/133.svg", "team": "ath", "start": "", "in": "3", "result": "Single", "evo": "36.1", "la": "-52", "dist": "3"}, {"player": "corey dickerson", "game": "tb @ ath", "gameIdx": 0, "hr/park": "", "pa": "19", "dt": "", "img": "https://www.mlbstatic.com/team-logos/139.svg", "team": "tb", "start": "", "in": "3", "result": "Strikeout", "evo": "", "la": "", "dist": ""}, {"player": "shane peterson", "game": "tb @ ath", "gameIdx": 0, "hr/park": "", "pa": "18", "dt": "", "img": "https://www.mlbstatic.com/team-logos/139.svg", "team": "tb", "start": "", "in": "3", "result": "Strikeout", "evo": "", "la": "", "dist": ""}, {"player": "trevor plouffe", "game": "tb @ ath", "gameIdx": 0, "hr/park": "0/30", "pa": "17", "dt": "", "img": "https://www.mlbstatic.com/team-logos/139.svg", "team": "tb", "start": "", "in": "3", "result": "Lineout", "evo": "95.9", "la": "18", "dist": "318"}, {"player": "jaycob brugman", "game": "tb @ ath", "gameIdx": 0, "hr/park": "", "pa": "16", "dt": "", "img": "https://www.mlbstatic.com/team-logos/133.svg", "team": "ath", "start": "", "in": "2", "result": "Strikeout", "evo": "", "la": "", "dist": ""}, {"player": "matt chapman", "game": "tb @ ath", "gameIdx": 0, "hr/park": "", "pa": "15", "dt": "", "img": "https://www.mlbstatic.com/team-logos/133.svg", "team": "ath", "start": "", "in": "2", "result": "Pop Out", "evo": "", "la": "", "dist": ""}, {"player": "bruce maxwell", "game": "tb @ ath", "gameIdx": 0, "hr/park": "", "pa": "14", "dt": "", "img": "https://www.mlbstatic.com/team-logos/133.svg", "team": "ath", "start": "", "in": "2", "result": "Walk", "evo": "", "la": "", "dist": ""}, {"player": "jed lowrie", "game": "tb @ ath", "gameIdx": 0, "hr/park": "", "pa": "13", "dt": "", "img": "https://www.mlbstatic.com/team-logos/133.svg", "team": "ath", "start": "", "in": "2", "result": "Pop Out", "evo": "82.3", "la": "61", "dist": "179"}, {"player": "mallex smith", "game": "tb @ ath", "gameIdx": 0, "hr/park": "", "pa": "12", "dt": "", "img": "https://www.mlbstatic.com/team-logos/139.svg", "team": "tb", "start": "", "in": "2", "result": "Groundout", "evo": "60.7", "la": "-23", "dist": "8"}, {"player": "tim beckham", "game": "tb @ ath", "gameIdx": 0, "hr/park": "", "pa": "11", "dt": "", "img": "https://www.mlbstatic.com/team-logos/139.svg", "team": "tb", "start": "", "in": "2", "result": "Groundout", "evo": "", "la": "", "dist": ""}, {"player": "brad miller", "game": "tb @ ath", "gameIdx": 0, "hr/park": "", "pa": "10", "dt": "", "img": "https://www.mlbstatic.com/team-logos/139.svg", "team": "tb", "start": "", "in": "2", "result": "Single", "evo": "80.5", "la": "3", "dist": "58"}, {"player": "wilson ramos", "game": "tb @ ath", "gameIdx": 0, "hr/park": "", "pa": "9", "dt": "", "img": "https://www.mlbstatic.com/team-logos/139.svg", "team": "tb", "start": "", "in": "2", "result": "Groundout", "evo": "74.7", "la": "-19", "dist": "8"}, {"player": "khris davis", "game": "tb @ ath", "gameIdx": 0, "hr/park": "", "pa": "8", "dt": "", "img": "https://www.mlbstatic.com/team-logos/133.svg", "team": "ath", "start": "", "in": "1", "result": "Double", "evo": "109.7", "la": "15", "dist": "296"}, {"player": "yonder alonso", "game": "tb @ ath", "gameIdx": 0, "hr/park": "", "pa": "7", "dt": "", "img": "https://www.mlbstatic.com/team-logos/133.svg", "team": "ath", "start": "", "in": "1", "result": "Single", "evo": "97.4", "la": "-5", "dist": "23"}, {"player": "marcus semien", "game": "tb @ ath", "gameIdx": 0, "hr/park": "", "pa": "6", "dt": "", "img": "https://www.mlbstatic.com/team-logos/133.svg", "team": "ath", "start": "", "in": "1", "result": "Pop Out", "evo": "83.3", "la": "79", "dist": "117"}, {"player": "matt joyce", "game": "tb @ ath", "gameIdx": 0, "hr/park": "", "pa": "5", "dt": "", "img": "https://www.mlbstatic.com/team-logos/133.svg", "team": "ath", "start": "", "in": "1", "result": "Groundout", "evo": "61.3", "la": "13", "dist": "101"}, {"player": "logan morrison", "game": "tb @ ath", "gameIdx": 0, "hr/park": "0/30", "pa": "4", "dt": "", "img": "https://www.mlbstatic.com/team-logos/139.svg", "team": "tb", "start": "", "in": "1", "result": "Lineout", "evo": "91.7", "la": "23", "dist": "334"}, {"player": "evan longoria", "game": "tb @ ath", "gameIdx": 0, "hr/park": "", "pa": "3", "dt": "", "img": "https://www.mlbstatic.com/team-logos/139.svg", "team": "tb", "start": "", "in": "1", "result": "Double", "evo": "101.5", "la": "12", "dist": "271"}, {"player": "corey dickerson", "game": "tb @ ath", "gameIdx": 0, "hr/park": "", "pa": "2", "dt": "", "img": "https://www.mlbstatic.com/team-logos/139.svg", "team": "tb", "start": "", "in": "1", "result": "Strikeout Double Play", "evo": "", "la": "", "dist": ""}, {"player": "steven souza", "game": "tb @ ath", "gameIdx": 0, "hr/park": "", "pa": "1", "dt": "", "img": "https://www.mlbstatic.com/team-logos/139.svg", "team": "tb", "start": "", "in": "1", "result": "Walk", "evo": "", "la": "", "dist": ""}], "cle @ sf": [], "tex @ bal": [], "mil @ pit": [], "ari @ cin": [], "stl @ nym": [], "tor @ bos": [], "lad @ chw": [], "det @ kc": [], "wsh @ laa": []}