{"all": {"pitchers": "8", "batters": "21", "pitches": "293", "max velomax pitch velocity": "98.1", "min velomin pitch velocity": "72.1", "ff%fourseam fastball %": "40.3", "si%sinker %": "6.5", "fc%cutter %": "7.2", "fs%splitter %": "3.1", "ch%changeup %": "2.7", "sl%slider %": "2.0", "cu%curve %": "9.6", "max evmax exit velocity": "104.2", "hhhard hit": "18", "hh%hard hit %": "32.1", "brlbarrels": "3", "brl%barrel %": "5.4", "ab": "69", "avg": ".275", "h": "19", "1b": "13", "2b": "4", "3b": "0", "hr": "2", "so": "14", "bipballs in play": "56", "liveGames": 0, "totGames": 15}, "chc @ bal": [], "stl @ pit": [], "wsh @ cin": [], "col @ nym": [], "tor @ det": [], "lad @ mia": [], "nyy @ bos": [], "ari @ atl": [{"player": "paul goldschmidt", "game": "ari @ atl", "gameIdx": 0, "hr/park": "", "pa": "73", "dt": "", "img": "https://www.mlbstatic.com/team-logos/109.svg", "team": "ari", "start": "", "in": "9", "result": "Strikeout", "evo": "", "la": "", "dist": ""}, {"player": "david peralta", "game": "ari @ atl", "gameIdx": 0, "hr/park": "", "pa": "72", "dt": "", "img": "https://www.mlbstatic.com/team-logos/109.svg", "team": "ari", "start": "", "in": "9", "result": "Pop Out", "evo": "56.9", "la": "48", "dist": "157"}, {"player": "aj pollock", "game": "ari @ atl", "gameIdx": 0, "hr/park": "7/30", "pa": "71", "dt": "", "img": "https://www.mlbstatic.com/team-logos/109.svg", "team": "ari", "start": "", "in": "9", "result": "Flyout", "evo": "100.3", "la": "25", "dist": "394"}, {"player": "tyler flowers", "game": "ari @ atl", "gameIdx": 0, "hr/park": "", "pa": "70", "dt": "", "img": "https://www.mlbstatic.com/team-logos/144.svg", "team": "atl", "start": "", "in": "8", "result": "Strikeout", "evo": "", "la": "", "dist": ""}, {"player": "matt adams", "game": "ari @ atl", "gameIdx": 0, "hr/park": "", "pa": "69", "dt": "", "img": "https://www.mlbstatic.com/team-logos/144.svg", "team": "atl", "start": "", "in": "8", "result": "Single", "evo": "81.3", "la": "20", "dist": "254"}, {"player": "nick markakis", "game": "ari @ atl", "gameIdx": 0, "hr/park": "", "pa": "68", "dt": "", "img": "https://www.mlbstatic.com/team-logos/144.svg", "team": "atl", "start": "", "in": "8", "result": "Strikeout", "evo": "", "la": "", "dist": ""}, {"player": "matt kemp", "game": "ari @ atl", "gameIdx": 0, "hr/park": "", "pa": "67", "dt": "", "img": "https://www.mlbstatic.com/team-logos/144.svg", "team": "atl", "start": "", "in": "8", "result": "Strikeout", "evo": "", "la": "", "dist": ""}, {"player": "freddie freeman", "game": "ari @ atl", "gameIdx": 0, "hr/park": "", "pa": "66", "dt": "", "img": "https://www.mlbstatic.com/team-logos/144.svg", "team": "atl", "start": "", "in": "8", "result": "Single", "evo": "89.4", "la": "7", "dist": "100"}, {"player": "brandon phillips", "game": "ari @ atl", "gameIdx": 0, "hr/park": "", "pa": "65", "dt": "", "img": "https://www.mlbstatic.com/team-logos/144.svg", "team": "atl", "start": "", "in": "8", "result": "Double", "evo": "95.8", "la": "9", "dist": "189"}, {"player": "ender inciarte", "game": "ari @ atl", "gameIdx": 0, "hr/park": "", "pa": "64", "dt": "", "img": "https://www.mlbstatic.com/team-logos/144.svg", "team": "atl", "start": "", "in": "8", "result": "Single", "evo": "80.5", "la": "-1", "dist": "37"}, {"player": "chris herrmann", "game": "ari @ atl", "gameIdx": 0, "hr/park": "", "pa": "63", "dt": "", "img": "https://www.mlbstatic.com/team-logos/109.svg", "team": "ari", "start": "", "in": "8", "result": "Strikeout", "evo": "", "la": "", "dist": ""}, {"player": "ketel marte", "game": "ari @ atl", "gameIdx": 0, "hr/park": "", "pa": "62", "dt": "", "img": "https://www.mlbstatic.com/team-logos/109.svg", "team": "ari", "start": "", "in": "8", "result": "Walk", "evo": "", "la": "", "dist": ""}, {"player": "daniel descalso", "game": "ari @ atl", "gameIdx": 0, "hr/park": "", "pa": "61", "dt": "", "img": "https://www.mlbstatic.com/team-logos/109.svg", "team": "ari", "start": "", "in": "8", "result": "Groundout", "evo": "50.0", "la": "-37", "dist": "4"}, {"player": "brandon drury", "game": "ari @ atl", "gameIdx": 0, "hr/park": "", "pa": "60", "dt": "", "img": "https://www.mlbstatic.com/team-logos/109.svg", "team": "ari", "start": "", "in": "8", "result": "Flyout", "evo": "", "la": "", "dist": ""}, {"player": "chris owings", "game": "ari @ atl", "gameIdx": 0, "hr/park": "", "pa": "59", "dt": "", "img": "https://www.mlbstatic.com/team-logos/109.svg", "team": "ari", "start": "", "in": "8", "result": "Single", "evo": "82.5", "la": "12", "dist": "201"}, {"player": "lane adams", "game": "ari @ atl", "gameIdx": 0, "hr/park": "", "pa": "58", "dt": "", "img": "https://www.mlbstatic.com/team-logos/144.svg", "team": "atl", "start": "", "in": "7", "result": "Strikeout", "evo": "", "la": "", "dist": ""}, {"player": "johan camargo", "game": "ari @ atl", "gameIdx": 0, "hr/park": "", "pa": "57", "dt": "", "img": "https://www.mlbstatic.com/team-logos/144.svg", "team": "atl", "start": "", "in": "7", "result": "Pop Out", "evo": "78.2", "la": "79", "dist": "113"}, {"player": "tyler flowers", "game": "ari @ atl", "gameIdx": 0, "hr/park": "", "pa": "56", "dt": "", "img": "https://www.mlbstatic.com/team-logos/144.svg", "team": "atl", "start": "", "in": "7", "result": "Groundout", "evo": "80.9", "la": "2", "dist": "55"}, {"player": "jake lamb", "game": "ari @ atl", "gameIdx": 0, "hr/park": "", "pa": "55", "dt": "", "img": "https://www.mlbstatic.com/team-logos/109.svg", "team": "ari", "start": "", "in": "7", "result": "Groundout", "evo": "79.3", "la": "-6", "dist": "20"}, {"player": "paul goldschmidt", "game": "ari @ atl", "gameIdx": 0, "hr/park": "30/30", "pa": "54", "dt": "", "img": "https://www.mlbstatic.com/team-logos/109.svg", "team": "ari", "start": "", "in": "7", "result": "Home Run", "evo": "99.7", "la": "36", "dist": "393"}, {"player": "david peralta", "game": "ari @ atl", "gameIdx": 0, "hr/park": "0/30", "pa": "53", "dt": "", "img": "https://www.mlbstatic.com/team-logos/109.svg", "team": "ari", "start": "", "in": "7", "result": "Flyout", "evo": "86.2", "la": "32", "dist": "324"}, {"player": "aj pollock", "game": "ari @ atl", "gameIdx": 0, "hr/park": "", "pa": "52", "dt": "", "img": "https://www.mlbstatic.com/team-logos/109.svg", "team": "ari", "start": "", "in": "7", "result": "Lineout", "evo": "100.7", "la": "7", "dist": "134"}, {"player": "matt adams", "game": "ari @ atl", "gameIdx": 0, "hr/park": "", "pa": "51", "dt": "", "img": "https://www.mlbstatic.com/team-logos/144.svg", "team": "atl", "start": "", "in": "6", "result": "Strikeout", "evo": "", "la": "", "dist": ""}, {"player": "nick markakis", "game": "ari @ atl", "gameIdx": 0, "hr/park": "", "pa": "50", "dt": "", "img": "https://www.mlbstatic.com/team-logos/144.svg", "team": "atl", "start": "", "in": "6", "result": "Strikeout", "evo": "", "la": "", "dist": ""}, {"player": "matt kemp", "game": "ari @ atl", "gameIdx": 0, "hr/park": "", "pa": "49", "dt": "", "img": "https://www.mlbstatic.com/team-logos/144.svg", "team": "atl", "start": "", "in": "6", "result": "Field Error", "evo": "80.8", "la": "-13", "dist": "14"}, {"player": "freddie freeman", "game": "ari @ atl", "gameIdx": 0, "hr/park": "15/30", "pa": "48", "dt": "", "img": "https://www.mlbstatic.com/team-logos/144.svg", "team": "atl", "start": "", "in": "6", "result": "Home Run", "evo": "104.2", "la": "37", "dist": "390"}, {"player": "brandon phillips", "game": "ari @ atl", "gameIdx": 0, "hr/park": "", "pa": "47", "dt": "", "img": "https://www.mlbstatic.com/team-logos/144.svg", "team": "atl", "start": "", "in": "6", "result": "Groundout", "evo": "92.9", "la": "-21", "dist": "9"}, {"player": "taijuan walker", "game": "ari @ atl", "gameIdx": 0, "hr/park": "", "pa": "46", "dt": "", "img": "https://www.mlbstatic.com/team-logos/109.svg", "team": "ari", "start": "", "in": "6", "result": "GIDP", "evo": "98.1", "la": "-18", "dist": "6"}, {"player": "jeff mathis", "game": "ari @ atl", "gameIdx": 0, "hr/park": "", "pa": "45", "dt": "", "img": "https://www.mlbstatic.com/team-logos/109.svg", "team": "ari", "start": "", "in": "6", "result": "Single", "evo": "74.1", "la": "18", "dist": "210"}, {"player": "daniel descalso", "game": "ari @ atl", "gameIdx": 0, "hr/park": "", "pa": "44", "dt": "", "img": "https://www.mlbstatic.com/team-logos/109.svg", "team": "ari", "start": "", "in": "6", "result": "Single", "evo": "100.7", "la": "5", "dist": "121"}, {"player": "brandon drury", "game": "ari @ atl", "gameIdx": 0, "hr/park": "", "pa": "43", "dt": "", "img": "https://www.mlbstatic.com/team-logos/109.svg", "team": "ari", "start": "", "in": "6", "result": "Single", "evo": "98.6", "la": "12", "dist": "227"}, {"player": "chris owings", "game": "ari @ atl", "gameIdx": 0, "hr/park": "", "pa": "42", "dt": "", "img": "https://www.mlbstatic.com/team-logos/109.svg", "team": "ari", "start": "", "in": "6", "result": "Single", "evo": "77.2", "la": "23", "dist": "255"}, {"player": "jake lamb", "game": "ari @ atl", "gameIdx": 0, "hr/park": "", "pa": "41", "dt": "", "img": "https://www.mlbstatic.com/team-logos/109.svg", "team": "ari", "start": "", "in": "6", "result": "Strikeout", "evo": "", "la": "", "dist": ""}, {"player": "ender inciarte", "game": "ari @ atl", "gameIdx": 0, "hr/park": "", "pa": "40", "dt": "", "img": "https://www.mlbstatic.com/team-logos/144.svg", "team": "atl", "start": "", "in": "5", "result": "Groundout", "evo": "78.0", "la": "9", "dist": "117"}, {"player": "ra dickey", "game": "ari @ atl", "gameIdx": 0, "hr/park": "", "pa": "39", "dt": "", "img": "https://www.mlbstatic.com/team-logos/144.svg", "team": "atl", "start": "", "in": "5", "result": "Pop Out", "evo": "", "la": "", "dist": ""}, {"player": "johan camargo", "game": "ari @ atl", "gameIdx": 0, "hr/park": "", "pa": "38", "dt": "", "img": "https://www.mlbstatic.com/team-logos/144.svg", "team": "atl", "start": "", "in": "5", "result": "Flyout", "evo": "80.1", "la": "43", "dist": "261"}, {"player": "tyler flowers", "game": "ari @ atl", "gameIdx": 0, "hr/park": "17/30", "pa": "37", "dt": "", "img": "https://www.mlbstatic.com/team-logos/144.svg", "team": "atl", "start": "", "in": "5", "result": "Double", "evo": "100.0", "la": "26", "dist": "386"}, {"player": "paul goldschmidt", "game": "ari @ atl", "gameIdx": 0, "hr/park": "", "pa": "36", "dt": "", "img": "https://www.mlbstatic.com/team-logos/109.svg", "team": "ari", "start": "", "in": "5", "result": "Groundout", "evo": "94.0", "la": "-12", "dist": "12"}, {"player": "david peralta", "game": "ari @ atl", "gameIdx": 0, "hr/park": "", "pa": "35", "dt": "", "img": "https://www.mlbstatic.com/team-logos/109.svg", "team": "ari", "start": "", "in": "5", "result": "Strikeout", "evo": "", "la": "", "dist": ""}, {"player": "aj pollock", "game": "ari @ atl", "gameIdx": 0, "hr/park": "", "pa": "34", "dt": "", "img": "https://www.mlbstatic.com/team-logos/109.svg", "team": "ari", "start": "", "in": "5", "result": "Groundout", "evo": "82.0", "la": "-32", "dist": "5"}, {"player": "matt adams", "game": "ari @ atl", "gameIdx": 0, "hr/park": "", "pa": "33", "dt": "", "img": "https://www.mlbstatic.com/team-logos/144.svg", "team": "atl", "start": "", "in": "4", "result": "Flyout", "evo": "", "la": "", "dist": ""}, {"player": "nick markakis", "game": "ari @ atl", "gameIdx": 0, "hr/park": "", "pa": "32", "dt": "", "img": "https://www.mlbstatic.com/team-logos/144.svg", "team": "atl", "start": "", "in": "4", "result": "Pop Out", "evo": "", "la": "", "dist": ""}, {"player": "matt kemp", "game": "ari @ atl", "gameIdx": 0, "hr/park": "", "pa": "31", "dt": "", "img": "https://www.mlbstatic.com/team-logos/144.svg", "team": "atl", "start": "", "in": "4", "result": "Groundout", "evo": "70.7", "la": "-33", "dist": "3"}, {"player": "taijuan walker", "game": "ari @ atl", "gameIdx": 0, "hr/park": "", "pa": "30", "dt": "", "img": "https://www.mlbstatic.com/team-logos/109.svg", "team": "ari", "start": "", "in": "4", "result": "Groundout", "evo": "98.6", "la": "-11", "dist": "14"}, {"player": "jeff mathis", "game": "ari @ atl", "gameIdx": 0, "hr/park": "", "pa": "29", "dt": "", "img": "https://www.mlbstatic.com/team-logos/109.svg", "team": "ari", "start": "", "in": "4", "result": "Groundout", "evo": "75.9", "la": "-35", "dist": "4"}, {"player": "daniel descalso", "game": "ari @ atl", "gameIdx": 0, "hr/park": "0/30", "pa": "28", "dt": "", "img": "https://www.mlbstatic.com/team-logos/109.svg", "team": "ari", "start": "", "in": "4", "result": "Double", "evo": "87.1", "la": "25", "dist": "314"}, {"player": "brandon drury", "game": "ari @ atl", "gameIdx": 0, "hr/park": "0/30", "pa": "27", "dt": "", "img": "https://www.mlbstatic.com/team-logos/109.svg", "team": "ari", "start": "", "in": "4", "result": "Flyout", "evo": "87.8", "la": "39", "dist": "320"}, {"player": "freddie freeman", "game": "ari @ atl", "gameIdx": 0, "hr/park": "", "pa": "26", "dt": "", "img": "https://www.mlbstatic.com/team-logos/144.svg", "team": "atl", "start": "", "in": "3", "result": "Groundout", "evo": "74.6", "la": "-15", "dist": "13"}, {"player": "brandon phillips", "game": "ari @ atl", "gameIdx": 0, "hr/park": "", "pa": "25", "dt": "", "img": "https://www.mlbstatic.com/team-logos/144.svg", "team": "atl", "start": "", "in": "3", "result": "Groundout", "evo": "76.3", "la": "", "dist": "41"}, {"player": "ender inciarte", "game": "ari @ atl", "gameIdx": 0, "hr/park": "", "pa": "24", "dt": "", "img": "https://www.mlbstatic.com/team-logos/144.svg", "team": "atl", "start": "", "in": "3", "result": "Lineout", "evo": "79.1", "la": "8", "dist": "124"}, {"player": "chris owings", "game": "ari @ atl", "gameIdx": 0, "hr/park": "", "pa": "23", "dt": "", "img": "https://www.mlbstatic.com/team-logos/109.svg", "team": "ari", "start": "", "in": "3", "result": "Lineout", "evo": "100.4", "la": "6", "dist": "124"}, {"player": "jake lamb", "game": "ari @ atl", "gameIdx": 0, "hr/park": "", "pa": "22", "dt": "", "img": "https://www.mlbstatic.com/team-logos/109.svg", "team": "ari", "start": "", "in": "3", "result": "Walk", "evo": "", "la": "", "dist": ""}, {"player": "paul goldschmidt", "game": "ari @ atl", "gameIdx": 0, "hr/park": "", "pa": "21", "dt": "", "img": "https://www.mlbstatic.com/team-logos/109.svg", "team": "ari", "start": "", "in": "3", "result": "Strikeout", "evo": "", "la": "", "dist": ""}, {"player": "david peralta", "game": "ari @ atl", "gameIdx": 0, "hr/park": "", "pa": "20", "dt": "", "img": "https://www.mlbstatic.com/team-logos/109.svg", "team": "ari", "start": "", "in": "3", "result": "Single", "evo": "101.5", "la": "-6", "dist": "21"}, {"player": "aj pollock", "game": "ari @ atl", "gameIdx": 0, "hr/park": "", "pa": "19", "dt": "", "img": "https://www.mlbstatic.com/team-logos/109.svg", "team": "ari", "start": "", "in": "3", "result": "Strikeout", "evo": "", "la": "", "dist": ""}, {"player": "ra dickey", "game": "ari @ atl", "gameIdx": 0, "hr/park": "", "pa": "18", "dt": "", "img": "https://www.mlbstatic.com/team-logos/144.svg", "team": "atl", "start": "", "in": "2", "result": "Groundout", "evo": "74.3", "la": "7", "dist": "107"}, {"player": "johan camargo", "game": "ari @ atl", "gameIdx": 0, "hr/park": "", "pa": "17", "dt": "", "img": "https://www.mlbstatic.com/team-logos/144.svg", "team": "atl", "start": "", "in": "2", "result": "Single", "evo": "97.4", "la": "5", "dist": "138"}, {"player": "tyler flowers", "game": "ari @ atl", "gameIdx": 0, "hr/park": "", "pa": "16", "dt": "", "img": "https://www.mlbstatic.com/team-logos/144.svg", "team": "atl", "start": "", "in": "2", "result": "Groundout", "evo": "58.1", "la": "-48", "dist": "3"}, {"player": "matt adams", "game": "ari @ atl", "gameIdx": 0, "hr/park": "", "pa": "15", "dt": "", "img": "https://www.mlbstatic.com/team-logos/144.svg", "team": "atl", "start": "", "in": "2", "result": "Strikeout", "evo": "", "la": "", "dist": ""}, {"player": "taijuan walker", "game": "ari @ atl", "gameIdx": 0, "hr/park": "", "pa": "14", "dt": "", "img": "https://www.mlbstatic.com/team-logos/109.svg", "team": "ari", "start": "", "in": "2", "result": "Lineout", "evo": "89.1", "la": "9", "dist": "159"}, {"player": "jeff mathis", "game": "ari @ atl", "gameIdx": 0, "hr/park": "0/30", "pa": "13", "dt": "", "img": "https://www.mlbstatic.com/team-logos/109.svg", "team": "ari", "start": "", "in": "2", "result": "Lineout", "evo": "98.2", "la": "21", "dist": "367"}, {"player": "daniel descalso", "game": "ari @ atl", "gameIdx": 0, "hr/park": "", "pa": "12", "dt": "", "img": "https://www.mlbstatic.com/team-logos/109.svg", "team": "ari", "start": "", "in": "2", "result": "Single", "evo": "101.9", "la": "6", "dist": "117"}, {"player": "brandon drury", "game": "ari @ atl", "gameIdx": 0, "hr/park": "", "pa": "11", "dt": "", "img": "https://www.mlbstatic.com/team-logos/109.svg", "team": "ari", "start": "", "in": "2", "result": "Flyout", "evo": "83.3", "la": "43", "dist": "294"}, {"player": "chris owings", "game": "ari @ atl", "gameIdx": 0, "hr/park": "", "pa": "10", "dt": "", "img": "https://www.mlbstatic.com/team-logos/109.svg", "team": "ari", "start": "", "in": "2", "result": "Hit By Pitch", "evo": "", "la": "", "dist": ""}, {"player": "nick markakis", "game": "ari @ atl", "gameIdx": 0, "hr/park": "", "pa": "9", "dt": "", "img": "https://www.mlbstatic.com/team-logos/144.svg", "team": "atl", "start": "", "in": "1", "result": "Groundout", "evo": "101.4", "la": "", "dist": "48"}, {"player": "matt kemp", "game": "ari @ atl", "gameIdx": 0, "hr/park": "", "pa": "8", "dt": "", "img": "https://www.mlbstatic.com/team-logos/144.svg", "team": "atl", "start": "", "in": "1", "result": "Single", "evo": "103.5", "la": "7", "dist": "128"}, {"player": "freddie freeman", "game": "ari @ atl", "gameIdx": 0, "hr/park": "", "pa": "7", "dt": "", "img": "https://www.mlbstatic.com/team-logos/144.svg", "team": "atl", "start": "", "in": "1", "result": "Strikeout", "evo": "", "la": "", "dist": ""}, {"player": "brandon phillips", "game": "ari @ atl", "gameIdx": 0, "hr/park": "", "pa": "6", "dt": "", "img": "https://www.mlbstatic.com/team-logos/144.svg", "team": "atl", "start": "", "in": "1", "result": "Groundout", "evo": "72.6", "la": "-27", "dist": "4"}, {"player": "ender inciarte", "game": "ari @ atl", "gameIdx": 0, "hr/park": "", "pa": "5", "dt": "", "img": "https://www.mlbstatic.com/team-logos/144.svg", "team": "atl", "start": "", "in": "1", "result": "Double", "evo": "80.3", "la": "13", "dist": "178"}, {"player": "jake lamb", "game": "ari @ atl", "gameIdx": 0, "hr/park": "", "pa": "4", "dt": "", "img": "https://www.mlbstatic.com/team-logos/109.svg", "team": "ari", "start": "", "in": "1", "result": "GIDP", "evo": "100.0", "la": "-2", "dist": "39"}, {"player": "paul goldschmidt", "game": "ari @ atl", "gameIdx": 0, "hr/park": "", "pa": "3", "dt": "", "img": "https://www.mlbstatic.com/team-logos/109.svg", "team": "ari", "start": "", "in": "1", "result": "Single", "evo": "74.8", "la": "-14", "dist": "15"}, {"player": "david peralta", "game": "ari @ atl", "gameIdx": 0, "hr/park": "", "pa": "2", "dt": "", "img": "https://www.mlbstatic.com/team-logos/109.svg", "team": "ari", "start": "", "in": "1", "result": "Forceout", "evo": "93.7", "la": "-30", "dist": "4"}, {"player": "aj pollock", "game": "ari @ atl", "gameIdx": 0, "hr/park": "", "pa": "1", "dt": "", "img": "https://www.mlbstatic.com/team-logos/109.svg", "team": "ari", "start": "", "in": "1", "result": "Walk", "evo": "", "la": "", "dist": ""}], "min @ hou": [], "sea @ chw": [], "phi @ mil": [], "tex @ kc": [], "cle @ ath": [], "tb @ laa": [], "sf @ sd": []}