{"all": {"pitchers": "21", "batters": "60", "pitches": "820", "max velomax pitch velocity": "99.4", "min velomin pitch velocity": "68.5", "ff%fourseam fastball %": "29.9", "si%sinker %": "23.9", "fc%cutter %": "2.4", "fs%splitter %": "0.0", "ch%changeup %": "16.5", "sl%slider %": "13.9", "cu%curve %": "11.8", "max evmax exit velocity": "112.7", "hhhard hit": "47", "hh%hard hit %": "31.1", "brlbarrels": "9", "brl%barrel %": "6.0", "ab": "195", "avg": ".226", "h": "44", "1b": "19", "2b": "17", "3b": "0", "hr": "8", "so": "46", "bipballs in play": "151", "liveGames": 0, "totGames": 7}, "stl @ cin": [], "phi @ atl": [], "sf @ mil": [], "mia @ chc": [{"player": "jt realmuto", "game": "mia @ chc", "gameIdx": 0, "hr/park": "", "pa": "62", "dt": "", "img": "https://www.mlbstatic.com/team-logos/146.svg", "team": "mia", "start": "", "in": "9", "result": "Flyout", "evo": "82.9", "la": "29", "dist": "297"}, {"player": "marcell ozuna", "game": "mia @ chc", "gameIdx": 0, "hr/park": "", "pa": "61", "dt": "", "img": "https://www.mlbstatic.com/team-logos/146.svg", "team": "mia", "start": "", "in": "9", "result": "Strikeout", "evo": "", "la": "", "dist": ""}, {"player": "christian yelich", "game": "mia @ chc", "gameIdx": 0, "hr/park": "", "pa": "60", "dt": "", "img": "https://www.mlbstatic.com/team-logos/146.svg", "team": "mia", "start": "", "in": "9", "result": "Groundout", "evo": "73.3", "la": "-17", "dist": "10"}, {"player": "anthony rizzo", "game": "mia @ chc", "gameIdx": 0, "hr/park": "", "pa": "59", "dt": "", "img": "https://www.mlbstatic.com/team-logos/112.svg", "team": "chc", "start": "", "in": "8", "result": "Groundout", "evo": "", "la": "", "dist": ""}, {"player": "kris bryant", "game": "mia @ chc", "gameIdx": 0, "hr/park": "", "pa": "58", "dt": "", "img": "https://www.mlbstatic.com/team-logos/112.svg", "team": "chc", "start": "", "in": "8", "result": "Groundout", "evo": "", "la": "", "dist": ""}, {"player": "ben zobrist", "game": "mia @ chc", "gameIdx": 0, "hr/park": "", "pa": "57", "dt": "", "img": "https://www.mlbstatic.com/team-logos/112.svg", "team": "chc", "start": "", "in": "8", "result": "Groundout", "evo": "", "la": "", "dist": ""}, {"player": "giancarlo stanton", "game": "mia @ chc", "gameIdx": 0, "hr/park": "", "pa": "56", "dt": "", "img": "https://www.mlbstatic.com/team-logos/146.svg", "team": "mia", "start": "", "in": "8", "result": "Strikeout", "evo": "", "la": "", "dist": ""}, {"player": "dee strange gordon", "game": "mia @ chc", "gameIdx": 0, "hr/park": "", "pa": "55", "dt": "", "img": "https://www.mlbstatic.com/team-logos/146.svg", "team": "mia", "start": "", "in": "8", "result": "Groundout", "evo": "", "la": "", "dist": ""}, {"player": "ichiro suzuki", "game": "mia @ chc", "gameIdx": 0, "hr/park": "", "pa": "54", "dt": "", "img": "https://www.mlbstatic.com/team-logos/146.svg", "team": "mia", "start": "", "in": "8", "result": "Single", "evo": "90.9", "la": "1", "dist": "63"}, {"player": "jt riddle", "game": "mia @ chc", "gameIdx": 0, "hr/park": "", "pa": "53", "dt": "", "img": "https://www.mlbstatic.com/team-logos/146.svg", "team": "mia", "start": "", "in": "8", "result": "Single", "evo": "", "la": "", "dist": ""}, {"player": "kyle schwarber", "game": "mia @ chc", "gameIdx": 0, "hr/park": "", "pa": "52", "dt": "", "img": "https://www.mlbstatic.com/team-logos/112.svg", "team": "chc", "start": "", "in": "7", "result": "Strikeout", "evo": "", "la": "", "dist": ""}, {"player": "mike montgomery", "game": "mia @ chc", "gameIdx": 0, "hr/park": "", "pa": "51", "dt": "", "img": "https://www.mlbstatic.com/team-logos/112.svg", "team": "chc", "start": "", "in": "7", "result": "Sac Bunt", "evo": "", "la": "", "dist": ""}, {"player": "javier baez", "game": "mia @ chc", "gameIdx": 0, "hr/park": "0/30", "pa": "50", "dt": "", "img": "https://www.mlbstatic.com/team-logos/112.svg", "team": "chc", "start": "", "in": "7", "result": "Flyout", "evo": "102.3", "la": "45", "dist": "328"}, {"player": "albert almora", "game": "mia @ chc", "gameIdx": 0, "hr/park": "", "pa": "49", "dt": "", "img": "https://www.mlbstatic.com/team-logos/112.svg", "team": "chc", "start": "", "in": "7", "result": "Single", "evo": "", "la": "", "dist": ""}, {"player": "tyler moore", "game": "mia @ chc", "gameIdx": 0, "hr/park": "", "pa": "48", "dt": "", "img": "https://www.mlbstatic.com/team-logos/146.svg", "team": "mia", "start": "", "in": "7", "result": "Groundout", "evo": "93.3", "la": "-1", "dist": "50"}, {"player": "derek dietrich", "game": "mia @ chc", "gameIdx": 0, "hr/park": "", "pa": "47", "dt": "", "img": "https://www.mlbstatic.com/team-logos/146.svg", "team": "mia", "start": "", "in": "7", "result": "Strikeout", "evo": "", "la": "", "dist": ""}, {"player": "jt realmuto", "game": "mia @ chc", "gameIdx": 0, "hr/park": "", "pa": "46", "dt": "", "img": "https://www.mlbstatic.com/team-logos/146.svg", "team": "mia", "start": "", "in": "7", "result": "Groundout", "evo": "", "la": "", "dist": ""}, {"player": "marcell ozuna", "game": "mia @ chc", "gameIdx": 0, "hr/park": "", "pa": "45", "dt": "", "img": "https://www.mlbstatic.com/team-logos/146.svg", "team": "mia", "start": "", "in": "7", "result": "Single", "evo": "109.2", "la": "2", "dist": "93"}, {"player": "jason heyward", "game": "mia @ chc", "gameIdx": 0, "hr/park": "0/30", "pa": "44", "dt": "", "img": "https://www.mlbstatic.com/team-logos/112.svg", "team": "chc", "start": "", "in": "6", "result": "Flyout", "evo": "89.3", "la": "32", "dist": "315"}, {"player": "willson contreras", "game": "mia @ chc", "gameIdx": 0, "hr/park": "", "pa": "43", "dt": "", "img": "https://www.mlbstatic.com/team-logos/112.svg", "team": "chc", "start": "", "in": "6", "result": "Single", "evo": "83.2", "la": "18", "dist": "236"}, {"player": "anthony rizzo", "game": "mia @ chc", "gameIdx": 0, "hr/park": "", "pa": "42", "dt": "", "img": "https://www.mlbstatic.com/team-logos/112.svg", "team": "chc", "start": "", "in": "6", "result": "Groundout", "evo": "84.0", "la": "-10", "dist": "13"}, {"player": "kris bryant", "game": "mia @ chc", "gameIdx": 0, "hr/park": "", "pa": "41", "dt": "", "img": "https://www.mlbstatic.com/team-logos/112.svg", "team": "chc", "start": "", "in": "6", "result": "Strikeout", "evo": "", "la": "", "dist": ""}, {"player": "christian yelich", "game": "mia @ chc", "gameIdx": 0, "hr/park": "", "pa": "40", "dt": "", "img": "https://www.mlbstatic.com/team-logos/146.svg", "team": "mia", "start": "", "in": "6", "result": "Groundout", "evo": "", "la": "", "dist": ""}, {"player": "giancarlo stanton", "game": "mia @ chc", "gameIdx": 0, "hr/park": "", "pa": "39", "dt": "", "img": "https://www.mlbstatic.com/team-logos/146.svg", "team": "mia", "start": "", "in": "6", "result": "Double", "evo": "105.8", "la": "10", "dist": "198"}, {"player": "dee strange gordon", "game": "mia @ chc", "gameIdx": 0, "hr/park": "", "pa": "38", "dt": "", "img": "https://www.mlbstatic.com/team-logos/146.svg", "team": "mia", "start": "", "in": "6", "result": "Sac Fly", "evo": "88.8", "la": "34", "dist": "299"}, {"player": "dan straily", "game": "mia @ chc", "gameIdx": 0, "hr/park": "", "pa": "37", "dt": "", "img": "https://www.mlbstatic.com/team-logos/146.svg", "team": "mia", "start": "", "in": "6", "result": "Groundout", "evo": "", "la": "", "dist": ""}, {"player": "jt riddle", "game": "mia @ chc", "gameIdx": 0, "hr/park": "0/30", "pa": "36", "dt": "", "img": "https://www.mlbstatic.com/team-logos/146.svg", "team": "mia", "start": "", "in": "6", "result": "Double", "evo": "106.0", "la": "17", "dist": "372"}, {"player": "ben zobrist", "game": "mia @ chc", "gameIdx": 0, "hr/park": "", "pa": "35", "dt": "", "img": "https://www.mlbstatic.com/team-logos/112.svg", "team": "chc", "start": "", "in": "5", "result": "Strikeout", "evo": "", "la": "", "dist": ""}, {"player": "kyle schwarber", "game": "mia @ chc", "gameIdx": 0, "hr/park": "", "pa": "34", "dt": "", "img": "https://www.mlbstatic.com/team-logos/112.svg", "team": "chc", "start": "", "in": "5", "result": "Strikeout", "evo": "", "la": "", "dist": ""}, {"player": "eddie butler", "game": "mia @ chc", "gameIdx": 0, "hr/park": "", "pa": "33", "dt": "", "img": "https://www.mlbstatic.com/team-logos/112.svg", "team": "chc", "start": "", "in": "5", "result": "Groundout", "evo": "60.7", "la": "-20", "dist": "7"}, {"player": "tyler moore", "game": "mia @ chc", "gameIdx": 0, "hr/park": "", "pa": "32", "dt": "", "img": "https://www.mlbstatic.com/team-logos/146.svg", "team": "mia", "start": "", "in": "5", "result": "Strikeout", "evo": "", "la": "", "dist": ""}, {"player": "derek dietrich", "game": "mia @ chc", "gameIdx": 0, "hr/park": "", "pa": "31", "dt": "", "img": "https://www.mlbstatic.com/team-logos/146.svg", "team": "mia", "start": "", "in": "5", "result": "Pop Out", "evo": "75.3", "la": "53", "dist": "188"}, {"player": "jt realmuto", "game": "mia @ chc", "gameIdx": 0, "hr/park": "", "pa": "30", "dt": "", "img": "https://www.mlbstatic.com/team-logos/146.svg", "team": "mia", "start": "", "in": "5", "result": "Groundout", "evo": "102.2", "la": "-17", "dist": "10"}, {"player": "javier baez", "game": "mia @ chc", "gameIdx": 0, "hr/park": "", "pa": "29", "dt": "", "img": "https://www.mlbstatic.com/team-logos/112.svg", "team": "chc", "start": "", "in": "4", "result": "Lineout", "evo": "77.0", "la": "13", "dist": "162"}, {"player": "albert almora", "game": "mia @ chc", "gameIdx": 0, "hr/park": "29/30", "pa": "28", "dt": "", "img": "https://www.mlbstatic.com/team-logos/112.svg", "team": "chc", "start": "", "in": "4", "result": "Home Run", "evo": "105.9", "la": "20", "dist": "423"}, {"player": "jason heyward", "game": "mia @ chc", "gameIdx": 0, "hr/park": "1/30", "pa": "27", "dt": "", "img": "https://www.mlbstatic.com/team-logos/112.svg", "team": "chc", "start": "", "in": "4", "result": "Flyout", "evo": "89.9", "la": "28", "dist": "346"}, {"player": "willson contreras", "game": "mia @ chc", "gameIdx": 0, "hr/park": "", "pa": "26", "dt": "", "img": "https://www.mlbstatic.com/team-logos/112.svg", "team": "chc", "start": "", "in": "4", "result": "Flyout", "evo": "105.3", "la": "40", "dist": ""}, {"player": "marcell ozuna", "game": "mia @ chc", "gameIdx": 0, "hr/park": "", "pa": "25", "dt": "", "img": "https://www.mlbstatic.com/team-logos/146.svg", "team": "mia", "start": "", "in": "4", "result": "Strikeout", "evo": "", "la": "", "dist": ""}, {"player": "christian yelich", "game": "mia @ chc", "gameIdx": 0, "hr/park": "", "pa": "24", "dt": "", "img": "https://www.mlbstatic.com/team-logos/146.svg", "team": "mia", "start": "", "in": "4", "result": "Groundout", "evo": "66.8", "la": "-20", "dist": "7"}, {"player": "giancarlo stanton", "game": "mia @ chc", "gameIdx": 0, "hr/park": "", "pa": "23", "dt": "", "img": "https://www.mlbstatic.com/team-logos/146.svg", "team": "mia", "start": "", "in": "4", "result": "Flyout", "evo": "80.6", "la": "35", "dist": "281"}, {"player": "anthony rizzo", "game": "mia @ chc", "gameIdx": 0, "hr/park": "", "pa": "22", "dt": "", "img": "https://www.mlbstatic.com/team-logos/112.svg", "team": "chc", "start": "", "in": "3", "result": "Groundout", "evo": "98.9", "la": "-1", "dist": "30"}, {"player": "kris bryant", "game": "mia @ chc", "gameIdx": 0, "hr/park": "", "pa": "21", "dt": "", "img": "https://www.mlbstatic.com/team-logos/112.svg", "team": "chc", "start": "", "in": "3", "result": "Groundout", "evo": "", "la": "", "dist": ""}, {"player": "ben zobrist", "game": "mia @ chc", "gameIdx": 0, "hr/park": "", "pa": "20", "dt": "", "img": "https://www.mlbstatic.com/team-logos/112.svg", "team": "chc", "start": "", "in": "3", "result": "Groundout", "evo": "75.2", "la": "-19", "dist": "8"}, {"player": "dee strange gordon", "game": "mia @ chc", "gameIdx": 0, "hr/park": "", "pa": "19", "dt": "", "img": "https://www.mlbstatic.com/team-logos/146.svg", "team": "mia", "start": "", "in": "3", "result": "Groundout", "evo": "90.5", "la": "-13", "dist": "10"}, {"player": "dan straily", "game": "mia @ chc", "gameIdx": 0, "hr/park": "", "pa": "18", "dt": "", "img": "https://www.mlbstatic.com/team-logos/146.svg", "team": "mia", "start": "", "in": "3", "result": "Strikeout", "evo": "", "la": "", "dist": ""}, {"player": "jt riddle", "game": "mia @ chc", "gameIdx": 0, "hr/park": "", "pa": "17", "dt": "", "img": "https://www.mlbstatic.com/team-logos/146.svg", "team": "mia", "start": "", "in": "3", "result": "Flyout", "evo": "91.8", "la": "46", "dist": "277"}, {"player": "kyle schwarber", "game": "mia @ chc", "gameIdx": 0, "hr/park": "", "pa": "16", "dt": "", "img": "https://www.mlbstatic.com/team-logos/112.svg", "team": "chc", "start": "", "in": "2", "result": "Pop Out", "evo": "91.7", "la": "65", "dist": "134"}, {"player": "eddie butler", "game": "mia @ chc", "gameIdx": 0, "hr/park": "", "pa": "15", "dt": "", "img": "https://www.mlbstatic.com/team-logos/112.svg", "team": "chc", "start": "", "in": "2", "result": "Lineout", "evo": "77.7", "la": "27", "dist": "249"}, {"player": "javier baez", "game": "mia @ chc", "gameIdx": 0, "hr/park": "", "pa": "14", "dt": "", "img": "https://www.mlbstatic.com/team-logos/112.svg", "team": "chc", "start": "", "in": "2", "result": "Strikeout", "evo": "", "la": "", "dist": ""}, {"player": "tyler moore", "game": "mia @ chc", "gameIdx": 0, "hr/park": "", "pa": "13", "dt": "", "img": "https://www.mlbstatic.com/team-logos/146.svg", "team": "mia", "start": "", "in": "2", "result": "Flyout", "evo": "101.5", "la": "51", "dist": "298"}, {"player": "derek dietrich", "game": "mia @ chc", "gameIdx": 0, "hr/park": "", "pa": "12", "dt": "", "img": "https://www.mlbstatic.com/team-logos/146.svg", "team": "mia", "start": "", "in": "2", "result": "GIDP", "evo": "75.6", "la": "-2", "dist": "29"}, {"player": "jt realmuto", "game": "mia @ chc", "gameIdx": 0, "hr/park": "", "pa": "11", "dt": "", "img": "https://www.mlbstatic.com/team-logos/146.svg", "team": "mia", "start": "", "in": "2", "result": "Walk", "evo": "", "la": "", "dist": ""}, {"player": "marcell ozuna", "game": "mia @ chc", "gameIdx": 0, "hr/park": "", "pa": "10", "dt": "", "img": "https://www.mlbstatic.com/team-logos/146.svg", "team": "mia", "start": "", "in": "2", "result": "Double", "evo": "87.0", "la": "16", "dist": "220"}, {"player": "albert almora", "game": "mia @ chc", "gameIdx": 0, "hr/park": "", "pa": "9", "dt": "", "img": "https://www.mlbstatic.com/team-logos/112.svg", "team": "chc", "start": "", "in": "1", "result": "Groundout", "evo": "71.5", "la": "12", "dist": "142"}, {"player": "jason heyward", "game": "mia @ chc", "gameIdx": 0, "hr/park": "", "pa": "8", "dt": "", "img": "https://www.mlbstatic.com/team-logos/112.svg", "team": "chc", "start": "", "in": "1", "result": "Groundout", "evo": "", "la": "", "dist": ""}, {"player": "willson contreras", "game": "mia @ chc", "gameIdx": 0, "hr/park": "", "pa": "7", "dt": "", "img": "https://www.mlbstatic.com/team-logos/112.svg", "team": "chc", "start": "", "in": "1", "result": "Single", "evo": "109.1", "la": "", "dist": "52"}, {"player": "anthony rizzo", "game": "mia @ chc", "gameIdx": 0, "hr/park": "", "pa": "6", "dt": "", "img": "https://www.mlbstatic.com/team-logos/112.svg", "team": "chc", "start": "", "in": "1", "result": "Lineout", "evo": "99.2", "la": "8", "dist": "156"}, {"player": "kris bryant", "game": "mia @ chc", "gameIdx": 0, "hr/park": "30/30", "pa": "5", "dt": "", "img": "https://www.mlbstatic.com/team-logos/112.svg", "team": "chc", "start": "", "in": "1", "result": "Home Run", "evo": "109.0", "la": "28", "dist": "412"}, {"player": "ben zobrist", "game": "mia @ chc", "gameIdx": 0, "hr/park": "13/30", "pa": "4", "dt": "", "img": "https://www.mlbstatic.com/team-logos/112.svg", "team": "chc", "start": "", "in": "1", "result": "Double", "evo": "102.4", "la": "21", "dist": "400"}, {"player": "christian yelich", "game": "mia @ chc", "gameIdx": 0, "hr/park": "0/30", "pa": "3", "dt": "", "img": "https://www.mlbstatic.com/team-logos/146.svg", "team": "mia", "start": "", "in": "1", "result": "Lineout", "evo": "98.0", "la": "24", "dist": "351"}, {"player": "giancarlo stanton", "game": "mia @ chc", "gameIdx": 0, "hr/park": "", "pa": "2", "dt": "", "img": "https://www.mlbstatic.com/team-logos/146.svg", "team": "mia", "start": "", "in": "1", "result": "Groundout", "evo": "77.3", "la": "-7", "dist": "22"}, {"player": "dee strange gordon", "game": "mia @ chc", "gameIdx": 0, "hr/park": "", "pa": "1", "dt": "", "img": "https://www.mlbstatic.com/team-logos/146.svg", "team": "mia", "start": "", "in": "1", "result": "Strikeout", "evo": "", "la": "", "dist": ""}], "hou @ kc": [{"player": "jorge bonifacio", "game": "hou @ kc", "gameIdx": 0, "hr/park": "", "pa": "77", "dt": "", "img": "https://www.mlbstatic.com/team-logos/118.svg", "team": "kc", "start": "", "in": "9", "result": "Strikeout", "evo": "", "la": "", "dist": ""}, {"player": "whit merrifield", "game": "hou @ kc", "gameIdx": 0, "hr/park": "", "pa": "76", "dt": "", "img": "https://www.mlbstatic.com/team-logos/118.svg", "team": "kc", "start": "", "in": "9", "result": "Strikeout", "evo": "", "la": "", "dist": ""}, {"player": "alex gordon", "game": "hou @ kc", "gameIdx": 0, "hr/park": "", "pa": "75", "dt": "", "img": "https://www.mlbstatic.com/team-logos/118.svg", "team": "kc", "start": "", "in": "9", "result": "Double", "evo": "104.2", "la": "9", "dist": "191"}, {"player": "alcides escobar", "game": "hou @ kc", "gameIdx": 0, "hr/park": "0/30", "pa": "74", "dt": "", "img": "https://www.mlbstatic.com/team-logos/118.svg", "team": "kc", "start": "", "in": "9", "result": "Flyout", "evo": "87.9", "la": "31", "dist": "312"}, {"player": "josh reddick", "game": "hou @ kc", "gameIdx": 0, "hr/park": "", "pa": "73", "dt": "", "img": "https://www.mlbstatic.com/team-logos/117.svg", "team": "hou", "start": "", "in": "9", "result": "Groundout", "evo": "84.9", "la": "-23", "dist": "6"}, {"player": "george springer", "game": "hou @ kc", "gameIdx": 0, "hr/park": "", "pa": "72", "dt": "", "img": "https://www.mlbstatic.com/team-logos/117.svg", "team": "hou", "start": "", "in": "9", "result": "Groundout", "evo": "", "la": "", "dist": ""}, {"player": "jake marisnick", "game": "hou @ kc", "gameIdx": 0, "hr/park": "0/30", "pa": "71", "dt": "", "img": "https://www.mlbstatic.com/team-logos/117.svg", "team": "hou", "start": "", "in": "9", "result": "Flyout", "evo": "86.6", "la": "32", "dist": "332"}, {"player": "yuli gurriel", "game": "hou @ kc", "gameIdx": 0, "hr/park": "30/30", "pa": "70", "dt": "", "img": "https://www.mlbstatic.com/team-logos/117.svg", "team": "hou", "start": "", "in": "9", "result": "Home Run", "evo": "107.0", "la": "21", "dist": "418"}, {"player": "brian mccann", "game": "hou @ kc", "gameIdx": 0, "hr/park": "", "pa": "69", "dt": "", "img": "https://www.mlbstatic.com/team-logos/117.svg", "team": "hou", "start": "", "in": "9", "result": "Fielders Choice", "evo": "", "la": "", "dist": ""}, {"player": "alex bregman", "game": "hou @ kc", "gameIdx": 0, "hr/park": "", "pa": "68", "dt": "", "img": "https://www.mlbstatic.com/team-logos/117.svg", "team": "hou", "start": "", "in": "9", "result": "Single", "evo": "", "la": "", "dist": ""}, {"player": "brandon moss", "game": "hou @ kc", "gameIdx": 0, "hr/park": "", "pa": "67", "dt": "", "img": "https://www.mlbstatic.com/team-logos/118.svg", "team": "kc", "start": "", "in": "8", "result": "Strikeout", "evo": "", "la": "", "dist": ""}, {"player": "mike moustakas", "game": "hou @ kc", "gameIdx": 0, "hr/park": "", "pa": "66", "dt": "", "img": "https://www.mlbstatic.com/team-logos/118.svg", "team": "kc", "start": "", "in": "8", "result": "Double", "evo": "98.3", "la": "14", "dist": "237"}, {"player": "salvador perez", "game": "hou @ kc", "gameIdx": 0, "hr/park": "", "pa": "65", "dt": "", "img": "https://www.mlbstatic.com/team-logos/118.svg", "team": "kc", "start": "", "in": "8", "result": "Pop Out", "evo": "", "la": "", "dist": ""}, {"player": "eric hosmer", "game": "hou @ kc", "gameIdx": 0, "hr/park": "", "pa": "64", "dt": "", "img": "https://www.mlbstatic.com/team-logos/118.svg", "team": "kc", "start": "", "in": "8", "result": "Strikeout", "evo": "", "la": "", "dist": ""}, {"player": "carlos beltran", "game": "hou @ kc", "gameIdx": 0, "hr/park": "", "pa": "63", "dt": "", "img": "https://www.mlbstatic.com/team-logos/117.svg", "team": "hou", "start": "", "in": "8", "result": "Groundout", "evo": "67.9", "la": "-35", "dist": "5"}, {"player": "carlos correa", "game": "hou @ kc", "gameIdx": 0, "hr/park": "", "pa": "62", "dt": "", "img": "https://www.mlbstatic.com/team-logos/117.svg", "team": "hou", "start": "", "in": "8", "result": "Pop Out", "evo": "90.1", "la": "68", "dist": "146"}, {"player": "jose altuve", "game": "hou @ kc", "gameIdx": 0, "hr/park": "", "pa": "61", "dt": "", "img": "https://www.mlbstatic.com/team-logos/117.svg", "team": "hou", "start": "", "in": "8", "result": "Groundout", "evo": "59.4", "la": "1", "dist": "34"}, {"player": "josh reddick", "game": "hou @ kc", "gameIdx": 0, "hr/park": "", "pa": "60", "dt": "", "img": "https://www.mlbstatic.com/team-logos/117.svg", "team": "hou", "start": "", "in": "8", "result": "Double", "evo": "102.2", "la": "-2", "dist": "26"}, {"player": "lorenzo cain", "game": "hou @ kc", "gameIdx": 0, "hr/park": "", "pa": "59", "dt": "", "img": "https://www.mlbstatic.com/team-logos/118.svg", "team": "kc", "start": "", "in": "7", "result": "Strikeout", "evo": "", "la": "", "dist": ""}, {"player": "jorge bonifacio", "game": "hou @ kc", "gameIdx": 0, "hr/park": "30/30", "pa": "58", "dt": "", "img": "https://www.mlbstatic.com/team-logos/118.svg", "team": "kc", "start": "", "in": "7", "result": "Home Run", "evo": "105.0", "la": "36", "dist": "415"}, {"player": "whit merrifield", "game": "hou @ kc", "gameIdx": 0, "hr/park": "", "pa": "57", "dt": "", "img": "https://www.mlbstatic.com/team-logos/118.svg", "team": "kc", "start": "", "in": "7", "result": "Flyout", "evo": "", "la": "", "dist": ""}, {"player": "alex gordon", "game": "hou @ kc", "gameIdx": 0, "hr/park": "0/30", "pa": "56", "dt": "", "img": "https://www.mlbstatic.com/team-logos/118.svg", "team": "kc", "start": "", "in": "7", "result": "Flyout", "evo": "103.0", "la": "47", "dist": "330"}, {"player": "george springer", "game": "hou @ kc", "gameIdx": 0, "hr/park": "", "pa": "55", "dt": "", "img": "https://www.mlbstatic.com/team-logos/117.svg", "team": "hou", "start": "", "in": "7", "result": "Groundout", "evo": "", "la": "", "dist": ""}, {"player": "norichika aoki", "game": "hou @ kc", "gameIdx": 0, "hr/park": "", "pa": "54", "dt": "", "img": "https://www.mlbstatic.com/team-logos/117.svg", "team": "hou", "start": "", "in": "7", "result": "Strikeout", "evo": "", "la": "", "dist": ""}, {"player": "yuli gurriel", "game": "hou @ kc", "gameIdx": 0, "hr/park": "", "pa": "53", "dt": "", "img": "https://www.mlbstatic.com/team-logos/117.svg", "team": "hou", "start": "", "in": "7", "result": "Groundout", "evo": "103.5", "la": "-16", "dist": "9"}, {"player": "alcides escobar", "game": "hou @ kc", "gameIdx": 0, "hr/park": "", "pa": "52", "dt": "", "img": "https://www.mlbstatic.com/team-logos/118.svg", "team": "kc", "start": "", "in": "6", "result": "Strikeout", "evo": "", "la": "", "dist": ""}, {"player": "brandon moss", "game": "hou @ kc", "gameIdx": 0, "hr/park": "", "pa": "51", "dt": "", "img": "https://www.mlbstatic.com/team-logos/118.svg", "team": "kc", "start": "", "in": "6", "result": "Strikeout", "evo": "", "la": "", "dist": ""}, {"player": "mike moustakas", "game": "hou @ kc", "gameIdx": 0, "hr/park": "", "pa": "50", "dt": "", "img": "https://www.mlbstatic.com/team-logos/118.svg", "team": "kc", "start": "", "in": "6", "result": "Lineout", "evo": "80.8", "la": "9", "dist": "150"}, {"player": "salvador perez", "game": "hou @ kc", "gameIdx": 0, "hr/park": "", "pa": "49", "dt": "", "img": "https://www.mlbstatic.com/team-logos/118.svg", "team": "kc", "start": "", "in": "6", "result": "Single", "evo": "", "la": "", "dist": ""}, {"player": "eric hosmer", "game": "hou @ kc", "gameIdx": 0, "hr/park": "", "pa": "48", "dt": "", "img": "https://www.mlbstatic.com/team-logos/118.svg", "team": "kc", "start": "", "in": "6", "result": "Single", "evo": "112.7", "la": "11", "dist": "283"}, {"player": "brian mccann", "game": "hou @ kc", "gameIdx": 0, "hr/park": "", "pa": "47", "dt": "", "img": "https://www.mlbstatic.com/team-logos/117.svg", "team": "hou", "start": "", "in": "6", "result": "Strikeout Double Play", "evo": "", "la": "", "dist": ""}, {"player": "marwin gonzalez", "game": "hou @ kc", "gameIdx": 0, "hr/park": "", "pa": "46", "dt": "", "img": "https://www.mlbstatic.com/team-logos/117.svg", "team": "hou", "start": "", "in": "6", "result": "Double", "evo": "101.3", "la": "4", "dist": "100"}, {"player": "carlos beltran", "game": "hou @ kc", "gameIdx": 0, "hr/park": "", "pa": "45", "dt": "", "img": "https://www.mlbstatic.com/team-logos/117.svg", "team": "hou", "start": "", "in": "6", "result": "Strikeout", "evo": "", "la": "", "dist": ""}, {"player": "lorenzo cain", "game": "hou @ kc", "gameIdx": 0, "hr/park": "", "pa": "44", "dt": "", "img": "https://www.mlbstatic.com/team-logos/118.svg", "team": "kc", "start": "", "in": "5", "result": "Strikeout", "evo": "", "la": "", "dist": ""}, {"player": "jorge bonifacio", "game": "hou @ kc", "gameIdx": 0, "hr/park": "", "pa": "43", "dt": "", "img": "https://www.mlbstatic.com/team-logos/118.svg", "team": "kc", "start": "", "in": "5", "result": "Strikeout", "evo": "", "la": "", "dist": ""}, {"player": "whit merrifield", "game": "hou @ kc", "gameIdx": 0, "hr/park": "", "pa": "42", "dt": "", "img": "https://www.mlbstatic.com/team-logos/118.svg", "team": "kc", "start": "", "in": "5", "result": "Groundout", "evo": "", "la": "", "dist": ""}, {"player": "carlos correa", "game": "hou @ kc", "gameIdx": 0, "hr/park": "", "pa": "41", "dt": "", "img": "https://www.mlbstatic.com/team-logos/117.svg", "team": "hou", "start": "", "in": "5", "result": "Groundout", "evo": "", "la": "", "dist": ""}, {"player": "jose altuve", "game": "hou @ kc", "gameIdx": 0, "hr/park": "", "pa": "40", "dt": "", "img": "https://www.mlbstatic.com/team-logos/117.svg", "team": "hou", "start": "", "in": "5", "result": "Groundout", "evo": "", "la": "", "dist": ""}, {"player": "josh reddick", "game": "hou @ kc", "gameIdx": 0, "hr/park": "", "pa": "39", "dt": "", "img": "https://www.mlbstatic.com/team-logos/117.svg", "team": "hou", "start": "", "in": "5", "result": "Flyout", "evo": "87.1", "la": "48", "dist": "277"}, {"player": "alex gordon", "game": "hou @ kc", "gameIdx": 0, "hr/park": "", "pa": "38", "dt": "", "img": "https://www.mlbstatic.com/team-logos/118.svg", "team": "kc", "start": "", "in": "4", "result": "Flyout", "evo": "", "la": "", "dist": ""}, {"player": "alcides escobar", "game": "hou @ kc", "gameIdx": 0, "hr/park": "", "pa": "37", "dt": "", "img": "https://www.mlbstatic.com/team-logos/118.svg", "team": "kc", "start": "", "in": "4", "result": "Single", "evo": "45.5", "la": "-54", "dist": "5"}, {"player": "brandon moss", "game": "hou @ kc", "gameIdx": 0, "hr/park": "", "pa": "36", "dt": "", "img": "https://www.mlbstatic.com/team-logos/118.svg", "team": "kc", "start": "", "in": "4", "result": "Double", "evo": "78.2", "la": "45", "dist": "243"}, {"player": "mike moustakas", "game": "hou @ kc", "gameIdx": 0, "hr/park": "", "pa": "35", "dt": "", "img": "https://www.mlbstatic.com/team-logos/118.svg", "team": "kc", "start": "", "in": "4", "result": "Walk", "evo": "", "la": "", "dist": ""}, {"player": "salvador perez", "game": "hou @ kc", "gameIdx": 0, "hr/park": "0/30", "pa": "34", "dt": "", "img": "https://www.mlbstatic.com/team-logos/118.svg", "team": "kc", "start": "", "in": "4", "result": "Lineout", "evo": "98.0", "la": "17", "dist": "338"}, {"player": "eric hosmer", "game": "hou @ kc", "gameIdx": 0, "hr/park": "", "pa": "33", "dt": "", "img": "https://www.mlbstatic.com/team-logos/118.svg", "team": "kc", "start": "", "in": "4", "result": "Double", "evo": "90.1", "la": "11", "dist": "186"}, {"player": "lorenzo cain", "game": "hou @ kc", "gameIdx": 0, "hr/park": "", "pa": "32", "dt": "", "img": "https://www.mlbstatic.com/team-logos/118.svg", "team": "kc", "start": "", "in": "4", "result": "Groundout", "evo": "98.4", "la": "-3", "dist": "31"}, {"player": "george springer", "game": "hou @ kc", "gameIdx": 0, "hr/park": "", "pa": "31", "dt": "", "img": "https://www.mlbstatic.com/team-logos/117.svg", "team": "hou", "start": "", "in": "4", "result": "Strikeout", "evo": "", "la": "", "dist": ""}, {"player": "norichika aoki", "game": "hou @ kc", "gameIdx": 0, "hr/park": "", "pa": "30", "dt": "", "img": "https://www.mlbstatic.com/team-logos/117.svg", "team": "hou", "start": "", "in": "4", "result": "Groundout", "evo": "", "la": "", "dist": ""}, {"player": "yuli gurriel", "game": "hou @ kc", "gameIdx": 0, "hr/park": "", "pa": "29", "dt": "", "img": "https://www.mlbstatic.com/team-logos/117.svg", "team": "hou", "start": "", "in": "4", "result": "Pop Out", "evo": "82.3", "la": "62", "dist": "176"}, {"player": "brian mccann", "game": "hou @ kc", "gameIdx": 0, "hr/park": "30/30", "pa": "28", "dt": "", "img": "https://www.mlbstatic.com/team-logos/117.svg", "team": "hou", "start": "", "in": "4", "result": "Home Run", "evo": "101.6", "la": "29", "dist": "419"}, {"player": "marwin gonzalez", "game": "hou @ kc", "gameIdx": 0, "hr/park": "", "pa": "27", "dt": "", "img": "https://www.mlbstatic.com/team-logos/117.svg", "team": "hou", "start": "", "in": "4", "result": "Walk", "evo": "", "la": "", "dist": ""}, {"player": "jorge bonifacio", "game": "hou @ kc", "gameIdx": 0, "hr/park": "0/30", "pa": "26", "dt": "", "img": "https://www.mlbstatic.com/team-logos/118.svg", "team": "kc", "start": "", "in": "3", "result": "Flyout", "evo": "92.5", "la": "37", "dist": "332"}, {"player": "whit merrifield", "game": "hou @ kc", "gameIdx": 0, "hr/park": "", "pa": "25", "dt": "", "img": "https://www.mlbstatic.com/team-logos/118.svg", "team": "kc", "start": "", "in": "3", "result": "Groundout", "evo": "90.6", "la": "-5", "dist": "28"}, {"player": "alex gordon", "game": "hou @ kc", "gameIdx": 0, "hr/park": "", "pa": "24", "dt": "", "img": "https://www.mlbstatic.com/team-logos/118.svg", "team": "kc", "start": "", "in": "3", "result": "Flyout", "evo": "", "la": "", "dist": ""}, {"player": "carlos beltran", "game": "hou @ kc", "gameIdx": 0, "hr/park": "", "pa": "23", "dt": "", "img": "https://www.mlbstatic.com/team-logos/117.svg", "team": "hou", "start": "", "in": "3", "result": "Flyout", "evo": "78.4", "la": "46", "dist": "251"}, {"player": "carlos correa", "game": "hou @ kc", "gameIdx": 0, "hr/park": "", "pa": "22", "dt": "", "img": "https://www.mlbstatic.com/team-logos/117.svg", "team": "hou", "start": "", "in": "3", "result": "Strikeout", "evo": "", "la": "", "dist": ""}, {"player": "jose altuve", "game": "hou @ kc", "gameIdx": 0, "hr/park": "", "pa": "21", "dt": "", "img": "https://www.mlbstatic.com/team-logos/117.svg", "team": "hou", "start": "", "in": "3", "result": "Single", "evo": "", "la": "", "dist": ""}, {"player": "josh reddick", "game": "hou @ kc", "gameIdx": 0, "hr/park": "", "pa": "20", "dt": "", "img": "https://www.mlbstatic.com/team-logos/117.svg", "team": "hou", "start": "", "in": "3", "result": "Pop Out", "evo": "", "la": "", "dist": ""}, {"player": "alcides escobar", "game": "hou @ kc", "gameIdx": 0, "hr/park": "", "pa": "19", "dt": "", "img": "https://www.mlbstatic.com/team-logos/118.svg", "team": "kc", "start": "", "in": "2", "result": "Strikeout", "evo": "", "la": "", "dist": ""}, {"player": "brandon moss", "game": "hou @ kc", "gameIdx": 0, "hr/park": "", "pa": "18", "dt": "", "img": "https://www.mlbstatic.com/team-logos/118.svg", "team": "kc", "start": "", "in": "2", "result": "Flyout", "evo": "86.9", "la": "51", "dist": "270"}, {"player": "mike moustakas", "game": "hou @ kc", "gameIdx": 0, "hr/park": "", "pa": "17", "dt": "", "img": "https://www.mlbstatic.com/team-logos/118.svg", "team": "kc", "start": "", "in": "2", "result": "Single", "evo": "85.1", "la": "18", "dist": "251"}, {"player": "salvador perez", "game": "hou @ kc", "gameIdx": 0, "hr/park": "", "pa": "16", "dt": "", "img": "https://www.mlbstatic.com/team-logos/118.svg", "team": "kc", "start": "", "in": "2", "result": "Groundout", "evo": "83.4", "la": "-14", "dist": "14"}, {"player": "josh reddick", "game": "hou @ kc", "gameIdx": 0, "hr/park": "", "pa": "15", "dt": "", "img": "https://www.mlbstatic.com/team-logos/117.svg", "team": "hou", "start": "", "in": "2", "result": "Caught Stealing 2B", "evo": "", "la": "", "dist": ""}, {"player": "george springer", "game": "hou @ kc", "gameIdx": 0, "hr/park": "", "pa": "14", "dt": "", "img": "https://www.mlbstatic.com/team-logos/117.svg", "team": "hou", "start": "", "in": "2", "result": "Single", "evo": "86.5", "la": "6", "dist": "93"}, {"player": "norichika aoki", "game": "hou @ kc", "gameIdx": 0, "hr/park": "", "pa": "13", "dt": "", "img": "https://www.mlbstatic.com/team-logos/117.svg", "team": "hou", "start": "", "in": "2", "result": "Single", "evo": "101.5", "la": "8", "dist": "151"}, {"player": "yuli gurriel", "game": "hou @ kc", "gameIdx": 0, "hr/park": "", "pa": "12", "dt": "", "img": "https://www.mlbstatic.com/team-logos/117.svg", "team": "hou", "start": "", "in": "2", "result": "Walk", "evo": "", "la": "", "dist": ""}, {"player": "brian mccann", "game": "hou @ kc", "gameIdx": 0, "hr/park": "27/30", "pa": "11", "dt": "", "img": "https://www.mlbstatic.com/team-logos/117.svg", "team": "hou", "start": "", "in": "2", "result": "Double", "evo": "96.7", "la": "27", "dist": "400"}, {"player": "marwin gonzalez", "game": "hou @ kc", "gameIdx": 0, "hr/park": "0/30", "pa": "10", "dt": "", "img": "https://www.mlbstatic.com/team-logos/117.svg", "team": "hou", "start": "", "in": "2", "result": "Flyout", "evo": "94.6", "la": "24", "dist": "363"}, {"player": "eric hosmer", "game": "hou @ kc", "gameIdx": 0, "hr/park": "", "pa": "9", "dt": "", "img": "https://www.mlbstatic.com/team-logos/118.svg", "team": "kc", "start": "", "in": "1", "result": "Groundout", "evo": "92.7", "la": "-5", "dist": "17"}, {"player": "lorenzo cain", "game": "hou @ kc", "gameIdx": 0, "hr/park": "", "pa": "8", "dt": "", "img": "https://www.mlbstatic.com/team-logos/118.svg", "team": "kc", "start": "", "in": "1", "result": "Strikeout", "evo": "", "la": "", "dist": ""}, {"player": "jorge bonifacio", "game": "hou @ kc", "gameIdx": 0, "hr/park": "0/30", "pa": "7", "dt": "", "img": "https://www.mlbstatic.com/team-logos/118.svg", "team": "kc", "start": "", "in": "1", "result": "Single", "evo": "103.3", "la": "13", "dist": "300"}, {"player": "whit merrifield", "game": "hou @ kc", "gameIdx": 0, "hr/park": "", "pa": "6", "dt": "", "img": "https://www.mlbstatic.com/team-logos/118.svg", "team": "kc", "start": "", "in": "1", "result": "Groundout", "evo": "", "la": "", "dist": ""}, {"player": "carlos beltran", "game": "hou @ kc", "gameIdx": 0, "hr/park": "", "pa": "5", "dt": "", "img": "https://www.mlbstatic.com/team-logos/117.svg", "team": "hou", "start": "", "in": "1", "result": "Strikeout", "evo": "", "la": "", "dist": ""}, {"player": "carlos correa", "game": "hou @ kc", "gameIdx": 0, "hr/park": "", "pa": "4", "dt": "", "img": "https://www.mlbstatic.com/team-logos/117.svg", "team": "hou", "start": "", "in": "1", "result": "Walk", "evo": "", "la": "", "dist": ""}, {"player": "jose altuve", "game": "hou @ kc", "gameIdx": 0, "hr/park": "", "pa": "3", "dt": "", "img": "https://www.mlbstatic.com/team-logos/117.svg", "team": "hou", "start": "", "in": "1", "result": "Double", "evo": "91.1", "la": "19", "dist": "286"}, {"player": "josh reddick", "game": "hou @ kc", "gameIdx": 0, "hr/park": "", "pa": "2", "dt": "", "img": "https://www.mlbstatic.com/team-logos/117.svg", "team": "hou", "start": "", "in": "1", "result": "Strikeout", "evo": "", "la": "", "dist": ""}, {"player": "george springer", "game": "hou @ kc", "gameIdx": 0, "hr/park": "", "pa": "1", "dt": "", "img": "https://www.mlbstatic.com/team-logos/117.svg", "team": "hou", "start": "", "in": "1", "result": "Groundout", "evo": "59.9", "la": "-43", "dist": "2"}], "tor @ ath": [{"player": "josh donaldson", "game": "tor @ ath", "gameIdx": 0, "hr/park": "", "pa": "70", "dt": "", "img": "https://www.mlbstatic.com/team-logos/141.svg", "team": "tor", "start": "", "in": "9", "result": "Strikeout", "evo": "", "la": "", "dist": ""}, {"player": "kevin pillar", "game": "tor @ ath", "gameIdx": 0, "hr/park": "", "pa": "69", "dt": "", "img": "https://www.mlbstatic.com/team-logos/141.svg", "team": "tor", "start": "", "in": "9", "result": "Forceout", "evo": "96.8", "la": "-7", "dist": "20"}, {"player": "ezequiel carrera", "game": "tor @ ath", "gameIdx": 0, "hr/park": "", "pa": "68", "dt": "", "img": "https://www.mlbstatic.com/team-logos/141.svg", "team": "tor", "start": "", "in": "9", "result": "Walk", "evo": "", "la": "", "dist": ""}, {"player": "ryan goins", "game": "tor @ ath", "gameIdx": 0, "hr/park": "", "pa": "67", "dt": "", "img": "https://www.mlbstatic.com/team-logos/141.svg", "team": "tor", "start": "", "in": "9", "result": "Strikeout", "evo": "", "la": "", "dist": ""}, {"player": "yonder alonso", "game": "tor @ ath", "gameIdx": 0, "hr/park": "", "pa": "66", "dt": "", "img": "https://www.mlbstatic.com/team-logos/133.svg", "team": "ath", "start": "", "in": "8", "result": "Groundout", "evo": "73.4", "la": "-24", "dist": "8"}, {"player": "matt joyce", "game": "tor @ ath", "gameIdx": 0, "hr/park": "", "pa": "65", "dt": "", "img": "https://www.mlbstatic.com/team-logos/133.svg", "team": "ath", "start": "", "in": "8", "result": "Groundout", "evo": "82.9", "la": "", "dist": "34"}, {"player": "jed lowrie", "game": "tor @ ath", "gameIdx": 0, "hr/park": "", "pa": "64", "dt": "", "img": "https://www.mlbstatic.com/team-logos/133.svg", "team": "ath", "start": "", "in": "8", "result": "Flyout", "evo": "78.4", "la": "38", "dist": "264"}, {"player": "chad pinder", "game": "tor @ ath", "gameIdx": 0, "hr/park": "", "pa": "63", "dt": "", "img": "https://www.mlbstatic.com/team-logos/133.svg", "team": "ath", "start": "", "in": "8", "result": "Double", "evo": "95.1", "la": "20", "dist": "270"}, {"player": "russell martin", "game": "tor @ ath", "gameIdx": 0, "hr/park": "", "pa": "62", "dt": "", "img": "https://www.mlbstatic.com/team-logos/141.svg", "team": "tor", "start": "", "in": "8", "result": "Strikeout", "evo": "", "la": "", "dist": ""}, {"player": "troy tulowitzki", "game": "tor @ ath", "gameIdx": 0, "hr/park": "", "pa": "61", "dt": "", "img": "https://www.mlbstatic.com/team-logos/141.svg", "team": "tor", "start": "", "in": "8", "result": "Single", "evo": "99.5", "la": "-9", "dist": "13"}, {"player": "justin smoak", "game": "tor @ ath", "gameIdx": 0, "hr/park": "30/30", "pa": "60", "dt": "", "img": "https://www.mlbstatic.com/team-logos/141.svg", "team": "tor", "start": "", "in": "8", "result": "Home Run", "evo": "102.1", "la": "28", "dist": "404"}, {"player": "kendrys morales", "game": "tor @ ath", "gameIdx": 0, "hr/park": "", "pa": "59", "dt": "", "img": "https://www.mlbstatic.com/team-logos/141.svg", "team": "tor", "start": "", "in": "8", "result": "Strikeout", "evo": "", "la": "", "dist": ""}, {"player": "jose bautista", "game": "tor @ ath", "gameIdx": 0, "hr/park": "", "pa": "58", "dt": "", "img": "https://www.mlbstatic.com/team-logos/141.svg", "team": "tor", "start": "", "in": "8", "result": "Lineout", "evo": "95.2", "la": "9", "dist": "177"}, {"player": "rajai davis", "game": "tor @ ath", "gameIdx": 0, "hr/park": "", "pa": "57", "dt": "", "img": "https://www.mlbstatic.com/team-logos/133.svg", "team": "ath", "start": "", "in": "7", "result": "Pop Out", "evo": "77.7", "la": "51", "dist": "207"}, {"player": "josh phegley", "game": "tor @ ath", "gameIdx": 0, "hr/park": "", "pa": "56", "dt": "", "img": "https://www.mlbstatic.com/team-logos/133.svg", "team": "ath", "start": "", "in": "7", "result": "Pop Out", "evo": "", "la": "", "dist": ""}, {"player": "mark canha", "game": "tor @ ath", "gameIdx": 0, "hr/park": "", "pa": "55", "dt": "", "img": "https://www.mlbstatic.com/team-logos/133.svg", "team": "ath", "start": "", "in": "7", "result": "Strikeout", "evo": "", "la": "", "dist": ""}, {"player": "josh donaldson", "game": "tor @ ath", "gameIdx": 0, "hr/park": "", "pa": "54", "dt": "", "img": "https://www.mlbstatic.com/team-logos/141.svg", "team": "tor", "start": "", "in": "7", "result": "Lineout", "evo": "105.5", "la": "7", "dist": "152"}, {"player": "kevin pillar", "game": "tor @ ath", "gameIdx": 0, "hr/park": "", "pa": "53", "dt": "", "img": "https://www.mlbstatic.com/team-logos/141.svg", "team": "tor", "start": "", "in": "7", "result": "Forceout", "evo": "80.0", "la": "-4", "dist": "23"}, {"player": "ezequiel carrera", "game": "tor @ ath", "gameIdx": 0, "hr/park": "", "pa": "52", "dt": "", "img": "https://www.mlbstatic.com/team-logos/141.svg", "team": "tor", "start": "", "in": "7", "result": "Single", "evo": "88.9", "la": "14", "dist": "165"}, {"player": "ryan goins", "game": "tor @ ath", "gameIdx": 0, "hr/park": "", "pa": "51", "dt": "", "img": "https://www.mlbstatic.com/team-logos/141.svg", "team": "tor", "start": "", "in": "7", "result": "Strikeout", "evo": "", "la": "", "dist": ""}, {"player": "trevor plouffe", "game": "tor @ ath", "gameIdx": 0, "hr/park": "", "pa": "50", "dt": "", "img": "https://www.mlbstatic.com/team-logos/133.svg", "team": "ath", "start": "", "in": "6", "result": "Pop Out", "evo": "", "la": "", "dist": ""}, {"player": "ryon healy", "game": "tor @ ath", "gameIdx": 0, "hr/park": "", "pa": "49", "dt": "", "img": "https://www.mlbstatic.com/team-logos/133.svg", "team": "ath", "start": "", "in": "6", "result": "Groundout", "evo": "92.6", "la": "-20", "dist": "6"}, {"player": "yonder alonso", "game": "tor @ ath", "gameIdx": 0, "hr/park": "", "pa": "48", "dt": "", "img": "https://www.mlbstatic.com/team-logos/133.svg", "team": "ath", "start": "", "in": "6", "result": "Double", "evo": "105.4", "la": "13", "dist": "298"}, {"player": "khris davis", "game": "tor @ ath", "gameIdx": 0, "hr/park": "", "pa": "47", "dt": "", "img": "https://www.mlbstatic.com/team-logos/133.svg", "team": "ath", "start": "", "in": "6", "result": "Strikeout", "evo": "", "la": "", "dist": ""}, {"player": "russell martin", "game": "tor @ ath", "gameIdx": 0, "hr/park": "0/30", "pa": "46", "dt": "", "img": "https://www.mlbstatic.com/team-logos/141.svg", "team": "tor", "start": "", "in": "6", "result": "Flyout", "evo": "93.8", "la": "38", "dist": "345"}, {"player": "troy tulowitzki", "game": "tor @ ath", "gameIdx": 0, "hr/park": "0/30", "pa": "45", "dt": "", "img": "https://www.mlbstatic.com/team-logos/141.svg", "team": "tor", "start": "", "in": "6", "result": "Flyout", "evo": "95.7", "la": "25", "dist": "358"}, {"player": "justin smoak", "game": "tor @ ath", "gameIdx": 0, "hr/park": "", "pa": "44", "dt": "", "img": "https://www.mlbstatic.com/team-logos/141.svg", "team": "tor", "start": "", "in": "6", "result": "Lineout", "evo": "86.6", "la": "24", "dist": "292"}, {"player": "jed lowrie", "game": "tor @ ath", "gameIdx": 0, "hr/park": "", "pa": "43", "dt": "", "img": "https://www.mlbstatic.com/team-logos/133.svg", "team": "ath", "start": "", "in": "5", "result": "Flyout", "evo": "88.6", "la": "29", "dist": "297"}, {"player": "chad pinder", "game": "tor @ ath", "gameIdx": 0, "hr/park": "", "pa": "42", "dt": "", "img": "https://www.mlbstatic.com/team-logos/133.svg", "team": "ath", "start": "", "in": "5", "result": "Groundout", "evo": "70.9", "la": "-24", "dist": "7"}, {"player": "rajai davis", "game": "tor @ ath", "gameIdx": 0, "hr/park": "", "pa": "41", "dt": "", "img": "https://www.mlbstatic.com/team-logos/133.svg", "team": "ath", "start": "", "in": "5", "result": "Walk", "evo": "", "la": "", "dist": ""}, {"player": "josh phegley", "game": "tor @ ath", "gameIdx": 0, "hr/park": "", "pa": "40", "dt": "", "img": "https://www.mlbstatic.com/team-logos/133.svg", "team": "ath", "start": "", "in": "5", "result": "Groundout", "evo": "75.1", "la": "5", "dist": "67"}, {"player": "kendrys morales", "game": "tor @ ath", "gameIdx": 0, "hr/park": "", "pa": "39", "dt": "", "img": "https://www.mlbstatic.com/team-logos/141.svg", "team": "tor", "start": "", "in": "5", "result": "Strikeout", "evo": "", "la": "", "dist": ""}, {"player": "jose bautista", "game": "tor @ ath", "gameIdx": 0, "hr/park": "", "pa": "38", "dt": "", "img": "https://www.mlbstatic.com/team-logos/141.svg", "team": "tor", "start": "", "in": "5", "result": "Fielders Choice Out", "evo": "89.3", "la": "-1", "dist": "38"}, {"player": "josh donaldson", "game": "tor @ ath", "gameIdx": 0, "hr/park": "", "pa": "37", "dt": "", "img": "https://www.mlbstatic.com/team-logos/141.svg", "team": "tor", "start": "", "in": "5", "result": "Groundout", "evo": "", "la": "", "dist": ""}, {"player": "kevin pillar", "game": "tor @ ath", "gameIdx": 0, "hr/park": "", "pa": "36", "dt": "", "img": "https://www.mlbstatic.com/team-logos/141.svg", "team": "tor", "start": "", "in": "5", "result": "Double", "evo": "98.8", "la": "", "dist": "50"}, {"player": "ezequiel carrera", "game": "tor @ ath", "gameIdx": 0, "hr/park": "", "pa": "35", "dt": "", "img": "https://www.mlbstatic.com/team-logos/141.svg", "team": "tor", "start": "", "in": "5", "result": "Walk", "evo": "", "la": "", "dist": ""}, {"player": "mark canha", "game": "tor @ ath", "gameIdx": 0, "hr/park": "", "pa": "34", "dt": "", "img": "https://www.mlbstatic.com/team-logos/133.svg", "team": "ath", "start": "", "in": "4", "result": "Pop Out", "evo": "", "la": "", "dist": ""}, {"player": "trevor plouffe", "game": "tor @ ath", "gameIdx": 0, "hr/park": "", "pa": "33", "dt": "", "img": "https://www.mlbstatic.com/team-logos/133.svg", "team": "ath", "start": "", "in": "4", "result": "Groundout", "evo": "70.9", "la": "-29", "dist": "7"}, {"player": "ryon healy", "game": "tor @ ath", "gameIdx": 0, "hr/park": "26/30", "pa": "32", "dt": "", "img": "https://www.mlbstatic.com/team-logos/133.svg", "team": "ath", "start": "", "in": "4", "result": "Home Run", "evo": "103.6", "la": "30", "dist": "412"}, {"player": "yonder alonso", "game": "tor @ ath", "gameIdx": 0, "hr/park": "", "pa": "31", "dt": "", "img": "https://www.mlbstatic.com/team-logos/133.svg", "team": "ath", "start": "", "in": "4", "result": "Strikeout", "evo": "", "la": "", "dist": ""}, {"player": "khris davis", "game": "tor @ ath", "gameIdx": 0, "hr/park": "", "pa": "30", "dt": "", "img": "https://www.mlbstatic.com/team-logos/133.svg", "team": "ath", "start": "", "in": "4", "result": "Walk", "evo": "", "la": "", "dist": ""}, {"player": "darwin barney", "game": "tor @ ath", "gameIdx": 0, "hr/park": "", "pa": "29", "dt": "", "img": "https://www.mlbstatic.com/team-logos/141.svg", "team": "tor", "start": "", "in": "4", "result": "Strikeout", "evo": "", "la": "", "dist": ""}, {"player": "russell martin", "game": "tor @ ath", "gameIdx": 0, "hr/park": "", "pa": "28", "dt": "", "img": "https://www.mlbstatic.com/team-logos/141.svg", "team": "tor", "start": "", "in": "4", "result": "Flyout", "evo": "92.0", "la": "46", "dist": "295"}, {"player": "troy tulowitzki", "game": "tor @ ath", "gameIdx": 0, "hr/park": "", "pa": "27", "dt": "", "img": "https://www.mlbstatic.com/team-logos/141.svg", "team": "tor", "start": "", "in": "4", "result": "Pop Out", "evo": "61.2", "la": "79", "dist": "92"}, {"player": "justin smoak", "game": "tor @ ath", "gameIdx": 0, "hr/park": "", "pa": "26", "dt": "", "img": "https://www.mlbstatic.com/team-logos/141.svg", "team": "tor", "start": "", "in": "4", "result": "Single", "evo": "98.8", "la": "10", "dist": "237"}, {"player": "jed lowrie", "game": "tor @ ath", "gameIdx": 0, "hr/park": "0/30", "pa": "25", "dt": "", "img": "https://www.mlbstatic.com/team-logos/133.svg", "team": "ath", "start": "", "in": "3", "result": "Lineout", "evo": "94.0", "la": "24", "dist": "316"}, {"player": "chad pinder", "game": "tor @ ath", "gameIdx": 0, "hr/park": "", "pa": "24", "dt": "", "img": "https://www.mlbstatic.com/team-logos/133.svg", "team": "ath", "start": "", "in": "3", "result": "Groundout", "evo": "44.8", "la": "-37", "dist": "2"}, {"player": "rajai davis", "game": "tor @ ath", "gameIdx": 0, "hr/park": "0/30", "pa": "23", "dt": "", "img": "https://www.mlbstatic.com/team-logos/133.svg", "team": "ath", "start": "", "in": "3", "result": "Lineout", "evo": "87.8", "la": "27", "dist": "305"}, {"player": "kendrys morales", "game": "tor @ ath", "gameIdx": 0, "hr/park": "", "pa": "22", "dt": "", "img": "https://www.mlbstatic.com/team-logos/141.svg", "team": "tor", "start": "", "in": "3", "result": "Forceout", "evo": "110.6", "la": "4", "dist": "110"}, {"player": "jose bautista", "game": "tor @ ath", "gameIdx": 0, "hr/park": "", "pa": "21", "dt": "", "img": "https://www.mlbstatic.com/team-logos/141.svg", "team": "tor", "start": "", "in": "3", "result": "Strikeout", "evo": "", "la": "", "dist": ""}, {"player": "josh donaldson", "game": "tor @ ath", "gameIdx": 0, "hr/park": "", "pa": "20", "dt": "", "img": "https://www.mlbstatic.com/team-logos/141.svg", "team": "tor", "start": "", "in": "3", "result": "Walk", "evo": "", "la": "", "dist": ""}, {"player": "kevin pillar", "game": "tor @ ath", "gameIdx": 0, "hr/park": "0/30", "pa": "19", "dt": "", "img": "https://www.mlbstatic.com/team-logos/141.svg", "team": "tor", "start": "", "in": "3", "result": "Flyout", "evo": "91.3", "la": "30", "dist": "358"}, {"player": "josh phegley", "game": "tor @ ath", "gameIdx": 0, "hr/park": "", "pa": "18", "dt": "", "img": "https://www.mlbstatic.com/team-logos/133.svg", "team": "ath", "start": "", "in": "2", "result": "Strikeout", "evo": "", "la": "", "dist": ""}, {"player": "mark canha", "game": "tor @ ath", "gameIdx": 0, "hr/park": "", "pa": "17", "dt": "", "img": "https://www.mlbstatic.com/team-logos/133.svg", "team": "ath", "start": "", "in": "2", "result": "Strikeout", "evo": "", "la": "", "dist": ""}, {"player": "trevor plouffe", "game": "tor @ ath", "gameIdx": 0, "hr/park": "0/30", "pa": "16", "dt": "", "img": "https://www.mlbstatic.com/team-logos/133.svg", "team": "ath", "start": "", "in": "2", "result": "Lineout", "evo": "101.0", "la": "16", "dist": "304"}, {"player": "ryon healy", "game": "tor @ ath", "gameIdx": 0, "hr/park": "30/30", "pa": "15", "dt": "", "img": "https://www.mlbstatic.com/team-logos/133.svg", "team": "ath", "start": "", "in": "2", "result": "Home Run", "evo": "105.5", "la": "23", "dist": "426"}, {"player": "yonder alonso", "game": "tor @ ath", "gameIdx": 0, "hr/park": "", "pa": "14", "dt": "", "img": "https://www.mlbstatic.com/team-logos/133.svg", "team": "ath", "start": "", "in": "2", "result": "Single", "evo": "72.2", "la": "16", "dist": "136"}, {"player": "khris davis", "game": "tor @ ath", "gameIdx": 0, "hr/park": "", "pa": "13", "dt": "", "img": "https://www.mlbstatic.com/team-logos/133.svg", "team": "ath", "start": "", "in": "2", "result": "Walk", "evo": "", "la": "", "dist": ""}, {"player": "ezequiel carrera", "game": "tor @ ath", "gameIdx": 0, "hr/park": "", "pa": "12", "dt": "", "img": "https://www.mlbstatic.com/team-logos/141.svg", "team": "tor", "start": "", "in": "2", "result": "Groundout", "evo": "101.5", "la": "7", "dist": "134"}, {"player": "darwin barney", "game": "tor @ ath", "gameIdx": 0, "hr/park": "", "pa": "11", "dt": "", "img": "https://www.mlbstatic.com/team-logos/141.svg", "team": "tor", "start": "", "in": "2", "result": "Strikeout", "evo": "", "la": "", "dist": ""}, {"player": "russell martin", "game": "tor @ ath", "gameIdx": 0, "hr/park": "", "pa": "10", "dt": "", "img": "https://www.mlbstatic.com/team-logos/141.svg", "team": "tor", "start": "", "in": "2", "result": "Strikeout", "evo": "", "la": "", "dist": ""}, {"player": "troy tulowitzki", "game": "tor @ ath", "gameIdx": 0, "hr/park": "", "pa": "9", "dt": "", "img": "https://www.mlbstatic.com/team-logos/141.svg", "team": "tor", "start": "", "in": "2", "result": "Double", "evo": "96.2", "la": "16", "dist": "257"}, {"player": "jed lowrie", "game": "tor @ ath", "gameIdx": 0, "hr/park": "", "pa": "8", "dt": "", "img": "https://www.mlbstatic.com/team-logos/133.svg", "team": "ath", "start": "", "in": "1", "result": "Groundout", "evo": "67.7", "la": "-5", "dist": "16"}, {"player": "chad pinder", "game": "tor @ ath", "gameIdx": 0, "hr/park": "", "pa": "7", "dt": "", "img": "https://www.mlbstatic.com/team-logos/133.svg", "team": "ath", "start": "", "in": "1", "result": "Lineout", "evo": "85.3", "la": "11", "dist": "178"}, {"player": "rajai davis", "game": "tor @ ath", "gameIdx": 0, "hr/park": "", "pa": "6", "dt": "", "img": "https://www.mlbstatic.com/team-logos/133.svg", "team": "ath", "start": "", "in": "1", "result": "Groundout", "evo": "78.4", "la": "-34", "dist": "4"}, {"player": "justin smoak", "game": "tor @ ath", "gameIdx": 0, "hr/park": "", "pa": "5", "dt": "", "img": "https://www.mlbstatic.com/team-logos/141.svg", "team": "tor", "start": "", "in": "1", "result": "Strikeout", "evo": "", "la": "", "dist": ""}, {"player": "kendrys morales", "game": "tor @ ath", "gameIdx": 0, "hr/park": "", "pa": "4", "dt": "", "img": "https://www.mlbstatic.com/team-logos/141.svg", "team": "tor", "start": "", "in": "1", "result": "Strikeout", "evo": "", "la": "", "dist": ""}, {"player": "jose bautista", "game": "tor @ ath", "gameIdx": 0, "hr/park": "", "pa": "3", "dt": "", "img": "https://www.mlbstatic.com/team-logos/141.svg", "team": "tor", "start": "", "in": "1", "result": "Groundout", "evo": "103.1", "la": "-2", "dist": "31"}, {"player": "josh donaldson", "game": "tor @ ath", "gameIdx": 0, "hr/park": "", "pa": "2", "dt": "", "img": "https://www.mlbstatic.com/team-logos/141.svg", "team": "tor", "start": "", "in": "1", "result": "Double", "evo": "107.1", "la": "13", "dist": "243"}, {"player": "kevin pillar", "game": "tor @ ath", "gameIdx": 0, "hr/park": "", "pa": "1", "dt": "", "img": "https://www.mlbstatic.com/team-logos/141.svg", "team": "tor", "start": "", "in": "1", "result": "Walk", "evo": "", "la": "", "dist": ""}], "wsh @ lad": []}