{"all": {"pitchers": "13", "batters": "40", "pitches": "487", "max velomax pitch velocity": "102.8", "min velomin pitch velocity": "76.5", "ff%fourseam fastball %": "31.2", "si%sinker %": "16.2", "fc%cutter %": "9.2", "fs%splitter %": "1.2", "ch%changeup %": "7.6", "sl%slider %": "24.6", "cu%curve %": "9.9", "max evmax exit velocity": "115.5", "hhhard hit": "31", "hh%hard hit %": "34.8", "brlbarrels": "10", "brl%barrel %": "11.2", "ab": "123", "avg": ".179", "h": "22", "1b": "12", "2b": "5", "3b": "1", "hr": "4", "so": "37", "bipballs in play": "89", "liveGames": 0, "totGames": 15}, "chw @ det": [], "sf @ stl": [], "nym @ chc": [], "tb @ pit": [{"player": "isaac paredes", "game": "tb @ pit", "gameIdx": 0, "hr/park": "", "pa": "68", "dt": "", "img": "https://www.mlbstatic.com/team-logos/139.svg", "team": "tb", "start": "", "in": "9", "result": "Groundout", "evo": "91.4", "la": "-24", "dist": "7"}, {"player": "yandy diaz", "game": "tb @ pit", "gameIdx": 0, "hr/park": "0/30", "pa": "67", "dt": "", "img": "https://www.mlbstatic.com/team-logos/139.svg", "team": "tb", "start": "", "in": "9", "result": "Double", "evo": "93.7", "la": "19", "dist": "330"}, {"player": "taylor walls", "game": "tb @ pit", "gameIdx": 0, "hr/park": "", "pa": "66", "dt": "", "img": "https://www.mlbstatic.com/team-logos/139.svg", "team": "tb", "start": "", "in": "9", "result": "Strikeout", "evo": "", "la": "", "dist": ""}, {"player": "jose caballero", "game": "tb @ pit", "gameIdx": 0, "hr/park": "", "pa": "65", "dt": "", "img": "https://www.mlbstatic.com/team-logos/139.svg", "team": "tb", "start": "", "in": "9", "result": "Forceout", "evo": "74.7", "la": "-35", "dist": "5"}, {"player": "jonny deluca", "game": "tb @ pit", "gameIdx": 0, "hr/park": "", "pa": "64", "dt": "", "img": "https://www.mlbstatic.com/team-logos/139.svg", "team": "tb", "start": "", "in": "9", "result": "Walk", "evo": "", "la": "", "dist": ""}, {"player": "oneil cruz", "game": "tb @ pit", "gameIdx": 0, "hr/park": "", "pa": "63", "dt": "", "img": "https://www.mlbstatic.com/team-logos/134.svg", "team": "pit", "start": "", "in": "8", "result": "Strikeout", "evo": "", "la": "", "dist": ""}, {"player": "bryan reynolds", "game": "tb @ pit", "gameIdx": 0, "hr/park": "", "pa": "62", "dt": "", "img": "https://www.mlbstatic.com/team-logos/134.svg", "team": "pit", "start": "", "in": "8", "result": "Groundout", "evo": "108.3", "la": "1", "dist": "55"}, {"player": "andrew mccutchen", "game": "tb @ pit", "gameIdx": 0, "hr/park": "", "pa": "61", "dt": "", "img": "https://www.mlbstatic.com/team-logos/134.svg", "team": "pit", "start": "", "in": "8", "result": "Strikeout", "evo": "", "la": "", "dist": ""}, {"player": "jose siri", "game": "tb @ pit", "gameIdx": 0, "hr/park": "", "pa": "60", "dt": "", "img": "https://www.mlbstatic.com/team-logos/139.svg", "team": "tb", "start": "", "in": "8", "result": "Groundout", "evo": "68.4", "la": "-29", "dist": "3"}, {"player": "richie palacios", "game": "tb @ pit", "gameIdx": 0, "hr/park": "", "pa": "59", "dt": "", "img": "https://www.mlbstatic.com/team-logos/139.svg", "team": "tb", "start": "", "in": "8", "result": "Single", "evo": "75.6", "la": "16", "dist": "202"}, {"player": "josh lowe", "game": "tb @ pit", "gameIdx": 0, "hr/park": "", "pa": "58", "dt": "", "img": "https://www.mlbstatic.com/team-logos/139.svg", "team": "tb", "start": "", "in": "8", "result": "Walk", "evo": "", "la": "", "dist": ""}, {"player": "randy arozarena", "game": "tb @ pit", "gameIdx": 0, "hr/park": "", "pa": "57", "dt": "", "img": "https://www.mlbstatic.com/team-logos/139.svg", "team": "tb", "start": "", "in": "8", "result": "Groundout", "evo": "101.9", "la": "-4", "dist": "20"}, {"player": "isaac paredes", "game": "tb @ pit", "gameIdx": 0, "hr/park": "", "pa": "56", "dt": "", "img": "https://www.mlbstatic.com/team-logos/139.svg", "team": "tb", "start": "", "in": "8", "result": "Strikeout", "evo": "", "la": "", "dist": ""}, {"player": "jason delay", "game": "tb @ pit", "gameIdx": 0, "hr/park": "", "pa": "55", "dt": "", "img": "https://www.mlbstatic.com/team-logos/134.svg", "team": "pit", "start": "", "in": "7", "result": "Pop Out", "evo": "82.9", "la": "81", "dist": "43"}, {"player": "jack suwinski", "game": "tb @ pit", "gameIdx": 0, "hr/park": "", "pa": "54", "dt": "", "img": "https://www.mlbstatic.com/team-logos/134.svg", "team": "pit", "start": "", "in": "7", "result": "Strikeout", "evo": "", "la": "", "dist": ""}, {"player": "edward olivares", "game": "tb @ pit", "gameIdx": 0, "hr/park": "", "pa": "53", "dt": "", "img": "https://www.mlbstatic.com/team-logos/134.svg", "team": "pit", "start": "", "in": "7", "result": "Groundout", "evo": "99.9", "la": "-2", "dist": "39"}, {"player": "yandy diaz", "game": "tb @ pit", "gameIdx": 0, "hr/park": "", "pa": "52", "dt": "", "img": "https://www.mlbstatic.com/team-logos/139.svg", "team": "tb", "start": "", "in": "7", "result": "Groundout", "evo": "", "la": "", "dist": ""}, {"player": "taylor walls", "game": "tb @ pit", "gameIdx": 0, "hr/park": "0/30", "pa": "51", "dt": "", "img": "https://www.mlbstatic.com/team-logos/139.svg", "team": "tb", "start": "", "in": "7", "result": "Flyout", "evo": "91.4", "la": "36", "dist": "348"}, {"player": "jose caballero", "game": "tb @ pit", "gameIdx": 0, "hr/park": "", "pa": "50", "dt": "", "img": "https://www.mlbstatic.com/team-logos/139.svg", "team": "tb", "start": "", "in": "7", "result": "Pop Out", "evo": "95.4", "la": "66", "dist": "174"}, {"player": "kebryan hayes", "game": "tb @ pit", "gameIdx": 0, "hr/park": "", "pa": "49", "dt": "", "img": "https://www.mlbstatic.com/team-logos/134.svg", "team": "pit", "start": "", "in": "6", "result": "Groundout", "evo": "100.2", "la": "-12", "dist": "9"}, {"player": "nick gonzales", "game": "tb @ pit", "gameIdx": 0, "hr/park": "", "pa": "48", "dt": "", "img": "https://www.mlbstatic.com/team-logos/134.svg", "team": "pit", "start": "", "in": "6", "result": "Groundout", "evo": "74.3", "la": "-21", "dist": "6"}, {"player": "rowdy tellez", "game": "tb @ pit", "gameIdx": 0, "hr/park": "", "pa": "47", "dt": "", "img": "https://www.mlbstatic.com/team-logos/134.svg", "team": "pit", "start": "", "in": "6", "result": "Groundout", "evo": "92.7", "la": "-16", "dist": "6"}, {"player": "ben rortvedt", "game": "tb @ pit", "gameIdx": 0, "hr/park": "", "pa": "46", "dt": "", "img": "https://www.mlbstatic.com/team-logos/139.svg", "team": "tb", "start": "", "in": "6", "result": "Strikeout", "evo": "", "la": "", "dist": ""}, {"player": "jose siri", "game": "tb @ pit", "gameIdx": 0, "hr/park": "", "pa": "45", "dt": "", "img": "https://www.mlbstatic.com/team-logos/139.svg", "team": "tb", "start": "", "in": "6", "result": "Strikeout", "evo": "", "la": "", "dist": ""}, {"player": "richie palacios", "game": "tb @ pit", "gameIdx": 0, "hr/park": "0/30", "pa": "44", "dt": "", "img": "https://www.mlbstatic.com/team-logos/139.svg", "team": "tb", "start": "", "in": "6", "result": "Flyout", "evo": "99.1", "la": "44", "dist": "327"}, {"player": "josh lowe", "game": "tb @ pit", "gameIdx": 0, "hr/park": "", "pa": "43", "dt": "", "img": "https://www.mlbstatic.com/team-logos/139.svg", "team": "tb", "start": "", "in": "6", "result": "Walk", "evo": "", "la": "", "dist": ""}, {"player": "oneil cruz", "game": "tb @ pit", "gameIdx": 0, "hr/park": "", "pa": "42", "dt": "", "img": "https://www.mlbstatic.com/team-logos/134.svg", "team": "pit", "start": "", "in": "5", "result": "Flyout", "evo": "93.4", "la": "58", "dist": "237"}, {"player": "bryan reynolds", "game": "tb @ pit", "gameIdx": 0, "hr/park": "", "pa": "41", "dt": "", "img": "https://www.mlbstatic.com/team-logos/134.svg", "team": "pit", "start": "", "in": "5", "result": "Strikeout", "evo": "", "la": "", "dist": ""}, {"player": "andrew mccutchen", "game": "tb @ pit", "gameIdx": 0, "hr/park": "", "pa": "40", "dt": "", "img": "https://www.mlbstatic.com/team-logos/134.svg", "team": "pit", "start": "", "in": "5", "result": "Groundout", "evo": "87.1", "la": "3", "dist": "64"}, {"player": "randy arozarena", "game": "tb @ pit", "gameIdx": 0, "hr/park": "", "pa": "39", "dt": "", "img": "https://www.mlbstatic.com/team-logos/139.svg", "team": "tb", "start": "", "in": "5", "result": "Strikeout", "evo": "", "la": "", "dist": ""}, {"player": "isaac paredes", "game": "tb @ pit", "gameIdx": 0, "hr/park": "", "pa": "38", "dt": "", "img": "https://www.mlbstatic.com/team-logos/139.svg", "team": "tb", "start": "", "in": "5", "result": "Walk", "evo": "", "la": "", "dist": ""}, {"player": "yandy diaz", "game": "tb @ pit", "gameIdx": 0, "hr/park": "", "pa": "37", "dt": "", "img": "https://www.mlbstatic.com/team-logos/139.svg", "team": "tb", "start": "", "in": "5", "result": "Groundout", "evo": "109.9", "la": "-2", "dist": "39"}, {"player": "taylor walls", "game": "tb @ pit", "gameIdx": 0, "hr/park": "", "pa": "36", "dt": "", "img": "https://www.mlbstatic.com/team-logos/139.svg", "team": "tb", "start": "", "in": "5", "result": "Groundout", "evo": "78.4", "la": "-20", "dist": "7"}, {"player": "jason delay", "game": "tb @ pit", "gameIdx": 0, "hr/park": "", "pa": "35", "dt": "", "img": "https://www.mlbstatic.com/team-logos/134.svg", "team": "pit", "start": "", "in": "4", "result": "Groundout", "evo": "53.4", "la": "-53", "dist": "4"}, {"player": "jack suwinski", "game": "tb @ pit", "gameIdx": 0, "hr/park": "", "pa": "34", "dt": "", "img": "https://www.mlbstatic.com/team-logos/134.svg", "team": "pit", "start": "", "in": "4", "result": "Groundout", "evo": "70.1", "la": "-2", "dist": "35"}, {"player": "edward olivares", "game": "tb @ pit", "gameIdx": 0, "hr/park": "", "pa": "33", "dt": "", "img": "https://www.mlbstatic.com/team-logos/134.svg", "team": "pit", "start": "", "in": "4", "result": "Groundout", "evo": "101.7", "la": "-16", "dist": "7"}, {"player": "jose caballero", "game": "tb @ pit", "gameIdx": 0, "hr/park": "", "pa": "32", "dt": "", "img": "https://www.mlbstatic.com/team-logos/139.svg", "team": "tb", "start": "", "in": "4", "result": "Groundout", "evo": "98.3", "la": "5", "dist": "131"}, {"player": "ben rortvedt", "game": "tb @ pit", "gameIdx": 0, "hr/park": "", "pa": "31", "dt": "", "img": "https://www.mlbstatic.com/team-logos/139.svg", "team": "tb", "start": "", "in": "4", "result": "Single", "evo": "84.1", "la": "52", "dist": "230"}, {"player": "jose siri", "game": "tb @ pit", "gameIdx": 0, "hr/park": "", "pa": "30", "dt": "", "img": "https://www.mlbstatic.com/team-logos/139.svg", "team": "tb", "start": "", "in": "4", "result": "Strikeout", "evo": "", "la": "", "dist": ""}, {"player": "richie palacios", "game": "tb @ pit", "gameIdx": 0, "hr/park": "", "pa": "29", "dt": "", "img": "https://www.mlbstatic.com/team-logos/139.svg", "team": "tb", "start": "", "in": "4", "result": "Single", "evo": "104.9", "la": "-1", "dist": "44"}, {"player": "josh lowe", "game": "tb @ pit", "gameIdx": 0, "hr/park": "0/30", "pa": "28", "dt": "", "img": "https://www.mlbstatic.com/team-logos/139.svg", "team": "tb", "start": "", "in": "4", "result": "Lineout", "evo": "97.1", "la": "20", "dist": "331"}, {"player": "kebryan hayes", "game": "tb @ pit", "gameIdx": 0, "hr/park": "", "pa": "27", "dt": "", "img": "https://www.mlbstatic.com/team-logos/134.svg", "team": "pit", "start": "", "in": "3", "result": "Groundout", "evo": "95.4", "la": "", "dist": "40"}, {"player": "nick gonzales", "game": "tb @ pit", "gameIdx": 0, "hr/park": "", "pa": "26", "dt": "", "img": "https://www.mlbstatic.com/team-logos/134.svg", "team": "pit", "start": "", "in": "3", "result": "Forceout", "evo": "76.9", "la": "-41", "dist": "3"}, {"player": "rowdy tellez", "game": "tb @ pit", "gameIdx": 0, "hr/park": "", "pa": "25", "dt": "", "img": "https://www.mlbstatic.com/team-logos/134.svg", "team": "pit", "start": "", "in": "3", "result": "Single", "evo": "108.9", "la": "-11", "dist": "10"}, {"player": "oneil cruz", "game": "tb @ pit", "gameIdx": 0, "hr/park": "", "pa": "24", "dt": "", "img": "https://www.mlbstatic.com/team-logos/134.svg", "team": "pit", "start": "", "in": "3", "result": "Walk", "evo": "", "la": "", "dist": ""}, {"player": "bryan reynolds", "game": "tb @ pit", "gameIdx": 0, "hr/park": "", "pa": "23", "dt": "", "img": "https://www.mlbstatic.com/team-logos/134.svg", "team": "pit", "start": "", "in": "3", "result": "Single", "evo": "84.9", "la": "9", "dist": "171"}, {"player": "andrew mccutchen", "game": "tb @ pit", "gameIdx": 0, "hr/park": "6/30", "pa": "22", "dt": "", "img": "https://www.mlbstatic.com/team-logos/134.svg", "team": "pit", "start": "", "in": "3", "result": "Triple", "evo": "99.5", "la": "30", "dist": "358"}, {"player": "jason delay", "game": "tb @ pit", "gameIdx": 0, "hr/park": "", "pa": "21", "dt": "", "img": "https://www.mlbstatic.com/team-logos/134.svg", "team": "pit", "start": "", "in": "3", "result": "Flyout", "evo": "88.3", "la": "54", "dist": "232"}, {"player": "randy arozarena", "game": "tb @ pit", "gameIdx": 0, "hr/park": "", "pa": "20", "dt": "", "img": "https://www.mlbstatic.com/team-logos/139.svg", "team": "tb", "start": "", "in": "3", "result": "Strikeout", "evo": "", "la": "", "dist": ""}, {"player": "brandon lowe", "game": "tb @ pit", "gameIdx": 0, "hr/park": "", "pa": "19", "dt": "", "img": "https://www.mlbstatic.com/team-logos/139.svg", "team": "tb", "start": "", "in": "3", "result": "Groundout", "evo": "72.3", "la": "-11", "dist": "11"}, {"player": "yandy diaz", "game": "tb @ pit", "gameIdx": 0, "hr/park": "", "pa": "18", "dt": "", "img": "https://www.mlbstatic.com/team-logos/139.svg", "team": "tb", "start": "", "in": "3", "result": "Strikeout", "evo": "", "la": "", "dist": ""}, {"player": "jack suwinski", "game": "tb @ pit", "gameIdx": 0, "hr/park": "", "pa": "17", "dt": "", "img": "https://www.mlbstatic.com/team-logos/134.svg", "team": "pit", "start": "", "in": "2", "result": "Strikeout", "evo": "", "la": "", "dist": ""}, {"player": "edward olivares", "game": "tb @ pit", "gameIdx": 0, "hr/park": "", "pa": "16", "dt": "", "img": "https://www.mlbstatic.com/team-logos/134.svg", "team": "pit", "start": "", "in": "2", "result": "Single", "evo": "82.8", "la": "-59", "dist": "2"}, {"player": "kebryan hayes", "game": "tb @ pit", "gameIdx": 0, "hr/park": "", "pa": "15", "dt": "", "img": "https://www.mlbstatic.com/team-logos/134.svg", "team": "pit", "start": "", "in": "2", "result": "Groundout", "evo": "102.2", "la": "-8", "dist": "18"}, {"player": "nick gonzales", "game": "tb @ pit", "gameIdx": 0, "hr/park": "", "pa": "14", "dt": "", "img": "https://www.mlbstatic.com/team-logos/134.svg", "team": "pit", "start": "", "in": "2", "result": "Strikeout", "evo": "", "la": "", "dist": ""}, {"player": "taylor walls", "game": "tb @ pit", "gameIdx": 0, "hr/park": "", "pa": "13", "dt": "", "img": "https://www.mlbstatic.com/team-logos/139.svg", "team": "tb", "start": "", "in": "2", "result": "Strikeout", "evo": "", "la": "", "dist": ""}, {"player": "jose caballero", "game": "tb @ pit", "gameIdx": 0, "hr/park": "", "pa": "12", "dt": "", "img": "https://www.mlbstatic.com/team-logos/139.svg", "team": "tb", "start": "", "in": "2", "result": "Single", "evo": "69.7", "la": "36", "dist": "217"}, {"player": "ben rortvedt", "game": "tb @ pit", "gameIdx": 0, "hr/park": "", "pa": "11", "dt": "", "img": "https://www.mlbstatic.com/team-logos/139.svg", "team": "tb", "start": "", "in": "2", "result": "Strikeout", "evo": "", "la": "", "dist": ""}, {"player": "rowdy tellez", "game": "tb @ pit", "gameIdx": 0, "hr/park": "", "pa": "10", "dt": "", "img": "https://www.mlbstatic.com/team-logos/134.svg", "team": "pit", "start": "", "in": "1", "result": "Strikeout", "evo": "", "la": "", "dist": ""}, {"player": "oneil cruz", "game": "tb @ pit", "gameIdx": 0, "hr/park": "30/30", "pa": "9", "dt": "", "img": "https://www.mlbstatic.com/team-logos/134.svg", "team": "pit", "start": "", "in": "1", "result": "Home Run", "evo": "111.6", "la": "30", "dist": "445"}, {"player": "bryan reynolds", "game": "tb @ pit", "gameIdx": 0, "hr/park": "", "pa": "8", "dt": "", "img": "https://www.mlbstatic.com/team-logos/134.svg", "team": "pit", "start": "", "in": "1", "result": "Strikeout", "evo": "", "la": "", "dist": ""}, {"player": "andrew mccutchen", "game": "tb @ pit", "gameIdx": 0, "hr/park": "0/30", "pa": "7", "dt": "", "img": "https://www.mlbstatic.com/team-logos/134.svg", "team": "pit", "start": "", "in": "1", "result": "Flyout", "evo": "92.7", "la": "35", "dist": "345"}, {"player": "jose siri", "game": "tb @ pit", "gameIdx": 0, "hr/park": "", "pa": "6", "dt": "", "img": "https://www.mlbstatic.com/team-logos/139.svg", "team": "tb", "start": "", "in": "1", "result": "Pop Out", "evo": "79.5", "la": "72", "dist": "115"}, {"player": "amed rosario", "game": "tb @ pit", "gameIdx": 0, "hr/park": "", "pa": "5", "dt": "", "img": "https://www.mlbstatic.com/team-logos/139.svg", "team": "tb", "start": "", "in": "1", "result": "Hit By Pitch", "evo": "", "la": "", "dist": ""}, {"player": "josh lowe", "game": "tb @ pit", "gameIdx": 0, "hr/park": "", "pa": "4", "dt": "", "img": "https://www.mlbstatic.com/team-logos/139.svg", "team": "tb", "start": "", "in": "1", "result": "Groundout", "evo": "81.2", "la": "5", "dist": "101"}, {"player": "randy arozarena", "game": "tb @ pit", "gameIdx": 0, "hr/park": "", "pa": "3", "dt": "", "img": "https://www.mlbstatic.com/team-logos/139.svg", "team": "tb", "start": "", "in": "1", "result": "Walk", "evo": "", "la": "", "dist": ""}, {"player": "brandon lowe", "game": "tb @ pit", "gameIdx": 0, "hr/park": "", "pa": "2", "dt": "", "img": "https://www.mlbstatic.com/team-logos/139.svg", "team": "tb", "start": "", "in": "1", "result": "Hit By Pitch", "evo": "", "la": "", "dist": ""}, {"player": "yandy diaz", "game": "tb @ pit", "gameIdx": 0, "hr/park": "", "pa": "1", "dt": "", "img": "https://www.mlbstatic.com/team-logos/139.svg", "team": "tb", "start": "", "in": "1", "result": "Groundout", "evo": "81.6", "la": "-43", "dist": "2"}], "kc @ tex": [], "ari @ phi": [], "min @ ath": [], "bos @ cin": [], "bal @ hou": [], "tor @ cle": [], "sea @ mia": [], "atl @ nyy": [], "mil @ sd": [], "wsh @ col": [], "laa @ lad": [{"player": "willie calhoun", "game": "laa @ lad", "gameIdx": 0, "hr/park": "0/30", "pa": "68", "dt": "", "img": "https://www.mlbstatic.com/team-logos/108.svg", "team": "laa", "start": "", "in": "9", "result": "Flyout", "evo": "96.6", "la": "35", "dist": "338"}, {"player": "taylor ward", "game": "laa @ lad", "gameIdx": 0, "hr/park": "", "pa": "67", "dt": "", "img": "https://www.mlbstatic.com/team-logos/108.svg", "team": "laa", "start": "", "in": "9", "result": "Strikeout", "evo": "", "la": "", "dist": ""}, {"player": "luis rengifo", "game": "laa @ lad", "gameIdx": 0, "hr/park": "", "pa": "66", "dt": "", "img": "https://www.mlbstatic.com/team-logos/108.svg", "team": "laa", "start": "", "in": "9", "result": "Groundout", "evo": "72.7", "la": "-9", "dist": "9"}, {"player": "shohei ohtani", "game": "laa @ lad", "gameIdx": 0, "hr/park": "", "pa": "65", "dt": "", "img": "https://www.mlbstatic.com/team-logos/119.svg", "team": "lad", "start": "", "in": "8", "result": "Groundout", "evo": "81.1", "la": "-7", "dist": "17"}, {"player": "cavan biggio", "game": "laa @ lad", "gameIdx": 0, "hr/park": "", "pa": "64", "dt": "", "img": "https://www.mlbstatic.com/team-logos/119.svg", "team": "lad", "start": "", "in": "8", "result": "Strikeout", "evo": "", "la": "", "dist": ""}, {"player": "gavin lux", "game": "laa @ lad", "gameIdx": 0, "hr/park": "", "pa": "63", "dt": "", "img": "https://www.mlbstatic.com/team-logos/119.svg", "team": "lad", "start": "", "in": "8", "result": "Groundout", "evo": "", "la": "", "dist": ""}, {"player": "nolan schanuel", "game": "laa @ lad", "gameIdx": 0, "hr/park": "", "pa": "62", "dt": "", "img": "https://www.mlbstatic.com/team-logos/108.svg", "team": "laa", "start": "", "in": "8", "result": "Strikeout", "evo": "", "la": "", "dist": ""}, {"player": "luis guillorme", "game": "laa @ lad", "gameIdx": 0, "hr/park": "0/30", "pa": "61", "dt": "", "img": "https://www.mlbstatic.com/team-logos/108.svg", "team": "laa", "start": "", "in": "8", "result": "Flyout", "evo": "84.2", "la": "30", "dist": "308"}, {"player": "jo adell", "game": "laa @ lad", "gameIdx": 0, "hr/park": "0/30", "pa": "60", "dt": "", "img": "https://www.mlbstatic.com/team-logos/108.svg", "team": "laa", "start": "", "in": "8", "result": "Flyout", "evo": "92.6", "la": "26", "dist": "350"}, {"player": "mickey moniak", "game": "laa @ lad", "gameIdx": 0, "hr/park": "", "pa": "59", "dt": "", "img": "https://www.mlbstatic.com/team-logos/108.svg", "team": "laa", "start": "", "in": "8", "result": "Single", "evo": "77.4", "la": "15", "dist": "173"}, {"player": "miguel rojas", "game": "laa @ lad", "gameIdx": 0, "hr/park": "", "pa": "58", "dt": "", "img": "https://www.mlbstatic.com/team-logos/119.svg", "team": "lad", "start": "", "in": "7", "result": "Strikeout", "evo": "", "la": "", "dist": ""}, {"player": "jason heyward", "game": "laa @ lad", "gameIdx": 0, "hr/park": "", "pa": "57", "dt": "", "img": "https://www.mlbstatic.com/team-logos/119.svg", "team": "lad", "start": "", "in": "7", "result": "Walk", "evo": "", "la": "", "dist": ""}, {"player": "andy pages", "game": "laa @ lad", "gameIdx": 0, "hr/park": "", "pa": "56", "dt": "", "img": "https://www.mlbstatic.com/team-logos/119.svg", "team": "lad", "start": "", "in": "7", "result": "Groundout", "evo": "96.7", "la": "-13", "dist": "6"}, {"player": "teoscar hernandez", "game": "laa @ lad", "gameIdx": 0, "hr/park": "", "pa": "55", "dt": "", "img": "https://www.mlbstatic.com/team-logos/119.svg", "team": "lad", "start": "", "in": "7", "result": "Groundout", "evo": "70.9", "la": "-44", "dist": "3"}, {"player": "michael stefanic", "game": "laa @ lad", "gameIdx": 0, "hr/park": "", "pa": "54", "dt": "", "img": "https://www.mlbstatic.com/team-logos/108.svg", "team": "laa", "start": "", "in": "7", "result": "Groundout", "evo": "64.1", "la": "-32", "dist": "4"}, {"player": "logan ohoppe", "game": "laa @ lad", "gameIdx": 0, "hr/park": "29/30", "pa": "53", "dt": "", "img": "https://www.mlbstatic.com/team-logos/108.svg", "team": "laa", "start": "", "in": "7", "result": "Home Run", "evo": "106.3", "la": "32", "dist": "406"}, {"player": "willie calhoun", "game": "laa @ lad", "gameIdx": 0, "hr/park": "", "pa": "52", "dt": "", "img": "https://www.mlbstatic.com/team-logos/108.svg", "team": "laa", "start": "", "in": "7", "result": "Strikeout", "evo": "", "la": "", "dist": ""}, {"player": "taylor ward", "game": "laa @ lad", "gameIdx": 0, "hr/park": "", "pa": "51", "dt": "", "img": "https://www.mlbstatic.com/team-logos/108.svg", "team": "laa", "start": "", "in": "7", "result": "Strikeout", "evo": "", "la": "", "dist": ""}, {"player": "freddie freeman", "game": "laa @ lad", "gameIdx": 0, "hr/park": "", "pa": "50", "dt": "", "img": "https://www.mlbstatic.com/team-logos/119.svg", "team": "lad", "start": "", "in": "6", "result": "Strikeout", "evo": "", "la": "", "dist": ""}, {"player": "will smith", "game": "laa @ lad", "gameIdx": 0, "hr/park": "", "pa": "49", "dt": "", "img": "https://www.mlbstatic.com/team-logos/119.svg", "team": "lad", "start": "", "in": "6", "result": "Strikeout", "evo": "", "la": "", "dist": ""}, {"player": "shohei ohtani", "game": "laa @ lad", "gameIdx": 0, "hr/park": "", "pa": "48", "dt": "", "img": "https://www.mlbstatic.com/team-logos/119.svg", "team": "lad", "start": "", "in": "6", "result": "Groundout", "evo": "87.8", "la": "-6", "dist": "15"}, {"player": "luis rengifo", "game": "laa @ lad", "gameIdx": 0, "hr/park": "", "pa": "47", "dt": "", "img": "https://www.mlbstatic.com/team-logos/108.svg", "team": "laa", "start": "", "in": "6", "result": "Groundout", "evo": "89.2", "la": "-8", "dist": "17"}, {"player": "nolan schanuel", "game": "laa @ lad", "gameIdx": 0, "hr/park": "", "pa": "46", "dt": "", "img": "https://www.mlbstatic.com/team-logos/108.svg", "team": "laa", "start": "", "in": "6", "result": "Strikeout", "evo": "", "la": "", "dist": ""}, {"player": "luis guillorme", "game": "laa @ lad", "gameIdx": 0, "hr/park": "", "pa": "45", "dt": "", "img": "https://www.mlbstatic.com/team-logos/108.svg", "team": "laa", "start": "", "in": "6", "result": "Groundout", "evo": "92.1", "la": "-23", "dist": "4"}, {"player": "cavan biggio", "game": "laa @ lad", "gameIdx": 0, "hr/park": "", "pa": "44", "dt": "", "img": "https://www.mlbstatic.com/team-logos/119.svg", "team": "lad", "start": "", "in": "5", "result": "Strikeout", "evo": "", "la": "", "dist": ""}, {"player": "gavin lux", "game": "laa @ lad", "gameIdx": 0, "hr/park": "", "pa": "43", "dt": "", "img": "https://www.mlbstatic.com/team-logos/119.svg", "team": "lad", "start": "", "in": "5", "result": "Single", "evo": "95.8", "la": "15", "dist": "261"}, {"player": "miguel rojas", "game": "laa @ lad", "gameIdx": 0, "hr/park": "", "pa": "42", "dt": "", "img": "https://www.mlbstatic.com/team-logos/119.svg", "team": "lad", "start": "", "in": "5", "result": "Double", "evo": "80.6", "la": "-28", "dist": "6"}, {"player": "jason heyward", "game": "laa @ lad", "gameIdx": 0, "hr/park": "0/30", "pa": "41", "dt": "", "img": "https://www.mlbstatic.com/team-logos/119.svg", "team": "lad", "start": "", "in": "5", "result": "Flyout", "evo": "93.6", "la": "41", "dist": "315"}, {"player": "andy pages", "game": "laa @ lad", "gameIdx": 0, "hr/park": "0/30", "pa": "40", "dt": "", "img": "https://www.mlbstatic.com/team-logos/119.svg", "team": "lad", "start": "", "in": "5", "result": "Flyout", "evo": "88.2", "la": "43", "dist": "302"}, {"player": "jo adell", "game": "laa @ lad", "gameIdx": 0, "hr/park": "", "pa": "39", "dt": "", "img": "https://www.mlbstatic.com/team-logos/108.svg", "team": "laa", "start": "", "in": "5", "result": "Groundout", "evo": "69.2", "la": "-22", "dist": "6"}, {"player": "mickey moniak", "game": "laa @ lad", "gameIdx": 0, "hr/park": "", "pa": "38", "dt": "", "img": "https://www.mlbstatic.com/team-logos/108.svg", "team": "laa", "start": "", "in": "5", "result": "Strikeout", "evo": "", "la": "", "dist": ""}, {"player": "michael stefanic", "game": "laa @ lad", "gameIdx": 0, "hr/park": "", "pa": "37", "dt": "", "img": "https://www.mlbstatic.com/team-logos/108.svg", "team": "laa", "start": "", "in": "5", "result": "Pop Out", "evo": "87.8", "la": "67", "dist": "130"}, {"player": "teoscar hernandez", "game": "laa @ lad", "gameIdx": 0, "hr/park": "", "pa": "36", "dt": "", "img": "https://www.mlbstatic.com/team-logos/119.svg", "team": "lad", "start": "", "in": "4", "result": "Strikeout", "evo": "", "la": "", "dist": ""}, {"player": "freddie freeman", "game": "laa @ lad", "gameIdx": 0, "hr/park": "2/30", "pa": "35", "dt": "", "img": "https://www.mlbstatic.com/team-logos/119.svg", "team": "lad", "start": "", "in": "4", "result": "Sac Fly", "evo": "101.9", "la": "42", "dist": "344"}, {"player": "will smith", "game": "laa @ lad", "gameIdx": 0, "hr/park": "", "pa": "34", "dt": "", "img": "https://www.mlbstatic.com/team-logos/119.svg", "team": "lad", "start": "", "in": "4", "result": "Walk", "evo": "", "la": "", "dist": ""}, {"player": "shohei ohtani", "game": "laa @ lad", "gameIdx": 0, "hr/park": "", "pa": "33", "dt": "", "img": "https://www.mlbstatic.com/team-logos/119.svg", "team": "lad", "start": "", "in": "4", "result": "Walk", "evo": "", "la": "", "dist": ""}, {"player": "cavan biggio", "game": "laa @ lad", "gameIdx": 0, "hr/park": "", "pa": "32", "dt": "", "img": "https://www.mlbstatic.com/team-logos/119.svg", "team": "lad", "start": "", "in": "4", "result": "Single", "evo": "69.8", "la": "16", "dist": "127"}, {"player": "gavin lux", "game": "laa @ lad", "gameIdx": 0, "hr/park": "0/30", "pa": "31", "dt": "", "img": "https://www.mlbstatic.com/team-logos/119.svg", "team": "lad", "start": "", "in": "4", "result": "Flyout", "evo": "103.1", "la": "25", "dist": "377"}, {"player": "miguel rojas", "game": "laa @ lad", "gameIdx": 0, "hr/park": "", "pa": "30", "dt": "", "img": "https://www.mlbstatic.com/team-logos/119.svg", "team": "lad", "start": "", "in": "4", "result": "Single", "evo": "93.9", "la": "-11", "dist": "15"}, {"player": "logan ohoppe", "game": "laa @ lad", "gameIdx": 0, "hr/park": "", "pa": "29", "dt": "", "img": "https://www.mlbstatic.com/team-logos/108.svg", "team": "laa", "start": "", "in": "4", "result": "Strikeout", "evo": "", "la": "", "dist": ""}, {"player": "willie calhoun", "game": "laa @ lad", "gameIdx": 0, "hr/park": "", "pa": "28", "dt": "", "img": "https://www.mlbstatic.com/team-logos/108.svg", "team": "laa", "start": "", "in": "4", "result": "Groundout", "evo": "74.0", "la": "8", "dist": "96"}, {"player": "taylor ward", "game": "laa @ lad", "gameIdx": 0, "hr/park": "0/30", "pa": "27", "dt": "", "img": "https://www.mlbstatic.com/team-logos/108.svg", "team": "laa", "start": "", "in": "4", "result": "Double", "evo": "105.7", "la": "19", "dist": "328"}, {"player": "luis rengifo", "game": "laa @ lad", "gameIdx": 0, "hr/park": "", "pa": "26", "dt": "", "img": "https://www.mlbstatic.com/team-logos/108.svg", "team": "laa", "start": "", "in": "4", "result": "Strikeout", "evo": "", "la": "", "dist": ""}, {"player": "nolan schanuel", "game": "laa @ lad", "gameIdx": 0, "hr/park": "", "pa": "25", "dt": "", "img": "https://www.mlbstatic.com/team-logos/108.svg", "team": "laa", "start": "", "in": "4", "result": "Catcher Interference", "evo": "", "la": "", "dist": ""}, {"player": "jason heyward", "game": "laa @ lad", "gameIdx": 0, "hr/park": "", "pa": "24", "dt": "", "img": "https://www.mlbstatic.com/team-logos/119.svg", "team": "lad", "start": "", "in": "3", "result": "Flyout", "evo": "77.9", "la": "32", "dist": "275"}, {"player": "andy pages", "game": "laa @ lad", "gameIdx": 0, "hr/park": "0/30", "pa": "23", "dt": "", "img": "https://www.mlbstatic.com/team-logos/119.svg", "team": "lad", "start": "", "in": "3", "result": "Double", "evo": "98.7", "la": "27", "dist": "363"}, {"player": "teoscar hernandez", "game": "laa @ lad", "gameIdx": 0, "hr/park": "0/30", "pa": "22", "dt": "", "img": "https://www.mlbstatic.com/team-logos/119.svg", "team": "lad", "start": "", "in": "3", "result": "Lineout", "evo": "112.7", "la": "15", "dist": "307"}, {"player": "freddie freeman", "game": "laa @ lad", "gameIdx": 0, "hr/park": "", "pa": "21", "dt": "", "img": "https://www.mlbstatic.com/team-logos/119.svg", "team": "lad", "start": "", "in": "3", "result": "Double", "evo": "104.4", "la": "17", "dist": "280"}, {"player": "will smith", "game": "laa @ lad", "gameIdx": 0, "hr/park": "", "pa": "20", "dt": "", "img": "https://www.mlbstatic.com/team-logos/119.svg", "team": "lad", "start": "", "in": "3", "result": "Pop Out", "evo": "82.6", "la": "73", "dist": "115"}, {"player": "shohei ohtani", "game": "laa @ lad", "gameIdx": 0, "hr/park": "30/30", "pa": "19", "dt": "", "img": "https://www.mlbstatic.com/team-logos/119.svg", "team": "lad", "start": "", "in": "3", "result": "Home Run", "evo": "115.5", "la": "24", "dist": "459"}, {"player": "cavan biggio", "game": "laa @ lad", "gameIdx": 0, "hr/park": "", "pa": "18", "dt": "", "img": "https://www.mlbstatic.com/team-logos/119.svg", "team": "lad", "start": "", "in": "3", "result": "Single", "evo": "25.9", "la": "-42", "dist": "5"}, {"player": "gavin lux", "game": "laa @ lad", "gameIdx": 0, "hr/park": "30/30", "pa": "17", "dt": "", "img": "https://www.mlbstatic.com/team-logos/119.svg", "team": "lad", "start": "", "in": "3", "result": "Home Run", "evo": "104.2", "la": "37", "dist": "388"}, {"player": "luis guillorme", "game": "laa @ lad", "gameIdx": 0, "hr/park": "", "pa": "16", "dt": "", "img": "https://www.mlbstatic.com/team-logos/108.svg", "team": "laa", "start": "", "in": "3", "result": "Strikeout", "evo": "", "la": "", "dist": ""}, {"player": "jo adell", "game": "laa @ lad", "gameIdx": 0, "hr/park": "", "pa": "15", "dt": "", "img": "https://www.mlbstatic.com/team-logos/108.svg", "team": "laa", "start": "", "in": "3", "result": "Pop Out", "evo": "55.5", "la": "72", "dist": "63"}, {"player": "mickey moniak", "game": "laa @ lad", "gameIdx": 0, "hr/park": "0/30", "pa": "14", "dt": "", "img": "https://www.mlbstatic.com/team-logos/108.svg", "team": "laa", "start": "", "in": "3", "result": "Lineout", "evo": "90.3", "la": "23", "dist": "332"}, {"player": "miguel rojas", "game": "laa @ lad", "gameIdx": 0, "hr/park": "", "pa": "13", "dt": "", "img": "https://www.mlbstatic.com/team-logos/119.svg", "team": "lad", "start": "", "in": "2", "result": "Lineout", "evo": "95.5", "la": "7", "dist": "141"}, {"player": "jason heyward", "game": "laa @ lad", "gameIdx": 0, "hr/park": "", "pa": "12", "dt": "", "img": "https://www.mlbstatic.com/team-logos/119.svg", "team": "lad", "start": "", "in": "2", "result": "Walk", "evo": "", "la": "", "dist": ""}, {"player": "andy pages", "game": "laa @ lad", "gameIdx": 0, "hr/park": "16/30", "pa": "11", "dt": "", "img": "https://www.mlbstatic.com/team-logos/119.svg", "team": "lad", "start": "", "in": "2", "result": "Flyout", "evo": "98.3", "la": "30", "dist": "367"}, {"player": "teoscar hernandez", "game": "laa @ lad", "gameIdx": 0, "hr/park": "", "pa": "10", "dt": "", "img": "https://www.mlbstatic.com/team-logos/119.svg", "team": "lad", "start": "", "in": "2", "result": "Flyout", "evo": "101.7", "la": "56", "dist": "238"}, {"player": "zach neto", "game": "laa @ lad", "gameIdx": 0, "hr/park": "", "pa": "9", "dt": "", "img": "https://www.mlbstatic.com/team-logos/108.svg", "team": "laa", "start": "", "in": "2", "result": "Strikeout", "evo": "", "la": "", "dist": ""}, {"player": "logan ohoppe", "game": "laa @ lad", "gameIdx": 0, "hr/park": "", "pa": "8", "dt": "", "img": "https://www.mlbstatic.com/team-logos/108.svg", "team": "laa", "start": "", "in": "2", "result": "Groundout", "evo": "69.1", "la": "-32", "dist": "5"}, {"player": "willie calhoun", "game": "laa @ lad", "gameIdx": 0, "hr/park": "", "pa": "7", "dt": "", "img": "https://www.mlbstatic.com/team-logos/108.svg", "team": "laa", "start": "", "in": "2", "result": "Pop Out", "evo": "74.5", "la": "63", "dist": "159"}, {"player": "freddie freeman", "game": "laa @ lad", "gameIdx": 0, "hr/park": "", "pa": "6", "dt": "", "img": "https://www.mlbstatic.com/team-logos/119.svg", "team": "lad", "start": "", "in": "1", "result": "Pop Out", "evo": "85.1", "la": "60", "dist": "201"}, {"player": "will smith", "game": "laa @ lad", "gameIdx": 0, "hr/park": "", "pa": "5", "dt": "", "img": "https://www.mlbstatic.com/team-logos/119.svg", "team": "lad", "start": "", "in": "1", "result": "Strikeout", "evo": "", "la": "", "dist": ""}, {"player": "shohei ohtani", "game": "laa @ lad", "gameIdx": 0, "hr/park": "", "pa": "4", "dt": "", "img": "https://www.mlbstatic.com/team-logos/119.svg", "team": "lad", "start": "", "in": "1", "result": "Lineout", "evo": "80.4", "la": "24", "dist": "271"}, {"player": "taylor ward", "game": "laa @ lad", "gameIdx": 0, "hr/park": "0/30", "pa": "3", "dt": "", "img": "https://www.mlbstatic.com/team-logos/108.svg", "team": "laa", "start": "", "in": "1", "result": "Flyout", "evo": "94.5", "la": "25", "dist": "362"}, {"player": "luis rengifo", "game": "laa @ lad", "gameIdx": 0, "hr/park": "", "pa": "2", "dt": "", "img": "https://www.mlbstatic.com/team-logos/108.svg", "team": "laa", "start": "", "in": "1", "result": "Strikeout", "evo": "", "la": "", "dist": ""}, {"player": "nolan schanuel", "game": "laa @ lad", "gameIdx": 0, "hr/park": "", "pa": "1", "dt": "", "img": "https://www.mlbstatic.com/team-logos/108.svg", "team": "laa", "start": "", "in": "1", "result": "Strikeout", "evo": "", "la": "", "dist": ""}]}