{"all": {"pitchers": "8", "batters": "19", "pitches": "298", "max velomax pitch velocity": "98.0", "min velomin pitch velocity": "74.6", "ff%fourseam fastball %": "40.6", "si%sinker %": "5.4", "fc%cutter %": "11.7", "fs%splitter %": "0.0", "ch%changeup %": "7.0", "sl%slider %": "26.8", "cu%curve %": "8.4", "max evmax exit velocity": "110.8", "hhhard hit": "13", "hh%hard hit %": "31.0", "brlbarrels": "3", "brl%barrel %": "7.1", "ab": "66", "avg": ".197", "h": "13", "1b": "5", "2b": "6", "3b": "1", "hr": "1", "so": "25", "bipballs in play": "42", "liveGames": 0, "totGames": 12}, "cle @ bal": [{"player": "ryan mountcastle", "game": "cle @ bal", "gameIdx": 0, "hr/park": "", "pa": "71", "dt": "", "img": "https://www.mlbstatic.com/team-logos/110.svg", "team": "bal", "start": "", "in": "9", "result": "Strikeout", "evo": "", "la": "", "dist": ""}, {"player": "cedric mullins", "game": "cle @ bal", "gameIdx": 0, "hr/park": "", "pa": "70", "dt": "", "img": "https://www.mlbstatic.com/team-logos/110.svg", "team": "bal", "start": "", "in": "9", "result": "Strikeout", "evo": "", "la": "", "dist": ""}, {"player": "jordan westburg", "game": "cle @ bal", "gameIdx": 0, "hr/park": "", "pa": "69", "dt": "", "img": "https://www.mlbstatic.com/team-logos/110.svg", "team": "bal", "start": "", "in": "9", "result": "Strikeout", "evo": "", "la": "", "dist": ""}, {"player": "bo naylor", "game": "cle @ bal", "gameIdx": 0, "hr/park": "", "pa": "68", "dt": "", "img": "https://www.mlbstatic.com/team-logos/114.svg", "team": "cle", "start": "", "in": "9", "result": "Strikeout", "evo": "", "la": "", "dist": ""}, {"player": "gabriel arias", "game": "cle @ bal", "gameIdx": 0, "hr/park": "", "pa": "67", "dt": "", "img": "https://www.mlbstatic.com/team-logos/114.svg", "team": "cle", "start": "", "in": "9", "result": "Strikeout", "evo": "", "la": "", "dist": ""}, {"player": "daniel schneemann", "game": "cle @ bal", "gameIdx": 0, "hr/park": "", "pa": "66", "dt": "", "img": "https://www.mlbstatic.com/team-logos/114.svg", "team": "cle", "start": "", "in": "9", "result": "Strikeout", "evo": "", "la": "", "dist": ""}, {"player": "heston kjerstad", "game": "cle @ bal", "gameIdx": 0, "hr/park": "0/30", "pa": "65", "dt": "", "img": "https://www.mlbstatic.com/team-logos/110.svg", "team": "bal", "start": "", "in": "8", "result": "Flyout", "evo": "98.3", "la": "42", "dist": "331"}, {"player": "anthony santander", "game": "cle @ bal", "gameIdx": 0, "hr/park": "", "pa": "64", "dt": "", "img": "https://www.mlbstatic.com/team-logos/110.svg", "team": "bal", "start": "", "in": "8", "result": "Walk", "evo": "", "la": "", "dist": ""}, {"player": "ryan ohearn", "game": "cle @ bal", "gameIdx": 0, "hr/park": "", "pa": "63", "dt": "", "img": "https://www.mlbstatic.com/team-logos/110.svg", "team": "bal", "start": "", "in": "8", "result": "Groundout", "evo": "85.1", "la": "1", "dist": "48"}, {"player": "adley rutschman", "game": "cle @ bal", "gameIdx": 0, "hr/park": "", "pa": "62", "dt": "", "img": "https://www.mlbstatic.com/team-logos/110.svg", "team": "bal", "start": "", "in": "8", "result": "Strikeout", "evo": "", "la": "", "dist": ""}, {"player": "will brennan", "game": "cle @ bal", "gameIdx": 0, "hr/park": "", "pa": "61", "dt": "", "img": "https://www.mlbstatic.com/team-logos/114.svg", "team": "cle", "start": "", "in": "8", "result": "Strikeout", "evo": "", "la": "", "dist": ""}, {"player": "david fry", "game": "cle @ bal", "gameIdx": 0, "hr/park": "", "pa": "60", "dt": "", "img": "https://www.mlbstatic.com/team-logos/114.svg", "team": "cle", "start": "", "in": "8", "result": "Double", "evo": "104.1", "la": "14", "dist": "249"}, {"player": "josh naylor", "game": "cle @ bal", "gameIdx": 0, "hr/park": "", "pa": "59", "dt": "", "img": "https://www.mlbstatic.com/team-logos/114.svg", "team": "cle", "start": "", "in": "8", "result": "Strikeout", "evo": "", "la": "", "dist": ""}, {"player": "jose ramirez", "game": "cle @ bal", "gameIdx": 0, "hr/park": "", "pa": "58", "dt": "", "img": "https://www.mlbstatic.com/team-logos/114.svg", "team": "cle", "start": "", "in": "8", "result": "Strikeout", "evo": "", "la": "", "dist": ""}, {"player": "gunnar henderson", "game": "cle @ bal", "gameIdx": 0, "hr/park": "", "pa": "57", "dt": "", "img": "https://www.mlbstatic.com/team-logos/110.svg", "team": "bal", "start": "", "in": "7", "result": "Strikeout", "evo": "", "la": "", "dist": ""}, {"player": "james mccann", "game": "cle @ bal", "gameIdx": 0, "hr/park": "", "pa": "56", "dt": "", "img": "https://www.mlbstatic.com/team-logos/110.svg", "team": "bal", "start": "", "in": "7", "result": "Strikeout", "evo": "", "la": "", "dist": ""}, {"player": "ramon urias", "game": "cle @ bal", "gameIdx": 0, "hr/park": "", "pa": "55", "dt": "", "img": "https://www.mlbstatic.com/team-logos/110.svg", "team": "bal", "start": "", "in": "7", "result": "Groundout", "evo": "90.3", "la": "4", "dist": "81"}, {"player": "andres gimenez", "game": "cle @ bal", "gameIdx": 0, "hr/park": "", "pa": "54", "dt": "", "img": "https://www.mlbstatic.com/team-logos/114.svg", "team": "cle", "start": "", "in": "7", "result": "Groundout", "evo": "80.3", "la": "-61", "dist": "2"}, {"player": "steven kwan", "game": "cle @ bal", "gameIdx": 0, "hr/park": "", "pa": "53", "dt": "", "img": "https://www.mlbstatic.com/team-logos/114.svg", "team": "cle", "start": "", "in": "7", "result": "Walk", "evo": "", "la": "", "dist": ""}, {"player": "bo naylor", "game": "cle @ bal", "gameIdx": 0, "hr/park": "", "pa": "52", "dt": "", "img": "https://www.mlbstatic.com/team-logos/114.svg", "team": "cle", "start": "", "in": "7", "result": "Flyout", "evo": "88.6", "la": "61", "dist": "173"}, {"player": "gabriel arias", "game": "cle @ bal", "gameIdx": 0, "hr/park": "", "pa": "51", "dt": "", "img": "https://www.mlbstatic.com/team-logos/114.svg", "team": "cle", "start": "", "in": "7", "result": "Strikeout", "evo": "", "la": "", "dist": ""}, {"player": "cedric mullins", "game": "cle @ bal", "gameIdx": 0, "hr/park": "", "pa": "50", "dt": "", "img": "https://www.mlbstatic.com/team-logos/110.svg", "team": "bal", "start": "", "in": "6", "result": "Pop Out", "evo": "81.0", "la": "77", "dist": "52"}, {"player": "jordan westburg", "game": "cle @ bal", "gameIdx": 0, "hr/park": "", "pa": "49", "dt": "", "img": "https://www.mlbstatic.com/team-logos/110.svg", "team": "bal", "start": "", "in": "6", "result": "Strikeout", "evo": "", "la": "", "dist": ""}, {"player": "heston kjerstad", "game": "cle @ bal", "gameIdx": 0, "hr/park": "", "pa": "48", "dt": "", "img": "https://www.mlbstatic.com/team-logos/110.svg", "team": "bal", "start": "", "in": "6", "result": "Pop Out", "evo": "62.3", "la": "60", "dist": "135"}, {"player": "daniel schneemann", "game": "cle @ bal", "gameIdx": 0, "hr/park": "", "pa": "47", "dt": "", "img": "https://www.mlbstatic.com/team-logos/114.svg", "team": "cle", "start": "", "in": "6", "result": "Groundout", "evo": "99.2", "la": "-15", "dist": "9"}, {"player": "will brennan", "game": "cle @ bal", "gameIdx": 0, "hr/park": "", "pa": "46", "dt": "", "img": "https://www.mlbstatic.com/team-logos/114.svg", "team": "cle", "start": "", "in": "6", "result": "Single", "evo": "94.9", "la": "-16", "dist": "9"}, {"player": "david fry", "game": "cle @ bal", "gameIdx": 0, "hr/park": "", "pa": "45", "dt": "", "img": "https://www.mlbstatic.com/team-logos/114.svg", "team": "cle", "start": "", "in": "6", "result": "Pop Out", "evo": "80.4", "la": "75", "dist": "71"}, {"player": "josh naylor", "game": "cle @ bal", "gameIdx": 0, "hr/park": "", "pa": "44", "dt": "", "img": "https://www.mlbstatic.com/team-logos/114.svg", "team": "cle", "start": "", "in": "6", "result": "Strikeout", "evo": "", "la": "", "dist": ""}, {"player": "jose ramirez", "game": "cle @ bal", "gameIdx": 0, "hr/park": "29/30", "pa": "43", "dt": "", "img": "https://www.mlbstatic.com/team-logos/114.svg", "team": "cle", "start": "", "in": "6", "result": "Home Run", "evo": "109.8", "la": "21", "dist": "431"}, {"player": "anthony santander", "game": "cle @ bal", "gameIdx": 0, "hr/park": "", "pa": "42", "dt": "", "img": "https://www.mlbstatic.com/team-logos/110.svg", "team": "bal", "start": "", "in": "5", "result": "Strikeout", "evo": "", "la": "", "dist": ""}, {"player": "ryan ohearn", "game": "cle @ bal", "gameIdx": 0, "hr/park": "", "pa": "41", "dt": "", "img": "https://www.mlbstatic.com/team-logos/110.svg", "team": "bal", "start": "", "in": "5", "result": "Pop Out", "evo": "86.0", "la": "72", "dist": "98"}, {"player": "adley rutschman", "game": "cle @ bal", "gameIdx": 0, "hr/park": "", "pa": "40", "dt": "", "img": "https://www.mlbstatic.com/team-logos/110.svg", "team": "bal", "start": "", "in": "5", "result": "Flyout", "evo": "82.6", "la": "28", "dist": "282"}, {"player": "andres gimenez", "game": "cle @ bal", "gameIdx": 0, "hr/park": "", "pa": "39", "dt": "", "img": "https://www.mlbstatic.com/team-logos/114.svg", "team": "cle", "start": "", "in": "5", "result": "Groundout", "evo": "95.7", "la": "-6", "dist": "23"}, {"player": "steven kwan", "game": "cle @ bal", "gameIdx": 0, "hr/park": "", "pa": "38", "dt": "", "img": "https://www.mlbstatic.com/team-logos/114.svg", "team": "cle", "start": "", "in": "5", "result": "Groundout", "evo": "65.2", "la": "10", "dist": "94"}, {"player": "bo naylor", "game": "cle @ bal", "gameIdx": 0, "hr/park": "", "pa": "37", "dt": "", "img": "https://www.mlbstatic.com/team-logos/114.svg", "team": "cle", "start": "", "in": "5", "result": "Groundout", "evo": "85.4", "la": "-24", "dist": "7"}, {"player": "gunnar henderson", "game": "cle @ bal", "gameIdx": 0, "hr/park": "", "pa": "36", "dt": "", "img": "https://www.mlbstatic.com/team-logos/110.svg", "team": "bal", "start": "", "in": "4", "result": "Strikeout", "evo": "", "la": "", "dist": ""}, {"player": "james mccann", "game": "cle @ bal", "gameIdx": 0, "hr/park": "", "pa": "35", "dt": "", "img": "https://www.mlbstatic.com/team-logos/110.svg", "team": "bal", "start": "", "in": "4", "result": "Walk", "evo": "", "la": "", "dist": ""}, {"player": "ramon urias", "game": "cle @ bal", "gameIdx": 0, "hr/park": "0/30", "pa": "34", "dt": "", "img": "https://www.mlbstatic.com/team-logos/110.svg", "team": "bal", "start": "", "in": "4", "result": "Flyout", "evo": "94.2", "la": "40", "dist": "322"}, {"player": "cedric mullins", "game": "cle @ bal", "gameIdx": 0, "hr/park": "", "pa": "33", "dt": "", "img": "https://www.mlbstatic.com/team-logos/110.svg", "team": "bal", "start": "", "in": "4", "result": "Strikeout", "evo": "", "la": "", "dist": ""}, {"player": "gabriel arias", "game": "cle @ bal", "gameIdx": 0, "hr/park": "", "pa": "32", "dt": "", "img": "https://www.mlbstatic.com/team-logos/114.svg", "team": "cle", "start": "", "in": "4", "result": "Double Play", "evo": "88.3", "la": "45", "dist": "268"}, {"player": "daniel schneemann", "game": "cle @ bal", "gameIdx": 0, "hr/park": "3/30", "pa": "31", "dt": "", "img": "https://www.mlbstatic.com/team-logos/114.svg", "team": "cle", "start": "", "in": "4", "result": "Triple", "evo": "100.3", "la": "25", "dist": "399"}, {"player": "will brennan", "game": "cle @ bal", "gameIdx": 0, "hr/park": "", "pa": "30", "dt": "", "img": "https://www.mlbstatic.com/team-logos/114.svg", "team": "cle", "start": "", "in": "4", "result": "Flyout", "evo": "76.7", "la": "57", "dist": "187"}, {"player": "jordan westburg", "game": "cle @ bal", "gameIdx": 0, "hr/park": "", "pa": "29", "dt": "", "img": "https://www.mlbstatic.com/team-logos/110.svg", "team": "bal", "start": "", "in": "3", "result": "Groundout", "evo": "28.7", "la": "3", "dist": "21"}, {"player": "heston kjerstad", "game": "cle @ bal", "gameIdx": 0, "hr/park": "", "pa": "28", "dt": "", "img": "https://www.mlbstatic.com/team-logos/110.svg", "team": "bal", "start": "", "in": "3", "result": "Single", "evo": "88.7", "la": "10", "dist": "178"}, {"player": "anthony santander", "game": "cle @ bal", "gameIdx": 0, "hr/park": "0/30", "pa": "27", "dt": "", "img": "https://www.mlbstatic.com/team-logos/110.svg", "team": "bal", "start": "", "in": "3", "result": "Sac Fly", "evo": "87.9", "la": "28", "dist": "336"}, {"player": "ryan ohearn", "game": "cle @ bal", "gameIdx": 0, "hr/park": "", "pa": "26", "dt": "", "img": "https://www.mlbstatic.com/team-logos/110.svg", "team": "bal", "start": "", "in": "3", "result": "Field Error", "evo": "91.9", "la": "10", "dist": "168"}, {"player": "adley rutschman", "game": "cle @ bal", "gameIdx": 0, "hr/park": "", "pa": "25", "dt": "", "img": "https://www.mlbstatic.com/team-logos/110.svg", "team": "bal", "start": "", "in": "3", "result": "Double", "evo": "88.3", "la": "15", "dist": "188"}, {"player": "gunnar henderson", "game": "cle @ bal", "gameIdx": 0, "hr/park": "", "pa": "24", "dt": "", "img": "https://www.mlbstatic.com/team-logos/110.svg", "team": "bal", "start": "", "in": "3", "result": "Groundout", "evo": "64.5", "la": "-26", "dist": "8"}, {"player": "david fry", "game": "cle @ bal", "gameIdx": 0, "hr/park": "", "pa": "23", "dt": "", "img": "https://www.mlbstatic.com/team-logos/114.svg", "team": "cle", "start": "", "in": "3", "result": "Strikeout", "evo": "", "la": "", "dist": ""}, {"player": "josh naylor", "game": "cle @ bal", "gameIdx": 0, "hr/park": "", "pa": "22", "dt": "", "img": "https://www.mlbstatic.com/team-logos/114.svg", "team": "cle", "start": "", "in": "3", "result": "Strikeout", "evo": "", "la": "", "dist": ""}, {"player": "jose ramirez", "game": "cle @ bal", "gameIdx": 0, "hr/park": "1/30", "pa": "21", "dt": "", "img": "https://www.mlbstatic.com/team-logos/114.svg", "team": "cle", "start": "", "in": "3", "result": "Flyout", "evo": "96.0", "la": "39", "dist": "347"}, {"player": "james mccann", "game": "cle @ bal", "gameIdx": 0, "hr/park": "", "pa": "20", "dt": "", "img": "https://www.mlbstatic.com/team-logos/110.svg", "team": "bal", "start": "", "in": "2", "result": "Strikeout", "evo": "", "la": "", "dist": ""}, {"player": "ramon urias", "game": "cle @ bal", "gameIdx": 0, "hr/park": "", "pa": "19", "dt": "", "img": "https://www.mlbstatic.com/team-logos/110.svg", "team": "bal", "start": "", "in": "2", "result": "Groundout", "evo": "64.4", "la": "-19", "dist": "10"}, {"player": "cedric mullins", "game": "cle @ bal", "gameIdx": 0, "hr/park": "", "pa": "18", "dt": "", "img": "https://www.mlbstatic.com/team-logos/110.svg", "team": "bal", "start": "", "in": "2", "result": "Pop Out", "evo": "67.5", "la": "84", "dist": "48"}, {"player": "andres gimenez", "game": "cle @ bal", "gameIdx": 0, "hr/park": "", "pa": "17", "dt": "", "img": "https://www.mlbstatic.com/team-logos/114.svg", "team": "cle", "start": "", "in": "2", "result": "Groundout", "evo": "94.1", "la": "-4", "dist": "27"}, {"player": "steven kwan", "game": "cle @ bal", "gameIdx": 0, "hr/park": "0/30", "pa": "16", "dt": "", "img": "https://www.mlbstatic.com/team-logos/114.svg", "team": "cle", "start": "", "in": "2", "result": "Flyout", "evo": "93.7", "la": "29", "dist": "358"}, {"player": "bo naylor", "game": "cle @ bal", "gameIdx": 0, "hr/park": "", "pa": "15", "dt": "", "img": "https://www.mlbstatic.com/team-logos/114.svg", "team": "cle", "start": "", "in": "2", "result": "Double", "evo": "79.2", "la": "-13", "dist": "9"}, {"player": "gabriel arias", "game": "cle @ bal", "gameIdx": 0, "hr/park": "0/30", "pa": "14", "dt": "", "img": "https://www.mlbstatic.com/team-logos/114.svg", "team": "cle", "start": "", "in": "2", "result": "Double", "evo": "110.8", "la": "20", "dist": "342"}, {"player": "daniel schneemann", "game": "cle @ bal", "gameIdx": 0, "hr/park": "", "pa": "13", "dt": "", "img": "https://www.mlbstatic.com/team-logos/114.svg", "team": "cle", "start": "", "in": "2", "result": "Groundout", "evo": "92.5", "la": "-15", "dist": "13"}, {"player": "jordan westburg", "game": "cle @ bal", "gameIdx": 0, "hr/park": "", "pa": "12", "dt": "", "img": "https://www.mlbstatic.com/team-logos/110.svg", "team": "bal", "start": "", "in": "1", "result": "Strikeout", "evo": "", "la": "", "dist": ""}, {"player": "heston kjerstad", "game": "cle @ bal", "gameIdx": 0, "hr/park": "", "pa": "11", "dt": "", "img": "https://www.mlbstatic.com/team-logos/110.svg", "team": "bal", "start": "", "in": "1", "result": "Double", "evo": "100.2", "la": "4", "dist": "85"}, {"player": "anthony santander", "game": "cle @ bal", "gameIdx": 0, "hr/park": "", "pa": "10", "dt": "", "img": "https://www.mlbstatic.com/team-logos/110.svg", "team": "bal", "start": "", "in": "1", "result": "Pop Out", "evo": "68.0", "la": "69", "dist": "110"}, {"player": "ryan ohearn", "game": "cle @ bal", "gameIdx": 0, "hr/park": "", "pa": "9", "dt": "", "img": "https://www.mlbstatic.com/team-logos/110.svg", "team": "bal", "start": "", "in": "1", "result": "Single", "evo": "107.1", "la": "-2", "dist": "41"}, {"player": "adley rutschman", "game": "cle @ bal", "gameIdx": 0, "hr/park": "", "pa": "8", "dt": "", "img": "https://www.mlbstatic.com/team-logos/110.svg", "team": "bal", "start": "", "in": "1", "result": "Strikeout", "evo": "", "la": "", "dist": ""}, {"player": "gunnar henderson", "game": "cle @ bal", "gameIdx": 0, "hr/park": "2/30", "pa": "7", "dt": "", "img": "https://www.mlbstatic.com/team-logos/110.svg", "team": "bal", "start": "", "in": "1", "result": "Double", "evo": "95.9", "la": "23", "dist": "338"}, {"player": "will brennan", "game": "cle @ bal", "gameIdx": 0, "hr/park": "0/30", "pa": "6", "dt": "", "img": "https://www.mlbstatic.com/team-logos/114.svg", "team": "cle", "start": "", "in": "1", "result": "Flyout", "evo": "96.0", "la": "34", "dist": "353"}, {"player": "david fry", "game": "cle @ bal", "gameIdx": 0, "hr/park": "", "pa": "5", "dt": "", "img": "https://www.mlbstatic.com/team-logos/114.svg", "team": "cle", "start": "", "in": "1", "result": "Strikeout", "evo": "", "la": "", "dist": ""}, {"player": "josh naylor", "game": "cle @ bal", "gameIdx": 0, "hr/park": "", "pa": "4", "dt": "", "img": "https://www.mlbstatic.com/team-logos/114.svg", "team": "cle", "start": "", "in": "1", "result": "Strikeout", "evo": "", "la": "", "dist": ""}, {"player": "jose ramirez", "game": "cle @ bal", "gameIdx": 0, "hr/park": "", "pa": "3", "dt": "", "img": "https://www.mlbstatic.com/team-logos/114.svg", "team": "cle", "start": "", "in": "1", "result": "Single", "evo": "109.7", "la": "4", "dist": "99"}, {"player": "andres gimenez", "game": "cle @ bal", "gameIdx": 0, "hr/park": "", "pa": "2", "dt": "", "img": "https://www.mlbstatic.com/team-logos/114.svg", "team": "cle", "start": "", "in": "1", "result": "Walk", "evo": "", "la": "", "dist": ""}, {"player": "steven kwan", "game": "cle @ bal", "gameIdx": 0, "hr/park": "", "pa": "1", "dt": "", "img": "https://www.mlbstatic.com/team-logos/114.svg", "team": "cle", "start": "", "in": "1", "result": "Single", "evo": "94.4", "la": "4", "dist": "84"}], "phi @ det": [], "sea @ tb": [], "pit @ cin": [], "tor @ bos": [], "atl @ stl": [], "lad @ chw": [], "mia @ kc": [], "tex @ mil": [], "ath @ laa": [], "wsh @ sd": [], "chc @ sf": []}