{"all": {"pitchers": "11", "batters": "22", "pitches": "345", "max velomax pitch velocity": "103.9", "min velomin pitch velocity": "76.0", "ff%fourseam fastball %": "38.0", "si%sinker %": "11.6", "fc%cutter %": "4.3", "fs%splitter %": "3.2", "ch%changeup %": "2.9", "sl%slider %": "31.3", "cu%curve %": "8.7", "max evmax exit velocity": "111.1", "hhhard hit": "31", "hh%hard hit %": "46.3", "brlbarrels": "6", "brl%barrel %": "9.0", "ab": "78", "avg": ".282", "h": "22", "1b": "11", "2b": "8", "3b": "1", "hr": "2", "so": "13", "bipballs in play": "67", "liveGames": 0, "totGames": 13}, "laa @ wsh": [], "hou @ bos": [], "tex @ nyy": [], "ath @ tor": [], "bal @ tb": [], "sd @ mia": [], "cle @ min": [], "cin @ mil": [], "atl @ col": [], "det @ sf": [], "pit @ lad": [{"player": "teoscar hernandez", "game": "pit @ lad", "gameIdx": 0, "hr/park": "", "pa": "87", "dt": "", "img": "https://www.mlbstatic.com/team-logos/119.svg", "team": "lad", "start": "", "in": "10", "result": "Single", "evo": "103.6", "la": "5", "dist": "145"}, {"player": "shohei ohtani", "game": "pit @ lad", "gameIdx": 0, "hr/park": "", "pa": "86", "dt": "", "img": "https://www.mlbstatic.com/team-logos/119.svg", "team": "lad", "start": "", "in": "10", "result": "Pop Out", "evo": "75.1", "la": "58", "dist": "174"}, {"player": "jason heyward", "game": "pit @ lad", "gameIdx": 0, "hr/park": "", "pa": "85", "dt": "", "img": "https://www.mlbstatic.com/team-logos/119.svg", "team": "lad", "start": "", "in": "10", "result": "Strikeout", "evo": "", "la": "", "dist": ""}, {"player": "andy pages", "game": "pit @ lad", "gameIdx": 0, "hr/park": "", "pa": "84", "dt": "", "img": "https://www.mlbstatic.com/team-logos/119.svg", "team": "lad", "start": "", "in": "10", "result": "Walk", "evo": "", "la": "", "dist": ""}, {"player": "enrique hernandez", "game": "pit @ lad", "gameIdx": 0, "hr/park": "", "pa": "83", "dt": "", "img": "https://www.mlbstatic.com/team-logos/119.svg", "team": "lad", "start": "", "in": "10", "result": "Double", "evo": "104.8", "la": "9", "dist": "201"}, {"player": "oneil cruz", "game": "pit @ lad", "gameIdx": 0, "hr/park": "", "pa": "82", "dt": "", "img": "https://www.mlbstatic.com/team-logos/134.svg", "team": "pit", "start": "", "in": "10", "result": "GIDP", "evo": "96.7", "la": "", "dist": "48"}, {"player": "bryan reynolds", "game": "pit @ lad", "gameIdx": 0, "hr/park": "", "pa": "81", "dt": "", "img": "https://www.mlbstatic.com/team-logos/134.svg", "team": "pit", "start": "", "in": "10", "result": "Single", "evo": "82.8", "la": "25", "dist": "269"}, {"player": "andrew mccutchen", "game": "pit @ lad", "gameIdx": 0, "hr/park": "", "pa": "80", "dt": "", "img": "https://www.mlbstatic.com/team-logos/134.svg", "team": "pit", "start": "", "in": "10", "result": "Strikeout", "evo": "", "la": "", "dist": ""}, {"player": "miguel rojas", "game": "pit @ lad", "gameIdx": 0, "hr/park": "0/30", "pa": "79", "dt": "", "img": "https://www.mlbstatic.com/team-logos/119.svg", "team": "lad", "start": "", "in": "9", "result": "Flyout", "evo": "92.5", "la": "33", "dist": "332"}, {"player": "gavin lux", "game": "pit @ lad", "gameIdx": 0, "hr/park": "", "pa": "78", "dt": "", "img": "https://www.mlbstatic.com/team-logos/119.svg", "team": "lad", "start": "", "in": "9", "result": "Single", "evo": "100.4", "la": "10", "dist": "198"}, {"player": "will smith", "game": "pit @ lad", "gameIdx": 0, "hr/park": "", "pa": "77", "dt": "", "img": "https://www.mlbstatic.com/team-logos/119.svg", "team": "lad", "start": "", "in": "9", "result": "Pop Out", "evo": "89.0", "la": "78", "dist": "60"}, {"player": "freddie freeman", "game": "pit @ lad", "gameIdx": 0, "hr/park": "", "pa": "76", "dt": "", "img": "https://www.mlbstatic.com/team-logos/119.svg", "team": "lad", "start": "", "in": "9", "result": "Groundout", "evo": "99.6", "la": "-17", "dist": "7"}, {"player": "michael a taylor", "game": "pit @ lad", "gameIdx": 0, "hr/park": "", "pa": "75", "dt": "", "img": "https://www.mlbstatic.com/team-logos/134.svg", "team": "pit", "start": "", "in": "9", "result": "Groundout", "evo": "73.4", "la": "-9", "dist": "16"}, {"player": "ji hwan bae", "game": "pit @ lad", "gameIdx": 0, "hr/park": "", "pa": "74", "dt": "", "img": "https://www.mlbstatic.com/team-logos/134.svg", "team": "pit", "start": "", "in": "9", "result": "Strikeout", "evo": "", "la": "", "dist": ""}, {"player": "kebryan hayes", "game": "pit @ lad", "gameIdx": 0, "hr/park": "", "pa": "73", "dt": "", "img": "https://www.mlbstatic.com/team-logos/134.svg", "team": "pit", "start": "", "in": "9", "result": "Strikeout", "evo": "", "la": "", "dist": ""}, {"player": "teoscar hernandez", "game": "pit @ lad", "gameIdx": 0, "hr/park": "", "pa": "72", "dt": "", "img": "https://www.mlbstatic.com/team-logos/119.svg", "team": "lad", "start": "", "in": "8", "result": "Strikeout", "evo": "", "la": "", "dist": ""}, {"player": "shohei ohtani", "game": "pit @ lad", "gameIdx": 0, "hr/park": "", "pa": "71", "dt": "", "img": "https://www.mlbstatic.com/team-logos/119.svg", "team": "lad", "start": "", "in": "8", "result": "Pop Out", "evo": "88.6", "la": "69", "dist": "127"}, {"player": "nick ahmed", "game": "pit @ lad", "gameIdx": 0, "hr/park": "", "pa": "70", "dt": "", "img": "https://www.mlbstatic.com/team-logos/119.svg", "team": "lad", "start": "", "in": "8", "result": "Bunt Pop Out", "evo": "39.3", "la": "77", "dist": "44"}, {"player": "andy pages", "game": "pit @ lad", "gameIdx": 0, "hr/park": "", "pa": "69", "dt": "", "img": "https://www.mlbstatic.com/team-logos/119.svg", "team": "lad", "start": "", "in": "8", "result": "Double", "evo": "105.3", "la": "12", "dist": "200"}, {"player": "isiah kiner falefa", "game": "pit @ lad", "gameIdx": 0, "hr/park": "", "pa": "68", "dt": "", "img": "https://www.mlbstatic.com/team-logos/134.svg", "team": "pit", "start": "", "in": "8", "result": "Groundout", "evo": "79.2", "la": "4", "dist": "72"}, {"player": "connor joe", "game": "pit @ lad", "gameIdx": 0, "hr/park": "", "pa": "67", "dt": "", "img": "https://www.mlbstatic.com/team-logos/134.svg", "team": "pit", "start": "", "in": "8", "result": "Walk", "evo": "", "la": "", "dist": ""}, {"player": "joey bart", "game": "pit @ lad", "gameIdx": 0, "hr/park": "", "pa": "66", "dt": "", "img": "https://www.mlbstatic.com/team-logos/134.svg", "team": "pit", "start": "", "in": "8", "result": "Single", "evo": "91.0", "la": "12", "dist": "216"}, {"player": "oneil cruz", "game": "pit @ lad", "gameIdx": 0, "hr/park": "", "pa": "65", "dt": "", "img": "https://www.mlbstatic.com/team-logos/134.svg", "team": "pit", "start": "", "in": "8", "result": "Groundout", "evo": "100.3", "la": "5", "dist": "108"}, {"player": "bryan reynolds", "game": "pit @ lad", "gameIdx": 0, "hr/park": "", "pa": "64", "dt": "", "img": "https://www.mlbstatic.com/team-logos/134.svg", "team": "pit", "start": "", "in": "8", "result": "Groundout", "evo": "83.3", "la": "5", "dist": "64"}, {"player": "andrew mccutchen", "game": "pit @ lad", "gameIdx": 0, "hr/park": "30/30", "pa": "63", "dt": "", "img": "https://www.mlbstatic.com/team-logos/134.svg", "team": "pit", "start": "", "in": "8", "result": "Home Run", "evo": "105.0", "la": "33", "dist": "408"}, {"player": "michael a taylor", "game": "pit @ lad", "gameIdx": 0, "hr/park": "", "pa": "62", "dt": "", "img": "https://www.mlbstatic.com/team-logos/134.svg", "team": "pit", "start": "", "in": "8", "result": "Single", "evo": "85.8", "la": "-12", "dist": "14"}, {"player": "enrique hernandez", "game": "pit @ lad", "gameIdx": 0, "hr/park": "0/30", "pa": "61", "dt": "", "img": "https://www.mlbstatic.com/team-logos/119.svg", "team": "lad", "start": "", "in": "7", "result": "Flyout", "evo": "95.2", "la": "24", "dist": "349"}, {"player": "miguel rojas", "game": "pit @ lad", "gameIdx": 0, "hr/park": "", "pa": "60", "dt": "", "img": "https://www.mlbstatic.com/team-logos/119.svg", "team": "lad", "start": "", "in": "7", "result": "Single", "evo": "82.5", "la": "13", "dist": "181"}, {"player": "gavin lux", "game": "pit @ lad", "gameIdx": 0, "hr/park": "1/30", "pa": "59", "dt": "", "img": "https://www.mlbstatic.com/team-logos/119.svg", "team": "lad", "start": "", "in": "7", "result": "Flyout", "evo": "103.2", "la": "43", "dist": "348"}, {"player": "will smith", "game": "pit @ lad", "gameIdx": 0, "hr/park": "0/30", "pa": "58", "dt": "", "img": "https://www.mlbstatic.com/team-logos/119.svg", "team": "lad", "start": "", "in": "7", "result": "Flyout", "evo": "94.1", "la": "42", "dist": "313"}, {"player": "ji hwan bae", "game": "pit @ lad", "gameIdx": 0, "hr/park": "", "pa": "57", "dt": "", "img": "https://www.mlbstatic.com/team-logos/134.svg", "team": "pit", "start": "", "in": "7", "result": "Strikeout", "evo": "", "la": "", "dist": ""}, {"player": "kebryan hayes", "game": "pit @ lad", "gameIdx": 0, "hr/park": "", "pa": "56", "dt": "", "img": "https://www.mlbstatic.com/team-logos/134.svg", "team": "pit", "start": "", "in": "7", "result": "Groundout", "evo": "101.9", "la": "-11", "dist": "13"}, {"player": "isiah kiner falefa", "game": "pit @ lad", "gameIdx": 0, "hr/park": "", "pa": "55", "dt": "", "img": "https://www.mlbstatic.com/team-logos/134.svg", "team": "pit", "start": "", "in": "7", "result": "Groundout", "evo": "90.1", "la": "6", "dist": "105"}, {"player": "rowdy tellez", "game": "pit @ lad", "gameIdx": 0, "hr/park": "", "pa": "54", "dt": "", "img": "https://www.mlbstatic.com/team-logos/134.svg", "team": "pit", "start": "", "in": "7", "result": "Double", "evo": "111.1", "la": "4", "dist": "100"}, {"player": "freddie freeman", "game": "pit @ lad", "gameIdx": 0, "hr/park": "", "pa": "53", "dt": "", "img": "https://www.mlbstatic.com/team-logos/119.svg", "team": "lad", "start": "", "in": "6", "result": "Groundout", "evo": "90.7", "la": "-19", "dist": "8"}, {"player": "teoscar hernandez", "game": "pit @ lad", "gameIdx": 0, "hr/park": "", "pa": "52", "dt": "", "img": "https://www.mlbstatic.com/team-logos/119.svg", "team": "lad", "start": "", "in": "6", "result": "Walk", "evo": "", "la": "", "dist": ""}, {"player": "shohei ohtani", "game": "pit @ lad", "gameIdx": 0, "hr/park": "", "pa": "51", "dt": "", "img": "https://www.mlbstatic.com/team-logos/119.svg", "team": "lad", "start": "", "in": "6", "result": "Triple", "evo": "99.2", "la": "12", "dist": "172"}, {"player": "kevin kiermaier", "game": "pit @ lad", "gameIdx": 0, "hr/park": "", "pa": "50", "dt": "", "img": "https://www.mlbstatic.com/team-logos/119.svg", "team": "lad", "start": "", "in": "6", "result": "Strikeout", "evo": "", "la": "", "dist": ""}, {"player": "andy pages", "game": "pit @ lad", "gameIdx": 0, "hr/park": "", "pa": "49", "dt": "", "img": "https://www.mlbstatic.com/team-logos/119.svg", "team": "lad", "start": "", "in": "6", "result": "Lineout", "evo": "78.1", "la": "11", "dist": "125"}, {"player": "joey bart", "game": "pit @ lad", "gameIdx": 0, "hr/park": "", "pa": "48", "dt": "", "img": "https://www.mlbstatic.com/team-logos/134.svg", "team": "pit", "start": "", "in": "6", "result": "Groundout", "evo": "65.6", "la": "-47", "dist": "4"}, {"player": "oneil cruz", "game": "pit @ lad", "gameIdx": 0, "hr/park": "", "pa": "47", "dt": "", "img": "https://www.mlbstatic.com/team-logos/134.svg", "team": "pit", "start": "", "in": "6", "result": "Walk", "evo": "", "la": "", "dist": ""}, {"player": "bryan reynolds", "game": "pit @ lad", "gameIdx": 0, "hr/park": "", "pa": "46", "dt": "", "img": "https://www.mlbstatic.com/team-logos/134.svg", "team": "pit", "start": "", "in": "6", "result": "Groundout", "evo": "81.1", "la": "-11", "dist": "10"}, {"player": "andrew mccutchen", "game": "pit @ lad", "gameIdx": 0, "hr/park": "", "pa": "45", "dt": "", "img": "https://www.mlbstatic.com/team-logos/134.svg", "team": "pit", "start": "", "in": "6", "result": "Strikeout", "evo": "", "la": "", "dist": ""}, {"player": "enrique hernandez", "game": "pit @ lad", "gameIdx": 0, "hr/park": "", "pa": "44", "dt": "", "img": "https://www.mlbstatic.com/team-logos/119.svg", "team": "lad", "start": "", "in": "5", "result": "Flyout", "evo": "78.7", "la": "51", "dist": "222"}, {"player": "miguel rojas", "game": "pit @ lad", "gameIdx": 0, "hr/park": "", "pa": "43", "dt": "", "img": "https://www.mlbstatic.com/team-logos/119.svg", "team": "lad", "start": "", "in": "5", "result": "Walk", "evo": "", "la": "", "dist": ""}, {"player": "gavin lux", "game": "pit @ lad", "gameIdx": 0, "hr/park": "", "pa": "42", "dt": "", "img": "https://www.mlbstatic.com/team-logos/119.svg", "team": "lad", "start": "", "in": "5", "result": "Strikeout", "evo": "", "la": "", "dist": ""}, {"player": "will smith", "game": "pit @ lad", "gameIdx": 0, "hr/park": "", "pa": "41", "dt": "", "img": "https://www.mlbstatic.com/team-logos/119.svg", "team": "lad", "start": "", "in": "5", "result": "Groundout", "evo": "57.2", "la": "-31", "dist": "5"}, {"player": "freddie freeman", "game": "pit @ lad", "gameIdx": 0, "hr/park": "", "pa": "40", "dt": "", "img": "https://www.mlbstatic.com/team-logos/119.svg", "team": "lad", "start": "", "in": "5", "result": "Walk", "evo": "", "la": "", "dist": ""}, {"player": "michael a taylor", "game": "pit @ lad", "gameIdx": 0, "hr/park": "", "pa": "39", "dt": "", "img": "https://www.mlbstatic.com/team-logos/134.svg", "team": "pit", "start": "", "in": "5", "result": "Groundout", "evo": "96.9", "la": "-35", "dist": "5"}, {"player": "ji hwan bae", "game": "pit @ lad", "gameIdx": 0, "hr/park": "", "pa": "38", "dt": "", "img": "https://www.mlbstatic.com/team-logos/134.svg", "team": "pit", "start": "", "in": "5", "result": "Single", "evo": "98.8", "la": "13", "dist": "253"}, {"player": "kebryan hayes", "game": "pit @ lad", "gameIdx": 0, "hr/park": "0/30", "pa": "37", "dt": "", "img": "https://www.mlbstatic.com/team-logos/134.svg", "team": "pit", "start": "", "in": "5", "result": "Flyout", "evo": "102.2", "la": "35", "dist": "374"}, {"player": "isiah kiner falefa", "game": "pit @ lad", "gameIdx": 0, "hr/park": "", "pa": "36", "dt": "", "img": "https://www.mlbstatic.com/team-logos/134.svg", "team": "pit", "start": "", "in": "5", "result": "Groundout", "evo": "97.1", "la": "-16", "dist": "8"}, {"player": "teoscar hernandez", "game": "pit @ lad", "gameIdx": 0, "hr/park": "", "pa": "35", "dt": "", "img": "https://www.mlbstatic.com/team-logos/119.svg", "team": "lad", "start": "", "in": "4", "result": "Strikeout", "evo": "", "la": "", "dist": ""}, {"player": "shohei ohtani", "game": "pit @ lad", "gameIdx": 0, "hr/park": "", "pa": "34", "dt": "", "img": "https://www.mlbstatic.com/team-logos/119.svg", "team": "lad", "start": "", "in": "4", "result": "Groundout", "evo": "86.7", "la": "3", "dist": "65"}, {"player": "kevin kiermaier", "game": "pit @ lad", "gameIdx": 0, "hr/park": "", "pa": "33", "dt": "", "img": "https://www.mlbstatic.com/team-logos/119.svg", "team": "lad", "start": "", "in": "4", "result": "Sac Bunt", "evo": "35.9", "la": "-67", "dist": "3"}, {"player": "andy pages", "game": "pit @ lad", "gameIdx": 0, "hr/park": "", "pa": "32", "dt": "", "img": "https://www.mlbstatic.com/team-logos/119.svg", "team": "lad", "start": "", "in": "4", "result": "Walk", "evo": "", "la": "", "dist": ""}, {"player": "enrique hernandez", "game": "pit @ lad", "gameIdx": 0, "hr/park": "", "pa": "31", "dt": "", "img": "https://www.mlbstatic.com/team-logos/119.svg", "team": "lad", "start": "", "in": "4", "result": "Single", "evo": "87.6", "la": "20", "dist": "289"}, {"player": "rowdy tellez", "game": "pit @ lad", "gameIdx": 0, "hr/park": "", "pa": "30", "dt": "", "img": "https://www.mlbstatic.com/team-logos/134.svg", "team": "pit", "start": "", "in": "4", "result": "GIDP", "evo": "89.0", "la": "-27", "dist": "6"}, {"player": "joey bart", "game": "pit @ lad", "gameIdx": 0, "hr/park": "", "pa": "29", "dt": "", "img": "https://www.mlbstatic.com/team-logos/134.svg", "team": "pit", "start": "", "in": "4", "result": "Single", "evo": "75.0", "la": "-4", "dist": "20"}, {"player": "oneil cruz", "game": "pit @ lad", "gameIdx": 0, "hr/park": "", "pa": "28", "dt": "", "img": "https://www.mlbstatic.com/team-logos/134.svg", "team": "pit", "start": "", "in": "4", "result": "Strikeout", "evo": "", "la": "", "dist": ""}, {"player": "enrique hernandez", "game": "pit @ lad", "gameIdx": 0, "hr/park": "", "pa": "27", "dt": "", "img": "https://www.mlbstatic.com/team-logos/119.svg", "team": "lad", "start": "", "in": "3", "result": "Caught Stealing 2B", "evo": "", "la": "", "dist": ""}, {"player": "miguel rojas", "game": "pit @ lad", "gameIdx": 0, "hr/park": "", "pa": "26", "dt": "", "img": "https://www.mlbstatic.com/team-logos/119.svg", "team": "lad", "start": "", "in": "3", "result": "Strikeout", "evo": "", "la": "", "dist": ""}, {"player": "amed rosario", "game": "pit @ lad", "gameIdx": 0, "hr/park": "", "pa": "25", "dt": "", "img": "https://www.mlbstatic.com/team-logos/119.svg", "team": "lad", "start": "", "in": "3", "result": "Walk", "evo": "", "la": "", "dist": ""}, {"player": "will smith", "game": "pit @ lad", "gameIdx": 0, "hr/park": "0/30", "pa": "24", "dt": "", "img": "https://www.mlbstatic.com/team-logos/119.svg", "team": "lad", "start": "", "in": "3", "result": "Lineout", "evo": "104.1", "la": "19", "dist": "333"}, {"player": "bryan reynolds", "game": "pit @ lad", "gameIdx": 0, "hr/park": "0/30", "pa": "23", "dt": "", "img": "https://www.mlbstatic.com/team-logos/134.svg", "team": "pit", "start": "", "in": "3", "result": "Flyout", "evo": "93.8", "la": "32", "dist": "354"}, {"player": "andrew mccutchen", "game": "pit @ lad", "gameIdx": 0, "hr/park": "18/30", "pa": "22", "dt": "", "img": "https://www.mlbstatic.com/team-logos/134.svg", "team": "pit", "start": "", "in": "3", "result": "Home Run", "evo": "100.1", "la": "30", "dist": "378"}, {"player": "michael a taylor", "game": "pit @ lad", "gameIdx": 0, "hr/park": "0/30", "pa": "21", "dt": "", "img": "https://www.mlbstatic.com/team-logos/134.svg", "team": "pit", "start": "", "in": "3", "result": "Flyout", "evo": "95.5", "la": "36", "dist": "350"}, {"player": "ji hwan bae", "game": "pit @ lad", "gameIdx": 0, "hr/park": "0/30", "pa": "20", "dt": "", "img": "https://www.mlbstatic.com/team-logos/134.svg", "team": "pit", "start": "", "in": "3", "result": "Double", "evo": "103.2", "la": "22", "dist": "371"}, {"player": "kebryan hayes", "game": "pit @ lad", "gameIdx": 0, "hr/park": "1/30", "pa": "19", "dt": "", "img": "https://www.mlbstatic.com/team-logos/134.svg", "team": "pit", "start": "", "in": "3", "result": "Flyout", "evo": "98.0", "la": "39", "dist": "342"}, {"player": "freddie freeman", "game": "pit @ lad", "gameIdx": 0, "hr/park": "0/30", "pa": "18", "dt": "", "img": "https://www.mlbstatic.com/team-logos/119.svg", "team": "lad", "start": "", "in": "2", "result": "Lineout", "evo": "109.6", "la": "17", "dist": "308"}, {"player": "teoscar hernandez", "game": "pit @ lad", "gameIdx": 0, "hr/park": "", "pa": "17", "dt": "", "img": "https://www.mlbstatic.com/team-logos/119.svg", "team": "lad", "start": "", "in": "2", "result": "Double", "evo": "101.1", "la": "19", "dist": "290"}, {"player": "shohei ohtani", "game": "pit @ lad", "gameIdx": 0, "hr/park": "", "pa": "16", "dt": "", "img": "https://www.mlbstatic.com/team-logos/119.svg", "team": "lad", "start": "", "in": "2", "result": "Flyout", "evo": "76.2", "la": "32", "dist": "277"}, {"player": "kevin kiermaier", "game": "pit @ lad", "gameIdx": 0, "hr/park": "", "pa": "15", "dt": "", "img": "https://www.mlbstatic.com/team-logos/119.svg", "team": "lad", "start": "", "in": "2", "result": "Groundout", "evo": "74.3", "la": "-15", "dist": "8"}, {"player": "andy pages", "game": "pit @ lad", "gameIdx": 0, "hr/park": "1/30", "pa": "14", "dt": "", "img": "https://www.mlbstatic.com/team-logos/119.svg", "team": "lad", "start": "", "in": "2", "result": "Double", "evo": "98.7", "la": "27", "dist": "360"}, {"player": "enrique hernandez", "game": "pit @ lad", "gameIdx": 0, "hr/park": "", "pa": "13", "dt": "", "img": "https://www.mlbstatic.com/team-logos/119.svg", "team": "lad", "start": "", "in": "2", "result": "Single", "evo": "87.5", "la": "12", "dist": "207"}, {"player": "isiah kiner falefa", "game": "pit @ lad", "gameIdx": 0, "hr/park": "", "pa": "12", "dt": "", "img": "https://www.mlbstatic.com/team-logos/134.svg", "team": "pit", "start": "", "in": "2", "result": "Groundout", "evo": "42.7", "la": "-60", "dist": "2"}, {"player": "rowdy tellez", "game": "pit @ lad", "gameIdx": 0, "hr/park": "", "pa": "11", "dt": "", "img": "https://www.mlbstatic.com/team-logos/134.svg", "team": "pit", "start": "", "in": "2", "result": "Pop Out", "evo": "78.3", "la": "74", "dist": "77"}, {"player": "joey bart", "game": "pit @ lad", "gameIdx": 0, "hr/park": "", "pa": "10", "dt": "", "img": "https://www.mlbstatic.com/team-logos/134.svg", "team": "pit", "start": "", "in": "2", "result": "Strikeout", "evo": "", "la": "", "dist": ""}, {"player": "miguel rojas", "game": "pit @ lad", "gameIdx": 0, "hr/park": "", "pa": "9", "dt": "", "img": "https://www.mlbstatic.com/team-logos/119.svg", "team": "lad", "start": "", "in": "1", "result": "Groundout", "evo": "99.7", "la": "", "dist": "69"}, {"player": "amed rosario", "game": "pit @ lad", "gameIdx": 0, "hr/park": "", "pa": "8", "dt": "", "img": "https://www.mlbstatic.com/team-logos/119.svg", "team": "lad", "start": "", "in": "1", "result": "Single", "evo": "103.2", "la": "-8", "dist": "18"}, {"player": "will smith", "game": "pit @ lad", "gameIdx": 0, "hr/park": "0/30", "pa": "7", "dt": "", "img": "https://www.mlbstatic.com/team-logos/119.svg", "team": "lad", "start": "", "in": "1", "result": "Double", "evo": "96.6", "la": "26", "dist": "359"}, {"player": "freddie freeman", "game": "pit @ lad", "gameIdx": 0, "hr/park": "0/30", "pa": "6", "dt": "", "img": "https://www.mlbstatic.com/team-logos/119.svg", "team": "lad", "start": "", "in": "1", "result": "Double", "evo": "98.0", "la": "24", "dist": "337"}, {"player": "teoscar hernandez", "game": "pit @ lad", "gameIdx": 0, "hr/park": "0/30", "pa": "5", "dt": "", "img": "https://www.mlbstatic.com/team-logos/119.svg", "team": "lad", "start": "", "in": "1", "result": "Flyout", "evo": "95.8", "la": "31", "dist": "348"}, {"player": "shohei ohtani", "game": "pit @ lad", "gameIdx": 0, "hr/park": "", "pa": "4", "dt": "", "img": "https://www.mlbstatic.com/team-logos/119.svg", "team": "lad", "start": "", "in": "1", "result": "Flyout", "evo": "82.7", "la": "55", "dist": "215"}, {"player": "oneil cruz", "game": "pit @ lad", "gameIdx": 0, "hr/park": "", "pa": "3", "dt": "", "img": "https://www.mlbstatic.com/team-logos/134.svg", "team": "pit", "start": "", "in": "1", "result": "Groundout", "evo": "97.9", "la": "-15", "dist": "10"}, {"player": "bryan reynolds", "game": "pit @ lad", "gameIdx": 0, "hr/park": "", "pa": "2", "dt": "", "img": "https://www.mlbstatic.com/team-logos/134.svg", "team": "pit", "start": "", "in": "1", "result": "Groundout", "evo": "89.6", "la": "-15", "dist": "10"}, {"player": "andrew mccutchen", "game": "pit @ lad", "gameIdx": 0, "hr/park": "", "pa": "1", "dt": "", "img": "https://www.mlbstatic.com/team-logos/134.svg", "team": "pit", "start": "", "in": "1", "result": "Groundout", "evo": "92.8", "la": "-35", "dist": "3"}], "phi @ ari": [], "nym @ sea": []}