{"all": {"pitchers": "10", "batters": "20", "pitches": "248", "max velomax pitch velocity": "97.6", "min velomin pitch velocity": "71.5", "ff%fourseam fastball %": "27.8", "si%sinker %": "25.0", "fc%cutter %": "3.6", "fs%splitter %": "3.6", "ch%changeup %": "4.0", "sl%slider %": "28.6", "cu%curve %": "7.3", "max evmax exit velocity": "110.1", "hhhard hit": "10", "hh%hard hit %": "20.8", "brlbarrels": "3", "brl%barrel %": "6.3", "ab": "60", "avg": ".217", "h": "13", "1b": "8", "2b": "3", "3b": "0", "hr": "2", "so": "13", "bipballs in play": "48", "liveGames": 0, "totGames": 15}, "bal @ det": [], "cin @ min": [], "kc @ pit": [], "nym @ phi": [], "mia @ wsh": [], "bos @ nyy": [], "stl @ tor": [{"player": "jordan walker", "game": "stl @ tor", "gameIdx": 0, "hr/park": "", "pa": "66", "dt": "", "img": "https://www.mlbstatic.com/team-logos/138.svg", "team": "stl", "start": "", "in": "9", "result": "Pop Out", "evo": "90.4", "la": "66", "dist": "124"}, {"player": "thomas saggese", "game": "stl @ tor", "gameIdx": 0, "hr/park": "", "pa": "65", "dt": "", "img": "https://www.mlbstatic.com/team-logos/138.svg", "team": "stl", "start": "", "in": "9", "result": "Single", "evo": "47.1", "la": "-44", "dist": "4"}, {"player": "ivan herrera", "game": "stl @ tor", "gameIdx": 0, "hr/park": "0/30", "pa": "64", "dt": "", "img": "https://www.mlbstatic.com/team-logos/138.svg", "team": "stl", "start": "", "in": "9", "result": "Flyout", "evo": "89.8", "la": "38", "dist": "303"}, {"player": "lars nootbaar", "game": "stl @ tor", "gameIdx": 0, "hr/park": "", "pa": "63", "dt": "", "img": "https://www.mlbstatic.com/team-logos/138.svg", "team": "stl", "start": "", "in": "9", "result": "Strikeout", "evo": "", "la": "", "dist": ""}, {"player": "luken baker", "game": "stl @ tor", "gameIdx": 0, "hr/park": "", "pa": "62", "dt": "", "img": "https://www.mlbstatic.com/team-logos/138.svg", "team": "stl", "start": "", "in": "9", "result": "Single", "evo": "84.4", "la": "14", "dist": "204"}, {"player": "spencer horwitz", "game": "stl @ tor", "gameIdx": 0, "hr/park": "", "pa": "61", "dt": "", "img": "https://www.mlbstatic.com/team-logos/141.svg", "team": "tor", "start": "", "in": "8", "result": "Groundout", "evo": "94.7", "la": "-5", "dist": "22"}, {"player": "ernie clement", "game": "stl @ tor", "gameIdx": 0, "hr/park": "", "pa": "59", "dt": "", "img": "https://www.mlbstatic.com/team-logos/141.svg", "team": "tor", "start": "", "in": "8", "result": "Groundout", "evo": "13.6", "la": "55", "dist": "12"}, {"player": "nathan lukes", "game": "stl @ tor", "gameIdx": 0, "hr/park": "", "pa": "58", "dt": "", "img": "https://www.mlbstatic.com/team-logos/141.svg", "team": "tor", "start": "", "in": "8", "result": "Double", "evo": "88.9", "la": "17", "dist": "236"}, {"player": "george springer", "game": "stl @ tor", "gameIdx": 0, "hr/park": "", "pa": "57", "dt": "", "img": "https://www.mlbstatic.com/team-logos/141.svg", "team": "tor", "start": "", "in": "8", "result": "Single", "evo": "102.3", "la": "13", "dist": "236"}, {"player": "luis de los santos", "game": "stl @ tor", "gameIdx": 0, "hr/park": "", "pa": "56", "dt": "", "img": "https://www.mlbstatic.com/team-logos/141.svg", "team": "tor", "start": "", "in": "8", "result": "Strikeout", "evo": "", "la": "", "dist": ""}, {"player": "nolan arenado", "game": "stl @ tor", "gameIdx": 0, "hr/park": "", "pa": "55", "dt": "", "img": "https://www.mlbstatic.com/team-logos/138.svg", "team": "stl", "start": "", "in": "8", "result": "Groundout", "evo": "85.2", "la": "-1", "dist": "38"}, {"player": "paul goldschmidt", "game": "stl @ tor", "gameIdx": 0, "hr/park": "", "pa": "54", "dt": "", "img": "https://www.mlbstatic.com/team-logos/138.svg", "team": "stl", "start": "", "in": "8", "result": "GIDP", "evo": "84.0", "la": "2", "dist": "50"}, {"player": "brendan donovan", "game": "stl @ tor", "gameIdx": 0, "hr/park": "", "pa": "53", "dt": "", "img": "https://www.mlbstatic.com/team-logos/138.svg", "team": "stl", "start": "", "in": "8", "result": "Walk", "evo": "", "la": "", "dist": ""}, {"player": "leo jimenez", "game": "stl @ tor", "gameIdx": 0, "hr/park": "", "pa": "52", "dt": "", "img": "https://www.mlbstatic.com/team-logos/141.svg", "team": "tor", "start": "", "in": "7", "result": "Strikeout", "evo": "", "la": "", "dist": ""}, {"player": "addison barger", "game": "stl @ tor", "gameIdx": 0, "hr/park": "", "pa": "51", "dt": "", "img": "https://www.mlbstatic.com/team-logos/141.svg", "team": "tor", "start": "", "in": "7", "result": "Lineout", "evo": "59.8", "la": "22", "dist": "167"}, {"player": "davis schneider", "game": "stl @ tor", "gameIdx": 0, "hr/park": "", "pa": "50", "dt": "", "img": "https://www.mlbstatic.com/team-logos/141.svg", "team": "tor", "start": "", "in": "7", "result": "Strikeout", "evo": "", "la": "", "dist": ""}, {"player": "michael siani", "game": "stl @ tor", "gameIdx": 0, "hr/park": "", "pa": "49", "dt": "", "img": "https://www.mlbstatic.com/team-logos/138.svg", "team": "stl", "start": "", "in": "7", "result": "Flyout", "evo": "83.4", "la": "30", "dist": "274"}, {"player": "jordan walker", "game": "stl @ tor", "gameIdx": 0, "hr/park": "", "pa": "48", "dt": "", "img": "https://www.mlbstatic.com/team-logos/138.svg", "team": "stl", "start": "", "in": "7", "result": "Pop Out", "evo": "77.7", "la": "56", "dist": "190"}, {"player": "thomas saggese", "game": "stl @ tor", "gameIdx": 0, "hr/park": "", "pa": "47", "dt": "", "img": "https://www.mlbstatic.com/team-logos/138.svg", "team": "stl", "start": "", "in": "7", "result": "Strikeout", "evo": "", "la": "", "dist": ""}, {"player": "ivan herrera", "game": "stl @ tor", "gameIdx": 0, "hr/park": "", "pa": "46", "dt": "", "img": "https://www.mlbstatic.com/team-logos/138.svg", "team": "stl", "start": "", "in": "7", "result": "Walk", "evo": "", "la": "", "dist": ""}, {"player": "lars nootbaar", "game": "stl @ tor", "gameIdx": 0, "hr/park": "15/30", "pa": "45", "dt": "", "img": "https://www.mlbstatic.com/team-logos/138.svg", "team": "stl", "start": "", "in": "7", "result": "Home Run", "evo": "110.1", "la": "20", "dist": "364"}, {"player": "spencer horwitz", "game": "stl @ tor", "gameIdx": 0, "hr/park": "", "pa": "44", "dt": "", "img": "https://www.mlbstatic.com/team-logos/141.svg", "team": "tor", "start": "", "in": "6", "result": "Groundout", "evo": "94.0", "la": "8", "dist": "122"}, {"player": "ernie clement", "game": "stl @ tor", "gameIdx": 0, "hr/park": "", "pa": "42", "dt": "", "img": "https://www.mlbstatic.com/team-logos/141.svg", "team": "tor", "start": "", "in": "6", "result": "Pop Out", "evo": "92.7", "la": "68", "dist": "122"}, {"player": "nathan lukes", "game": "stl @ tor", "gameIdx": 0, "hr/park": "", "pa": "41", "dt": "", "img": "https://www.mlbstatic.com/team-logos/141.svg", "team": "tor", "start": "", "in": "6", "result": "Double", "evo": "93.0", "la": "-1", "dist": "40"}, {"player": "brian serven", "game": "stl @ tor", "gameIdx": 0, "hr/park": "", "pa": "40", "dt": "", "img": "https://www.mlbstatic.com/team-logos/141.svg", "team": "tor", "start": "", "in": "6", "result": "Strikeout", "evo": "", "la": "", "dist": ""}, {"player": "luken baker", "game": "stl @ tor", "gameIdx": 0, "hr/park": "", "pa": "39", "dt": "", "img": "https://www.mlbstatic.com/team-logos/138.svg", "team": "stl", "start": "", "in": "6", "result": "GIDP", "evo": "108.9", "la": "", "dist": "57"}, {"player": "nolan arenado", "game": "stl @ tor", "gameIdx": 0, "hr/park": "", "pa": "38", "dt": "", "img": "https://www.mlbstatic.com/team-logos/138.svg", "team": "stl", "start": "", "in": "6", "result": "Single", "evo": "85.6", "la": "8", "dist": "127"}, {"player": "alec burleson", "game": "stl @ tor", "gameIdx": 0, "hr/park": "", "pa": "37", "dt": "", "img": "https://www.mlbstatic.com/team-logos/138.svg", "team": "stl", "start": "", "in": "6", "result": "Groundout", "evo": "66.0", "la": "-39", "dist": "4"}, {"player": "luis de los santos", "game": "stl @ tor", "gameIdx": 0, "hr/park": "", "pa": "36", "dt": "", "img": "https://www.mlbstatic.com/team-logos/141.svg", "team": "tor", "start": "", "in": "5", "result": "Lineout", "evo": "106.3", "la": "4", "dist": "123"}, {"player": "leo jimenez", "game": "stl @ tor", "gameIdx": 0, "hr/park": "", "pa": "35", "dt": "", "img": "https://www.mlbstatic.com/team-logos/141.svg", "team": "tor", "start": "", "in": "5", "result": "Groundout", "evo": "80.6", "la": "-2", "dist": "24"}, {"player": "addison barger", "game": "stl @ tor", "gameIdx": 0, "hr/park": "", "pa": "34", "dt": "", "img": "https://www.mlbstatic.com/team-logos/141.svg", "team": "tor", "start": "", "in": "5", "result": "Flyout", "evo": "87.3", "la": "41", "dist": "278"}, {"player": "davis schneider", "game": "stl @ tor", "gameIdx": 0, "hr/park": "25/30", "pa": "33", "dt": "", "img": "https://www.mlbstatic.com/team-logos/141.svg", "team": "tor", "start": "", "in": "5", "result": "Home Run", "evo": "105.2", "la": "28", "dist": "413"}, {"player": "spencer horwitz", "game": "stl @ tor", "gameIdx": 0, "hr/park": "", "pa": "32", "dt": "", "img": "https://www.mlbstatic.com/team-logos/141.svg", "team": "tor", "start": "", "in": "5", "result": "Hit By Pitch", "evo": "", "la": "", "dist": ""}, {"player": "brendan donovan", "game": "stl @ tor", "gameIdx": 0, "hr/park": "", "pa": "31", "dt": "", "img": "https://www.mlbstatic.com/team-logos/138.svg", "team": "stl", "start": "", "in": "5", "result": "Strikeout", "evo": "", "la": "", "dist": ""}, {"player": "michael siani", "game": "stl @ tor", "gameIdx": 0, "hr/park": "", "pa": "30", "dt": "", "img": "https://www.mlbstatic.com/team-logos/138.svg", "team": "stl", "start": "", "in": "5", "result": "Lineout", "evo": "86.0", "la": "5", "dist": "89"}, {"player": "jordan walker", "game": "stl @ tor", "gameIdx": 0, "hr/park": "0/30", "pa": "29", "dt": "", "img": "https://www.mlbstatic.com/team-logos/138.svg", "team": "stl", "start": "", "in": "5", "result": "Double", "evo": "105.0", "la": "22", "dist": "398"}, {"player": "thomas saggese", "game": "stl @ tor", "gameIdx": 0, "hr/park": "0/30", "pa": "28", "dt": "", "img": "https://www.mlbstatic.com/team-logos/138.svg", "team": "stl", "start": "", "in": "5", "result": "Flyout", "evo": "92.8", "la": "32", "dist": "318"}, {"player": "ivan herrera", "game": "stl @ tor", "gameIdx": 0, "hr/park": "", "pa": "27", "dt": "", "img": "https://www.mlbstatic.com/team-logos/138.svg", "team": "stl", "start": "", "in": "5", "result": "Single", "evo": "105.5", "la": "7", "dist": "151"}, {"player": "vladimir guerrero", "game": "stl @ tor", "gameIdx": 0, "hr/park": "", "pa": "26", "dt": "", "img": "https://www.mlbstatic.com/team-logos/141.svg", "team": "tor", "start": "", "in": "4", "result": "Groundout", "evo": "68.0", "la": "-12", "dist": "12"}, {"player": "ernie clement", "game": "stl @ tor", "gameIdx": 0, "hr/park": "0/30", "pa": "25", "dt": "", "img": "https://www.mlbstatic.com/team-logos/141.svg", "team": "tor", "start": "", "in": "4", "result": "Flyout", "evo": "95.6", "la": "26", "dist": "357"}, {"player": "nathan lukes", "game": "stl @ tor", "gameIdx": 0, "hr/park": "", "pa": "24", "dt": "", "img": "https://www.mlbstatic.com/team-logos/141.svg", "team": "tor", "start": "", "in": "4", "result": "Pop Out", "evo": "80.4", "la": "63", "dist": "170"}, {"player": "lars nootbaar", "game": "stl @ tor", "gameIdx": 0, "hr/park": "", "pa": "23", "dt": "", "img": "https://www.mlbstatic.com/team-logos/138.svg", "team": "stl", "start": "", "in": "4", "result": "Flyout", "evo": "76.8", "la": "51", "dist": "212"}, {"player": "luken baker", "game": "stl @ tor", "gameIdx": 0, "hr/park": "", "pa": "22", "dt": "", "img": "https://www.mlbstatic.com/team-logos/138.svg", "team": "stl", "start": "", "in": "4", "result": "Groundout", "evo": "84.7", "la": "-11", "dist": "14"}, {"player": "nolan arenado", "game": "stl @ tor", "gameIdx": 0, "hr/park": "", "pa": "21", "dt": "", "img": "https://www.mlbstatic.com/team-logos/138.svg", "team": "stl", "start": "", "in": "4", "result": "Strikeout", "evo": "", "la": "", "dist": ""}, {"player": "brian serven", "game": "stl @ tor", "gameIdx": 0, "hr/park": "", "pa": "20", "dt": "", "img": "https://www.mlbstatic.com/team-logos/141.svg", "team": "tor", "start": "", "in": "3", "result": "Strikeout", "evo": "", "la": "", "dist": ""}, {"player": "luis de los santos", "game": "stl @ tor", "gameIdx": 0, "hr/park": "", "pa": "19", "dt": "", "img": "https://www.mlbstatic.com/team-logos/141.svg", "team": "tor", "start": "", "in": "3", "result": "GIDP", "evo": "100.6", "la": "-20", "dist": "7"}, {"player": "leo jimenez", "game": "stl @ tor", "gameIdx": 0, "hr/park": "", "pa": "18", "dt": "", "img": "https://www.mlbstatic.com/team-logos/141.svg", "team": "tor", "start": "", "in": "3", "result": "Single", "evo": "98.8", "la": "12", "dist": "206"}, {"player": "alec burleson", "game": "stl @ tor", "gameIdx": 0, "hr/park": "", "pa": "17", "dt": "", "img": "https://www.mlbstatic.com/team-logos/138.svg", "team": "stl", "start": "", "in": "3", "result": "Pop Out", "evo": "84.7", "la": "72", "dist": "78"}, {"player": "brendan donovan", "game": "stl @ tor", "gameIdx": 0, "hr/park": "", "pa": "16", "dt": "", "img": "https://www.mlbstatic.com/team-logos/138.svg", "team": "stl", "start": "", "in": "3", "result": "Strikeout", "evo": "", "la": "", "dist": ""}, {"player": "michael siani", "game": "stl @ tor", "gameIdx": 0, "hr/park": "", "pa": "15", "dt": "", "img": "https://www.mlbstatic.com/team-logos/138.svg", "team": "stl", "start": "", "in": "3", "result": "Walk", "evo": "", "la": "", "dist": ""}, {"player": "jordan walker", "game": "stl @ tor", "gameIdx": 0, "hr/park": "", "pa": "14", "dt": "", "img": "https://www.mlbstatic.com/team-logos/138.svg", "team": "stl", "start": "", "in": "3", "result": "Groundout", "evo": "59.2", "la": "-42", "dist": "5"}, {"player": "addison barger", "game": "stl @ tor", "gameIdx": 0, "hr/park": "", "pa": "13", "dt": "", "img": "https://www.mlbstatic.com/team-logos/141.svg", "team": "tor", "start": "", "in": "2", "result": "Strikeout", "evo": "", "la": "", "dist": ""}, {"player": "davis schneider", "game": "stl @ tor", "gameIdx": 0, "hr/park": "", "pa": "12", "dt": "", "img": "https://www.mlbstatic.com/team-logos/141.svg", "team": "tor", "start": "", "in": "2", "result": "Single", "evo": "83.2", "la": "10", "dist": "114"}, {"player": "spencer horwitz", "game": "stl @ tor", "gameIdx": 0, "hr/park": "", "pa": "11", "dt": "", "img": "https://www.mlbstatic.com/team-logos/141.svg", "team": "tor", "start": "", "in": "2", "result": "Strikeout", "evo": "", "la": "", "dist": ""}, {"player": "thomas saggese", "game": "stl @ tor", "gameIdx": 0, "hr/park": "", "pa": "10", "dt": "", "img": "https://www.mlbstatic.com/team-logos/138.svg", "team": "stl", "start": "", "in": "2", "result": "Pop Out", "evo": "43.1", "la": "34", "dist": "105"}, {"player": "ivan herrera", "game": "stl @ tor", "gameIdx": 0, "hr/park": "0/30", "pa": "9", "dt": "", "img": "https://www.mlbstatic.com/team-logos/138.svg", "team": "stl", "start": "", "in": "2", "result": "Flyout", "evo": "91.0", "la": "30", "dist": "328"}, {"player": "lars nootbaar", "game": "stl @ tor", "gameIdx": 0, "hr/park": "", "pa": "8", "dt": "", "img": "https://www.mlbstatic.com/team-logos/138.svg", "team": "stl", "start": "", "in": "2", "result": "Single", "evo": "92.5", "la": "12", "dist": "222"}, {"player": "luken baker", "game": "stl @ tor", "gameIdx": 0, "hr/park": "", "pa": "7", "dt": "", "img": "https://www.mlbstatic.com/team-logos/138.svg", "team": "stl", "start": "", "in": "2", "result": "Pop Out", "evo": "67.6", "la": "43", "dist": "205"}, {"player": "vladimir guerrero", "game": "stl @ tor", "gameIdx": 0, "hr/park": "", "pa": "6", "dt": "", "img": "https://www.mlbstatic.com/team-logos/141.svg", "team": "tor", "start": "", "in": "1", "result": "Pop Out", "evo": "80.9", "la": "81", "dist": "41"}, {"player": "ernie clement", "game": "stl @ tor", "gameIdx": 0, "hr/park": "", "pa": "5", "dt": "", "img": "https://www.mlbstatic.com/team-logos/141.svg", "team": "tor", "start": "", "in": "1", "result": "Strikeout", "evo": "", "la": "", "dist": ""}, {"player": "nathan lukes", "game": "stl @ tor", "gameIdx": 0, "hr/park": "", "pa": "4", "dt": "", "img": "https://www.mlbstatic.com/team-logos/141.svg", "team": "tor", "start": "", "in": "1", "result": "Groundout", "evo": "61.3", "la": "-5", "dist": "21"}, {"player": "nolan arenado", "game": "stl @ tor", "gameIdx": 0, "hr/park": "", "pa": "3", "dt": "", "img": "https://www.mlbstatic.com/team-logos/138.svg", "team": "stl", "start": "", "in": "1", "result": "Groundout", "evo": "61.6", "la": "-47", "dist": "3"}, {"player": "alec burleson", "game": "stl @ tor", "gameIdx": 0, "hr/park": "", "pa": "2", "dt": "", "img": "https://www.mlbstatic.com/team-logos/138.svg", "team": "stl", "start": "", "in": "1", "result": "Groundout", "evo": "66.2", "la": "-47", "dist": "2"}, {"player": "brendan donovan", "game": "stl @ tor", "gameIdx": 0, "hr/park": "", "pa": "1", "dt": "", "img": "https://www.mlbstatic.com/team-logos/138.svg", "team": "stl", "start": "", "in": "1", "result": "Pop Out", "evo": "57.8", "la": "37", "dist": "173"}], "tb @ cle": [], "ath @ chw": [], "chc @ col": [], "sd @ sf": [], "hou @ laa": [], "tex @ sea": [], "mil @ ari": [], "lad @ atl": []}