{"all": {"pitchers": "34", "batters": "79", "pitches": "1096", "max velomax pitch velocity": "98.3", "min velomin pitch velocity": "73.0", "ff%fourseam fastball %": "24.9", "si%sinker %": "17.0", "fc%cutter %": "6.8", "fs%splitter %": "5.7", "ch%changeup %": "13.5", "sl%slider %": "26.1", "cu%curve %": "6.1", "max evmax exit velocity": "109.1", "hhhard hit": "92", "hh%hard hit %": "42.8", "brlbarrels": "14", "brl%barrel %": "6.5", "ab": "266", "avg": ".226", "h": "60", "1b": "40", "2b": "13", "3b": "4", "hr": "3", "so": "60", "bipballs in play": "215", "liveGames": 0, "totGames": 4}, "laa @ tb": [{"player": "brandon drury", "game": "laa @ tb", "gameIdx": 0, "hr/park": "", "pa": "65", "dt": "", "img": "https://www.mlbstatic.com/team-logos/108.svg", "team": "laa", "start": "", "in": "9", "result": "Forceout", "evo": "98.3", "la": "-1", "dist": "36"}, {"player": "luis rengifo", "game": "laa @ tb", "gameIdx": 0, "hr/park": "", "pa": "64", "dt": "", "img": "https://www.mlbstatic.com/team-logos/108.svg", "team": "laa", "start": "", "in": "9", "result": "Single", "evo": "99.8", "la": "-9", "dist": "15"}, {"player": "aaron hicks", "game": "laa @ tb", "gameIdx": 0, "hr/park": "", "pa": "63", "dt": "", "img": "https://www.mlbstatic.com/team-logos/108.svg", "team": "laa", "start": "", "in": "9", "result": "Strikeout", "evo": "", "la": "", "dist": ""}, {"player": "logan ohoppe", "game": "laa @ tb", "gameIdx": 0, "hr/park": "0/30", "pa": "62", "dt": "", "img": "https://www.mlbstatic.com/team-logos/108.svg", "team": "laa", "start": "", "in": "9", "result": "Lineout", "evo": "89.4", "la": "24", "dist": "302"}, {"player": "miguel sano", "game": "laa @ tb", "gameIdx": 0, "hr/park": "", "pa": "61", "dt": "", "img": "https://www.mlbstatic.com/team-logos/108.svg", "team": "laa", "start": "", "in": "9", "result": "Single", "evo": "105.3", "la": "8", "dist": "141"}, {"player": "amed rosario", "game": "laa @ tb", "gameIdx": 0, "hr/park": "", "pa": "60", "dt": "", "img": "https://www.mlbstatic.com/team-logos/139.svg", "team": "tb", "start": "", "in": "8", "result": "Strikeout", "evo": "", "la": "", "dist": ""}, {"player": "randy arozarena", "game": "laa @ tb", "gameIdx": 0, "hr/park": "", "pa": "59", "dt": "", "img": "https://www.mlbstatic.com/team-logos/139.svg", "team": "tb", "start": "", "in": "8", "result": "Pop Out", "evo": "80.3", "la": "59", "dist": "181"}, {"player": "yandy diaz", "game": "laa @ tb", "gameIdx": 0, "hr/park": "", "pa": "58", "dt": "", "img": "https://www.mlbstatic.com/team-logos/139.svg", "team": "tb", "start": "", "in": "8", "result": "Single", "evo": "89.6", "la": "1", "dist": "55"}, {"player": "rene pinto", "game": "laa @ tb", "gameIdx": 0, "hr/park": "0/30", "pa": "57", "dt": "", "img": "https://www.mlbstatic.com/team-logos/139.svg", "team": "tb", "start": "", "in": "8", "result": "Flyout", "evo": "96.1", "la": "31", "dist": "350"}, {"player": "taylor ward", "game": "laa @ tb", "gameIdx": 0, "hr/park": "", "pa": "56", "dt": "", "img": "https://www.mlbstatic.com/team-logos/108.svg", "team": "laa", "start": "", "in": "8", "result": "Flyout", "evo": "75.7", "la": "43", "dist": "250"}, {"player": "mike trout", "game": "laa @ tb", "gameIdx": 0, "hr/park": "0/30", "pa": "55", "dt": "", "img": "https://www.mlbstatic.com/team-logos/108.svg", "team": "laa", "start": "", "in": "8", "result": "Flyout", "evo": "101.9", "la": "34", "dist": "378"}, {"player": "anthony rendon", "game": "laa @ tb", "gameIdx": 0, "hr/park": "", "pa": "54", "dt": "", "img": "https://www.mlbstatic.com/team-logos/108.svg", "team": "laa", "start": "", "in": "8", "result": "Single", "evo": "99.1", "la": "14", "dist": "263"}, {"player": "zach neto", "game": "laa @ tb", "gameIdx": 0, "hr/park": "", "pa": "53", "dt": "", "img": "https://www.mlbstatic.com/team-logos/108.svg", "team": "laa", "start": "", "in": "8", "result": "Strikeout", "evo": "", "la": "", "dist": ""}, {"player": "jose siri", "game": "laa @ tb", "gameIdx": 0, "hr/park": "", "pa": "52", "dt": "", "img": "https://www.mlbstatic.com/team-logos/139.svg", "team": "tb", "start": "", "in": "7", "result": "Groundout", "evo": "66.5", "la": "-16", "dist": "9"}, {"player": "curtis mead", "game": "laa @ tb", "gameIdx": 0, "hr/park": "", "pa": "51", "dt": "", "img": "https://www.mlbstatic.com/team-logos/139.svg", "team": "tb", "start": "", "in": "7", "result": "Strikeout", "evo": "", "la": "", "dist": ""}, {"player": "austin shenton", "game": "laa @ tb", "gameIdx": 0, "hr/park": "", "pa": "50", "dt": "", "img": "https://www.mlbstatic.com/team-logos/139.svg", "team": "tb", "start": "", "in": "7", "result": "Strikeout", "evo": "", "la": "", "dist": ""}, {"player": "nolan schanuel", "game": "laa @ tb", "gameIdx": 0, "hr/park": "", "pa": "49", "dt": "", "img": "https://www.mlbstatic.com/team-logos/108.svg", "team": "laa", "start": "", "in": "7", "result": "Strikeout", "evo": "", "la": "", "dist": ""}, {"player": "luis rengifo", "game": "laa @ tb", "gameIdx": 0, "hr/park": "", "pa": "48", "dt": "", "img": "https://www.mlbstatic.com/team-logos/108.svg", "team": "laa", "start": "", "in": "7", "result": "Groundout", "evo": "98.6", "la": "-8", "dist": "14"}, {"player": "aaron hicks", "game": "laa @ tb", "gameIdx": 0, "hr/park": "", "pa": "47", "dt": "", "img": "https://www.mlbstatic.com/team-logos/108.svg", "team": "laa", "start": "", "in": "7", "result": "Strikeout", "evo": "", "la": "", "dist": ""}, {"player": "jose caballero", "game": "laa @ tb", "gameIdx": 0, "hr/park": "", "pa": "46", "dt": "", "img": "https://www.mlbstatic.com/team-logos/139.svg", "team": "tb", "start": "", "in": "6", "result": "GIDP", "evo": "84.9", "la": "-18", "dist": "9"}, {"player": "harold ramirez", "game": "laa @ tb", "gameIdx": 0, "hr/park": "", "pa": "45", "dt": "", "img": "https://www.mlbstatic.com/team-logos/139.svg", "team": "tb", "start": "", "in": "6", "result": "Forceout", "evo": "91.8", "la": "-29", "dist": "3"}, {"player": "amed rosario", "game": "laa @ tb", "gameIdx": 0, "hr/park": "", "pa": "44", "dt": "", "img": "https://www.mlbstatic.com/team-logos/139.svg", "team": "tb", "start": "", "in": "6", "result": "Single", "evo": "72.1", "la": "-54", "dist": "2"}, {"player": "richie palacios", "game": "laa @ tb", "gameIdx": 0, "hr/park": "", "pa": "43", "dt": "", "img": "https://www.mlbstatic.com/team-logos/139.svg", "team": "tb", "start": "", "in": "6", "result": "Single", "evo": "92.2", "la": "14", "dist": "257"}, {"player": "matt thaiss", "game": "laa @ tb", "gameIdx": 0, "hr/park": "", "pa": "42", "dt": "", "img": "https://www.mlbstatic.com/team-logos/108.svg", "team": "laa", "start": "", "in": "6", "result": "Flyout", "evo": "76.0", "la": "53", "dist": "205"}, {"player": "miguel sano", "game": "laa @ tb", "gameIdx": 0, "hr/park": "", "pa": "41", "dt": "", "img": "https://www.mlbstatic.com/team-logos/108.svg", "team": "laa", "start": "", "in": "6", "result": "Sac Fly", "evo": "96.7", "la": "47", "dist": "289"}, {"player": "taylor ward", "game": "laa @ tb", "gameIdx": 0, "hr/park": "", "pa": "40", "dt": "", "img": "https://www.mlbstatic.com/team-logos/108.svg", "team": "laa", "start": "", "in": "6", "result": "Strikeout", "evo": "", "la": "", "dist": ""}, {"player": "mike trout", "game": "laa @ tb", "gameIdx": 0, "hr/park": "", "pa": "39", "dt": "", "img": "https://www.mlbstatic.com/team-logos/108.svg", "team": "laa", "start": "", "in": "6", "result": "Walk", "evo": "", "la": "", "dist": ""}, {"player": "yandy diaz", "game": "laa @ tb", "gameIdx": 0, "hr/park": "0/30", "pa": "38", "dt": "", "img": "https://www.mlbstatic.com/team-logos/139.svg", "team": "tb", "start": "", "in": "5", "result": "Flyout", "evo": "93.3", "la": "40", "dist": "307"}, {"player": "rene pinto", "game": "laa @ tb", "gameIdx": 0, "hr/park": "0/30", "pa": "37", "dt": "", "img": "https://www.mlbstatic.com/team-logos/139.svg", "team": "tb", "start": "", "in": "5", "result": "Flyout", "evo": "96.4", "la": "40", "dist": "338"}, {"player": "jose siri", "game": "laa @ tb", "gameIdx": 0, "hr/park": "0/30", "pa": "36", "dt": "", "img": "https://www.mlbstatic.com/team-logos/139.svg", "team": "tb", "start": "", "in": "5", "result": "Lineout", "evo": "103.5", "la": "18", "dist": "367"}, {"player": "anthony rendon", "game": "laa @ tb", "gameIdx": 0, "hr/park": "0/30", "pa": "35", "dt": "", "img": "https://www.mlbstatic.com/team-logos/108.svg", "team": "laa", "start": "", "in": "5", "result": "Flyout", "evo": "96.0", "la": "24", "dist": "328"}, {"player": "zach neto", "game": "laa @ tb", "gameIdx": 0, "hr/park": "", "pa": "34", "dt": "", "img": "https://www.mlbstatic.com/team-logos/108.svg", "team": "laa", "start": "", "in": "5", "result": "Strikeout", "evo": "", "la": "", "dist": ""}, {"player": "nolan schanuel", "game": "laa @ tb", "gameIdx": 0, "hr/park": "", "pa": "33", "dt": "", "img": "https://www.mlbstatic.com/team-logos/108.svg", "team": "laa", "start": "", "in": "5", "result": "Single", "evo": "95.9", "la": "-3", "dist": "29"}, {"player": "luis rengifo", "game": "laa @ tb", "gameIdx": 0, "hr/park": "", "pa": "32", "dt": "", "img": "https://www.mlbstatic.com/team-logos/108.svg", "team": "laa", "start": "", "in": "5", "result": "Strikeout", "evo": "", "la": "", "dist": ""}, {"player": "curtis mead", "game": "laa @ tb", "gameIdx": 0, "hr/park": "", "pa": "31", "dt": "", "img": "https://www.mlbstatic.com/team-logos/139.svg", "team": "tb", "start": "", "in": "4", "result": "Forceout", "evo": "106.5", "la": "-32", "dist": "4"}, {"player": "austin shenton", "game": "laa @ tb", "gameIdx": 0, "hr/park": "", "pa": "30", "dt": "", "img": "https://www.mlbstatic.com/team-logos/139.svg", "team": "tb", "start": "", "in": "4", "result": "Flyout", "evo": "80.7", "la": "48", "dist": "247"}, {"player": "jose caballero", "game": "laa @ tb", "gameIdx": 0, "hr/park": "", "pa": "29", "dt": "", "img": "https://www.mlbstatic.com/team-logos/139.svg", "team": "tb", "start": "", "in": "4", "result": "Hit By Pitch", "evo": "", "la": "", "dist": ""}, {"player": "harold ramirez", "game": "laa @ tb", "gameIdx": 0, "hr/park": "", "pa": "28", "dt": "", "img": "https://www.mlbstatic.com/team-logos/139.svg", "team": "tb", "start": "", "in": "4", "result": "Strikeout", "evo": "", "la": "", "dist": ""}, {"player": "mickey moniak", "game": "laa @ tb", "gameIdx": 0, "hr/park": "", "pa": "27", "dt": "", "img": "https://www.mlbstatic.com/team-logos/108.svg", "team": "laa", "start": "", "in": "4", "result": "GIDP", "evo": "70.4", "la": "3", "dist": "53"}, {"player": "matt thaiss", "game": "laa @ tb", "gameIdx": 0, "hr/park": "", "pa": "26", "dt": "", "img": "https://www.mlbstatic.com/team-logos/108.svg", "team": "laa", "start": "", "in": "4", "result": "Strikeout", "evo": "", "la": "", "dist": ""}, {"player": "miguel sano", "game": "laa @ tb", "gameIdx": 0, "hr/park": "", "pa": "25", "dt": "", "img": "https://www.mlbstatic.com/team-logos/108.svg", "team": "laa", "start": "", "in": "4", "result": "Walk", "evo": "", "la": "", "dist": ""}, {"player": "amed rosario", "game": "laa @ tb", "gameIdx": 0, "hr/park": "0/30", "pa": "24", "dt": "", "img": "https://www.mlbstatic.com/team-logos/139.svg", "team": "tb", "start": "", "in": "3", "result": "Lineout", "evo": "95.2", "la": "22", "dist": "321"}, {"player": "richie palacios", "game": "laa @ tb", "gameIdx": 0, "hr/park": "", "pa": "23", "dt": "", "img": "https://www.mlbstatic.com/team-logos/139.svg", "team": "tb", "start": "", "in": "3", "result": "Groundout", "evo": "67.9", "la": "-47", "dist": "2"}, {"player": "yandy diaz", "game": "laa @ tb", "gameIdx": 0, "hr/park": "", "pa": "22", "dt": "", "img": "https://www.mlbstatic.com/team-logos/139.svg", "team": "tb", "start": "", "in": "3", "result": "Single", "evo": "103.1", "la": "-15", "dist": "8"}, {"player": "rene pinto", "game": "laa @ tb", "gameIdx": 0, "hr/park": "", "pa": "21", "dt": "", "img": "https://www.mlbstatic.com/team-logos/139.svg", "team": "tb", "start": "", "in": "3", "result": "Strikeout", "evo": "", "la": "", "dist": ""}, {"player": "taylor ward", "game": "laa @ tb", "gameIdx": 0, "hr/park": "", "pa": "20", "dt": "", "img": "https://www.mlbstatic.com/team-logos/108.svg", "team": "laa", "start": "", "in": "3", "result": "Lineout", "evo": "87.6", "la": "23", "dist": "289"}, {"player": "mike trout", "game": "laa @ tb", "gameIdx": 0, "hr/park": "", "pa": "19", "dt": "", "img": "https://www.mlbstatic.com/team-logos/108.svg", "team": "laa", "start": "", "in": "3", "result": "Strikeout", "evo": "", "la": "", "dist": ""}, {"player": "anthony rendon", "game": "laa @ tb", "gameIdx": 0, "hr/park": "0/30", "pa": "18", "dt": "", "img": "https://www.mlbstatic.com/team-logos/108.svg", "team": "laa", "start": "", "in": "3", "result": "Flyout", "evo": "84.7", "la": "25", "dist": "308"}, {"player": "zach neto", "game": "laa @ tb", "gameIdx": 0, "hr/park": "", "pa": "17", "dt": "", "img": "https://www.mlbstatic.com/team-logos/108.svg", "team": "laa", "start": "", "in": "3", "result": "Single", "evo": "107.5", "la": "2", "dist": "60"}, {"player": "jose siri", "game": "laa @ tb", "gameIdx": 0, "hr/park": "", "pa": "16", "dt": "", "img": "https://www.mlbstatic.com/team-logos/139.svg", "team": "tb", "start": "", "in": "2", "result": "Strikeout", "evo": "", "la": "", "dist": ""}, {"player": "curtis mead", "game": "laa @ tb", "gameIdx": 0, "hr/park": "", "pa": "15", "dt": "", "img": "https://www.mlbstatic.com/team-logos/139.svg", "team": "tb", "start": "", "in": "2", "result": "Pop Out", "evo": "85.2", "la": "77", "dist": "42"}, {"player": "austin shenton", "game": "laa @ tb", "gameIdx": 0, "hr/park": "", "pa": "14", "dt": "", "img": "https://www.mlbstatic.com/team-logos/139.svg", "team": "tb", "start": "", "in": "2", "result": "Groundout", "evo": "68.6", "la": "14", "dist": "126"}, {"player": "nolan schanuel", "game": "laa @ tb", "gameIdx": 0, "hr/park": "0/30", "pa": "13", "dt": "", "img": "https://www.mlbstatic.com/team-logos/108.svg", "team": "laa", "start": "", "in": "2", "result": "Flyout", "evo": "92.0", "la": "26", "dist": "325"}, {"player": "luis rengifo", "game": "laa @ tb", "gameIdx": 0, "hr/park": "", "pa": "12", "dt": "", "img": "https://www.mlbstatic.com/team-logos/108.svg", "team": "laa", "start": "", "in": "2", "result": "Single", "evo": "97.1", "la": "10", "dist": "170"}, {"player": "mickey moniak", "game": "laa @ tb", "gameIdx": 0, "hr/park": "3/30", "pa": "11", "dt": "", "img": "https://www.mlbstatic.com/team-logos/108.svg", "team": "laa", "start": "", "in": "2", "result": "Flyout", "evo": "102.2", "la": "28", "dist": "395"}, {"player": "matt thaiss", "game": "laa @ tb", "gameIdx": 0, "hr/park": "", "pa": "10", "dt": "", "img": "https://www.mlbstatic.com/team-logos/108.svg", "team": "laa", "start": "", "in": "2", "result": "Walk", "evo": "", "la": "", "dist": ""}, {"player": "miguel sano", "game": "laa @ tb", "gameIdx": 0, "hr/park": "", "pa": "9", "dt": "", "img": "https://www.mlbstatic.com/team-logos/108.svg", "team": "laa", "start": "", "in": "2", "result": "Strikeout", "evo": "", "la": "", "dist": ""}, {"player": "jose caballero", "game": "laa @ tb", "gameIdx": 0, "hr/park": "", "pa": "8", "dt": "", "img": "https://www.mlbstatic.com/team-logos/139.svg", "team": "tb", "start": "", "in": "1", "result": "Strikeout", "evo": "", "la": "", "dist": ""}, {"player": "harold ramirez", "game": "laa @ tb", "gameIdx": 0, "hr/park": "0/30", "pa": "7", "dt": "", "img": "https://www.mlbstatic.com/team-logos/139.svg", "team": "tb", "start": "", "in": "1", "result": "Sac Fly", "evo": "91.9", "la": "27", "dist": "318"}, {"player": "amed rosario", "game": "laa @ tb", "gameIdx": 0, "hr/park": "", "pa": "6", "dt": "", "img": "https://www.mlbstatic.com/team-logos/139.svg", "team": "tb", "start": "", "in": "1", "result": "Triple", "evo": "95.5", "la": "13", "dist": "242"}, {"player": "richie palacios", "game": "laa @ tb", "gameIdx": 0, "hr/park": "", "pa": "5", "dt": "", "img": "https://www.mlbstatic.com/team-logos/139.svg", "team": "tb", "start": "", "in": "1", "result": "Walk", "evo": "", "la": "", "dist": ""}, {"player": "yandy diaz", "game": "laa @ tb", "gameIdx": 0, "hr/park": "", "pa": "4", "dt": "", "img": "https://www.mlbstatic.com/team-logos/139.svg", "team": "tb", "start": "", "in": "1", "result": "Groundout", "evo": "50.2", "la": "16", "dist": "96"}, {"player": "taylor ward", "game": "laa @ tb", "gameIdx": 0, "hr/park": "", "pa": "3", "dt": "", "img": "https://www.mlbstatic.com/team-logos/108.svg", "team": "laa", "start": "", "in": "1", "result": "Groundout", "evo": "87.9", "la": "-16", "dist": "11"}, {"player": "mike trout", "game": "laa @ tb", "gameIdx": 0, "hr/park": "", "pa": "2", "dt": "", "img": "https://www.mlbstatic.com/team-logos/108.svg", "team": "laa", "start": "", "in": "1", "result": "Pop Out", "evo": "66.2", "la": "58", "dist": "162"}, {"player": "anthony rendon", "game": "laa @ tb", "gameIdx": 0, "hr/park": "", "pa": "1", "dt": "", "img": "https://www.mlbstatic.com/team-logos/108.svg", "team": "laa", "start": "", "in": "1", "result": "Strikeout", "evo": "", "la": "", "dist": ""}], "tex @ det": [{"player": "javier baez", "game": "tex @ det", "gameIdx": 0, "hr/park": "0/30", "pa": "90", "dt": "", "img": "https://www.mlbstatic.com/team-logos/116.svg", "team": "det", "start": "", "in": "9", "result": "Flyout", "evo": "97.2", "la": "33", "dist": "303"}, {"player": "gio urshela", "game": "tex @ det", "gameIdx": 0, "hr/park": "", "pa": "89", "dt": "", "img": "https://www.mlbstatic.com/team-logos/116.svg", "team": "det", "start": "", "in": "9", "result": "Single", "evo": "90.8", "la": "9", "dist": "149"}, {"player": "colt keith", "game": "tex @ det", "gameIdx": 0, "hr/park": "0/30", "pa": "88", "dt": "", "img": "https://www.mlbstatic.com/team-logos/116.svg", "team": "det", "start": "", "in": "9", "result": "Flyout", "evo": "95.5", "la": "45", "dist": "300"}, {"player": "matt vierling", "game": "tex @ det", "gameIdx": 0, "hr/park": "", "pa": "87", "dt": "", "img": "https://www.mlbstatic.com/team-logos/116.svg", "team": "det", "start": "", "in": "9", "result": "Lineout", "evo": "104.4", "la": "9", "dist": "174"}, {"player": "marcus semien", "game": "tex @ det", "gameIdx": 0, "hr/park": "0/30", "pa": "86", "dt": "", "img": "https://www.mlbstatic.com/team-logos/140.svg", "team": "tex", "start": "", "in": "9", "result": "Lineout", "evo": "92.9", "la": "19", "dist": "300"}, {"player": "leody taveras", "game": "tex @ det", "gameIdx": 0, "hr/park": "", "pa": "85", "dt": "", "img": "https://www.mlbstatic.com/team-logos/140.svg", "team": "tex", "start": "", "in": "9", "result": "Single", "evo": "94.4", "la": "15", "dist": "274"}, {"player": "ezequiel duran", "game": "tex @ det", "gameIdx": 0, "hr/park": "", "pa": "84", "dt": "", "img": "https://www.mlbstatic.com/team-logos/140.svg", "team": "tex", "start": "", "in": "9", "result": "Walk", "evo": "", "la": "", "dist": ""}, {"player": "jonah heim", "game": "tex @ det", "gameIdx": 0, "hr/park": "", "pa": "83", "dt": "", "img": "https://www.mlbstatic.com/team-logos/140.svg", "team": "tex", "start": "", "in": "9", "result": "Strikeout", "evo": "", "la": "", "dist": ""}, {"player": "wyatt langford", "game": "tex @ det", "gameIdx": 0, "hr/park": "0/30", "pa": "82", "dt": "", "img": "https://www.mlbstatic.com/team-logos/140.svg", "team": "tex", "start": "", "in": "9", "result": "Flyout", "evo": "103.1", "la": "35", "dist": "376"}, {"player": "josh smith", "game": "tex @ det", "gameIdx": 0, "hr/park": "", "pa": "81", "dt": "", "img": "https://www.mlbstatic.com/team-logos/140.svg", "team": "tex", "start": "", "in": "9", "result": "Single", "evo": "78.0", "la": "18", "dist": "198"}, {"player": "spencer torkelson", "game": "tex @ det", "gameIdx": 0, "hr/park": "", "pa": "80", "dt": "", "img": "https://www.mlbstatic.com/team-logos/116.svg", "team": "det", "start": "", "in": "8", "result": "Strikeout", "evo": "", "la": "", "dist": ""}, {"player": "kerry carpenter", "game": "tex @ det", "gameIdx": 0, "hr/park": "", "pa": "79", "dt": "", "img": "https://www.mlbstatic.com/team-logos/116.svg", "team": "det", "start": "", "in": "8", "result": "Strikeout", "evo": "", "la": "", "dist": ""}, {"player": "mark canha", "game": "tex @ det", "gameIdx": 0, "hr/park": "", "pa": "78", "dt": "", "img": "https://www.mlbstatic.com/team-logos/116.svg", "team": "det", "start": "", "in": "8", "result": "Walk", "evo": "", "la": "", "dist": ""}, {"player": "riley greene", "game": "tex @ det", "gameIdx": 0, "hr/park": "", "pa": "77", "dt": "", "img": "https://www.mlbstatic.com/team-logos/116.svg", "team": "det", "start": "", "in": "8", "result": "Walk", "evo": "", "la": "", "dist": ""}, {"player": "zach mckinstry", "game": "tex @ det", "gameIdx": 0, "hr/park": "", "pa": "76", "dt": "", "img": "https://www.mlbstatic.com/team-logos/116.svg", "team": "det", "start": "", "in": "8", "result": "Strikeout", "evo": "", "la": "", "dist": ""}, {"player": "adolis garcia", "game": "tex @ det", "gameIdx": 0, "hr/park": "", "pa": "75", "dt": "", "img": "https://www.mlbstatic.com/team-logos/140.svg", "team": "tex", "start": "", "in": "8", "result": "Groundout", "evo": "105.0", "la": "-27", "dist": "4"}, {"player": "evan carter", "game": "tex @ det", "gameIdx": 0, "hr/park": "", "pa": "74", "dt": "", "img": "https://www.mlbstatic.com/team-logos/140.svg", "team": "tex", "start": "", "in": "8", "result": "Strikeout", "evo": "", "la": "", "dist": ""}, {"player": "corey seager", "game": "tex @ det", "gameIdx": 0, "hr/park": "", "pa": "73", "dt": "", "img": "https://www.mlbstatic.com/team-logos/140.svg", "team": "tex", "start": "", "in": "8", "result": "Fielders Choice", "evo": "80.8", "la": "-8", "dist": "15"}, {"player": "marcus semien", "game": "tex @ det", "gameIdx": 0, "hr/park": "", "pa": "72", "dt": "", "img": "https://www.mlbstatic.com/team-logos/140.svg", "team": "tex", "start": "", "in": "8", "result": "Fielders Choice", "evo": "96.7", "la": "-1", "dist": "38"}, {"player": "leody taveras", "game": "tex @ det", "gameIdx": 0, "hr/park": "", "pa": "71", "dt": "", "img": "https://www.mlbstatic.com/team-logos/140.svg", "team": "tex", "start": "", "in": "8", "result": "Double", "evo": "79.4", "la": "13", "dist": "178"}, {"player": "ezequiel duran", "game": "tex @ det", "gameIdx": 0, "hr/park": "", "pa": "70", "dt": "", "img": "https://www.mlbstatic.com/team-logos/140.svg", "team": "tex", "start": "", "in": "8", "result": "Groundout", "evo": "96.9", "la": "", "dist": "44"}, {"player": "javier baez", "game": "tex @ det", "gameIdx": 0, "hr/park": "", "pa": "69", "dt": "", "img": "https://www.mlbstatic.com/team-logos/116.svg", "team": "det", "start": "", "in": "7", "result": "Groundout", "evo": "65.5", "la": "-9", "dist": "14"}, {"player": "gio urshela", "game": "tex @ det", "gameIdx": 0, "hr/park": "", "pa": "68", "dt": "", "img": "https://www.mlbstatic.com/team-logos/116.svg", "team": "det", "start": "", "in": "7", "result": "Flyout", "evo": "88.3", "la": "47", "dist": "261"}, {"player": "colt keith", "game": "tex @ det", "gameIdx": 0, "hr/park": "", "pa": "67", "dt": "", "img": "https://www.mlbstatic.com/team-logos/116.svg", "team": "det", "start": "", "in": "7", "result": "Single", "evo": "81.3", "la": "14", "dist": "193"}, {"player": "matt vierling", "game": "tex @ det", "gameIdx": 0, "hr/park": "", "pa": "66", "dt": "", "img": "https://www.mlbstatic.com/team-logos/116.svg", "team": "det", "start": "", "in": "7", "result": "Strikeout", "evo": "", "la": "", "dist": ""}, {"player": "spencer torkelson", "game": "tex @ det", "gameIdx": 0, "hr/park": "", "pa": "65", "dt": "", "img": "https://www.mlbstatic.com/team-logos/116.svg", "team": "det", "start": "", "in": "7", "result": "Walk", "evo": "", "la": "", "dist": ""}, {"player": "jonah heim", "game": "tex @ det", "gameIdx": 0, "hr/park": "", "pa": "64", "dt": "", "img": "https://www.mlbstatic.com/team-logos/140.svg", "team": "tex", "start": "", "in": "7", "result": "Strikeout", "evo": "", "la": "", "dist": ""}, {"player": "wyatt langford", "game": "tex @ det", "gameIdx": 0, "hr/park": "", "pa": "63", "dt": "", "img": "https://www.mlbstatic.com/team-logos/140.svg", "team": "tex", "start": "", "in": "7", "result": "Strikeout", "evo": "", "la": "", "dist": ""}, {"player": "josh smith", "game": "tex @ det", "gameIdx": 0, "hr/park": "", "pa": "62", "dt": "", "img": "https://www.mlbstatic.com/team-logos/140.svg", "team": "tex", "start": "", "in": "7", "result": "Hit By Pitch", "evo": "", "la": "", "dist": ""}, {"player": "adolis garcia", "game": "tex @ det", "gameIdx": 0, "hr/park": "", "pa": "61", "dt": "", "img": "https://www.mlbstatic.com/team-logos/140.svg", "team": "tex", "start": "", "in": "7", "result": "Single", "evo": "82.3", "la": "3", "dist": "58"}, {"player": "evan carter", "game": "tex @ det", "gameIdx": 0, "hr/park": "", "pa": "60", "dt": "", "img": "https://www.mlbstatic.com/team-logos/140.svg", "team": "tex", "start": "", "in": "7", "result": "Groundout", "evo": "77.9", "la": "-15", "dist": "13"}, {"player": "corey seager", "game": "tex @ det", "gameIdx": 0, "hr/park": "", "pa": "59", "dt": "", "img": "https://www.mlbstatic.com/team-logos/140.svg", "team": "tex", "start": "", "in": "7", "result": "Single", "evo": "75.1", "la": "3", "dist": "54"}, {"player": "kerry carpenter", "game": "tex @ det", "gameIdx": 0, "hr/park": "0/30", "pa": "58", "dt": "", "img": "https://www.mlbstatic.com/team-logos/116.svg", "team": "det", "start": "", "in": "6", "result": "Flyout", "evo": "96.7", "la": "26", "dist": "373"}, {"player": "mark canha", "game": "tex @ det", "gameIdx": 0, "hr/park": "", "pa": "57", "dt": "", "img": "https://www.mlbstatic.com/team-logos/116.svg", "team": "det", "start": "", "in": "6", "result": "Groundout", "evo": "63.7", "la": "-32", "dist": "5"}, {"player": "riley greene", "game": "tex @ det", "gameIdx": 0, "hr/park": "", "pa": "56", "dt": "", "img": "https://www.mlbstatic.com/team-logos/116.svg", "team": "det", "start": "", "in": "6", "result": "Groundout", "evo": "94.7", "la": "-6", "dist": "18"}, {"player": "marcus semien", "game": "tex @ det", "gameIdx": 0, "hr/park": "", "pa": "55", "dt": "", "img": "https://www.mlbstatic.com/team-logos/140.svg", "team": "tex", "start": "", "in": "6", "result": "Groundout", "evo": "54.9", "la": "-39", "dist": "2"}, {"player": "leody taveras", "game": "tex @ det", "gameIdx": 0, "hr/park": "", "pa": "54", "dt": "", "img": "https://www.mlbstatic.com/team-logos/140.svg", "team": "tex", "start": "", "in": "6", "result": "Groundout", "evo": "79.8", "la": "-20", "dist": "3"}, {"player": "ezequiel duran", "game": "tex @ det", "gameIdx": 0, "hr/park": "", "pa": "53", "dt": "", "img": "https://www.mlbstatic.com/team-logos/140.svg", "team": "tex", "start": "", "in": "6", "result": "Pop Out", "evo": "62.1", "la": "77", "dist": "48"}, {"player": "carson kelly", "game": "tex @ det", "gameIdx": 0, "hr/park": "", "pa": "52", "dt": "", "img": "https://www.mlbstatic.com/team-logos/116.svg", "team": "det", "start": "", "in": "5", "result": "Groundout", "evo": "77.0", "la": "-28", "dist": "5"}, {"player": "javier baez", "game": "tex @ det", "gameIdx": 0, "hr/park": "0/30", "pa": "51", "dt": "", "img": "https://www.mlbstatic.com/team-logos/116.svg", "team": "det", "start": "", "in": "5", "result": "Double", "evo": "109.1", "la": "18", "dist": "312"}, {"player": "gio urshela", "game": "tex @ det", "gameIdx": 0, "hr/park": "", "pa": "50", "dt": "", "img": "https://www.mlbstatic.com/team-logos/116.svg", "team": "det", "start": "", "in": "5", "result": "Flyout", "evo": "82.8", "la": "43", "dist": "272"}, {"player": "colt keith", "game": "tex @ det", "gameIdx": 0, "hr/park": "", "pa": "49", "dt": "", "img": "https://www.mlbstatic.com/team-logos/116.svg", "team": "det", "start": "", "in": "5", "result": "Flyout", "evo": "75.6", "la": "49", "dist": "226"}, {"player": "jonah heim", "game": "tex @ det", "gameIdx": 0, "hr/park": "0/30", "pa": "48", "dt": "", "img": "https://www.mlbstatic.com/team-logos/140.svg", "team": "tex", "start": "", "in": "5", "result": "Flyout", "evo": "91.3", "la": "33", "dist": "331"}, {"player": "wyatt langford", "game": "tex @ det", "gameIdx": 0, "hr/park": "", "pa": "47", "dt": "", "img": "https://www.mlbstatic.com/team-logos/140.svg", "team": "tex", "start": "", "in": "5", "result": "Pop Out", "evo": "86.1", "la": "85", "dist": "53"}, {"player": "josh smith", "game": "tex @ det", "gameIdx": 0, "hr/park": "", "pa": "46", "dt": "", "img": "https://www.mlbstatic.com/team-logos/140.svg", "team": "tex", "start": "", "in": "5", "result": "Strikeout", "evo": "", "la": "", "dist": ""}, {"player": "matt vierling", "game": "tex @ det", "gameIdx": 0, "hr/park": "", "pa": "45", "dt": "", "img": "https://www.mlbstatic.com/team-logos/116.svg", "team": "det", "start": "", "in": "4", "result": "Groundout", "evo": "102.9", "la": "2", "dist": "63"}, {"player": "spencer torkelson", "game": "tex @ det", "gameIdx": 0, "hr/park": "0/30", "pa": "44", "dt": "", "img": "https://www.mlbstatic.com/team-logos/116.svg", "team": "det", "start": "", "in": "4", "result": "Double", "evo": "108.7", "la": "14", "dist": "357"}, {"player": "kerry carpenter", "game": "tex @ det", "gameIdx": 0, "hr/park": "7/30", "pa": "43", "dt": "", "img": "https://www.mlbstatic.com/team-logos/116.svg", "team": "det", "start": "", "in": "4", "result": "Triple", "evo": "102.8", "la": "34", "dist": "404"}, {"player": "mark canha", "game": "tex @ det", "gameIdx": 0, "hr/park": "", "pa": "42", "dt": "", "img": "https://www.mlbstatic.com/team-logos/116.svg", "team": "det", "start": "", "in": "4", "result": "Walk", "evo": "", "la": "", "dist": ""}, {"player": "riley greene", "game": "tex @ det", "gameIdx": 0, "hr/park": "", "pa": "41", "dt": "", "img": "https://www.mlbstatic.com/team-logos/116.svg", "team": "det", "start": "", "in": "4", "result": "Double", "evo": "103.0", "la": "2", "dist": "85"}, {"player": "carson kelly", "game": "tex @ det", "gameIdx": 0, "hr/park": "0/30", "pa": "40", "dt": "", "img": "https://www.mlbstatic.com/team-logos/116.svg", "team": "det", "start": "", "in": "4", "result": "Flyout", "evo": "98.1", "la": "35", "dist": "359"}, {"player": "javier baez", "game": "tex @ det", "gameIdx": 0, "hr/park": "", "pa": "39", "dt": "", "img": "https://www.mlbstatic.com/team-logos/116.svg", "team": "det", "start": "", "in": "4", "result": "Groundout", "evo": "87.2", "la": "-23", "dist": "9"}, {"player": "adolis garcia", "game": "tex @ det", "gameIdx": 0, "hr/park": "", "pa": "38", "dt": "", "img": "https://www.mlbstatic.com/team-logos/140.svg", "team": "tex", "start": "", "in": "4", "result": "Groundout", "evo": "78.0", "la": "-12", "dist": "16"}, {"player": "evan carter", "game": "tex @ det", "gameIdx": 0, "hr/park": "0/30", "pa": "37", "dt": "", "img": "https://www.mlbstatic.com/team-logos/140.svg", "team": "tex", "start": "", "in": "4", "result": "Sac Fly", "evo": "94.3", "la": "29", "dist": "353"}, {"player": "corey seager", "game": "tex @ det", "gameIdx": 0, "hr/park": "", "pa": "36", "dt": "", "img": "https://www.mlbstatic.com/team-logos/140.svg", "team": "tex", "start": "", "in": "4", "result": "Flyout", "evo": "81.2", "la": "61", "dist": "196"}, {"player": "marcus semien", "game": "tex @ det", "gameIdx": 0, "hr/park": "0/30", "pa": "35", "dt": "", "img": "https://www.mlbstatic.com/team-logos/140.svg", "team": "tex", "start": "", "in": "4", "result": "Double", "evo": "99.0", "la": "17", "dist": "301"}, {"player": "gio urshela", "game": "tex @ det", "gameIdx": 0, "hr/park": "", "pa": "34", "dt": "", "img": "https://www.mlbstatic.com/team-logos/116.svg", "team": "det", "start": "", "in": "3", "result": "Flyout", "evo": "78.5", "la": "48", "dist": "222"}, {"player": "colt keith", "game": "tex @ det", "gameIdx": 0, "hr/park": "", "pa": "33", "dt": "", "img": "https://www.mlbstatic.com/team-logos/116.svg", "team": "det", "start": "", "in": "3", "result": "Flyout", "evo": "79.6", "la": "36", "dist": ""}, {"player": "matt vierling", "game": "tex @ det", "gameIdx": 0, "hr/park": "", "pa": "32", "dt": "", "img": "https://www.mlbstatic.com/team-logos/116.svg", "team": "det", "start": "", "in": "3", "result": "Flyout", "evo": "84.7", "la": "60", "dist": "191"}, {"player": "leody taveras", "game": "tex @ det", "gameIdx": 0, "hr/park": "", "pa": "31", "dt": "", "img": "https://www.mlbstatic.com/team-logos/140.svg", "team": "tex", "start": "", "in": "3", "result": "Groundout", "evo": "99.0", "la": "-11", "dist": "6"}, {"player": "ezequiel duran", "game": "tex @ det", "gameIdx": 0, "hr/park": "", "pa": "30", "dt": "", "img": "https://www.mlbstatic.com/team-logos/140.svg", "team": "tex", "start": "", "in": "3", "result": "Fielders Choice", "evo": "90.2", "la": "1", "dist": "51"}, {"player": "jonah heim", "game": "tex @ det", "gameIdx": 0, "hr/park": "", "pa": "29", "dt": "", "img": "https://www.mlbstatic.com/team-logos/140.svg", "team": "tex", "start": "", "in": "3", "result": "Single", "evo": "79.4", "la": "20", "dist": "235"}, {"player": "wyatt langford", "game": "tex @ det", "gameIdx": 0, "hr/park": "", "pa": "28", "dt": "", "img": "https://www.mlbstatic.com/team-logos/140.svg", "team": "tex", "start": "", "in": "3", "result": "Walk", "evo": "", "la": "", "dist": ""}, {"player": "josh smith", "game": "tex @ det", "gameIdx": 0, "hr/park": "", "pa": "27", "dt": "", "img": "https://www.mlbstatic.com/team-logos/140.svg", "team": "tex", "start": "", "in": "3", "result": "Strikeout", "evo": "", "la": "", "dist": ""}, {"player": "adolis garcia", "game": "tex @ det", "gameIdx": 0, "hr/park": "24/30", "pa": "26", "dt": "", "img": "https://www.mlbstatic.com/team-logos/140.svg", "team": "tex", "start": "", "in": "3", "result": "Home Run", "evo": "103.0", "la": "31", "dist": "401"}, {"player": "evan carter", "game": "tex @ det", "gameIdx": 0, "hr/park": "", "pa": "25", "dt": "", "img": "https://www.mlbstatic.com/team-logos/140.svg", "team": "tex", "start": "", "in": "3", "result": "Strikeout", "evo": "", "la": "", "dist": ""}, {"player": "spencer torkelson", "game": "tex @ det", "gameIdx": 0, "hr/park": "", "pa": "24", "dt": "", "img": "https://www.mlbstatic.com/team-logos/116.svg", "team": "det", "start": "", "in": "2", "result": "Forceout", "evo": "88.4", "la": "-11", "dist": "13"}, {"player": "kerry carpenter", "game": "tex @ det", "gameIdx": 0, "hr/park": "", "pa": "23", "dt": "", "img": "https://www.mlbstatic.com/team-logos/116.svg", "team": "det", "start": "", "in": "2", "result": "Strikeout", "evo": "", "la": "", "dist": ""}, {"player": "mark canha", "game": "tex @ det", "gameIdx": 0, "hr/park": "", "pa": "22", "dt": "", "img": "https://www.mlbstatic.com/team-logos/116.svg", "team": "det", "start": "", "in": "2", "result": "Single", "evo": "101.9", "la": "8", "dist": "173"}, {"player": "riley greene", "game": "tex @ det", "gameIdx": 0, "hr/park": "1/30", "pa": "21", "dt": "", "img": "https://www.mlbstatic.com/team-logos/116.svg", "team": "det", "start": "", "in": "2", "result": "Triple", "evo": "104.2", "la": "22", "dist": "372"}, {"player": "carson kelly", "game": "tex @ det", "gameIdx": 0, "hr/park": "", "pa": "20", "dt": "", "img": "https://www.mlbstatic.com/team-logos/116.svg", "team": "det", "start": "", "in": "2", "result": "Groundout", "evo": "101.5", "la": "-13", "dist": "12"}, {"player": "javier baez", "game": "tex @ det", "gameIdx": 0, "hr/park": "", "pa": "19", "dt": "", "img": "https://www.mlbstatic.com/team-logos/116.svg", "team": "det", "start": "", "in": "2", "result": "Double", "evo": "108.8", "la": "17", "dist": "299"}, {"player": "gio urshela", "game": "tex @ det", "gameIdx": 0, "hr/park": "", "pa": "18", "dt": "", "img": "https://www.mlbstatic.com/team-logos/116.svg", "team": "det", "start": "", "in": "2", "result": "Single", "evo": "65.0", "la": "23", "dist": "190"}, {"player": "colt keith", "game": "tex @ det", "gameIdx": 0, "hr/park": "", "pa": "17", "dt": "", "img": "https://www.mlbstatic.com/team-logos/116.svg", "team": "det", "start": "", "in": "2", "result": "Walk", "evo": "", "la": "", "dist": ""}, {"player": "corey seager", "game": "tex @ det", "gameIdx": 0, "hr/park": "", "pa": "16", "dt": "", "img": "https://www.mlbstatic.com/team-logos/140.svg", "team": "tex", "start": "", "in": "2", "result": "Flyout", "evo": "91.4", "la": "48", "dist": "260"}, {"player": "marcus semien", "game": "tex @ det", "gameIdx": 0, "hr/park": "", "pa": "15", "dt": "", "img": "https://www.mlbstatic.com/team-logos/140.svg", "team": "tex", "start": "", "in": "2", "result": "Single", "evo": "97.4", "la": "11", "dist": "209"}, {"player": "leody taveras", "game": "tex @ det", "gameIdx": 0, "hr/park": "", "pa": "14", "dt": "", "img": "https://www.mlbstatic.com/team-logos/140.svg", "team": "tex", "start": "", "in": "2", "result": "Flyout", "evo": "86.2", "la": "46", "dist": "266"}, {"player": "ezequiel duran", "game": "tex @ det", "gameIdx": 0, "hr/park": "", "pa": "13", "dt": "", "img": "https://www.mlbstatic.com/team-logos/140.svg", "team": "tex", "start": "", "in": "2", "result": "Pop Out", "evo": "75.6", "la": "64", "dist": "128"}, {"player": "jonah heim", "game": "tex @ det", "gameIdx": 0, "hr/park": "28/30", "pa": "12", "dt": "", "img": "https://www.mlbstatic.com/team-logos/140.svg", "team": "tex", "start": "", "in": "2", "result": "Home Run", "evo": "104.8", "la": "22", "dist": "375"}, {"player": "wyatt langford", "game": "tex @ det", "gameIdx": 0, "hr/park": "", "pa": "11", "dt": "", "img": "https://www.mlbstatic.com/team-logos/140.svg", "team": "tex", "start": "", "in": "2", "result": "Double", "evo": "97.0", "la": "15", "dist": "231"}, {"player": "josh smith", "game": "tex @ det", "gameIdx": 0, "hr/park": "", "pa": "10", "dt": "", "img": "https://www.mlbstatic.com/team-logos/140.svg", "team": "tex", "start": "", "in": "2", "result": "Walk", "evo": "", "la": "", "dist": ""}, {"player": "matt vierling", "game": "tex @ det", "gameIdx": 0, "hr/park": "", "pa": "9", "dt": "", "img": "https://www.mlbstatic.com/team-logos/116.svg", "team": "det", "start": "", "in": "1", "result": "Flyout", "evo": "96.0", "la": "58", "dist": "222"}, {"player": "spencer torkelson", "game": "tex @ det", "gameIdx": 0, "hr/park": "", "pa": "8", "dt": "", "img": "https://www.mlbstatic.com/team-logos/116.svg", "team": "det", "start": "", "in": "1", "result": "Walk", "evo": "", "la": "", "dist": ""}, {"player": "kerry carpenter", "game": "tex @ det", "gameIdx": 0, "hr/park": "", "pa": "7", "dt": "", "img": "https://www.mlbstatic.com/team-logos/116.svg", "team": "det", "start": "", "in": "1", "result": "Strikeout", "evo": "", "la": "", "dist": ""}, {"player": "mark canha", "game": "tex @ det", "gameIdx": 0, "hr/park": "", "pa": "6", "dt": "", "img": "https://www.mlbstatic.com/team-logos/116.svg", "team": "det", "start": "", "in": "1", "result": "Single", "evo": "96.3", "la": "9", "dist": "167"}, {"player": "riley greene", "game": "tex @ det", "gameIdx": 0, "hr/park": "", "pa": "5", "dt": "", "img": "https://www.mlbstatic.com/team-logos/116.svg", "team": "det", "start": "", "in": "1", "result": "Strikeout", "evo": "", "la": "", "dist": ""}, {"player": "adolis garcia", "game": "tex @ det", "gameIdx": 0, "hr/park": "", "pa": "4", "dt": "", "img": "https://www.mlbstatic.com/team-logos/140.svg", "team": "tex", "start": "", "in": "1", "result": "Groundout", "evo": "45.6", "la": "-44", "dist": "5"}, {"player": "evan carter", "game": "tex @ det", "gameIdx": 0, "hr/park": "", "pa": "3", "dt": "", "img": "https://www.mlbstatic.com/team-logos/140.svg", "team": "tex", "start": "", "in": "1", "result": "GIDP", "evo": "73.3", "la": "-27", "dist": "8"}, {"player": "corey seager", "game": "tex @ det", "gameIdx": 0, "hr/park": "", "pa": "2", "dt": "", "img": "https://www.mlbstatic.com/team-logos/140.svg", "team": "tex", "start": "", "in": "1", "result": "Single", "evo": "103.9", "la": "-5", "dist": "23"}, {"player": "marcus semien", "game": "tex @ det", "gameIdx": 0, "hr/park": "14/30", "pa": "1", "dt": "", "img": "https://www.mlbstatic.com/team-logos/140.svg", "team": "tex", "start": "", "in": "1", "result": "Home Run", "evo": "100.6", "la": "29", "dist": "373"}], "cle @ bos": [{"player": "triston casas", "game": "cle @ bos", "gameIdx": 0, "hr/park": "", "pa": "75", "dt": "", "img": "https://www.mlbstatic.com/team-logos/111.svg", "team": "bos", "start": "", "in": "9", "result": "Strikeout", "evo": "", "la": "", "dist": ""}, {"player": "jarren duran", "game": "cle @ bos", "gameIdx": 0, "hr/park": "", "pa": "74", "dt": "", "img": "https://www.mlbstatic.com/team-logos/111.svg", "team": "bos", "start": "", "in": "9", "result": "Groundout", "evo": "103.3", "la": "1", "dist": "46"}, {"player": "ceddanne rafaela", "game": "cle @ bos", "gameIdx": 0, "hr/park": "0/30", "pa": "73", "dt": "", "img": "https://www.mlbstatic.com/team-logos/111.svg", "team": "bos", "start": "", "in": "9", "result": "Lineout", "evo": "96.7", "la": "21", "dist": "322"}, {"player": "andres gimenez", "game": "cle @ bos", "gameIdx": 0, "hr/park": "", "pa": "72", "dt": "", "img": "https://www.mlbstatic.com/team-logos/114.svg", "team": "cle", "start": "", "in": "9", "result": "GIDP", "evo": "94.0", "la": "5", "dist": "92"}, {"player": "brayan rocchio", "game": "cle @ bos", "gameIdx": 0, "hr/park": "", "pa": "71", "dt": "", "img": "https://www.mlbstatic.com/team-logos/114.svg", "team": "cle", "start": "", "in": "9", "result": "Single", "evo": "103.6", "la": "8", "dist": "164"}, {"player": "gabriel arias", "game": "cle @ bos", "gameIdx": 0, "hr/park": "", "pa": "70", "dt": "", "img": "https://www.mlbstatic.com/team-logos/114.svg", "team": "cle", "start": "", "in": "9", "result": "Strikeout", "evo": "", "la": "", "dist": ""}, {"player": "reese mcguire", "game": "cle @ bos", "gameIdx": 0, "hr/park": "", "pa": "69", "dt": "", "img": "https://www.mlbstatic.com/team-logos/111.svg", "team": "bos", "start": "", "in": "8", "result": "Groundout", "evo": "71.6", "la": "-15", "dist": "7"}, {"player": "pablo reyes", "game": "cle @ bos", "gameIdx": 0, "hr/park": "", "pa": "68", "dt": "", "img": "https://www.mlbstatic.com/team-logos/111.svg", "team": "bos", "start": "", "in": "8", "result": "Strikeout", "evo": "", "la": "", "dist": ""}, {"player": "david hamilton", "game": "cle @ bos", "gameIdx": 0, "hr/park": "", "pa": "67", "dt": "", "img": "https://www.mlbstatic.com/team-logos/111.svg", "team": "bos", "start": "", "in": "8", "result": "Groundout", "evo": "95.5", "la": "2", "dist": "66"}, {"player": "ramon laureano", "game": "cle @ bos", "gameIdx": 0, "hr/park": "", "pa": "66", "dt": "", "img": "https://www.mlbstatic.com/team-logos/114.svg", "team": "cle", "start": "", "in": "8", "result": "Strikeout", "evo": "", "la": "", "dist": ""}, {"player": "bo naylor", "game": "cle @ bos", "gameIdx": 0, "hr/park": "", "pa": "65", "dt": "", "img": "https://www.mlbstatic.com/team-logos/114.svg", "team": "cle", "start": "", "in": "8", "result": "Single", "evo": "103.6", "la": "12", "dist": "221"}, {"player": "tyler freeman", "game": "cle @ bos", "gameIdx": 0, "hr/park": "", "pa": "64", "dt": "", "img": "https://www.mlbstatic.com/team-logos/114.svg", "team": "cle", "start": "", "in": "8", "result": "Groundout", "evo": "75.7", "la": "-6", "dist": "15"}, {"player": "josh naylor", "game": "cle @ bos", "gameIdx": 0, "hr/park": "", "pa": "63", "dt": "", "img": "https://www.mlbstatic.com/team-logos/114.svg", "team": "cle", "start": "", "in": "8", "result": "Groundout", "evo": "98.2", "la": "6", "dist": "97"}, {"player": "connor wong", "game": "cle @ bos", "gameIdx": 0, "hr/park": "", "pa": "62", "dt": "", "img": "https://www.mlbstatic.com/team-logos/111.svg", "team": "bos", "start": "", "in": "7", "result": "Pop Out", "evo": "61.1", "la": "49", "dist": "161"}, {"player": "rob refsnyder", "game": "cle @ bos", "gameIdx": 0, "hr/park": "", "pa": "61", "dt": "", "img": "https://www.mlbstatic.com/team-logos/111.svg", "team": "bos", "start": "", "in": "7", "result": "Strikeout", "evo": "", "la": "", "dist": ""}, {"player": "wilyer abreu", "game": "cle @ bos", "gameIdx": 0, "hr/park": "", "pa": "60", "dt": "", "img": "https://www.mlbstatic.com/team-logos/111.svg", "team": "bos", "start": "", "in": "7", "result": "Strikeout", "evo": "", "la": "", "dist": ""}, {"player": "jose ramirez", "game": "cle @ bos", "gameIdx": 0, "hr/park": "", "pa": "59", "dt": "", "img": "https://www.mlbstatic.com/team-logos/114.svg", "team": "cle", "start": "", "in": "7", "result": "Flyout", "evo": "85.2", "la": "42", "dist": "272"}, {"player": "david fry", "game": "cle @ bos", "gameIdx": 0, "hr/park": "", "pa": "58", "dt": "", "img": "https://www.mlbstatic.com/team-logos/114.svg", "team": "cle", "start": "", "in": "7", "result": "Groundout", "evo": "72.8", "la": "10", "dist": "112"}, {"player": "andres gimenez", "game": "cle @ bos", "gameIdx": 0, "hr/park": "", "pa": "57", "dt": "", "img": "https://www.mlbstatic.com/team-logos/114.svg", "team": "cle", "start": "", "in": "7", "result": "Pop Out", "evo": "69.9", "la": "75", "dist": "89"}, {"player": "triston casas", "game": "cle @ bos", "gameIdx": 0, "hr/park": "", "pa": "56", "dt": "", "img": "https://www.mlbstatic.com/team-logos/111.svg", "team": "bos", "start": "", "in": "6", "result": "Strikeout", "evo": "", "la": "", "dist": ""}, {"player": "jarren duran", "game": "cle @ bos", "gameIdx": 0, "hr/park": "0/30", "pa": "55", "dt": "", "img": "https://www.mlbstatic.com/team-logos/111.svg", "team": "bos", "start": "", "in": "6", "result": "Triple", "evo": "101.9", "la": "15", "dist": "306"}, {"player": "ceddanne rafaela", "game": "cle @ bos", "gameIdx": 0, "hr/park": "", "pa": "54", "dt": "", "img": "https://www.mlbstatic.com/team-logos/111.svg", "team": "bos", "start": "", "in": "6", "result": "Single", "evo": "81.0", "la": "24", "dist": "272"}, {"player": "reese mcguire", "game": "cle @ bos", "gameIdx": 0, "hr/park": "", "pa": "53", "dt": "", "img": "https://www.mlbstatic.com/team-logos/111.svg", "team": "bos", "start": "", "in": "6", "result": "Single", "evo": "95.6", "la": "-18", "dist": "7"}, {"player": "pablo reyes", "game": "cle @ bos", "gameIdx": 0, "hr/park": "", "pa": "52", "dt": "", "img": "https://www.mlbstatic.com/team-logos/111.svg", "team": "bos", "start": "", "in": "6", "result": "Groundout", "evo": "102.3", "la": "-5", "dist": "20"}, {"player": "david hamilton", "game": "cle @ bos", "gameIdx": 0, "hr/park": "", "pa": "51", "dt": "", "img": "https://www.mlbstatic.com/team-logos/111.svg", "team": "bos", "start": "", "in": "6", "result": "Bunt Groundout", "evo": "32.8", "la": "-46", "dist": "4"}, {"player": "brayan rocchio", "game": "cle @ bos", "gameIdx": 0, "hr/park": "", "pa": "50", "dt": "", "img": "https://www.mlbstatic.com/team-logos/114.svg", "team": "cle", "start": "", "in": "6", "result": "Strikeout", "evo": "", "la": "", "dist": ""}, {"player": "gabriel arias", "game": "cle @ bos", "gameIdx": 0, "hr/park": "", "pa": "49", "dt": "", "img": "https://www.mlbstatic.com/team-logos/114.svg", "team": "cle", "start": "", "in": "6", "result": "Strikeout", "evo": "", "la": "", "dist": ""}, {"player": "ramon laureano", "game": "cle @ bos", "gameIdx": 0, "hr/park": "", "pa": "48", "dt": "", "img": "https://www.mlbstatic.com/team-logos/114.svg", "team": "cle", "start": "", "in": "6", "result": "Single", "evo": "105.7", "la": "11", "dist": "178"}, {"player": "bo naylor", "game": "cle @ bos", "gameIdx": 0, "hr/park": "", "pa": "47", "dt": "", "img": "https://www.mlbstatic.com/team-logos/114.svg", "team": "cle", "start": "", "in": "6", "result": "Groundout", "evo": "95.0", "la": "-1", "dist": "49"}, {"player": "tyler freeman", "game": "cle @ bos", "gameIdx": 0, "hr/park": "1/30", "pa": "46", "dt": "", "img": "https://www.mlbstatic.com/team-logos/114.svg", "team": "cle", "start": "", "in": "6", "result": "Double", "evo": "101.8", "la": "35", "dist": "374"}, {"player": "connor wong", "game": "cle @ bos", "gameIdx": 0, "hr/park": "", "pa": "45", "dt": "", "img": "https://www.mlbstatic.com/team-logos/111.svg", "team": "bos", "start": "", "in": "5", "result": "Fielders Choice Out", "evo": "72.4", "la": "-16", "dist": "7"}, {"player": "enmanuel valdez", "game": "cle @ bos", "gameIdx": 0, "hr/park": "", "pa": "44", "dt": "", "img": "https://www.mlbstatic.com/team-logos/111.svg", "team": "bos", "start": "", "in": "5", "result": "Lineout", "evo": "102.2", "la": "4", "dist": "107"}, {"player": "wilyer abreu", "game": "cle @ bos", "gameIdx": 0, "hr/park": "", "pa": "43", "dt": "", "img": "https://www.mlbstatic.com/team-logos/111.svg", "team": "bos", "start": "", "in": "5", "result": "Double", "evo": "100.4", "la": "12", "dist": "216"}, {"player": "triston casas", "game": "cle @ bos", "gameIdx": 0, "hr/park": "", "pa": "42", "dt": "", "img": "https://www.mlbstatic.com/team-logos/111.svg", "team": "bos", "start": "", "in": "5", "result": "Strikeout", "evo": "", "la": "", "dist": ""}, {"player": "josh naylor", "game": "cle @ bos", "gameIdx": 0, "hr/park": "", "pa": "41", "dt": "", "img": "https://www.mlbstatic.com/team-logos/114.svg", "team": "cle", "start": "", "in": "5", "result": "Groundout", "evo": "39.4", "la": "-69", "dist": "2"}, {"player": "jose ramirez", "game": "cle @ bos", "gameIdx": 0, "hr/park": "", "pa": "40", "dt": "", "img": "https://www.mlbstatic.com/team-logos/114.svg", "team": "cle", "start": "", "in": "5", "result": "Forceout", "evo": "100.7", "la": "-5", "dist": "24"}, {"player": "david fry", "game": "cle @ bos", "gameIdx": 0, "hr/park": "", "pa": "39", "dt": "", "img": "https://www.mlbstatic.com/team-logos/114.svg", "team": "cle", "start": "", "in": "5", "result": "Hit By Pitch", "evo": "", "la": "", "dist": ""}, {"player": "andres gimenez", "game": "cle @ bos", "gameIdx": 0, "hr/park": "", "pa": "38", "dt": "", "img": "https://www.mlbstatic.com/team-logos/114.svg", "team": "cle", "start": "", "in": "5", "result": "Single", "evo": "88.2", "la": "-19", "dist": "8"}, {"player": "brayan rocchio", "game": "cle @ bos", "gameIdx": 0, "hr/park": "", "pa": "37", "dt": "", "img": "https://www.mlbstatic.com/team-logos/114.svg", "team": "cle", "start": "", "in": "5", "result": "Walk", "evo": "", "la": "", "dist": ""}, {"player": "gabriel arias", "game": "cle @ bos", "gameIdx": 0, "hr/park": "", "pa": "36", "dt": "", "img": "https://www.mlbstatic.com/team-logos/114.svg", "team": "cle", "start": "", "in": "5", "result": "Flyout", "evo": "85.0", "la": "43", "dist": "234"}, {"player": "ramon laureano", "game": "cle @ bos", "gameIdx": 0, "hr/park": "", "pa": "35", "dt": "", "img": "https://www.mlbstatic.com/team-logos/114.svg", "team": "cle", "start": "", "in": "5", "result": "Field Error", "evo": "73.2", "la": "-38", "dist": "4"}, {"player": "jarren duran", "game": "cle @ bos", "gameIdx": 0, "hr/park": "", "pa": "34", "dt": "", "img": "https://www.mlbstatic.com/team-logos/111.svg", "team": "bos", "start": "", "in": "4", "result": "Strikeout", "evo": "", "la": "", "dist": ""}, {"player": "ceddanne rafaela", "game": "cle @ bos", "gameIdx": 0, "hr/park": "", "pa": "33", "dt": "", "img": "https://www.mlbstatic.com/team-logos/111.svg", "team": "bos", "start": "", "in": "4", "result": "Strikeout", "evo": "", "la": "", "dist": ""}, {"player": "reese mcguire", "game": "cle @ bos", "gameIdx": 0, "hr/park": "", "pa": "32", "dt": "", "img": "https://www.mlbstatic.com/team-logos/111.svg", "team": "bos", "start": "", "in": "4", "result": "Walk", "evo": "", "la": "", "dist": ""}, {"player": "pablo reyes", "game": "cle @ bos", "gameIdx": 0, "hr/park": "", "pa": "31", "dt": "", "img": "https://www.mlbstatic.com/team-logos/111.svg", "team": "bos", "start": "", "in": "4", "result": "Flyout", "evo": "81.9", "la": "30", "dist": "279"}, {"player": "bo naylor", "game": "cle @ bos", "gameIdx": 0, "hr/park": "0/30", "pa": "30", "dt": "", "img": "https://www.mlbstatic.com/team-logos/114.svg", "team": "cle", "start": "", "in": "4", "result": "Lineout", "evo": "105.8", "la": "13", "dist": "320"}, {"player": "tyler freeman", "game": "cle @ bos", "gameIdx": 0, "hr/park": "", "pa": "29", "dt": "", "img": "https://www.mlbstatic.com/team-logos/114.svg", "team": "cle", "start": "", "in": "4", "result": "Forceout", "evo": "99.5", "la": "-5", "dist": "26"}, {"player": "josh naylor", "game": "cle @ bos", "gameIdx": 0, "hr/park": "", "pa": "28", "dt": "", "img": "https://www.mlbstatic.com/team-logos/114.svg", "team": "cle", "start": "", "in": "4", "result": "Single", "evo": "109.0", "la": "11", "dist": "195"}, {"player": "jose ramirez", "game": "cle @ bos", "gameIdx": 0, "hr/park": "0/30", "pa": "27", "dt": "", "img": "https://www.mlbstatic.com/team-logos/114.svg", "team": "cle", "start": "", "in": "4", "result": "Lineout", "evo": "94.4", "la": "23", "dist": "361"}, {"player": "david fry", "game": "cle @ bos", "gameIdx": 0, "hr/park": "", "pa": "26", "dt": "", "img": "https://www.mlbstatic.com/team-logos/114.svg", "team": "cle", "start": "", "in": "4", "result": "Double", "evo": "87.7", "la": "24", "dist": "271"}, {"player": "david hamilton", "game": "cle @ bos", "gameIdx": 0, "hr/park": "0/30", "pa": "25", "dt": "", "img": "https://www.mlbstatic.com/team-logos/111.svg", "team": "bos", "start": "", "in": "3", "result": "Flyout", "evo": "92.9", "la": "27", "dist": "338"}, {"player": "connor wong", "game": "cle @ bos", "gameIdx": 0, "hr/park": "", "pa": "24", "dt": "", "img": "https://www.mlbstatic.com/team-logos/111.svg", "team": "bos", "start": "", "in": "3", "result": "Pop Out", "evo": "96.0", "la": "55", "dist": "209"}, {"player": "enmanuel valdez", "game": "cle @ bos", "gameIdx": 0, "hr/park": "23/30", "pa": "23", "dt": "", "img": "https://www.mlbstatic.com/team-logos/111.svg", "team": "bos", "start": "", "in": "3", "result": "Flyout", "evo": "101.4", "la": "38", "dist": "355"}, {"player": "wilyer abreu", "game": "cle @ bos", "gameIdx": 0, "hr/park": "", "pa": "22", "dt": "", "img": "https://www.mlbstatic.com/team-logos/111.svg", "team": "bos", "start": "", "in": "3", "result": "Field Error", "evo": "67.9", "la": "-15", "dist": "9"}, {"player": "andres gimenez", "game": "cle @ bos", "gameIdx": 0, "hr/park": "", "pa": "21", "dt": "", "img": "https://www.mlbstatic.com/team-logos/114.svg", "team": "cle", "start": "", "in": "3", "result": "Single", "evo": "91.8", "la": "13", "dist": "224"}, {"player": "brayan rocchio", "game": "cle @ bos", "gameIdx": 0, "hr/park": "", "pa": "20", "dt": "", "img": "https://www.mlbstatic.com/team-logos/114.svg", "team": "cle", "start": "", "in": "3", "result": "Groundout", "evo": "98.7", "la": "-29", "dist": "5"}, {"player": "gabriel arias", "game": "cle @ bos", "gameIdx": 0, "hr/park": "", "pa": "19", "dt": "", "img": "https://www.mlbstatic.com/team-logos/114.svg", "team": "cle", "start": "", "in": "3", "result": "Field Error", "evo": "78.7", "la": "11", "dist": "132"}, {"player": "ramon laureano", "game": "cle @ bos", "gameIdx": 0, "hr/park": "", "pa": "18", "dt": "", "img": "https://www.mlbstatic.com/team-logos/114.svg", "team": "cle", "start": "", "in": "3", "result": "Groundout", "evo": "75.5", "la": "-36", "dist": "4"}, {"player": "triston casas", "game": "cle @ bos", "gameIdx": 0, "hr/park": "", "pa": "17", "dt": "", "img": "https://www.mlbstatic.com/team-logos/111.svg", "team": "bos", "start": "", "in": "2", "result": "Groundout", "evo": "78.7", "la": "1", "dist": "39"}, {"player": "jarren duran", "game": "cle @ bos", "gameIdx": 0, "hr/park": "", "pa": "16", "dt": "", "img": "https://www.mlbstatic.com/team-logos/111.svg", "team": "bos", "start": "", "in": "2", "result": "Field Error", "evo": "79.9", "la": "1", "dist": "40"}, {"player": "ceddanne rafaela", "game": "cle @ bos", "gameIdx": 0, "hr/park": "", "pa": "15", "dt": "", "img": "https://www.mlbstatic.com/team-logos/111.svg", "team": "bos", "start": "", "in": "2", "result": "Strikeout", "evo": "", "la": "", "dist": ""}, {"player": "reese mcguire", "game": "cle @ bos", "gameIdx": 0, "hr/park": "", "pa": "14", "dt": "", "img": "https://www.mlbstatic.com/team-logos/111.svg", "team": "bos", "start": "", "in": "2", "result": "Groundout", "evo": "101.8", "la": "-40", "dist": "2"}, {"player": "bo naylor", "game": "cle @ bos", "gameIdx": 0, "hr/park": "", "pa": "13", "dt": "", "img": "https://www.mlbstatic.com/team-logos/114.svg", "team": "cle", "start": "", "in": "2", "result": "Strikeout", "evo": "", "la": "", "dist": ""}, {"player": "tyler freeman", "game": "cle @ bos", "gameIdx": 0, "hr/park": "", "pa": "12", "dt": "", "img": "https://www.mlbstatic.com/team-logos/114.svg", "team": "cle", "start": "", "in": "2", "result": "Walk", "evo": "", "la": "", "dist": ""}, {"player": "josh naylor", "game": "cle @ bos", "gameIdx": 0, "hr/park": "", "pa": "11", "dt": "", "img": "https://www.mlbstatic.com/team-logos/114.svg", "team": "cle", "start": "", "in": "2", "result": "Pop Out", "evo": "79.6", "la": "55", "dist": "184"}, {"player": "pablo reyes", "game": "cle @ bos", "gameIdx": 0, "hr/park": "0/30", "pa": "10", "dt": "", "img": "https://www.mlbstatic.com/team-logos/111.svg", "team": "bos", "start": "", "in": "1", "result": "Flyout", "evo": "88.7", "la": "27", "dist": "326"}, {"player": "david hamilton", "game": "cle @ bos", "gameIdx": 0, "hr/park": "", "pa": "9", "dt": "", "img": "https://www.mlbstatic.com/team-logos/111.svg", "team": "bos", "start": "", "in": "1", "result": "Walk", "evo": "", "la": "", "dist": ""}, {"player": "connor wong", "game": "cle @ bos", "gameIdx": 0, "hr/park": "", "pa": "8", "dt": "", "img": "https://www.mlbstatic.com/team-logos/111.svg", "team": "bos", "start": "", "in": "1", "result": "Strikeout", "evo": "", "la": "", "dist": ""}, {"player": "enmanuel valdez", "game": "cle @ bos", "gameIdx": 0, "hr/park": "", "pa": "7", "dt": "", "img": "https://www.mlbstatic.com/team-logos/111.svg", "team": "bos", "start": "", "in": "1", "result": "Single", "evo": "88.2", "la": "14", "dist": "241"}, {"player": "wilyer abreu", "game": "cle @ bos", "gameIdx": 0, "hr/park": "", "pa": "6", "dt": "", "img": "https://www.mlbstatic.com/team-logos/111.svg", "team": "bos", "start": "", "in": "1", "result": "Forceout", "evo": "88.0", "la": "-5", "dist": "23"}, {"player": "triston casas", "game": "cle @ bos", "gameIdx": 0, "hr/park": "", "pa": "5", "dt": "", "img": "https://www.mlbstatic.com/team-logos/111.svg", "team": "bos", "start": "", "in": "1", "result": "Single", "evo": "99.9", "la": "-18", "dist": "5"}, {"player": "jarren duran", "game": "cle @ bos", "gameIdx": 0, "hr/park": "", "pa": "4", "dt": "", "img": "https://www.mlbstatic.com/team-logos/111.svg", "team": "bos", "start": "", "in": "1", "result": "Walk", "evo": "", "la": "", "dist": ""}, {"player": "jose ramirez", "game": "cle @ bos", "gameIdx": 0, "hr/park": "", "pa": "3", "dt": "", "img": "https://www.mlbstatic.com/team-logos/114.svg", "team": "cle", "start": "", "in": "1", "result": "Strikeout", "evo": "", "la": "", "dist": ""}, {"player": "david fry", "game": "cle @ bos", "gameIdx": 0, "hr/park": "", "pa": "2", "dt": "", "img": "https://www.mlbstatic.com/team-logos/114.svg", "team": "cle", "start": "", "in": "1", "result": "Groundout", "evo": "84.7", "la": "5", "dist": "81"}, {"player": "andres gimenez", "game": "cle @ bos", "gameIdx": 0, "hr/park": "", "pa": "1", "dt": "", "img": "https://www.mlbstatic.com/team-logos/114.svg", "team": "cle", "start": "", "in": "1", "result": "Groundout", "evo": "66.0", "la": "-7", "dist": "16"}], "ari @ sf": [{"player": "joc pederson", "game": "ari @ sf", "gameIdx": 0, "hr/park": "", "pa": "65", "dt": "", "img": "https://www.mlbstatic.com/team-logos/109.svg", "team": "ari", "start": "", "in": "9", "result": "Strikeout", "evo": "", "la": "", "dist": ""}, {"player": "corbin carroll", "game": "ari @ sf", "gameIdx": 0, "hr/park": "", "pa": "64", "dt": "", "img": "https://www.mlbstatic.com/team-logos/109.svg", "team": "ari", "start": "", "in": "9", "result": "Strikeout", "evo": "", "la": "", "dist": ""}, {"player": "ketel marte", "game": "ari @ sf", "gameIdx": 0, "hr/park": "", "pa": "63", "dt": "", "img": "https://www.mlbstatic.com/team-logos/109.svg", "team": "ari", "start": "", "in": "9", "result": "Strikeout", "evo": "", "la": "", "dist": ""}, {"player": "patrick bailey", "game": "ari @ sf", "gameIdx": 0, "hr/park": "", "pa": "62", "dt": "", "img": "https://www.mlbstatic.com/team-logos/137.svg", "team": "sf", "start": "", "in": "8", "result": "Strikeout", "evo": "", "la": "", "dist": ""}, {"player": "mike yastrzemski", "game": "ari @ sf", "gameIdx": 0, "hr/park": "", "pa": "61", "dt": "", "img": "https://www.mlbstatic.com/team-logos/137.svg", "team": "sf", "start": "", "in": "8", "result": "Single", "evo": "106.0", "la": "10", "dist": "174"}, {"player": "thairo estrada", "game": "ari @ sf", "gameIdx": 0, "hr/park": "", "pa": "60", "dt": "", "img": "https://www.mlbstatic.com/team-logos/137.svg", "team": "sf", "start": "", "in": "8", "result": "Flyout", "evo": "74.0", "la": "44", "dist": "226"}, {"player": "wilmer flores", "game": "ari @ sf", "gameIdx": 0, "hr/park": "0/30", "pa": "58", "dt": "", "img": "https://www.mlbstatic.com/team-logos/137.svg", "team": "sf", "start": "", "in": "8", "result": "Double", "evo": "97.7", "la": "21", "dist": "312"}, {"player": "jorge soler", "game": "ari @ sf", "gameIdx": 0, "hr/park": "", "pa": "57", "dt": "", "img": "https://www.mlbstatic.com/team-logos/137.svg", "team": "sf", "start": "", "in": "8", "result": "Forceout", "evo": "103.1", "la": "-17", "dist": "9"}, {"player": "lamonte wade", "game": "ari @ sf", "gameIdx": 0, "hr/park": "", "pa": "56", "dt": "", "img": "https://www.mlbstatic.com/team-logos/137.svg", "team": "sf", "start": "", "in": "8", "result": "Walk", "evo": "", "la": "", "dist": ""}, {"player": "jung hoo lee", "game": "ari @ sf", "gameIdx": 0, "hr/park": "", "pa": "55", "dt": "", "img": "https://www.mlbstatic.com/team-logos/137.svg", "team": "sf", "start": "", "in": "8", "result": "Field Error", "evo": "83.6", "la": "-19", "dist": "10"}, {"player": "nick ahmed", "game": "ari @ sf", "gameIdx": 0, "hr/park": "1/30", "pa": "54", "dt": "", "img": "https://www.mlbstatic.com/team-logos/137.svg", "team": "sf", "start": "", "in": "8", "result": "Double", "evo": "100.9", "la": "22", "dist": "370"}, {"player": "jake mccarthy", "game": "ari @ sf", "gameIdx": 0, "hr/park": "", "pa": "53", "dt": "", "img": "https://www.mlbstatic.com/team-logos/109.svg", "team": "ari", "start": "", "in": "8", "result": "Groundout", "evo": "73.3", "la": "2", "dist": "40"}, {"player": "randal grichuk", "game": "ari @ sf", "gameIdx": 0, "hr/park": "", "pa": "52", "dt": "", "img": "https://www.mlbstatic.com/team-logos/109.svg", "team": "ari", "start": "", "in": "8", "result": "Single", "evo": "66.7", "la": "-53", "dist": "3"}, {"player": "jace peterson", "game": "ari @ sf", "gameIdx": 0, "hr/park": "", "pa": "51", "dt": "", "img": "https://www.mlbstatic.com/team-logos/109.svg", "team": "ari", "start": "", "in": "8", "result": "Groundout", "evo": "88.1", "la": "1", "dist": "56"}, {"player": "gabriel moreno", "game": "ari @ sf", "gameIdx": 0, "hr/park": "", "pa": "50", "dt": "", "img": "https://www.mlbstatic.com/team-logos/109.svg", "team": "ari", "start": "", "in": "8", "result": "Lineout", "evo": "87.1", "la": "20", "dist": "279"}, {"player": "patrick bailey", "game": "ari @ sf", "gameIdx": 0, "hr/park": "", "pa": "49", "dt": "", "img": "https://www.mlbstatic.com/team-logos/137.svg", "team": "sf", "start": "", "in": "7", "result": "Pop Out", "evo": "75.8", "la": "73", "dist": "113"}, {"player": "mike yastrzemski", "game": "ari @ sf", "gameIdx": 0, "hr/park": "0/30", "pa": "48", "dt": "", "img": "https://www.mlbstatic.com/team-logos/137.svg", "team": "sf", "start": "", "in": "7", "result": "Lineout", "evo": "103.3", "la": "22", "dist": "373"}, {"player": "thairo estrada", "game": "ari @ sf", "gameIdx": 0, "hr/park": "", "pa": "47", "dt": "", "img": "https://www.mlbstatic.com/team-logos/137.svg", "team": "sf", "start": "", "in": "7", "result": "Groundout", "evo": "96.8", "la": "-2", "dist": "37"}, {"player": "eugenio suarez", "game": "ari @ sf", "gameIdx": 0, "hr/park": "", "pa": "46", "dt": "", "img": "https://www.mlbstatic.com/team-logos/109.svg", "team": "ari", "start": "", "in": "7", "result": "Groundout", "evo": "91.9", "la": "2", "dist": "59"}, {"player": "christian walker", "game": "ari @ sf", "gameIdx": 0, "hr/park": "", "pa": "45", "dt": "", "img": "https://www.mlbstatic.com/team-logos/109.svg", "team": "ari", "start": "", "in": "7", "result": "Walk", "evo": "", "la": "", "dist": ""}, {"player": "joc pederson", "game": "ari @ sf", "gameIdx": 0, "hr/park": "", "pa": "44", "dt": "", "img": "https://www.mlbstatic.com/team-logos/109.svg", "team": "ari", "start": "", "in": "7", "result": "Groundout", "evo": "78.9", "la": "8", "dist": "109"}, {"player": "matt chapman", "game": "ari @ sf", "gameIdx": 0, "hr/park": "0/30", "pa": "43", "dt": "", "img": "https://www.mlbstatic.com/team-logos/137.svg", "team": "sf", "start": "", "in": "6", "result": "Flyout", "evo": "94.0", "la": "39", "dist": "315"}, {"player": "michael conforto", "game": "ari @ sf", "gameIdx": 0, "hr/park": "", "pa": "42", "dt": "", "img": "https://www.mlbstatic.com/team-logos/137.svg", "team": "sf", "start": "", "in": "6", "result": "Forceout", "evo": "77.7", "la": "-1", "dist": "36"}, {"player": "jorge soler", "game": "ari @ sf", "gameIdx": 0, "hr/park": "", "pa": "41", "dt": "", "img": "https://www.mlbstatic.com/team-logos/137.svg", "team": "sf", "start": "", "in": "6", "result": "Strikeout", "evo": "", "la": "", "dist": ""}, {"player": "lamonte wade", "game": "ari @ sf", "gameIdx": 0, "hr/park": "", "pa": "40", "dt": "", "img": "https://www.mlbstatic.com/team-logos/137.svg", "team": "sf", "start": "", "in": "6", "result": "Walk", "evo": "", "la": "", "dist": ""}, {"player": "corbin carroll", "game": "ari @ sf", "gameIdx": 0, "hr/park": "", "pa": "39", "dt": "", "img": "https://www.mlbstatic.com/team-logos/109.svg", "team": "ari", "start": "", "in": "6", "result": "Strikeout", "evo": "", "la": "", "dist": ""}, {"player": "ketel marte", "game": "ari @ sf", "gameIdx": 0, "hr/park": "", "pa": "38", "dt": "", "img": "https://www.mlbstatic.com/team-logos/109.svg", "team": "ari", "start": "", "in": "6", "result": "Groundout", "evo": "84.6", "la": "-14", "dist": "8"}, {"player": "jake mccarthy", "game": "ari @ sf", "gameIdx": 0, "hr/park": "1/30", "pa": "37", "dt": "", "img": "https://www.mlbstatic.com/team-logos/109.svg", "team": "ari", "start": "", "in": "6", "result": "Flyout", "evo": "101.5", "la": "27", "dist": "371"}, {"player": "jung hoo lee", "game": "ari @ sf", "gameIdx": 0, "hr/park": "", "pa": "36", "dt": "", "img": "https://www.mlbstatic.com/team-logos/137.svg", "team": "sf", "start": "", "in": "5", "result": "Groundout", "evo": "74.6", "la": "-2", "dist": "27"}, {"player": "nick ahmed", "game": "ari @ sf", "gameIdx": 0, "hr/park": "", "pa": "35", "dt": "", "img": "https://www.mlbstatic.com/team-logos/137.svg", "team": "sf", "start": "", "in": "5", "result": "Groundout", "evo": "74.4", "la": "-24", "dist": "8"}, {"player": "patrick bailey", "game": "ari @ sf", "gameIdx": 0, "hr/park": "", "pa": "34", "dt": "", "img": "https://www.mlbstatic.com/team-logos/137.svg", "team": "sf", "start": "", "in": "5", "result": "Strikeout", "evo": "", "la": "", "dist": ""}, {"player": "randal grichuk", "game": "ari @ sf", "gameIdx": 0, "hr/park": "", "pa": "33", "dt": "", "img": "https://www.mlbstatic.com/team-logos/109.svg", "team": "ari", "start": "", "in": "5", "result": "Groundout", "evo": "70.9", "la": "-14", "dist": "8"}, {"player": "jace peterson", "game": "ari @ sf", "gameIdx": 0, "hr/park": "", "pa": "32", "dt": "", "img": "https://www.mlbstatic.com/team-logos/109.svg", "team": "ari", "start": "", "in": "5", "result": "Groundout", "evo": "99.0", "la": "-1", "dist": "44"}, {"player": "gabriel moreno", "game": "ari @ sf", "gameIdx": 0, "hr/park": "", "pa": "31", "dt": "", "img": "https://www.mlbstatic.com/team-logos/109.svg", "team": "ari", "start": "", "in": "5", "result": "Groundout", "evo": "81.6", "la": "-12", "dist": "6"}, {"player": "mike yastrzemski", "game": "ari @ sf", "gameIdx": 0, "hr/park": "", "pa": "30", "dt": "", "img": "https://www.mlbstatic.com/team-logos/137.svg", "team": "sf", "start": "", "in": "4", "result": "Groundout", "evo": "81.2", "la": "-11", "dist": "14"}, {"player": "thairo estrada", "game": "ari @ sf", "gameIdx": 0, "hr/park": "", "pa": "29", "dt": "", "img": "https://www.mlbstatic.com/team-logos/137.svg", "team": "sf", "start": "", "in": "4", "result": "Strikeout", "evo": "", "la": "", "dist": ""}, {"player": "matt chapman", "game": "ari @ sf", "gameIdx": 0, "hr/park": "", "pa": "28", "dt": "", "img": "https://www.mlbstatic.com/team-logos/137.svg", "team": "sf", "start": "", "in": "4", "result": "Groundout", "evo": "57.5", "la": "-57", "dist": "4"}, {"player": "eugenio suarez", "game": "ari @ sf", "gameIdx": 0, "hr/park": "", "pa": "27", "dt": "", "img": "https://www.mlbstatic.com/team-logos/109.svg", "team": "ari", "start": "", "in": "4", "result": "Groundout", "evo": "102.8", "la": "6", "dist": "124"}, {"player": "christian walker", "game": "ari @ sf", "gameIdx": 0, "hr/park": "", "pa": "26", "dt": "", "img": "https://www.mlbstatic.com/team-logos/109.svg", "team": "ari", "start": "", "in": "4", "result": "Groundout", "evo": "74.2", "la": "-29", "dist": "6"}, {"player": "joc pederson", "game": "ari @ sf", "gameIdx": 0, "hr/park": "0/30", "pa": "25", "dt": "", "img": "https://www.mlbstatic.com/team-logos/109.svg", "team": "ari", "start": "", "in": "4", "result": "Lineout", "evo": "107.8", "la": "17", "dist": "325"}, {"player": "michael conforto", "game": "ari @ sf", "gameIdx": 0, "hr/park": "", "pa": "24", "dt": "", "img": "https://www.mlbstatic.com/team-logos/137.svg", "team": "sf", "start": "", "in": "3", "result": "Forceout", "evo": "108.3", "la": "-3", "dist": "28"}, {"player": "jorge soler", "game": "ari @ sf", "gameIdx": 0, "hr/park": "", "pa": "23", "dt": "", "img": "https://www.mlbstatic.com/team-logos/137.svg", "team": "sf", "start": "", "in": "3", "result": "Single", "evo": "86.9", "la": "12", "dist": "197"}, {"player": "lamonte wade", "game": "ari @ sf", "gameIdx": 0, "hr/park": "0/30", "pa": "22", "dt": "", "img": "https://www.mlbstatic.com/team-logos/137.svg", "team": "sf", "start": "", "in": "3", "result": "Sac Fly", "evo": "97.3", "la": "23", "dist": "361"}, {"player": "jung hoo lee", "game": "ari @ sf", "gameIdx": 0, "hr/park": "", "pa": "21", "dt": "", "img": "https://www.mlbstatic.com/team-logos/137.svg", "team": "sf", "start": "", "in": "3", "result": "Single", "evo": "103.4", "la": "4", "dist": "76"}, {"player": "nick ahmed", "game": "ari @ sf", "gameIdx": 0, "hr/park": "", "pa": "20", "dt": "", "img": "https://www.mlbstatic.com/team-logos/137.svg", "team": "sf", "start": "", "in": "3", "result": "Groundout", "evo": "90.0", "la": "-12", "dist": "16"}, {"player": "patrick bailey", "game": "ari @ sf", "gameIdx": 0, "hr/park": "", "pa": "19", "dt": "", "img": "https://www.mlbstatic.com/team-logos/137.svg", "team": "sf", "start": "", "in": "3", "result": "Double", "evo": "105.8", "la": "8", "dist": "164"}, {"player": "corbin carroll", "game": "ari @ sf", "gameIdx": 0, "hr/park": "", "pa": "18", "dt": "", "img": "https://www.mlbstatic.com/team-logos/109.svg", "team": "ari", "start": "", "in": "3", "result": "Strikeout", "evo": "", "la": "", "dist": ""}, {"player": "ketel marte", "game": "ari @ sf", "gameIdx": 0, "hr/park": "", "pa": "17", "dt": "", "img": "https://www.mlbstatic.com/team-logos/109.svg", "team": "ari", "start": "", "in": "3", "result": "Strikeout", "evo": "", "la": "", "dist": ""}, {"player": "jake mccarthy", "game": "ari @ sf", "gameIdx": 0, "hr/park": "", "pa": "16", "dt": "", "img": "https://www.mlbstatic.com/team-logos/109.svg", "team": "ari", "start": "", "in": "3", "result": "Groundout", "evo": "74.5", "la": "-27", "dist": "6"}, {"player": "mike yastrzemski", "game": "ari @ sf", "gameIdx": 0, "hr/park": "", "pa": "15", "dt": "", "img": "https://www.mlbstatic.com/team-logos/137.svg", "team": "sf", "start": "", "in": "2", "result": "Lineout", "evo": "87.0", "la": "6", "dist": "121"}, {"player": "thairo estrada", "game": "ari @ sf", "gameIdx": 0, "hr/park": "", "pa": "14", "dt": "", "img": "https://www.mlbstatic.com/team-logos/137.svg", "team": "sf", "start": "", "in": "2", "result": "Single", "evo": "106.5", "la": "8", "dist": "159"}, {"player": "matt chapman", "game": "ari @ sf", "gameIdx": 0, "hr/park": "", "pa": "13", "dt": "", "img": "https://www.mlbstatic.com/team-logos/137.svg", "team": "sf", "start": "", "in": "2", "result": "Groundout", "evo": "105.8", "la": "1", "dist": "63"}, {"player": "michael conforto", "game": "ari @ sf", "gameIdx": 0, "hr/park": "", "pa": "12", "dt": "", "img": "https://www.mlbstatic.com/team-logos/137.svg", "team": "sf", "start": "", "in": "2", "result": "Groundout", "evo": "69.4", "la": "-20", "dist": "6"}, {"player": "randal grichuk", "game": "ari @ sf", "gameIdx": 0, "hr/park": "", "pa": "11", "dt": "", "img": "https://www.mlbstatic.com/team-logos/109.svg", "team": "ari", "start": "", "in": "2", "result": "Strikeout", "evo": "", "la": "", "dist": ""}, {"player": "jace peterson", "game": "ari @ sf", "gameIdx": 0, "hr/park": "", "pa": "10", "dt": "", "img": "https://www.mlbstatic.com/team-logos/109.svg", "team": "ari", "start": "", "in": "2", "result": "Groundout", "evo": "53.8", "la": "-57", "dist": "3"}, {"player": "gabriel moreno", "game": "ari @ sf", "gameIdx": 0, "hr/park": "", "pa": "9", "dt": "", "img": "https://www.mlbstatic.com/team-logos/109.svg", "team": "ari", "start": "", "in": "2", "result": "Groundout", "evo": "97.7", "la": "-7", "dist": "17"}, {"player": "jorge soler", "game": "ari @ sf", "gameIdx": 0, "hr/park": "0/30", "pa": "8", "dt": "", "img": "https://www.mlbstatic.com/team-logos/137.svg", "team": "sf", "start": "", "in": "1", "result": "Lineout", "evo": "97.6", "la": "22", "dist": "366"}, {"player": "lamonte wade", "game": "ari @ sf", "gameIdx": 0, "hr/park": "", "pa": "7", "dt": "", "img": "https://www.mlbstatic.com/team-logos/137.svg", "team": "sf", "start": "", "in": "1", "result": "GIDP", "evo": "81.7", "la": "-1", "dist": "38"}, {"player": "jung hoo lee", "game": "ari @ sf", "gameIdx": 0, "hr/park": "", "pa": "6", "dt": "", "img": "https://www.mlbstatic.com/team-logos/137.svg", "team": "sf", "start": "", "in": "1", "result": "Single", "evo": "57.7", "la": "-44", "dist": "7"}, {"player": "eugenio suarez", "game": "ari @ sf", "gameIdx": 0, "hr/park": "", "pa": "5", "dt": "", "img": "https://www.mlbstatic.com/team-logos/109.svg", "team": "ari", "start": "", "in": "1", "result": "Forceout", "evo": "99.3", "la": "6", "dist": "137"}, {"player": "christian walker", "game": "ari @ sf", "gameIdx": 0, "hr/park": "", "pa": "4", "dt": "", "img": "https://www.mlbstatic.com/team-logos/109.svg", "team": "ari", "start": "", "in": "1", "result": "Strikeout", "evo": "", "la": "", "dist": ""}, {"player": "joc pederson", "game": "ari @ sf", "gameIdx": 0, "hr/park": "", "pa": "3", "dt": "", "img": "https://www.mlbstatic.com/team-logos/109.svg", "team": "ari", "start": "", "in": "1", "result": "Forceout", "evo": "101.5", "la": "-7", "dist": "14"}, {"player": "corbin carroll", "game": "ari @ sf", "gameIdx": 0, "hr/park": "0/30", "pa": "2", "dt": "", "img": "https://www.mlbstatic.com/team-logos/109.svg", "team": "ari", "start": "", "in": "1", "result": "Single", "evo": "108.8", "la": "13", "dist": "313"}, {"player": "ketel marte", "game": "ari @ sf", "gameIdx": 0, "hr/park": "", "pa": "1", "dt": "", "img": "https://www.mlbstatic.com/team-logos/109.svg", "team": "ari", "start": "", "in": "1", "result": "Single", "evo": "95.6", "la": "-21", "dist": "6"}]}