{"all": {"pitchers": "25", "batters": "44", "pitches": "598", "max velomax pitch velocity": "101.1", "min velomin pitch velocity": "70.7", "ff%fourseam fastball %": "39.5", "si%sinker %": "10.9", "fc%cutter %": "8.5", "fs%splitter %": "3.2", "ch%changeup %": "5.4", "sl%slider %": "23.2", "cu%curve %": "9.4", "max evmax exit velocity": "110.6", "hhhard hit": "39", "hh%hard hit %": "36.1", "brlbarrels": "8", "brl%barrel %": "7.4", "ab": "137", "avg": ".190", "h": "26", "1b": "13", "2b": "4", "3b": "2", "hr": "7", "so": "34", "bipballs in play": "108", "liveGames": 0, "totGames": 15}, "cin @ tb": [], "sd @ bal": [], "cle @ phi": [{"player": "trea turner", "game": "cle @ phi", "gameIdx": 0, "hr/park": "", "pa": "74", "dt": "", "img": "https://www.mlbstatic.com/team-logos/143.svg", "team": "phi", "start": "", "in": "9", "result": "Groundout", "evo": "80.1", "la": "-9", "dist": "15"}, {"player": "kyle schwarber", "game": "cle @ phi", "gameIdx": 0, "hr/park": "", "pa": "73", "dt": "", "img": "https://www.mlbstatic.com/team-logos/143.svg", "team": "phi", "start": "", "in": "9", "result": "Groundout", "evo": "78.7", "la": "-55", "dist": "3"}, {"player": "garrett stubbs", "game": "cle @ phi", "gameIdx": 0, "hr/park": "", "pa": "72", "dt": "", "img": "https://www.mlbstatic.com/team-logos/143.svg", "team": "phi", "start": "", "in": "9", "result": "Strikeout", "evo": "", "la": "", "dist": ""}, {"player": "bo naylor", "game": "cle @ phi", "gameIdx": 0, "hr/park": "0/30", "pa": "71", "dt": "", "img": "https://www.mlbstatic.com/team-logos/114.svg", "team": "cle", "start": "", "in": "9", "result": "Flyout", "evo": "96.6", "la": "33", "dist": "371"}, {"player": "brayan rocchio", "game": "cle @ phi", "gameIdx": 0, "hr/park": "", "pa": "70", "dt": "", "img": "https://www.mlbstatic.com/team-logos/114.svg", "team": "cle", "start": "", "in": "9", "result": "Strikeout", "evo": "", "la": "", "dist": ""}, {"player": "tyler freeman", "game": "cle @ phi", "gameIdx": 0, "hr/park": "0/30", "pa": "69", "dt": "", "img": "https://www.mlbstatic.com/team-logos/114.svg", "team": "cle", "start": "", "in": "9", "result": "Flyout", "evo": "94.5", "la": "30", "dist": "344"}, {"player": "brandon marsh", "game": "cle @ phi", "gameIdx": 0, "hr/park": "", "pa": "68", "dt": "", "img": "https://www.mlbstatic.com/team-logos/143.svg", "team": "phi", "start": "", "in": "8", "result": "Groundout", "evo": "97.7", "la": "-1", "dist": "42"}, {"player": "bryson stott", "game": "cle @ phi", "gameIdx": 0, "hr/park": "", "pa": "67", "dt": "", "img": "https://www.mlbstatic.com/team-logos/143.svg", "team": "phi", "start": "", "in": "8", "result": "Groundout", "evo": "84.0", "la": "", "dist": "41"}, {"player": "austin hays", "game": "cle @ phi", "gameIdx": 0, "hr/park": "", "pa": "66", "dt": "", "img": "https://www.mlbstatic.com/team-logos/143.svg", "team": "phi", "start": "", "in": "8", "result": "Lineout", "evo": "81.1", "la": "12", "dist": "136"}, {"player": "andres gimenez", "game": "cle @ phi", "gameIdx": 0, "hr/park": "", "pa": "65", "dt": "", "img": "https://www.mlbstatic.com/team-logos/114.svg", "team": "cle", "start": "", "in": "8", "result": "Flyout", "evo": "79.2", "la": "54", "dist": "225"}, {"player": "jhonkensy noel", "game": "cle @ phi", "gameIdx": 0, "hr/park": "", "pa": "64", "dt": "", "img": "https://www.mlbstatic.com/team-logos/114.svg", "team": "cle", "start": "", "in": "8", "result": "Strikeout", "evo": "", "la": "", "dist": ""}, {"player": "david fry", "game": "cle @ phi", "gameIdx": 0, "hr/park": "", "pa": "63", "dt": "", "img": "https://www.mlbstatic.com/team-logos/114.svg", "team": "cle", "start": "", "in": "8", "result": "Flyout", "evo": "73.0", "la": "41", "dist": "231"}, {"player": "jose ramirez", "game": "cle @ phi", "gameIdx": 0, "hr/park": "", "pa": "62", "dt": "", "img": "https://www.mlbstatic.com/team-logos/114.svg", "team": "cle", "start": "", "in": "8", "result": "Walk", "evo": "", "la": "", "dist": ""}, {"player": "nick castellanos", "game": "cle @ phi", "gameIdx": 0, "hr/park": "", "pa": "61", "dt": "", "img": "https://www.mlbstatic.com/team-logos/143.svg", "team": "phi", "start": "", "in": "7", "result": "Flyout", "evo": "88.7", "la": "40", "dist": "294"}, {"player": "alec bohm", "game": "cle @ phi", "gameIdx": 0, "hr/park": "", "pa": "60", "dt": "", "img": "https://www.mlbstatic.com/team-logos/143.svg", "team": "phi", "start": "", "in": "7", "result": "Walk", "evo": "", "la": "", "dist": ""}, {"player": "bryce harper", "game": "cle @ phi", "gameIdx": 0, "hr/park": "", "pa": "59", "dt": "", "img": "https://www.mlbstatic.com/team-logos/143.svg", "team": "phi", "start": "", "in": "7", "result": "Flyout", "evo": "103.5", "la": "55", "dist": "274"}, {"player": "trea turner", "game": "cle @ phi", "gameIdx": 0, "hr/park": "", "pa": "58", "dt": "", "img": "https://www.mlbstatic.com/team-logos/143.svg", "team": "phi", "start": "", "in": "7", "result": "Flyout", "evo": "91.3", "la": "53", "dist": "241"}, {"player": "kyle schwarber", "game": "cle @ phi", "gameIdx": 0, "hr/park": "", "pa": "57", "dt": "", "img": "https://www.mlbstatic.com/team-logos/143.svg", "team": "phi", "start": "", "in": "7", "result": "Walk", "evo": "", "la": "", "dist": ""}, {"player": "angel martinez", "game": "cle @ phi", "gameIdx": 0, "hr/park": "", "pa": "56", "dt": "", "img": "https://www.mlbstatic.com/team-logos/114.svg", "team": "cle", "start": "", "in": "7", "result": "Lineout", "evo": "98.5", "la": "18", "dist": "297"}, {"player": "steven kwan", "game": "cle @ phi", "gameIdx": 0, "hr/park": "29/30", "pa": "55", "dt": "", "img": "https://www.mlbstatic.com/team-logos/114.svg", "team": "cle", "start": "", "in": "7", "result": "Home Run", "evo": "101.0", "la": "26", "dist": "371"}, {"player": "bo naylor", "game": "cle @ phi", "gameIdx": 0, "hr/park": "", "pa": "54", "dt": "", "img": "https://www.mlbstatic.com/team-logos/114.svg", "team": "cle", "start": "", "in": "7", "result": "Groundout", "evo": "88.2", "la": "-23", "dist": "6"}, {"player": "brayan rocchio", "game": "cle @ phi", "gameIdx": 0, "hr/park": "", "pa": "53", "dt": "", "img": "https://www.mlbstatic.com/team-logos/114.svg", "team": "cle", "start": "", "in": "7", "result": "Groundout", "evo": "77.8", "la": "-28", "dist": "8"}, {"player": "garrett stubbs", "game": "cle @ phi", "gameIdx": 0, "hr/park": "", "pa": "52", "dt": "", "img": "https://www.mlbstatic.com/team-logos/143.svg", "team": "phi", "start": "", "in": "6", "result": "Groundout", "evo": "84.8", "la": "-22", "dist": "6"}, {"player": "brandon marsh", "game": "cle @ phi", "gameIdx": 0, "hr/park": "", "pa": "51", "dt": "", "img": "https://www.mlbstatic.com/team-logos/143.svg", "team": "phi", "start": "", "in": "6", "result": "Strikeout", "evo": "", "la": "", "dist": ""}, {"player": "edmundo sosa", "game": "cle @ phi", "gameIdx": 0, "hr/park": "", "pa": "50", "dt": "", "img": "https://www.mlbstatic.com/team-logos/143.svg", "team": "phi", "start": "", "in": "6", "result": "Single", "evo": "109.3", "la": "9", "dist": "178"}, {"player": "austin hays", "game": "cle @ phi", "gameIdx": 0, "hr/park": "", "pa": "49", "dt": "", "img": "https://www.mlbstatic.com/team-logos/143.svg", "team": "phi", "start": "", "in": "6", "result": "Strikeout", "evo": "", "la": "", "dist": ""}, {"player": "tyler freeman", "game": "cle @ phi", "gameIdx": 0, "hr/park": "", "pa": "48", "dt": "", "img": "https://www.mlbstatic.com/team-logos/114.svg", "team": "cle", "start": "", "in": "6", "result": "Fielders Choice Out", "evo": "85.1", "la": "-18", "dist": "9"}, {"player": "andres gimenez", "game": "cle @ phi", "gameIdx": 0, "hr/park": "", "pa": "47", "dt": "", "img": "https://www.mlbstatic.com/team-logos/114.svg", "team": "cle", "start": "", "in": "6", "result": "Double", "evo": "71.8", "la": "21", "dist": "204"}, {"player": "jhonkensy noel", "game": "cle @ phi", "gameIdx": 0, "hr/park": "", "pa": "46", "dt": "", "img": "https://www.mlbstatic.com/team-logos/114.svg", "team": "cle", "start": "", "in": "6", "result": "Single", "evo": "71.4", "la": "23", "dist": "215"}, {"player": "david fry", "game": "cle @ phi", "gameIdx": 0, "hr/park": "0/30", "pa": "45", "dt": "", "img": "https://www.mlbstatic.com/team-logos/114.svg", "team": "cle", "start": "", "in": "6", "result": "Flyout", "evo": "99.2", "la": "34", "dist": "354"}, {"player": "jose ramirez", "game": "cle @ phi", "gameIdx": 0, "hr/park": "", "pa": "44", "dt": "", "img": "https://www.mlbstatic.com/team-logos/114.svg", "team": "cle", "start": "", "in": "6", "result": "Lineout", "evo": "99.9", "la": "17", "dist": "286"}, {"player": "nick castellanos", "game": "cle @ phi", "gameIdx": 0, "hr/park": "", "pa": "43", "dt": "", "img": "https://www.mlbstatic.com/team-logos/143.svg", "team": "phi", "start": "", "in": "5", "result": "Strikeout", "evo": "", "la": "", "dist": ""}, {"player": "alec bohm", "game": "cle @ phi", "gameIdx": 0, "hr/park": "", "pa": "42", "dt": "", "img": "https://www.mlbstatic.com/team-logos/143.svg", "team": "phi", "start": "", "in": "5", "result": "Groundout", "evo": "95.5", "la": "-10", "dist": "9"}, {"player": "bryce harper", "game": "cle @ phi", "gameIdx": 0, "hr/park": "", "pa": "41", "dt": "", "img": "https://www.mlbstatic.com/team-logos/143.svg", "team": "phi", "start": "", "in": "5", "result": "Groundout", "evo": "104.1", "la": "-6", "dist": "15"}, {"player": "angel martinez", "game": "cle @ phi", "gameIdx": 0, "hr/park": "", "pa": "40", "dt": "", "img": "https://www.mlbstatic.com/team-logos/114.svg", "team": "cle", "start": "", "in": "5", "result": "Strikeout", "evo": "", "la": "", "dist": ""}, {"player": "steven kwan", "game": "cle @ phi", "gameIdx": 0, "hr/park": "", "pa": "39", "dt": "", "img": "https://www.mlbstatic.com/team-logos/114.svg", "team": "cle", "start": "", "in": "5", "result": "Pop Out", "evo": "59.1", "la": "63", "dist": "120"}, {"player": "bo naylor", "game": "cle @ phi", "gameIdx": 0, "hr/park": "", "pa": "38", "dt": "", "img": "https://www.mlbstatic.com/team-logos/114.svg", "team": "cle", "start": "", "in": "5", "result": "Groundout", "evo": "100.4", "la": "1", "dist": "52"}, {"player": "trea turner", "game": "cle @ phi", "gameIdx": 0, "hr/park": "", "pa": "37", "dt": "", "img": "https://www.mlbstatic.com/team-logos/143.svg", "team": "phi", "start": "", "in": "4", "result": "Strikeout", "evo": "", "la": "", "dist": ""}, {"player": "kyle schwarber", "game": "cle @ phi", "gameIdx": 0, "hr/park": "", "pa": "36", "dt": "", "img": "https://www.mlbstatic.com/team-logos/143.svg", "team": "phi", "start": "", "in": "4", "result": "Strikeout", "evo": "", "la": "", "dist": ""}, {"player": "garrett stubbs", "game": "cle @ phi", "gameIdx": 0, "hr/park": "", "pa": "35", "dt": "", "img": "https://www.mlbstatic.com/team-logos/143.svg", "team": "phi", "start": "", "in": "4", "result": "Walk", "evo": "", "la": "", "dist": ""}, {"player": "brandon marsh", "game": "cle @ phi", "gameIdx": 0, "hr/park": "", "pa": "34", "dt": "", "img": "https://www.mlbstatic.com/team-logos/143.svg", "team": "phi", "start": "", "in": "4", "result": "Single", "evo": "107.1", "la": "13", "dist": "234"}, {"player": "edmundo sosa", "game": "cle @ phi", "gameIdx": 0, "hr/park": "0/30", "pa": "33", "dt": "", "img": "https://www.mlbstatic.com/team-logos/143.svg", "team": "phi", "start": "", "in": "4", "result": "Flyout", "evo": "95.0", "la": "36", "dist": "348"}, {"player": "brayan rocchio", "game": "cle @ phi", "gameIdx": 0, "hr/park": "", "pa": "32", "dt": "", "img": "https://www.mlbstatic.com/team-logos/114.svg", "team": "cle", "start": "", "in": "4", "result": "Flyout", "evo": "91.0", "la": "46", "dist": "294"}, {"player": "tyler freeman", "game": "cle @ phi", "gameIdx": 0, "hr/park": "", "pa": "31", "dt": "", "img": "https://www.mlbstatic.com/team-logos/114.svg", "team": "cle", "start": "", "in": "4", "result": "Flyout", "evo": "91.0", "la": "50", "dist": "238"}, {"player": "andres gimenez", "game": "cle @ phi", "gameIdx": 0, "hr/park": "", "pa": "30", "dt": "", "img": "https://www.mlbstatic.com/team-logos/114.svg", "team": "cle", "start": "", "in": "4", "result": "Groundout", "evo": "82.1", "la": "-20", "dist": "7"}, {"player": "jhonkensy noel", "game": "cle @ phi", "gameIdx": 0, "hr/park": "30/30", "pa": "29", "dt": "", "img": "https://www.mlbstatic.com/team-logos/114.svg", "team": "cle", "start": "", "in": "4", "result": "Home Run", "evo": "109.6", "la": "29", "dist": "436"}, {"player": "david fry", "game": "cle @ phi", "gameIdx": 0, "hr/park": "", "pa": "28", "dt": "", "img": "https://www.mlbstatic.com/team-logos/114.svg", "team": "cle", "start": "", "in": "4", "result": "Single", "evo": "99.6", "la": "", "dist": "47"}, {"player": "jose ramirez", "game": "cle @ phi", "gameIdx": 0, "hr/park": "", "pa": "27", "dt": "", "img": "https://www.mlbstatic.com/team-logos/114.svg", "team": "cle", "start": "", "in": "4", "result": "Single", "evo": "103.6", "la": "-1", "dist": "30"}, {"player": "austin hays", "game": "cle @ phi", "gameIdx": 0, "hr/park": "", "pa": "26", "dt": "", "img": "https://www.mlbstatic.com/team-logos/143.svg", "team": "phi", "start": "", "in": "3", "result": "Strikeout", "evo": "", "la": "", "dist": ""}, {"player": "nick castellanos", "game": "cle @ phi", "gameIdx": 0, "hr/park": "", "pa": "25", "dt": "", "img": "https://www.mlbstatic.com/team-logos/143.svg", "team": "phi", "start": "", "in": "3", "result": "Lineout", "evo": "89.8", "la": "20", "dist": "282"}, {"player": "alec bohm", "game": "cle @ phi", "gameIdx": 0, "hr/park": "", "pa": "24", "dt": "", "img": "https://www.mlbstatic.com/team-logos/143.svg", "team": "phi", "start": "", "in": "3", "result": "Walk", "evo": "", "la": "", "dist": ""}, {"player": "bryce harper", "game": "cle @ phi", "gameIdx": 0, "hr/park": "", "pa": "23", "dt": "", "img": "https://www.mlbstatic.com/team-logos/143.svg", "team": "phi", "start": "", "in": "3", "result": "Walk", "evo": "", "la": "", "dist": ""}, {"player": "trea turner", "game": "cle @ phi", "gameIdx": 0, "hr/park": "", "pa": "22", "dt": "", "img": "https://www.mlbstatic.com/team-logos/143.svg", "team": "phi", "start": "", "in": "3", "result": "Groundout", "evo": "85.6", "la": "-6", "dist": "17"}, {"player": "kyle schwarber", "game": "cle @ phi", "gameIdx": 0, "hr/park": "30/30", "pa": "21", "dt": "", "img": "https://www.mlbstatic.com/team-logos/143.svg", "team": "phi", "start": "", "in": "3", "result": "Home Run", "evo": "110.1", "la": "20", "dist": "404"}, {"player": "garrett stubbs", "game": "cle @ phi", "gameIdx": 0, "hr/park": "", "pa": "20", "dt": "", "img": "https://www.mlbstatic.com/team-logos/143.svg", "team": "phi", "start": "", "in": "3", "result": "Single", "evo": "90.6", "la": "-13", "dist": "10"}, {"player": "angel martinez", "game": "cle @ phi", "gameIdx": 0, "hr/park": "", "pa": "19", "dt": "", "img": "https://www.mlbstatic.com/team-logos/114.svg", "team": "cle", "start": "", "in": "3", "result": "Groundout", "evo": "72.6", "la": "-8", "dist": "9"}, {"player": "steven kwan", "game": "cle @ phi", "gameIdx": 0, "hr/park": "", "pa": "18", "dt": "", "img": "https://www.mlbstatic.com/team-logos/114.svg", "team": "cle", "start": "", "in": "3", "result": "Groundout", "evo": "96.8", "la": "", "dist": "47"}, {"player": "bo naylor", "game": "cle @ phi", "gameIdx": 0, "hr/park": "", "pa": "17", "dt": "", "img": "https://www.mlbstatic.com/team-logos/114.svg", "team": "cle", "start": "", "in": "3", "result": "Groundout", "evo": "94.0", "la": "-21", "dist": "5"}, {"player": "brandon marsh", "game": "cle @ phi", "gameIdx": 0, "hr/park": "", "pa": "16", "dt": "", "img": "https://www.mlbstatic.com/team-logos/143.svg", "team": "phi", "start": "", "in": "2", "result": "Groundout", "evo": "107.4", "la": "-16", "dist": "6"}, {"player": "edmundo sosa", "game": "cle @ phi", "gameIdx": 0, "hr/park": "", "pa": "15", "dt": "", "img": "https://www.mlbstatic.com/team-logos/143.svg", "team": "phi", "start": "", "in": "2", "result": "Strikeout", "evo": "", "la": "", "dist": ""}, {"player": "austin hays", "game": "cle @ phi", "gameIdx": 0, "hr/park": "", "pa": "14", "dt": "", "img": "https://www.mlbstatic.com/team-logos/143.svg", "team": "phi", "start": "", "in": "2", "result": "Pop Out", "evo": "89.3", "la": "71", "dist": "114"}, {"player": "brayan rocchio", "game": "cle @ phi", "gameIdx": 0, "hr/park": "", "pa": "13", "dt": "", "img": "https://www.mlbstatic.com/team-logos/114.svg", "team": "cle", "start": "", "in": "2", "result": "Forceout", "evo": "90.0", "la": "-7", "dist": "19"}, {"player": "tyler freeman", "game": "cle @ phi", "gameIdx": 0, "hr/park": "0/30", "pa": "12", "dt": "", "img": "https://www.mlbstatic.com/team-logos/114.svg", "team": "cle", "start": "", "in": "2", "result": "Flyout", "evo": "84.6", "la": "28", "dist": "310"}, {"player": "andres gimenez", "game": "cle @ phi", "gameIdx": 0, "hr/park": "", "pa": "11", "dt": "", "img": "https://www.mlbstatic.com/team-logos/114.svg", "team": "cle", "start": "", "in": "2", "result": "Strikeout", "evo": "", "la": "", "dist": ""}, {"player": "jhonkensy noel", "game": "cle @ phi", "gameIdx": 0, "hr/park": "", "pa": "10", "dt": "", "img": "https://www.mlbstatic.com/team-logos/114.svg", "team": "cle", "start": "", "in": "2", "result": "Single", "evo": "67.2", "la": "22", "dist": "185"}, {"player": "nick castellanos", "game": "cle @ phi", "gameIdx": 0, "hr/park": "", "pa": "9", "dt": "", "img": "https://www.mlbstatic.com/team-logos/143.svg", "team": "phi", "start": "", "in": "1", "result": "Groundout", "evo": "91.7", "la": "-4", "dist": "18"}, {"player": "alec bohm", "game": "cle @ phi", "gameIdx": 0, "hr/park": "", "pa": "8", "dt": "", "img": "https://www.mlbstatic.com/team-logos/143.svg", "team": "phi", "start": "", "in": "1", "result": "Forceout", "evo": "97.8", "la": "-1", "dist": "40"}, {"player": "bryce harper", "game": "cle @ phi", "gameIdx": 0, "hr/park": "", "pa": "7", "dt": "", "img": "https://www.mlbstatic.com/team-logos/143.svg", "team": "phi", "start": "", "in": "1", "result": "Strikeout", "evo": "", "la": "", "dist": ""}, {"player": "trea turner", "game": "cle @ phi", "gameIdx": 0, "hr/park": "", "pa": "6", "dt": "", "img": "https://www.mlbstatic.com/team-logos/143.svg", "team": "phi", "start": "", "in": "1", "result": "Field Error", "evo": "87.3", "la": "-2", "dist": "34"}, {"player": "kyle schwarber", "game": "cle @ phi", "gameIdx": 0, "hr/park": "23/30", "pa": "5", "dt": "", "img": "https://www.mlbstatic.com/team-logos/143.svg", "team": "phi", "start": "", "in": "1", "result": "Home Run", "evo": "106.4", "la": "28", "dist": "398"}, {"player": "david fry", "game": "cle @ phi", "gameIdx": 0, "hr/park": "", "pa": "4", "dt": "", "img": "https://www.mlbstatic.com/team-logos/114.svg", "team": "cle", "start": "", "in": "1", "result": "GIDP", "evo": "75.2", "la": "-19", "dist": "7"}, {"player": "jose ramirez", "game": "cle @ phi", "gameIdx": 0, "hr/park": "", "pa": "3", "dt": "", "img": "https://www.mlbstatic.com/team-logos/114.svg", "team": "cle", "start": "", "in": "1", "result": "Pop Out", "evo": "75.7", "la": "56", "dist": "187"}, {"player": "angel martinez", "game": "cle @ phi", "gameIdx": 0, "hr/park": "", "pa": "2", "dt": "", "img": "https://www.mlbstatic.com/team-logos/114.svg", "team": "cle", "start": "", "in": "1", "result": "Single", "evo": "62.5", "la": "37", "dist": "209"}, {"player": "steven kwan", "game": "cle @ phi", "gameIdx": 0, "hr/park": "", "pa": "1", "dt": "", "img": "https://www.mlbstatic.com/team-logos/114.svg", "team": "cle", "start": "", "in": "1", "result": "Single", "evo": "96.4", "la": "11", "dist": "173"}], "tex @ tor": [], "min @ det": [], "atl @ nym": [], "chc @ kc": [], "lad @ hou": [], "sea @ chw": [], "mia @ mil": [], "wsh @ stl": [], "col @ sf": [], "ath @ laa": [], "pit @ ari": [{"player": "geraldo perdomo", "game": "pit @ ari", "gameIdx": 0, "hr/park": "", "pa": "81", "dt": "", "img": "https://www.mlbstatic.com/team-logos/109.svg", "team": "ari", "start": "", "in": "10", "result": "Groundout", "evo": "83.7", "la": "2", "dist": "60"}, {"player": "corbin carroll", "game": "pit @ ari", "gameIdx": 0, "hr/park": "", "pa": "80", "dt": "", "img": "https://www.mlbstatic.com/team-logos/109.svg", "team": "ari", "start": "", "in": "10", "result": "Triple", "evo": "106.0", "la": "10", "dist": "221"}, {"player": "lourdes gurriel", "game": "pit @ ari", "gameIdx": 0, "hr/park": "30/30", "pa": "79", "dt": "", "img": "https://www.mlbstatic.com/team-logos/109.svg", "team": "ari", "start": "", "in": "10", "result": "Home Run", "evo": "110.6", "la": "24", "dist": "411"}, {"player": "gabriel moreno", "game": "pit @ ari", "gameIdx": 0, "hr/park": "", "pa": "78", "dt": "", "img": "https://www.mlbstatic.com/team-logos/109.svg", "team": "ari", "start": "", "in": "10", "result": "Groundout", "evo": "59.3", "la": "-40", "dist": "4"}, {"player": "alek thomas", "game": "pit @ ari", "gameIdx": 0, "hr/park": "", "pa": "77", "dt": "", "img": "https://www.mlbstatic.com/team-logos/109.svg", "team": "ari", "start": "", "in": "10", "result": "Groundout", "evo": "96.6", "la": "-13", "dist": "10"}, {"player": "eugenio suarez", "game": "pit @ ari", "gameIdx": 0, "hr/park": "21/30", "pa": "76", "dt": "", "img": "https://www.mlbstatic.com/team-logos/109.svg", "team": "ari", "start": "", "in": "10", "result": "Home Run", "evo": "103.0", "la": "37", "dist": "387"}, {"player": "jared triolo", "game": "pit @ ari", "gameIdx": 0, "hr/park": "", "pa": "75", "dt": "", "img": "https://www.mlbstatic.com/team-logos/134.svg", "team": "pit", "start": "", "in": "10", "result": "Forceout", "evo": "105.4", "la": "-10", "dist": "13"}, {"player": "joey bart", "game": "pit @ ari", "gameIdx": 0, "hr/park": "", "pa": "74", "dt": "", "img": "https://www.mlbstatic.com/team-logos/134.svg", "team": "pit", "start": "", "in": "10", "result": "Walk", "evo": "", "la": "", "dist": ""}, {"player": "kebryan hayes", "game": "pit @ ari", "gameIdx": 0, "hr/park": "", "pa": "73", "dt": "", "img": "https://www.mlbstatic.com/team-logos/134.svg", "team": "pit", "start": "", "in": "10", "result": "Single", "evo": "70.4", "la": "22", "dist": "219"}, {"player": "joshua palacios", "game": "pit @ ari", "gameIdx": 0, "hr/park": "", "pa": "72", "dt": "", "img": "https://www.mlbstatic.com/team-logos/134.svg", "team": "pit", "start": "", "in": "10", "result": "Forceout", "evo": "90.2", "la": "-16", "dist": "7"}, {"player": "alika williams", "game": "pit @ ari", "gameIdx": 0, "hr/park": "", "pa": "71", "dt": "", "img": "https://www.mlbstatic.com/team-logos/134.svg", "team": "pit", "start": "", "in": "10", "result": "Hit By Pitch", "evo": "", "la": "", "dist": ""}, {"player": "oneil cruz", "game": "pit @ ari", "gameIdx": 0, "hr/park": "", "pa": "70", "dt": "", "img": "https://www.mlbstatic.com/team-logos/134.svg", "team": "pit", "start": "", "in": "10", "result": "Intent Walk", "evo": "", "la": "", "dist": ""}, {"player": "andrew mccutchen", "game": "pit @ ari", "gameIdx": 0, "hr/park": "", "pa": "69", "dt": "", "img": "https://www.mlbstatic.com/team-logos/134.svg", "team": "pit", "start": "", "in": "10", "result": "Forceout", "evo": "69.7", "la": "-4", "dist": "26"}, {"player": "yasmani grandal", "game": "pit @ ari", "gameIdx": 0, "hr/park": "", "pa": "68", "dt": "", "img": "https://www.mlbstatic.com/team-logos/134.svg", "team": "pit", "start": "", "in": "10", "result": "Walk", "evo": "", "la": "", "dist": ""}, {"player": "ji hwan bae", "game": "pit @ ari", "gameIdx": 0, "hr/park": "", "pa": "67", "dt": "", "img": "https://www.mlbstatic.com/team-logos/134.svg", "team": "pit", "start": "", "in": "10", "result": "Single", "evo": "43.8", "la": "-69", "dist": "1"}, {"player": "jake mccarthy", "game": "pit @ ari", "gameIdx": 0, "hr/park": "", "pa": "66", "dt": "", "img": "https://www.mlbstatic.com/team-logos/109.svg", "team": "ari", "start": "", "in": "9", "result": "Flyout", "evo": "75.1", "la": "35", "dist": "268"}, {"player": "christian walker", "game": "pit @ ari", "gameIdx": 0, "hr/park": "0/30", "pa": "65", "dt": "", "img": "https://www.mlbstatic.com/team-logos/109.svg", "team": "ari", "start": "", "in": "9", "result": "Lineout", "evo": "99.9", "la": "18", "dist": "335"}, {"player": "ketel marte", "game": "pit @ ari", "gameIdx": 0, "hr/park": "", "pa": "64", "dt": "", "img": "https://www.mlbstatic.com/team-logos/109.svg", "team": "ari", "start": "", "in": "9", "result": "Groundout", "evo": "108.7", "la": "-9", "dist": "17"}, {"player": "jared triolo", "game": "pit @ ari", "gameIdx": 0, "hr/park": "", "pa": "63", "dt": "", "img": "https://www.mlbstatic.com/team-logos/134.svg", "team": "pit", "start": "", "in": "9", "result": "Strikeout", "evo": "", "la": "", "dist": ""}, {"player": "joey bart", "game": "pit @ ari", "gameIdx": 0, "hr/park": "1/30", "pa": "62", "dt": "", "img": "https://www.mlbstatic.com/team-logos/134.svg", "team": "pit", "start": "", "in": "9", "result": "Double", "evo": "105.4", "la": "18", "dist": "376"}, {"player": "kebryan hayes", "game": "pit @ ari", "gameIdx": 0, "hr/park": "", "pa": "61", "dt": "", "img": "https://www.mlbstatic.com/team-logos/134.svg", "team": "pit", "start": "", "in": "9", "result": "Strikeout", "evo": "", "la": "", "dist": ""}, {"player": "joshua palacios", "game": "pit @ ari", "gameIdx": 0, "hr/park": "", "pa": "60", "dt": "", "img": "https://www.mlbstatic.com/team-logos/134.svg", "team": "pit", "start": "", "in": "9", "result": "Strikeout", "evo": "", "la": "", "dist": ""}, {"player": "rowdy tellez", "game": "pit @ ari", "gameIdx": 0, "hr/park": "24/30", "pa": "59", "dt": "", "img": "https://www.mlbstatic.com/team-logos/134.svg", "team": "pit", "start": "", "in": "9", "result": "Double", "evo": "105.1", "la": "21", "dist": "421"}, {"player": "geraldo perdomo", "game": "pit @ ari", "gameIdx": 0, "hr/park": "", "pa": "58", "dt": "", "img": "https://www.mlbstatic.com/team-logos/109.svg", "team": "ari", "start": "", "in": "8", "result": "Strikeout", "evo": "", "la": "", "dist": ""}, {"player": "corbin carroll", "game": "pit @ ari", "gameIdx": 0, "hr/park": "", "pa": "57", "dt": "", "img": "https://www.mlbstatic.com/team-logos/109.svg", "team": "ari", "start": "", "in": "8", "result": "Pop Out", "evo": "72.2", "la": "66", "dist": "129"}, {"player": "jose herrera", "game": "pit @ ari", "gameIdx": 0, "hr/park": "", "pa": "56", "dt": "", "img": "https://www.mlbstatic.com/team-logos/109.svg", "team": "ari", "start": "", "in": "8", "result": "Sac Bunt", "evo": "44.8", "la": "-76", "dist": "2"}, {"player": "kevin newman", "game": "pit @ ari", "gameIdx": 0, "hr/park": "", "pa": "55", "dt": "", "img": "https://www.mlbstatic.com/team-logos/109.svg", "team": "ari", "start": "", "in": "8", "result": "Walk", "evo": "", "la": "", "dist": ""}, {"player": "oneil cruz", "game": "pit @ ari", "gameIdx": 0, "hr/park": "", "pa": "54", "dt": "", "img": "https://www.mlbstatic.com/team-logos/134.svg", "team": "pit", "start": "", "in": "8", "result": "Groundout", "evo": "81.2", "la": "-39", "dist": "5"}, {"player": "andrew mccutchen", "game": "pit @ ari", "gameIdx": 0, "hr/park": "", "pa": "53", "dt": "", "img": "https://www.mlbstatic.com/team-logos/134.svg", "team": "pit", "start": "", "in": "8", "result": "Groundout", "evo": "101.7", "la": "4", "dist": "89"}, {"player": "yasmani grandal", "game": "pit @ ari", "gameIdx": 0, "hr/park": "", "pa": "52", "dt": "", "img": "https://www.mlbstatic.com/team-logos/134.svg", "team": "pit", "start": "", "in": "8", "result": "Strikeout", "evo": "", "la": "", "dist": ""}, {"player": "alek thomas", "game": "pit @ ari", "gameIdx": 0, "hr/park": "", "pa": "51", "dt": "", "img": "https://www.mlbstatic.com/team-logos/109.svg", "team": "ari", "start": "", "in": "7", "result": "Strikeout", "evo": "", "la": "", "dist": ""}, {"player": "eugenio suarez", "game": "pit @ ari", "gameIdx": 0, "hr/park": "0/30", "pa": "50", "dt": "", "img": "https://www.mlbstatic.com/team-logos/109.svg", "team": "ari", "start": "", "in": "7", "result": "Lineout", "evo": "95.1", "la": "22", "dist": "303"}, {"player": "jake mccarthy", "game": "pit @ ari", "gameIdx": 0, "hr/park": "", "pa": "49", "dt": "", "img": "https://www.mlbstatic.com/team-logos/109.svg", "team": "ari", "start": "", "in": "7", "result": "Groundout", "evo": "77.8", "la": "-11", "dist": "16"}, {"player": "ji hwan bae", "game": "pit @ ari", "gameIdx": 0, "hr/park": "", "pa": "48", "dt": "", "img": "https://www.mlbstatic.com/team-logos/134.svg", "team": "pit", "start": "", "in": "7", "result": "Strikeout", "evo": "", "la": "", "dist": ""}, {"player": "jared triolo", "game": "pit @ ari", "gameIdx": 0, "hr/park": "", "pa": "47", "dt": "", "img": "https://www.mlbstatic.com/team-logos/134.svg", "team": "pit", "start": "", "in": "7", "result": "Strikeout", "evo": "", "la": "", "dist": ""}, {"player": "michael a taylor", "game": "pit @ ari", "gameIdx": 0, "hr/park": "", "pa": "46", "dt": "", "img": "https://www.mlbstatic.com/team-logos/134.svg", "team": "pit", "start": "", "in": "7", "result": "Strikeout", "evo": "", "la": "", "dist": ""}, {"player": "christian walker", "game": "pit @ ari", "gameIdx": 0, "hr/park": "0/30", "pa": "45", "dt": "", "img": "https://www.mlbstatic.com/team-logos/109.svg", "team": "ari", "start": "", "in": "6", "result": "Flyout", "evo": "93.6", "la": "43", "dist": "319"}, {"player": "joc pederson", "game": "pit @ ari", "gameIdx": 0, "hr/park": "", "pa": "44", "dt": "", "img": "https://www.mlbstatic.com/team-logos/109.svg", "team": "ari", "start": "", "in": "6", "result": "Lineout", "evo": "90.7", "la": "21", "dist": "280"}, {"player": "geraldo perdomo", "game": "pit @ ari", "gameIdx": 0, "hr/park": "", "pa": "43", "dt": "", "img": "https://www.mlbstatic.com/team-logos/109.svg", "team": "ari", "start": "", "in": "6", "result": "Pop Out", "evo": "86.5", "la": "68", "dist": "150"}, {"player": "kebryan hayes", "game": "pit @ ari", "gameIdx": 0, "hr/park": "", "pa": "42", "dt": "", "img": "https://www.mlbstatic.com/team-logos/134.svg", "team": "pit", "start": "", "in": "6", "result": "GIDP", "evo": "101.6", "la": "-8", "dist": "19"}, {"player": "joshua palacios", "game": "pit @ ari", "gameIdx": 0, "hr/park": "", "pa": "41", "dt": "", "img": "https://www.mlbstatic.com/team-logos/134.svg", "team": "pit", "start": "", "in": "6", "result": "Forceout", "evo": "77.3", "la": "-16", "dist": "7"}, {"player": "connor joe", "game": "pit @ ari", "gameIdx": 0, "hr/park": "", "pa": "40", "dt": "", "img": "https://www.mlbstatic.com/team-logos/134.svg", "team": "pit", "start": "", "in": "6", "result": "Single", "evo": "84.9", "la": "4", "dist": "77"}, {"player": "oneil cruz", "game": "pit @ ari", "gameIdx": 0, "hr/park": "30/30", "pa": "39", "dt": "", "img": "https://www.mlbstatic.com/team-logos/134.svg", "team": "pit", "start": "", "in": "6", "result": "Home Run", "evo": "109.2", "la": "39", "dist": "408"}, {"player": "corbin carroll", "game": "pit @ ari", "gameIdx": 0, "hr/park": "", "pa": "38", "dt": "", "img": "https://www.mlbstatic.com/team-logos/109.svg", "team": "ari", "start": "", "in": "5", "result": "Strikeout", "evo": "", "la": "", "dist": ""}, {"player": "jose herrera", "game": "pit @ ari", "gameIdx": 0, "hr/park": "", "pa": "37", "dt": "", "img": "https://www.mlbstatic.com/team-logos/109.svg", "team": "ari", "start": "", "in": "5", "result": "Groundout", "evo": "80.2", "la": "-2", "dist": "37"}, {"player": "kevin newman", "game": "pit @ ari", "gameIdx": 0, "hr/park": "", "pa": "36", "dt": "", "img": "https://www.mlbstatic.com/team-logos/109.svg", "team": "ari", "start": "", "in": "5", "result": "Groundout", "evo": "90.2", "la": "-6", "dist": "20"}, {"player": "andrew mccutchen", "game": "pit @ ari", "gameIdx": 0, "hr/park": "", "pa": "35", "dt": "", "img": "https://www.mlbstatic.com/team-logos/134.svg", "team": "pit", "start": "", "in": "5", "result": "Strikeout", "evo": "", "la": "", "dist": ""}, {"player": "yasmani grandal", "game": "pit @ ari", "gameIdx": 0, "hr/park": "", "pa": "34", "dt": "", "img": "https://www.mlbstatic.com/team-logos/134.svg", "team": "pit", "start": "", "in": "5", "result": "Flyout", "evo": "84.5", "la": "39", "dist": "297"}, {"player": "ji hwan bae", "game": "pit @ ari", "gameIdx": 0, "hr/park": "", "pa": "33", "dt": "", "img": "https://www.mlbstatic.com/team-logos/134.svg", "team": "pit", "start": "", "in": "5", "result": "Walk", "evo": "", "la": "", "dist": ""}, {"player": "jared triolo", "game": "pit @ ari", "gameIdx": 0, "hr/park": "", "pa": "32", "dt": "", "img": "https://www.mlbstatic.com/team-logos/134.svg", "team": "pit", "start": "", "in": "5", "result": "Groundout", "evo": "92.5", "la": "-8", "dist": "19"}, {"player": "alek thomas", "game": "pit @ ari", "gameIdx": 0, "hr/park": "", "pa": "31", "dt": "", "img": "https://www.mlbstatic.com/team-logos/109.svg", "team": "ari", "start": "", "in": "4", "result": "Groundout", "evo": "96.0", "la": "-12", "dist": "11"}, {"player": "eugenio suarez", "game": "pit @ ari", "gameIdx": 0, "hr/park": "0/30", "pa": "30", "dt": "", "img": "https://www.mlbstatic.com/team-logos/109.svg", "team": "ari", "start": "", "in": "4", "result": "Sac Fly", "evo": "88.8", "la": "40", "dist": "310"}, {"player": "jake mccarthy", "game": "pit @ ari", "gameIdx": 0, "hr/park": "", "pa": "29", "dt": "", "img": "https://www.mlbstatic.com/team-logos/109.svg", "team": "ari", "start": "", "in": "4", "result": "Triple", "evo": "77.1", "la": "17", "dist": "169"}, {"player": "christian walker", "game": "pit @ ari", "gameIdx": 0, "hr/park": "", "pa": "28", "dt": "", "img": "https://www.mlbstatic.com/team-logos/109.svg", "team": "ari", "start": "", "in": "4", "result": "Pop Out", "evo": "72.6", "la": "64", "dist": "137"}, {"player": "joc pederson", "game": "pit @ ari", "gameIdx": 0, "hr/park": "", "pa": "27", "dt": "", "img": "https://www.mlbstatic.com/team-logos/109.svg", "team": "ari", "start": "", "in": "4", "result": "Double", "evo": "108.4", "la": "13", "dist": "260"}, {"player": "jack suwinski", "game": "pit @ ari", "gameIdx": 0, "hr/park": "", "pa": "26", "dt": "", "img": "https://www.mlbstatic.com/team-logos/134.svg", "team": "pit", "start": "", "in": "4", "result": "Strikeout", "evo": "", "la": "", "dist": ""}, {"player": "kebryan hayes", "game": "pit @ ari", "gameIdx": 0, "hr/park": "", "pa": "25", "dt": "", "img": "https://www.mlbstatic.com/team-logos/134.svg", "team": "pit", "start": "", "in": "4", "result": "Strikeout", "evo": "", "la": "", "dist": ""}, {"player": "joshua palacios", "game": "pit @ ari", "gameIdx": 0, "hr/park": "", "pa": "24", "dt": "", "img": "https://www.mlbstatic.com/team-logos/134.svg", "team": "pit", "start": "", "in": "4", "result": "Strikeout", "evo": "", "la": "", "dist": ""}, {"player": "geraldo perdomo", "game": "pit @ ari", "gameIdx": 0, "hr/park": "", "pa": "23", "dt": "", "img": "https://www.mlbstatic.com/team-logos/109.svg", "team": "ari", "start": "", "in": "3", "result": "Groundout", "evo": "64.2", "la": "-32", "dist": "6"}, {"player": "corbin carroll", "game": "pit @ ari", "gameIdx": 0, "hr/park": "", "pa": "22", "dt": "", "img": "https://www.mlbstatic.com/team-logos/109.svg", "team": "ari", "start": "", "in": "3", "result": "Strikeout", "evo": "", "la": "", "dist": ""}, {"player": "jose herrera", "game": "pit @ ari", "gameIdx": 0, "hr/park": "", "pa": "21", "dt": "", "img": "https://www.mlbstatic.com/team-logos/109.svg", "team": "ari", "start": "", "in": "3", "result": "Strikeout", "evo": "", "la": "", "dist": ""}, {"player": "connor joe", "game": "pit @ ari", "gameIdx": 0, "hr/park": "", "pa": "20", "dt": "", "img": "https://www.mlbstatic.com/team-logos/134.svg", "team": "pit", "start": "", "in": "3", "result": "Double Play", "evo": "82.1", "la": "12", "dist": "169"}, {"player": "oneil cruz", "game": "pit @ ari", "gameIdx": 0, "hr/park": "", "pa": "19", "dt": "", "img": "https://www.mlbstatic.com/team-logos/134.svg", "team": "pit", "start": "", "in": "3", "result": "Strikeout", "evo": "", "la": "", "dist": ""}, {"player": "andrew mccutchen", "game": "pit @ ari", "gameIdx": 0, "hr/park": "", "pa": "18", "dt": "", "img": "https://www.mlbstatic.com/team-logos/134.svg", "team": "pit", "start": "", "in": "3", "result": "Walk", "evo": "", "la": "", "dist": ""}, {"player": "yasmani grandal", "game": "pit @ ari", "gameIdx": 0, "hr/park": "", "pa": "17", "dt": "", "img": "https://www.mlbstatic.com/team-logos/134.svg", "team": "pit", "start": "", "in": "3", "result": "Walk", "evo": "", "la": "", "dist": ""}, {"player": "kevin newman", "game": "pit @ ari", "gameIdx": 0, "hr/park": "", "pa": "16", "dt": "", "img": "https://www.mlbstatic.com/team-logos/109.svg", "team": "ari", "start": "", "in": "2", "result": "Lineout", "evo": "92.7", "la": "7", "dist": "157"}, {"player": "alek thomas", "game": "pit @ ari", "gameIdx": 0, "hr/park": "", "pa": "15", "dt": "", "img": "https://www.mlbstatic.com/team-logos/109.svg", "team": "ari", "start": "", "in": "2", "result": "Groundout", "evo": "79.7", "la": "-48", "dist": "3"}, {"player": "eugenio suarez", "game": "pit @ ari", "gameIdx": 0, "hr/park": "", "pa": "14", "dt": "", "img": "https://www.mlbstatic.com/team-logos/109.svg", "team": "ari", "start": "", "in": "2", "result": "Walk", "evo": "", "la": "", "dist": ""}, {"player": "jake mccarthy", "game": "pit @ ari", "gameIdx": 0, "hr/park": "", "pa": "13", "dt": "", "img": "https://www.mlbstatic.com/team-logos/109.svg", "team": "ari", "start": "", "in": "2", "result": "Strikeout", "evo": "", "la": "", "dist": ""}, {"player": "ji hwan bae", "game": "pit @ ari", "gameIdx": 0, "hr/park": "", "pa": "12", "dt": "", "img": "https://www.mlbstatic.com/team-logos/134.svg", "team": "pit", "start": "", "in": "2", "result": "Groundout", "evo": "91.0", "la": "-8", "dist": "16"}, {"player": "jared triolo", "game": "pit @ ari", "gameIdx": 0, "hr/park": "", "pa": "11", "dt": "", "img": "https://www.mlbstatic.com/team-logos/134.svg", "team": "pit", "start": "", "in": "2", "result": "Groundout", "evo": "104.9", "la": "-11", "dist": "15"}, {"player": "jack suwinski", "game": "pit @ ari", "gameIdx": 0, "hr/park": "", "pa": "10", "dt": "", "img": "https://www.mlbstatic.com/team-logos/134.svg", "team": "pit", "start": "", "in": "2", "result": "Strikeout", "evo": "", "la": "", "dist": ""}, {"player": "christian walker", "game": "pit @ ari", "gameIdx": 0, "hr/park": "", "pa": "9", "dt": "", "img": "https://www.mlbstatic.com/team-logos/109.svg", "team": "ari", "start": "", "in": "1", "result": "Strikeout", "evo": "", "la": "", "dist": ""}, {"player": "joc pederson", "game": "pit @ ari", "gameIdx": 0, "hr/park": "", "pa": "8", "dt": "", "img": "https://www.mlbstatic.com/team-logos/109.svg", "team": "ari", "start": "", "in": "1", "result": "Walk", "evo": "", "la": "", "dist": ""}, {"player": "geraldo perdomo", "game": "pit @ ari", "gameIdx": 0, "hr/park": "", "pa": "7", "dt": "", "img": "https://www.mlbstatic.com/team-logos/109.svg", "team": "ari", "start": "", "in": "1", "result": "Groundout", "evo": "93.1", "la": "-12", "dist": "15"}, {"player": "corbin carroll", "game": "pit @ ari", "gameIdx": 0, "hr/park": "", "pa": "6", "dt": "", "img": "https://www.mlbstatic.com/team-logos/109.svg", "team": "ari", "start": "", "in": "1", "result": "Flyout", "evo": "79.0", "la": "44", "dist": "245"}, {"player": "kebryan hayes", "game": "pit @ ari", "gameIdx": 0, "hr/park": "", "pa": "5", "dt": "", "img": "https://www.mlbstatic.com/team-logos/134.svg", "team": "pit", "start": "", "in": "1", "result": "Forceout", "evo": "77.4", "la": "-49", "dist": "2"}, {"player": "joshua palacios", "game": "pit @ ari", "gameIdx": 0, "hr/park": "", "pa": "4", "dt": "", "img": "https://www.mlbstatic.com/team-logos/134.svg", "team": "pit", "start": "", "in": "1", "result": "Pop Out", "evo": "87.5", "la": "71", "dist": "147"}, {"player": "connor joe", "game": "pit @ ari", "gameIdx": 0, "hr/park": "", "pa": "3", "dt": "", "img": "https://www.mlbstatic.com/team-logos/134.svg", "team": "pit", "start": "", "in": "1", "result": "Strikeout", "evo": "", "la": "", "dist": ""}, {"player": "oneil cruz", "game": "pit @ ari", "gameIdx": 0, "hr/park": "", "pa": "2", "dt": "", "img": "https://www.mlbstatic.com/team-logos/134.svg", "team": "pit", "start": "", "in": "1", "result": "Walk", "evo": "", "la": "", "dist": ""}, {"player": "andrew mccutchen", "game": "pit @ ari", "gameIdx": 0, "hr/park": "", "pa": "1", "dt": "", "img": "https://www.mlbstatic.com/team-logos/134.svg", "team": "pit", "start": "", "in": "1", "result": "Single", "evo": "102.7", "la": "9", "dist": "182"}], "nyy @ bos": []}