{"all": {"pitchers": "6", "batters": "18", "pitches": "266", "max velomax pitch velocity": "98.2", "min velomin pitch velocity": "75.9", "ff%fourseam fastball %": "34.6", "si%sinker %": "11.3", "fc%cutter %": "11.3", "fs%splitter %": "4.9", "ch%changeup %": "7.5", "sl%slider %": "17.3", "cu%curve %": "13.2", "max evmax exit velocity": "107.9", "hhhard hit": "21", "hh%hard hit %": "42.0", "brlbarrels": "5", "brl%barrel %": "10.0", "ab": "66", "avg": ".197", "h": "13", "1b": "9", "2b": "1", "3b": "1", "hr": "2", "so": "17", "bipballs in play": "50", "liveGames": 0, "totGames": 8}, "ath @ tb": [], "kc @ min": [], "chc @ mil": [], "hou @ sea": [{"player": "mitch haniger", "game": "hou @ sea", "gameIdx": 0, "hr/park": "", "pa": "71", "dt": "", "img": "https://www.mlbstatic.com/team-logos/136.svg", "team": "sea", "start": "", "in": "9", "result": "Groundout", "evo": "81.3", "la": "-11", "dist": "11"}, {"player": "dominic canzone", "game": "hou @ sea", "gameIdx": 0, "hr/park": "", "pa": "70", "dt": "", "img": "https://www.mlbstatic.com/team-logos/136.svg", "team": "sea", "start": "", "in": "9", "result": "Strikeout", "evo": "", "la": "", "dist": ""}, {"player": "ty france", "game": "hou @ sea", "gameIdx": 0, "hr/park": "", "pa": "69", "dt": "", "img": "https://www.mlbstatic.com/team-logos/136.svg", "team": "sea", "start": "", "in": "9", "result": "Single", "evo": "92.1", "la": "10", "dist": "160"}, {"player": "cal raleigh", "game": "hou @ sea", "gameIdx": 0, "hr/park": "", "pa": "68", "dt": "", "img": "https://www.mlbstatic.com/team-logos/136.svg", "team": "sea", "start": "", "in": "9", "result": "Strikeout", "evo": "", "la": "", "dist": ""}, {"player": "julio rodriguez", "game": "hou @ sea", "gameIdx": 0, "hr/park": "", "pa": "67", "dt": "", "img": "https://www.mlbstatic.com/team-logos/136.svg", "team": "sea", "start": "", "in": "9", "result": "Single", "evo": "100.2", "la": "10", "dist": "187"}, {"player": "mauricio dubon", "game": "hou @ sea", "gameIdx": 0, "hr/park": "", "pa": "66", "dt": "", "img": "https://www.mlbstatic.com/team-logos/117.svg", "team": "hou", "start": "", "in": "9", "result": "Flyout", "evo": "78.6", "la": "34", "dist": "242"}, {"player": "jose abreu", "game": "hou @ sea", "gameIdx": 0, "hr/park": "", "pa": "65", "dt": "", "img": "https://www.mlbstatic.com/team-logos/117.svg", "team": "hou", "start": "", "in": "9", "result": "Single", "evo": "103.3", "la": "10", "dist": "244"}, {"player": "victor caratini", "game": "hou @ sea", "gameIdx": 0, "hr/park": "", "pa": "64", "dt": "", "img": "https://www.mlbstatic.com/team-logos/117.svg", "team": "hou", "start": "", "in": "9", "result": "Groundout", "evo": "101.7", "la": "-17", "dist": "8"}, {"player": "jake meyers", "game": "hou @ sea", "gameIdx": 0, "hr/park": "", "pa": "63", "dt": "", "img": "https://www.mlbstatic.com/team-logos/117.svg", "team": "hou", "start": "", "in": "9", "result": "Groundout", "evo": "60.6", "la": "-35", "dist": "3"}, {"player": "josh rojas", "game": "hou @ sea", "gameIdx": 0, "hr/park": "", "pa": "62", "dt": "", "img": "https://www.mlbstatic.com/team-logos/136.svg", "team": "sea", "start": "", "in": "8", "result": "Groundout", "evo": "77.4", "la": "-16", "dist": "6"}, {"player": "jp crawford", "game": "hou @ sea", "gameIdx": 0, "hr/park": "0/30", "pa": "61", "dt": "", "img": "https://www.mlbstatic.com/team-logos/136.svg", "team": "sea", "start": "", "in": "8", "result": "Flyout", "evo": "103.8", "la": "34", "dist": "374"}, {"player": "dylan moore", "game": "hou @ sea", "gameIdx": 0, "hr/park": "", "pa": "60", "dt": "", "img": "https://www.mlbstatic.com/team-logos/136.svg", "team": "sea", "start": "", "in": "8", "result": "Strikeout", "evo": "", "la": "", "dist": ""}, {"player": "alex bregman", "game": "hou @ sea", "gameIdx": 0, "hr/park": "0/30", "pa": "59", "dt": "", "img": "https://www.mlbstatic.com/team-logos/117.svg", "team": "hou", "start": "", "in": "8", "result": "Flyout", "evo": "92.3", "la": "34", "dist": "308"}, {"player": "jeremy pena", "game": "hou @ sea", "gameIdx": 0, "hr/park": "", "pa": "58", "dt": "", "img": "https://www.mlbstatic.com/team-logos/117.svg", "team": "hou", "start": "", "in": "8", "result": "Bunt Groundout", "evo": "28.1", "la": "19", "dist": "40"}, {"player": "yordan alvarez", "game": "hou @ sea", "gameIdx": 0, "hr/park": "", "pa": "57", "dt": "", "img": "https://www.mlbstatic.com/team-logos/117.svg", "team": "hou", "start": "", "in": "8", "result": "Lineout", "evo": "85.3", "la": "23", "dist": "257"}, {"player": "mitch garver", "game": "hou @ sea", "gameIdx": 0, "hr/park": "", "pa": "56", "dt": "", "img": "https://www.mlbstatic.com/team-logos/136.svg", "team": "sea", "start": "", "in": "7", "result": "Strikeout", "evo": "", "la": "", "dist": ""}, {"player": "mitch haniger", "game": "hou @ sea", "gameIdx": 0, "hr/park": "", "pa": "55", "dt": "", "img": "https://www.mlbstatic.com/team-logos/136.svg", "team": "sea", "start": "", "in": "7", "result": "Flyout", "evo": "96.1", "la": "45", "dist": "281"}, {"player": "dominic canzone", "game": "hou @ sea", "gameIdx": 0, "hr/park": "", "pa": "54", "dt": "", "img": "https://www.mlbstatic.com/team-logos/136.svg", "team": "sea", "start": "", "in": "7", "result": "Groundout", "evo": "97.6", "la": "", "dist": "48"}, {"player": "kyle tucker", "game": "hou @ sea", "gameIdx": 0, "hr/park": "0/30", "pa": "53", "dt": "", "img": "https://www.mlbstatic.com/team-logos/117.svg", "team": "hou", "start": "", "in": "7", "result": "Lineout", "evo": "92.0", "la": "23", "dist": "313"}, {"player": "jose altuve", "game": "hou @ sea", "gameIdx": 0, "hr/park": "0/30", "pa": "52", "dt": "", "img": "https://www.mlbstatic.com/team-logos/117.svg", "team": "hou", "start": "", "in": "7", "result": "Flyout", "evo": "97.9", "la": "38", "dist": "318"}, {"player": "mauricio dubon", "game": "hou @ sea", "gameIdx": 0, "hr/park": "", "pa": "51", "dt": "", "img": "https://www.mlbstatic.com/team-logos/117.svg", "team": "hou", "start": "", "in": "7", "result": "Groundout", "evo": "102.2", "la": "-5", "dist": "19"}, {"player": "ty france", "game": "hou @ sea", "gameIdx": 0, "hr/park": "", "pa": "50", "dt": "", "img": "https://www.mlbstatic.com/team-logos/136.svg", "team": "sea", "start": "", "in": "6", "result": "Strikeout", "evo": "", "la": "", "dist": ""}, {"player": "cal raleigh", "game": "hou @ sea", "gameIdx": 0, "hr/park": "", "pa": "49", "dt": "", "img": "https://www.mlbstatic.com/team-logos/136.svg", "team": "sea", "start": "", "in": "6", "result": "Strikeout", "evo": "", "la": "", "dist": ""}, {"player": "julio rodriguez", "game": "hou @ sea", "gameIdx": 0, "hr/park": "", "pa": "48", "dt": "", "img": "https://www.mlbstatic.com/team-logos/136.svg", "team": "sea", "start": "", "in": "6", "result": "Strikeout", "evo": "", "la": "", "dist": ""}, {"player": "josh rojas", "game": "hou @ sea", "gameIdx": 0, "hr/park": "", "pa": "47", "dt": "", "img": "https://www.mlbstatic.com/team-logos/136.svg", "team": "sea", "start": "", "in": "6", "result": "Walk", "evo": "", "la": "", "dist": ""}, {"player": "jose abreu", "game": "hou @ sea", "gameIdx": 0, "hr/park": "", "pa": "46", "dt": "", "img": "https://www.mlbstatic.com/team-logos/117.svg", "team": "hou", "start": "", "in": "6", "result": "Strikeout", "evo": "", "la": "", "dist": ""}, {"player": "victor caratini", "game": "hou @ sea", "gameIdx": 0, "hr/park": "", "pa": "45", "dt": "", "img": "https://www.mlbstatic.com/team-logos/117.svg", "team": "hou", "start": "", "in": "6", "result": "Forceout", "evo": "63.2", "la": "-19", "dist": "9"}, {"player": "jake meyers", "game": "hou @ sea", "gameIdx": 0, "hr/park": "", "pa": "44", "dt": "", "img": "https://www.mlbstatic.com/team-logos/117.svg", "team": "hou", "start": "", "in": "6", "result": "Walk", "evo": "", "la": "", "dist": ""}, {"player": "alex bregman", "game": "hou @ sea", "gameIdx": 0, "hr/park": "7/30", "pa": "43", "dt": "", "img": "https://www.mlbstatic.com/team-logos/117.svg", "team": "hou", "start": "", "in": "6", "result": "Triple", "evo": "103.4", "la": "22", "dist": "404"}, {"player": "jeremy pena", "game": "hou @ sea", "gameIdx": 0, "hr/park": "", "pa": "42", "dt": "", "img": "https://www.mlbstatic.com/team-logos/117.svg", "team": "hou", "start": "", "in": "6", "result": "Groundout", "evo": "39.0", "la": "-37", "dist": "5"}, {"player": "jp crawford", "game": "hou @ sea", "gameIdx": 0, "hr/park": "", "pa": "41", "dt": "", "img": "https://www.mlbstatic.com/team-logos/136.svg", "team": "sea", "start": "", "in": "5", "result": "Groundout", "evo": "95.7", "la": "-1", "dist": "37"}, {"player": "dylan moore", "game": "hou @ sea", "gameIdx": 0, "hr/park": "", "pa": "40", "dt": "", "img": "https://www.mlbstatic.com/team-logos/136.svg", "team": "sea", "start": "", "in": "5", "result": "Hit By Pitch", "evo": "", "la": "", "dist": ""}, {"player": "mitch garver", "game": "hou @ sea", "gameIdx": 0, "hr/park": "0/30", "pa": "39", "dt": "", "img": "https://www.mlbstatic.com/team-logos/136.svg", "team": "sea", "start": "", "in": "5", "result": "Lineout", "evo": "85.6", "la": "27", "dist": "314"}, {"player": "mitch haniger", "game": "hou @ sea", "gameIdx": 0, "hr/park": "0/30", "pa": "38", "dt": "", "img": "https://www.mlbstatic.com/team-logos/136.svg", "team": "sea", "start": "", "in": "5", "result": "Lineout", "evo": "106.1", "la": "19", "dist": "333"}, {"player": "yordan alvarez", "game": "hou @ sea", "gameIdx": 0, "hr/park": "", "pa": "37", "dt": "", "img": "https://www.mlbstatic.com/team-logos/117.svg", "team": "hou", "start": "", "in": "5", "result": "Flyout", "evo": "89.5", "la": "54", "dist": "229"}, {"player": "kyle tucker", "game": "hou @ sea", "gameIdx": 0, "hr/park": "0/30", "pa": "36", "dt": "", "img": "https://www.mlbstatic.com/team-logos/117.svg", "team": "hou", "start": "", "in": "5", "result": "Flyout", "evo": "97.0", "la": "39", "dist": "325"}, {"player": "jose altuve", "game": "hou @ sea", "gameIdx": 0, "hr/park": "", "pa": "35", "dt": "", "img": "https://www.mlbstatic.com/team-logos/117.svg", "team": "hou", "start": "", "in": "5", "result": "Single", "evo": "85.5", "la": "17", "dist": "234"}, {"player": "mauricio dubon", "game": "hou @ sea", "gameIdx": 0, "hr/park": "", "pa": "34", "dt": "", "img": "https://www.mlbstatic.com/team-logos/117.svg", "team": "hou", "start": "", "in": "5", "result": "Single", "evo": "82.0", "la": "19", "dist": "239"}, {"player": "jose abreu", "game": "hou @ sea", "gameIdx": 0, "hr/park": "", "pa": "33", "dt": "", "img": "https://www.mlbstatic.com/team-logos/117.svg", "team": "hou", "start": "", "in": "5", "result": "Strikeout", "evo": "", "la": "", "dist": ""}, {"player": "victor caratini", "game": "hou @ sea", "gameIdx": 0, "hr/park": "29/30", "pa": "32", "dt": "", "img": "https://www.mlbstatic.com/team-logos/117.svg", "team": "hou", "start": "", "in": "5", "result": "Home Run", "evo": "104.0", "la": "30", "dist": "398"}, {"player": "dominic canzone", "game": "hou @ sea", "gameIdx": 0, "hr/park": "", "pa": "31", "dt": "", "img": "https://www.mlbstatic.com/team-logos/136.svg", "team": "sea", "start": "", "in": "4", "result": "GIDP", "evo": "107.9", "la": "-1", "dist": "47"}, {"player": "ty france", "game": "hou @ sea", "gameIdx": 0, "hr/park": "", "pa": "30", "dt": "", "img": "https://www.mlbstatic.com/team-logos/136.svg", "team": "sea", "start": "", "in": "4", "result": "Single", "evo": "104.4", "la": "12", "dist": "215"}, {"player": "cal raleigh", "game": "hou @ sea", "gameIdx": 0, "hr/park": "", "pa": "29", "dt": "", "img": "https://www.mlbstatic.com/team-logos/136.svg", "team": "sea", "start": "", "in": "4", "result": "Strikeout", "evo": "", "la": "", "dist": ""}, {"player": "victor caratini", "game": "hou @ sea", "gameIdx": 0, "hr/park": "", "pa": "28", "dt": "", "img": "https://www.mlbstatic.com/team-logos/117.svg", "team": "hou", "start": "", "in": "4", "result": "Caught Stealing 2B", "evo": "", "la": "", "dist": ""}, {"player": "jake meyers", "game": "hou @ sea", "gameIdx": 0, "hr/park": "", "pa": "27", "dt": "", "img": "https://www.mlbstatic.com/team-logos/117.svg", "team": "hou", "start": "", "in": "4", "result": "Single", "evo": "86.3", "la": "13", "dist": "173"}, {"player": "alex bregman", "game": "hou @ sea", "gameIdx": 0, "hr/park": "5/30", "pa": "26", "dt": "", "img": "https://www.mlbstatic.com/team-logos/117.svg", "team": "hou", "start": "", "in": "4", "result": "Home Run", "evo": "102.8", "la": "20", "dist": "358"}, {"player": "jeremy pena", "game": "hou @ sea", "gameIdx": 0, "hr/park": "", "pa": "25", "dt": "", "img": "https://www.mlbstatic.com/team-logos/117.svg", "team": "hou", "start": "", "in": "4", "result": "Groundout", "evo": "55.4", "la": "3", "dist": "46"}, {"player": "yordan alvarez", "game": "hou @ sea", "gameIdx": 0, "hr/park": "", "pa": "24", "dt": "", "img": "https://www.mlbstatic.com/team-logos/117.svg", "team": "hou", "start": "", "in": "4", "result": "Flyout", "evo": "78.4", "la": "54", "dist": "208"}, {"player": "kyle tucker", "game": "hou @ sea", "gameIdx": 0, "hr/park": "", "pa": "23", "dt": "", "img": "https://www.mlbstatic.com/team-logos/117.svg", "team": "hou", "start": "", "in": "4", "result": "Single", "evo": "103.5", "la": "5", "dist": "94"}, {"player": "julio rodriguez", "game": "hou @ sea", "gameIdx": 0, "hr/park": "", "pa": "22", "dt": "", "img": "https://www.mlbstatic.com/team-logos/136.svg", "team": "sea", "start": "", "in": "3", "result": "Forceout", "evo": "70.6", "la": "-23", "dist": "7"}, {"player": "josh rojas", "game": "hou @ sea", "gameIdx": 0, "hr/park": "0/30", "pa": "21", "dt": "", "img": "https://www.mlbstatic.com/team-logos/136.svg", "team": "sea", "start": "", "in": "3", "result": "Flyout", "evo": "91.0", "la": "42", "dist": "305"}, {"player": "jp crawford", "game": "hou @ sea", "gameIdx": 0, "hr/park": "", "pa": "20", "dt": "", "img": "https://www.mlbstatic.com/team-logos/136.svg", "team": "sea", "start": "", "in": "3", "result": "Walk", "evo": "", "la": "", "dist": ""}, {"player": "dylan moore", "game": "hou @ sea", "gameIdx": 0, "hr/park": "", "pa": "19", "dt": "", "img": "https://www.mlbstatic.com/team-logos/136.svg", "team": "sea", "start": "", "in": "3", "result": "Strikeout", "evo": "", "la": "", "dist": ""}, {"player": "jose altuve", "game": "hou @ sea", "gameIdx": 0, "hr/park": "", "pa": "18", "dt": "", "img": "https://www.mlbstatic.com/team-logos/117.svg", "team": "hou", "start": "", "in": "3", "result": "Strikeout", "evo": "", "la": "", "dist": ""}, {"player": "mauricio dubon", "game": "hou @ sea", "gameIdx": 0, "hr/park": "", "pa": "17", "dt": "", "img": "https://www.mlbstatic.com/team-logos/117.svg", "team": "hou", "start": "", "in": "3", "result": "Flyout", "evo": "78.0", "la": "39", "dist": "247"}, {"player": "jose abreu", "game": "hou @ sea", "gameIdx": 0, "hr/park": "", "pa": "16", "dt": "", "img": "https://www.mlbstatic.com/team-logos/117.svg", "team": "hou", "start": "", "in": "3", "result": "Groundout", "evo": "67.2", "la": "-13", "dist": "11"}, {"player": "mitch garver", "game": "hou @ sea", "gameIdx": 0, "hr/park": "", "pa": "15", "dt": "", "img": "https://www.mlbstatic.com/team-logos/136.svg", "team": "sea", "start": "", "in": "2", "result": "Strikeout", "evo": "", "la": "", "dist": ""}, {"player": "mitch haniger", "game": "hou @ sea", "gameIdx": 0, "hr/park": "", "pa": "14", "dt": "", "img": "https://www.mlbstatic.com/team-logos/136.svg", "team": "sea", "start": "", "in": "2", "result": "Single", "evo": "99.5", "la": "19", "dist": "276"}, {"player": "dominic canzone", "game": "hou @ sea", "gameIdx": 0, "hr/park": "", "pa": "13", "dt": "", "img": "https://www.mlbstatic.com/team-logos/136.svg", "team": "sea", "start": "", "in": "2", "result": "Groundout", "evo": "79.5", "la": "-28", "dist": "5"}, {"player": "ty france", "game": "hou @ sea", "gameIdx": 0, "hr/park": "", "pa": "12", "dt": "", "img": "https://www.mlbstatic.com/team-logos/136.svg", "team": "sea", "start": "", "in": "2", "result": "Strikeout", "evo": "", "la": "", "dist": ""}, {"player": "victor caratini", "game": "hou @ sea", "gameIdx": 0, "hr/park": "", "pa": "11", "dt": "", "img": "https://www.mlbstatic.com/team-logos/117.svg", "team": "hou", "start": "", "in": "2", "result": "Groundout", "evo": "100.6", "la": "-18", "dist": "7"}, {"player": "jake meyers", "game": "hou @ sea", "gameIdx": 0, "hr/park": "", "pa": "10", "dt": "", "img": "https://www.mlbstatic.com/team-logos/117.svg", "team": "hou", "start": "", "in": "2", "result": "Strikeout", "evo": "", "la": "", "dist": ""}, {"player": "alex bregman", "game": "hou @ sea", "gameIdx": 0, "hr/park": "", "pa": "9", "dt": "", "img": "https://www.mlbstatic.com/team-logos/117.svg", "team": "hou", "start": "", "in": "2", "result": "Groundout", "evo": "79.0", "la": "-5", "dist": "16"}, {"player": "cal raleigh", "game": "hou @ sea", "gameIdx": 0, "hr/park": "", "pa": "8", "dt": "", "img": "https://www.mlbstatic.com/team-logos/136.svg", "team": "sea", "start": "", "in": "1", "result": "Flyout", "evo": "70.8", "la": "48", "dist": "194"}, {"player": "julio rodriguez", "game": "hou @ sea", "gameIdx": 0, "hr/park": "", "pa": "7", "dt": "", "img": "https://www.mlbstatic.com/team-logos/136.svg", "team": "sea", "start": "", "in": "1", "result": "Strikeout", "evo": "", "la": "", "dist": ""}, {"player": "josh rojas", "game": "hou @ sea", "gameIdx": 0, "hr/park": "", "pa": "6", "dt": "", "img": "https://www.mlbstatic.com/team-logos/136.svg", "team": "sea", "start": "", "in": "1", "result": "Flyout", "evo": "85.3", "la": "35", "dist": "275"}, {"player": "jp crawford", "game": "hou @ sea", "gameIdx": 0, "hr/park": "", "pa": "5", "dt": "", "img": "https://www.mlbstatic.com/team-logos/136.svg", "team": "sea", "start": "", "in": "1", "result": "Walk", "evo": "", "la": "", "dist": ""}, {"player": "jeremy pena", "game": "hou @ sea", "gameIdx": 0, "hr/park": "0/30", "pa": "4", "dt": "", "img": "https://www.mlbstatic.com/team-logos/117.svg", "team": "hou", "start": "", "in": "1", "result": "Lineout", "evo": "94.0", "la": "23", "dist": "329"}, {"player": "yordan alvarez", "game": "hou @ sea", "gameIdx": 0, "hr/park": "0/30", "pa": "3", "dt": "", "img": "https://www.mlbstatic.com/team-logos/117.svg", "team": "hou", "start": "", "in": "1", "result": "Double", "evo": "105.3", "la": "21", "dist": "342"}, {"player": "kyle tucker", "game": "hou @ sea", "gameIdx": 0, "hr/park": "", "pa": "2", "dt": "", "img": "https://www.mlbstatic.com/team-logos/117.svg", "team": "hou", "start": "", "in": "1", "result": "Lineout", "evo": "96.5", "la": "9", "dist": "132"}, {"player": "jose altuve", "game": "hou @ sea", "gameIdx": 0, "hr/park": "", "pa": "1", "dt": "", "img": "https://www.mlbstatic.com/team-logos/117.svg", "team": "hou", "start": "", "in": "1", "result": "Strikeout", "evo": "", "la": "", "dist": ""}], "det @ bos": [], "ari @ nym": [], "wsh @ atl": [], "nyy @ laa": []}