Season,Name,Tm,G,PA,AB,H,1B,2B,3B,HR,R,RBI,BB,IBB,SO,HBP,SF,SH,GDP,SB,CS,AVG,playerId
2023,"Miguel Cabrera","DET",20,42,35,11,8,3,0,0,5,5,6,0,8,0,1,0,2,0,0,0.31428571,1744
2023,"David Peralta","LAD",11,10,9,4,4,0,0,0,2,0,1,0,3,0,0,0,0,0,0,0.44444444,2136
2023,"Carlos Santana","PIT",32,80,68,19,12,5,0,2,13,15,11,0,11,0,1,0,1,2,0,0.27941176,2396
2023,"Nelson Cruz","SDP",34,82,76,19,13,3,0,3,6,13,4,1,25,1,1,0,1,0,0,0.25,2434
2023,"Tommy Pham","NYM",40,86,74,19,12,1,0,6,10,12,10,1,21,0,2,0,1,4,1,0.25675676,2967
2023,"Anthony Rizzo","NYY",29,61,52,19,14,4,0,1,8,9,8,0,10,1,0,0,1,0,0,0.36538462,3473
2023,"Eric Hosmer","CHC",11,18,16,3,2,1,0,0,0,4,2,0,5,0,0,0,0,0,0,0.1875,3516
2023,"Joey Votto","CIN",4,10,8,2,1,0,0,1,1,1,2,0,4,0,0,0,0,0,0,0.25,4314
2023,"Mike Moustakas","COL",20,26,24,7,5,1,0,1,4,4,2,0,6,0,0,0,0,0,0,0.29166667,4892
2023,"Giancarlo Stanton","NYY",10,17,17,5,2,1,0,2,4,2,0,0,1,0,0,0,0,0,0,0.29411765,4949
2023,"Josh Donaldson","NYY",9,14,14,3,0,1,0,2,2,3,0,0,5,0,0,0,0,0,0,0.21428571,5038
2023,"Justin Turner","BOS",48,94,81,23,10,8,0,5,17,14,12,0,14,1,0,0,1,1,0,0.28395062,5235
2023,"Robbie Grossman","TEX",32,74,62,16,11,2,0,3,9,17,9,0,21,0,3,0,1,0,0,0.25806452,5254
2023,"Aaron Hicks","2 Tms",20,35,30,8,6,1,0,1,6,3,5,0,9,0,0,0,0,1,0,0.26666667,5297
2023,"Brandon Crawford","SFG",25,45,42,9,7,1,0,1,5,8,2,0,18,0,0,1,0,0,0,0.21428571,5343
2023,"Freddie Freeman","LAD",50,105,96,29,13,7,0,9,18,23,7,0,20,2,0,0,1,5,1,0.30208333,5361
2023,"Jose Altuve","HOU",11,26,24,3,1,2,0,0,4,0,2,0,5,0,0,0,2,0,1,0.125,5417
2023,"Kyle Higashioka","NYY",20,31,29,7,3,3,0,1,2,4,1,0,11,0,1,0,0,0,0,0.24137931,5517
2023,"Avisail Garcia","MIA",6,12,12,2,2,0,0,0,1,1,0,0,5,0,0,0,0,0,0,0.16666667,5760
2023,"Wilmer Flores","SFG",41,81,75,21,13,4,0,4,10,11,5,0,15,0,0,1,3,0,0,0.28,5827
2023,"Jean Segura","MIA",27,54,52,11,8,2,1,0,7,5,1,1,6,0,0,1,2,1,0,0.21153846,5933
2023,"Eduardo Escobar","2 Tms",31,67,62,18,12,1,2,3,9,9,5,0,13,0,0,0,3,0,0,0.29032258,6153
2023,"J.D. Martinez","LAD",37,76,64,15,5,7,0,3,6,8,9,1,18,1,2,0,2,1,0,0.234375,6184
2023,"Martin Maldonado","HOU",22,37,31,7,4,1,0,2,5,3,5,0,11,0,0,1,1,0,0,0.22580645,6887
2023,"Salvador Perez","KCR",41,90,81,16,12,3,0,1,6,5,5,2,24,3,1,0,2,0,0,0.19753086,7304
2023,"Travis d'Arnaud","ATL",21,32,26,9,8,1,0,0,3,4,6,0,3,0,0,0,1,0,0,0.34615385,7739
2023,"Miguel Rojas","LAD",34,60,55,12,11,1,0,0,8,2,4,0,8,0,1,0,0,1,0,0.21818182,7802
2023,"Charlie Blackmon","COL",30,63,52,12,10,2,0,0,6,1,7,0,5,3,1,0,2,0,1,0.23076923,7859
2023,"Matt Carpenter","SDP",16,17,14,4,2,1,0,1,4,4,2,0,3,0,1,0,0,0,0,0.28571429,8090
2023,"Josh Harrison","PHI",25,51,49,10,9,1,0,0,3,2,0,0,14,2,0,0,1,0,0,0.20408163,8202
2023,"Donovan Solano","MIN",39,79,70,19,10,8,0,1,4,9,9,0,15,0,0,0,0,0,0,0.27142857,8623
2023,"Elvis Andrus","CHW",33,64,56,9,8,1,0,0,3,3,7,1,15,0,0,1,0,2,1,0.16071429,8709
2023,"Paul Goldschmidt","STL",39,82,75,21,15,5,0,1,10,7,7,1,17,0,0,0,2,1,0,0.28,9218
2023,"Starling Marte","NYM",40,87,81,23,19,3,0,1,4,7,4,0,15,0,0,2,1,4,1,0.28395062,9241
2023,"AJ Pollock","SEA",38,68,62,8,7,0,0,1,6,4,5,0,12,0,1,0,0,0,1,0.12903226,9256
2023,"Evan Longoria","ARI",32,69,62,18,8,5,0,5,11,13,6,0,19,0,1,0,3,0,0,0.29032258,9368
2023,"Yan Gomes","CHC",30,65,61,17,10,2,0,5,10,11,3,0,13,0,1,0,0,0,0,0.27868852,9627
2023,"Christian Vazquez","MIN",23,37,33,8,4,3,0,1,3,5,3,0,11,0,1,0,0,0,0,0.24242424,9774
2023,"Nolan Arenado","STL",31,65,56,15,8,2,1,4,8,11,6,0,7,1,2,0,1,1,1,0.26785714,9777
2023,"Andrew McCutchen","PIT",38,98,82,20,11,5,0,4,16,8,15,0,17,0,1,0,0,4,1,0.24390244,9847
2023,"DJ LeMahieu","NYY",27,51,43,8,5,1,0,2,8,6,6,0,13,1,1,0,1,0,0,0.18604651,9874
2023,"Darin Ruf","2 Tms",18,40,33,8,6,2,0,0,2,3,7,0,10,0,0,0,0,0,0,0.24242424,9929
2023,"Trayce Thompson","LAD",30,53,42,6,4,0,0,2,7,6,10,0,24,1,0,0,0,0,0,0.14285714,9952
2023,"Christian Bethancourt","TBR",20,34,31,7,3,2,0,2,7,3,2,0,8,0,1,0,1,0,0,0.22580645,10028
2023,"Chris Owings","PIT",6,17,17,4,4,0,0,0,0,0,0,0,8,0,0,0,1,0,0,0.23529412,10030
2023,"Wil Myers","CIN",18,36,35,6,4,1,0,1,3,4,0,0,15,0,1,0,1,0,0,0.17142857,10047
2023,"Mike Trout","LAA",40,85,76,19,13,3,0,3,13,9,8,2,23,1,0,0,0,2,0,0.25,10155
2023,"Tucker Barnhart","CHC",13,15,13,3,2,1,0,0,0,1,2,0,8,0,0,0,0,1,0,0.23076923,10200
2023,"Randal Grichuk","COL",31,63,57,18,11,4,1,2,10,6,6,2,7,0,0,0,2,0,2,0.31578947,10243
2023,"Brandon Belt","TOR",12,20,18,3,3,0,0,0,1,1,2,0,8,0,0,0,0,0,0,0.16666667,10264
2023,"Marcell Ozuna","ATL",40,71,66,17,7,4,0,6,12,12,5,1,10,0,0,0,2,0,0,0.25757576,10324
2023,"Enrique Hernandez","BOS",42,74,65,16,12,3,0,1,9,7,7,0,7,0,2,0,1,1,0,0.24615385,10472
2023,"Carlos Perez","OAK",31,62,61,19,13,4,0,2,5,11,0,0,9,0,1,0,1,0,0,0.31147541,10642
2023,"Gio Urshela","LAA",30,53,51,19,15,3,0,1,7,6,1,0,6,0,1,0,3,0,1,0.37254902,10681
2023,"Jurickson Profar","COL",37,90,80,20,10,8,1,1,8,6,8,0,16,1,1,0,2,0,0,0.25,10815
2023,"Adam Duvall","BOS",12,21,19,7,1,6,0,0,2,2,2,1,5,0,0,0,0,0,0,0.36842105,10950
2023,"Kevin Kiermaier","TOR",29,45,41,11,9,1,1,0,5,2,2,0,10,1,0,1,1,3,0,0.26829268,11038
2023,"Jonathan Schoop","DET",34,59,51,13,10,3,0,0,6,1,7,0,14,0,1,0,0,0,0,0.25490196,11265
2023,"Whit Merrifield","TOR",33,60,55,16,11,4,0,1,5,6,3,0,7,0,2,0,2,7,1,0.29090909,11281
2023,"Jake Marisnick","2 Tms",7,10,8,0,0,0,0,0,1,0,1,0,2,0,0,1,1,0,0,0,11339
2023,"Jesus Aguilar","OAK",26,59,50,14,10,0,0,4,5,8,6,1,10,1,1,0,1,0,0,0.28,11342
2023,"Yasmani Grandal","CHW",33,60,54,12,7,2,0,3,5,8,5,0,17,1,0,0,0,0,0,0.22222222,11368
2023,"Gary Sanchez","2 Tms",13,30,30,7,3,0,0,4,6,9,0,0,8,0,0,0,0,0,0,0.23333333,11442
2023,"Mark Canha","NYM",38,83,67,14,9,3,0,2,8,8,12,0,16,1,3,0,3,1,0,0.20895522,11445
2023,"Christian Yelich","MIL",45,82,75,17,15,0,0,2,9,7,7,0,23,0,0,0,3,5,0,0.22666667,11477
2023,"Henry Ramos","CIN",10,21,19,6,5,1,0,0,2,1,1,0,5,1,0,0,0,1,0,0.31578947,11481
2023,"Michael A. Taylor","MIN",33,62,57,10,3,4,0,3,7,6,4,0,22,1,0,0,1,1,0,0.1754386,11489
2023,"Manny Machado","SDP",31,76,71,26,18,5,0,3,12,14,5,0,8,0,0,0,3,1,1,0.36619718,11493
2023,"Bryce Harper","PHI",33,71,65,12,10,1,0,1,6,5,5,0,22,0,1,0,2,0,0,0.18461538,11579
2023,"Willson Contreras","STL",29,62,58,11,3,5,0,3,6,11,4,0,18,0,0,0,2,1,0,0.18965517,11609
2023,"Brandon Drury","LAA",34,74,68,17,13,2,0,2,6,5,6,0,20,0,0,0,3,0,0,0.25,11615
2023,"Elias Diaz","COL",35,70,61,14,8,3,1,2,9,5,8,0,10,0,1,0,4,0,0,0.2295082,11680
2023,"Nick Castellanos","PHI",41,91,84,29,18,7,1,3,14,14,7,0,20,0,0,0,0,0,0,0.3452381,11737
2023,"J.T. Realmuto","PHI",38,85,79,21,9,5,3,4,10,8,4,2,22,1,0,0,1,1,0,0.26582278,11739
2023,"Joc Pederson","SFG",15,18,15,3,2,1,0,0,4,2,3,0,7,0,0,0,0,0,0,0.2,11899
2023,"Hanser Alberto","CHW",11,16,14,5,2,2,0,1,4,6,0,0,1,1,0,1,0,0,0,0.35714286,11902
2023,"Jon Berti","MIA",29,61,58,20,18,1,0,1,12,4,3,0,15,0,0,0,1,2,1,0.34482759,12037
2023,"Max Kepler","MIN",18,29,27,4,2,0,0,2,3,4,1,0,8,1,0,0,2,0,0,0.14814815,12144
2023,"Nick Ahmed","ARI",34,72,70,13,10,2,0,1,4,7,2,0,14,0,0,0,0,2,0,0.18571429,12147
2023,"Eddie Rosario","ATL",23,31,30,12,8,1,0,3,4,6,1,0,7,0,0,0,1,0,0,0.4,12155
2023,"Austin Barnes","LAD",17,30,26,1,1,0,0,0,0,2,4,0,7,0,0,0,2,0,1,0.03846154,12158
2023,"Xander Bogaerts","SDP",42,96,87,21,13,5,0,3,15,9,8,0,15,0,1,0,3,2,0,0.24137931,12161
2023,"Jorge Alfaro","COL",6,11,11,3,0,3,0,0,0,0,0,0,4,0,0,0,0,0,0,0.27272727,12180
2023,"Rougned Odor","SDP",10,14,13,3,2,1,0,0,1,0,1,0,4,0,0,0,0,0,0,0.23076923,12282
2023,"Jace Peterson","OAK",26,42,39,7,7,0,0,0,1,1,3,0,11,0,0,0,1,0,0,0.17948718,12325
2023,"Taylor Motter","STL",7,11,10,3,1,2,0,0,0,1,1,0,4,0,0,0,0,0,0,0.3,12399
2023,"Kevin Pillar","ATL",32,61,60,19,10,5,0,4,12,11,0,0,15,0,1,0,0,1,0,0.31666667,12434
2023,"Curt Casali","CIN",15,28,22,3,2,1,0,0,2,1,5,0,5,0,0,1,1,0,0,0.13636364,12510
2023,"Kolten Wong","SEA",20,25,24,3,3,0,0,0,0,1,1,0,8,0,0,0,0,0,0,0.125,12532
2023,"Marcus Semien","TEX",46,111,100,30,19,9,1,1,20,10,10,1,17,1,0,0,0,3,1,0.3,12533
2023,"C.J. Cron","COL",24,46,43,12,6,5,0,1,3,5,3,0,12,0,0,0,2,0,0,0.27906977,12546
2023,"Eugenio Suarez","SEA",36,75,63,16,11,4,0,1,6,5,10,0,25,1,1,0,1,0,0,0.25396825,12552
2023,"George Springer","TOR",34,69,58,13,11,0,0,2,9,7,10,0,9,0,1,0,0,4,0,0.22413793,12856
2023,"James McCann","BAL",24,61,60,10,5,3,0,2,5,5,1,0,12,0,0,0,1,0,0,0.16666667,12859
2023,"Anthony Rendon","LAA",24,54,47,12,8,3,0,1,6,9,6,0,10,1,0,0,1,1,0,0.25531915,12861
2023,"Francisco Lindor","NYM",45,95,86,21,8,5,0,8,15,18,6,0,19,2,1,0,2,0,0,0.24418605,12916
2023,"Brandon Nimmo","NYM",53,111,100,32,22,9,1,0,7,10,7,0,23,3,1,0,0,0,0,0.32,12927
2023,"Austin Hedges","PIT",29,57,50,7,4,2,0,1,3,6,4,0,11,0,1,2,2,1,0,0.14,12976
2023,"Javier Baez","DET",32,69,62,14,10,1,1,2,9,7,6,0,13,0,1,0,2,0,0,0.22580645,12979
2023,"Cam Gallagher","CLE",13,27,26,4,3,1,0,0,0,1,1,0,6,0,0,0,0,0,0,0.15384615,12981
2023,"Jackie Bradley Jr.","KCR",18,36,32,4,2,2,0,0,5,3,3,0,12,0,0,1,0,0,0,0.125,12984
2023,"Teoscar Hernandez","SEA",39,78,76,21,12,3,0,6,11,17,1,1,27,0,1,0,0,1,1,0.27631579,13066
2023,"Josh Bell","CLE",39,93,77,15,6,6,0,3,5,11,16,1,22,0,0,0,2,0,1,0.19480519,13145
2023,"Jorge Polanco","MIN",13,25,25,8,4,2,0,2,3,6,0,0,2,0,0,0,1,0,0,0.32,13152
2023,"Orlando Arcia","ATL",28,46,38,14,7,3,0,4,13,8,8,0,9,0,0,0,2,0,0,0.36842105,13185
2023,"Mike Zunino","CLE",23,42,35,9,6,2,0,1,7,5,7,0,19,0,0,0,1,0,0,0.25714286,13265
2023,"Max Muncy","LAD",39,75,64,9,4,0,0,5,8,9,9,0,17,1,1,0,1,0,1,0.140625,13301
2023,"Ildemaro Vargas","WSN",16,34,33,9,5,2,1,1,4,7,1,0,2,0,0,0,2,0,0,0.27272727,13324
2023,"Luke Maile","CIN",15,29,28,10,4,4,0,2,6,4,1,0,6,0,0,0,2,0,0,0.35714286,13355
2023,"Christian Walker","ARI",37,80,68,18,8,4,0,6,11,19,10,1,15,1,1,0,4,0,0,0.26470588,13419
2023,"Tom Murphy","SEA",20,47,43,11,6,4,0,1,5,3,4,0,13,0,0,0,0,0,0,0.25581395,13499
2023,"Jose Ramirez","CLE",43,100,94,19,6,8,0,5,10,18,5,4,11,0,1,0,3,0,1,0.20212766,13510
2023,"Jesse Winker","MIL",9,13,11,2,1,1,0,0,1,0,2,0,5,0,0,0,0,0,0,0.18181818,13590
2023,"Patrick Wisdom","CHC",39,74,69,15,8,1,1,5,10,10,5,0,34,0,0,0,2,1,0,0.2173913,13602
2023,"Mookie Betts","LAD",38,85,73,20,7,5,0,8,19,17,11,0,13,1,0,0,2,3,0,0.2739726,13611
2023,"Ketel Marte","ARI",43,96,84,26,16,6,1,3,16,6,9,0,12,3,0,0,3,3,1,0.30952381,13613
2023,"Jeimer Candelario","WSN",42,99,88,20,12,8,0,0,10,5,9,1,18,2,0,0,3,1,0,0.22727273,13621
2023,"Corey Seager","TEX",35,73,67,23,15,5,0,3,10,14,4,0,12,1,1,0,2,0,1,0.34328358,13624
2023,"Tyrone Taylor","MIL",11,20,20,2,1,1,0,0,1,0,0,0,7,0,0,0,0,2,0,0.1,13675
2023,"Jacob Stallings","MIA",16,25,23,6,3,3,0,0,3,1,0,0,7,1,0,1,0,0,0,0.26086957,13723
2023,"Tomas Nido","NYM",16,26,23,3,3,0,0,0,2,1,1,0,9,0,1,1,0,0,0,0.13043478,13755
2023,"Chris Taylor","LAD",39,69,62,14,4,3,0,7,13,13,4,1,28,1,1,0,1,1,0,0.22580645,13757
2023,"Travis Jankowski","TEX",12,16,13,4,2,2,0,0,4,1,2,0,2,0,0,1,0,1,0,0.30769231,13768
2023,"Rob Refsnyder","BOS",35,78,64,23,18,3,1,1,11,15,12,0,10,2,0,0,1,2,0,0.359375,13770
2023,"Matt Duffy","KCR",29,59,53,15,10,4,0,1,2,5,6,0,12,0,0,0,0,0,0,0.28301887,13836
2023,"Joey Wendle","MIA",11,12,10,5,3,2,0,0,5,0,1,0,3,0,0,1,0,0,0,0.5,13853
2023,"Eric Haase","DET",27,51,49,9,6,1,1,1,3,5,2,1,15,0,0,0,0,2,0,0.18367347,14111
2023,"Joey Gallo","MIN",29,39,35,7,3,2,0,2,3,2,3,0,17,1,0,0,1,0,0,0.2,14128
2023,"Byron Buxton","MIN",28,63,56,8,3,3,0,2,5,3,7,1,22,0,0,0,0,1,0,0.14285714,14161
2023,"Carlos Correa","MIN",32,68,58,12,7,3,0,2,4,4,9,0,10,0,1,0,4,0,0,0.20689655,14162
2023,"Jorge Soler","MIA",33,73,61,19,7,3,0,9,15,17,10,0,16,2,0,0,4,0,0,0.31147541,14221
2023,"Mitch Haniger","SFG",18,39,36,11,8,3,0,0,7,7,3,0,9,0,0,0,0,1,0,0.30555556,14274
2023,"Matt Olson","ATL",44,95,86,16,9,4,0,3,11,12,7,0,36,1,1,0,3,0,0,0.18604651,14344
2023,"Raimel Tapia","2 Tms",13,21,19,2,2,0,0,0,0,1,2,0,8,0,0,0,0,0,0,0.10526316,14350
2023,"Joey Meneses","WSN",44,102,96,28,20,7,1,0,8,6,6,0,19,0,0,0,4,0,0,0.29166667,14366
2023,"Harold Ramirez","TBR",30,58,56,21,14,3,0,4,8,9,1,0,10,1,0,0,0,2,0,0.375,14387
2023,"Jake Cave","PHI",9,12,11,2,1,1,0,0,0,0,1,0,2,0,0,0,0,1,0,0.18181818,14477
2023,"Anthony Santander","BAL",41,85,69,19,10,6,0,3,10,8,15,0,24,0,1,0,1,0,0,0.27536232,14551
2023,"Franmil Reyes","KCR",13,20,19,4,3,0,0,1,2,3,0,0,6,0,1,0,2,0,0,0.21052632,14566
2023,"Harold Castro","COL",11,13,12,1,0,1,0,0,1,2,0,0,6,0,1,0,1,0,0,0.08333333,14691
2023,"Manuel Margot","TBR",35,61,56,17,13,2,1,1,11,12,3,0,14,0,2,0,1,2,0,0.30357143,14712
2023,"Yu Chang","BOS",8,14,13,2,0,0,0,2,3,4,0,0,5,1,0,0,0,0,0,0.15384615,14773
2023,"Luke Voit","MIL",16,33,33,3,2,1,0,0,0,1,0,0,20,0,0,0,1,0,0,0.09090909,14811
2023,"Kyle Farmer","MIN",24,52,46,12,9,2,0,1,8,6,4,0,10,1,1,0,1,1,0,0.26086957,14813
2023,"Mike Yastrzemski","SFG",29,51,50,11,8,0,0,3,6,8,1,0,12,0,0,0,1,0,1,0.22,14854
2023,"Tony Kemp","OAK",23,31,21,6,4,1,0,1,2,2,7,0,3,0,0,3,0,0,1,0.28571429,14894
2023,"Victor Caratini","MIL",13,21,17,2,2,0,0,0,1,2,2,0,3,1,1,0,1,0,0,0.11764706,14968
2023,"Jonathan Davis","MIA",9,19,15,6,4,1,1,0,2,0,2,0,3,1,0,1,0,0,0,0.4,15104
2023,"Ryan McMahon","COL",51,98,91,21,12,7,0,2,13,6,7,0,35,0,0,0,5,0,0,0.23076923,15112
2023,"Hunter Dozier","KCR",13,27,22,5,2,1,0,2,3,2,5,0,6,0,0,0,0,0,0,0.22727273,15117
2023,"Trey Mancini","CHC",43,79,69,17,10,5,0,2,11,9,9,1,26,1,0,0,1,0,0,0.24637681,15149
2023,"Mitch Garver","TEX",9,21,16,5,2,3,0,0,3,3,5,0,4,0,0,0,0,0,0,0.3125,15161
2023,"Tim Anderson","CHW",27,55,54,16,12,4,0,0,8,2,1,0,7,0,0,0,3,2,1,0.2962963,15172
2023,"Jake Bauers","NYY",10,13,12,2,1,1,0,0,2,0,1,0,6,0,0,0,1,0,0,0.16666667,15194
2023,"Brandon Dixon","SDP",15,31,27,5,3,1,0,1,3,5,1,0,11,1,2,0,0,0,0,0.18518519,15214
2023,"Adam Frazier","BAL",35,58,51,10,7,1,0,2,9,7,6,0,6,1,0,0,1,2,0,0.19607843,15223
2023,"Austin Wynns","3 Tms",12,24,22,3,2,1,0,0,0,3,2,0,11,0,0,0,2,0,0,0.13636364,15271
2023,"Mike Tauchman","CHC",21,31,24,6,6,0,0,0,4,4,6,0,8,0,0,1,0,2,0,0.25,15274
2023,"Garrett Cooper","MIA",25,52,49,16,14,0,1,1,1,5,2,0,18,1,0,0,0,0,0,0.32653061,15279
2023,"Jeff McNeil","NYM",50,92,74,17,14,3,0,0,9,4,11,0,8,5,0,2,2,3,0,0.22972973,15362
2023,"Kris Bryant","COL",20,52,49,11,5,3,0,3,5,5,3,0,9,0,0,0,0,0,0,0.2244898,15429
2023,"Hunter Renfroe","LAA",35,73,67,19,13,4,0,2,9,5,3,0,18,1,2,0,2,0,0,0.28358209,15464
2023,"J.P. Crawford","SEA",45,89,83,17,11,6,0,0,10,4,6,0,22,0,0,0,1,0,0,0.20481928,15491
2023,"Amed Rosario","CLE",35,80,73,22,15,5,2,0,8,6,6,0,9,1,0,0,4,4,0,0.30136986,15518
2023,"Aaron Judge","NYY",18,38,31,5,3,1,0,1,5,3,6,1,17,0,1,0,2,0,0,0.16129032,15640
2023,"Dominic Smith","WSN",53,106,98,28,25,3,0,0,12,7,8,0,20,0,0,0,3,0,0,0.28571429,15653
2023,"Reese McGuire","BOS",13,14,12,6,5,1,0,0,4,5,1,0,4,0,0,1,0,0,0,0.5,15674
2023,"Jose Abreu","HOU",42,94,83,18,11,5,0,2,6,11,9,1,17,0,2,0,5,0,0,0.21686747,15676
2023,"Rowdy Tellez","MIL",29,41,36,6,5,0,0,1,1,2,5,0,11,0,0,0,1,0,0,0.16666667,15679
2023,"Tyler O'Neill","STL",13,21,20,4,2,2,0,0,4,1,1,0,7,0,0,0,1,1,0,0.2,15711
2023,"Yonathan Daza","COL",9,22,22,6,4,2,0,0,0,2,0,0,3,0,0,0,2,0,0,0.27272727,15794
2023,"Luis Torrens","CHC",8,14,13,4,4,0,0,0,0,1,1,0,6,0,0,0,0,0,0,0.30769231,15905
2023,"Aledmys Diaz","OAK",36,67,61,12,9,2,0,1,5,3,4,0,12,1,1,0,7,0,0,0.19672131,15937
2023,"Austin Nola","SDP",21,45,41,7,4,3,0,0,2,1,4,0,5,0,0,0,1,0,0,0.17073171,15941
2023,"Clint Frazier","CHW",17,41,38,7,5,1,1,0,2,2,3,0,13,0,0,0,0,0,0,0.18421053,15983
2023,"Willy Adames","MIL",39,81,67,10,7,1,0,2,8,6,14,0,28,0,0,0,2,2,1,0.14925373,15986
2023,"Cody Bellinger","CHC",34,67,59,18,9,4,1,4,16,8,7,0,10,1,0,0,1,8,0,0.30508475,15998
2023,"Austin Slater","SFG",19,39,37,15,13,1,0,1,6,7,2,0,9,0,0,0,0,2,1,0.40540541,16153
2023,"J.D. Davis","SFG",38,71,63,18,11,4,0,3,10,13,6,0,18,0,2,0,4,1,0,0.28571429,16219
2023,"Trea Turner","PHI",47,105,95,20,11,5,0,4,14,8,10,2,21,0,0,0,0,0,0,0.21052632,16252
2023,"Nick Gordon","MIN",7,10,10,3,2,1,0,0,1,1,0,0,1,0,0,0,0,0,0,0.3,16337
2023,"Pablo Reyes","BOS",15,25,22,9,6,3,0,0,3,5,2,0,1,0,1,0,0,0,0,0.40909091,16357
2023,"Oscar Mercado","STL",6,10,10,5,4,1,0,0,1,5,0,0,1,0,0,0,0,1,1,0.5,16375
2023,"Michael Conforto","SFG",38,62,58,13,8,2,0,3,10,13,3,0,22,1,0,0,1,1,0,0.22413793,16376
2023,"Francisco Mejia","TBR",19,29,28,6,5,1,0,0,4,0,0,0,6,0,0,1,0,0,1,0.21428571,16403
2023,"Thairo Estrada","SFG",37,85,78,24,19,3,1,1,11,5,4,1,20,3,0,0,1,5,1,0.30769231,16426
2023,"Christian Arroyo","BOS",26,48,47,10,5,3,0,2,7,7,1,0,14,0,0,0,2,0,0,0.21276596,16434
2023,"Luis Guillorme","NYM",12,17,15,4,3,0,1,0,5,1,2,0,6,0,0,0,0,0,0,0.26666667,16451
2023,"Kyle Schwarber","PHI",53,117,104,21,8,3,0,10,16,15,12,0,38,1,0,0,0,0,1,0.20192308,16478
2023,"Matt Chapman","TOR",27,58,54,22,13,6,0,3,12,13,3,0,15,1,0,0,0,1,1,0.40740741,16505
2023,"Isiah Kiner-Falefa","NYY",28,46,38,4,4,0,0,0,5,1,7,0,7,1,0,0,2,3,0,0.10526316,16512
2023,"Mauricio Dubon","HOU",25,52,49,17,12,4,0,1,13,3,2,0,5,1,0,0,2,1,0,0.34693878,16530
2023,"Danny Jansen","TOR",28,47,44,7,1,1,0,5,7,14,3,1,11,0,0,0,0,0,0,0.15909091,16535
2023,"Ozzie Albies","ATL",41,81,79,32,19,7,1,5,10,18,2,0,10,0,0,0,1,2,0,0.40506329,16556
2023,"Connor Joe","PIT",41,99,85,24,12,7,1,4,14,14,12,0,22,2,0,0,1,1,1,0.28235294,16572
2023,"Yandy Diaz","TBR",30,65,58,19,13,2,0,4,10,15,6,0,13,0,1,0,0,0,0,0.32758621,16578
2023,"Luis Urias","MIL",12,18,11,1,1,0,0,0,3,0,3,0,3,3,0,0,1,0,0,0.09090909,16622
2023,"Jason Vosler","CIN",9,10,10,2,1,0,0,1,2,3,0,0,3,0,0,0,0,0,0,0.2,16686
2023,"Jose Trevino","NYY",21,32,29,8,6,1,0,1,2,5,3,0,2,0,0,0,1,0,0,0.27586207,16725
2023,"Jonah Heim","TEX",28,67,63,21,14,6,0,1,10,14,4,0,11,0,0,0,2,1,0,0.33333333,16930
2023,"Lane Thomas","WSN",42,106,98,37,21,8,1,7,22,21,8,0,20,0,0,0,1,3,1,0.37755102,16939
2023,"Gleyber Torres","NYY",33,63,50,9,5,1,0,3,8,7,11,0,12,0,2,0,1,0,2,0.18,16997
2023,"Edmundo Sosa","PHI",34,71,67,15,8,4,0,3,7,6,1,0,19,2,0,0,1,0,1,0.2238806,17022
2023,"Alex Verdugo","BOS",54,102,89,23,16,6,1,0,12,11,10,0,15,3,0,0,1,2,1,0.25842697,17027
2023,"Jose Herrera","ARI",11,18,14,3,2,1,0,0,4,0,2,0,6,0,0,2,0,1,0,0.21428571,17040
2023,"Ramon Laureano","OAK",33,62,59,16,10,3,1,2,7,6,2,0,23,1,0,0,1,3,0,0.27118644,17128
2023,"Chad Wallach","LAA",20,36,33,10,4,2,0,4,9,8,3,0,10,0,0,0,1,0,0,0.3030303,17161
2023,"Yoan Moncada","CHW",14,26,25,7,6,1,0,0,2,2,1,0,8,0,0,0,1,0,0,0.28,17232
2023,"Jorge Mateo","BAL",41,82,75,22,17,3,0,2,13,8,5,0,16,1,0,1,2,13,1,0.29333333,17273
2023,"Michael Chavis","WSN",13,35,33,8,7,0,0,1,5,3,1,0,12,0,0,0,1,0,0,0.24242424,17321
2023,"Willi Castro","MIN",35,74,65,17,13,3,0,1,10,5,6,0,18,2,0,1,1,5,1,0.26153846,17338
2023,"Rafael Devers","BOS",52,97,89,21,8,7,0,6,16,17,6,0,21,2,0,0,4,0,1,0.23595506,17350
2023,"Jose Siri","TBR",26,48,43,10,3,3,0,4,8,9,2,0,17,0,1,1,0,1,0,0.23255814,17452
2023,"Eloy Jimenez","CHW",21,47,42,11,8,2,0,1,5,6,4,0,8,0,1,0,1,0,0,0.26190476,17484
2023,"Taylor Ward","LAA",40,89,77,19,13,5,0,1,11,7,9,0,15,0,3,0,1,1,0,0.24675325,17548
2023,"Myles Straw","CLE",39,74,68,17,14,2,1,0,10,3,5,0,14,0,1,0,2,1,0,0.25,17620
2023,"Alex Bregman","HOU",40,90,76,15,12,1,1,1,12,9,13,1,5,1,0,0,2,1,0,0.19736842,17678
2023,"Kevin Newman","CIN",38,81,72,23,13,7,0,3,11,10,9,0,9,0,0,0,1,2,0,0.31944444,17696
2023,"Willie Calhoun","NYY",10,10,9,0,0,0,0,0,1,0,1,0,5,0,0,0,0,0,0,0,17838
2023,"Andrew Benintendi","CHW",37,72,65,17,12,4,1,0,7,6,4,0,13,1,0,1,0,0,0,0.26153846,17901
2023,"Ian Happ","CHC",44,85,70,15,9,6,0,0,10,9,13,0,20,2,0,0,5,1,1,0.21428571,17919
2023,"Cedric Mullins","BAL",36,79,65,16,9,4,1,2,9,14,12,0,13,0,0,2,1,2,1,0.24615385,17929
2023,"Ty France","SEA",37,80,76,26,16,8,0,2,13,15,2,0,17,2,0,0,3,1,0,0.34210526,17982
2023,"Tyler Stephenson","CIN",40,81,76,23,18,4,1,0,8,8,5,1,17,0,0,0,0,0,0,0.30263158,17988
2023,"Paul DeJong","STL",24,52,45,12,7,2,0,3,7,9,6,0,16,0,1,0,0,0,1,0.26666667,18015
2023,"Harrison Bader","NYY",15,24,22,8,2,1,2,3,6,8,1,0,3,1,0,0,0,0,0,0.36363636,18030
2023,"Mark Mathias","PIT",18,43,35,9,7,2,0,0,4,2,8,0,7,0,0,0,1,2,0,0.25714286,18032
2023,"Jake Cronenworth","SDP",50,103,93,22,13,4,3,2,9,8,8,0,28,2,0,0,2,0,0,0.23655914,18036
2023,"Dylan Moore","SEA",5,11,10,1,0,0,0,1,1,1,1,0,5,0,0,0,0,0,0,0.1,18042
2023,"Sam Haggerty","SEA",14,29,26,6,4,2,0,0,5,2,3,0,4,0,0,0,0,1,1,0.23076923,18054
2023,"Kyle Garlick","MIN",11,22,21,3,2,0,0,1,1,2,1,0,10,0,0,0,0,0,0,0.14285714,18063
2023,"Garrett Stubbs","PHI",6,12,11,4,3,1,0,0,1,1,1,0,4,0,0,0,0,0,0,0.36363636,18067
2023,"LaMonte Wade Jr.","SFG",33,51,42,11,8,2,0,1,5,3,7,0,14,0,0,2,0,0,0,0.26190476,18126
2023,"Seth Brown","OAK",19,31,26,0,0,0,0,0,1,2,5,0,11,0,0,0,1,0,0,0,18171
2023,"Brian Anderson","MIL",35,68,57,8,5,1,0,2,4,5,10,0,18,1,0,0,1,0,1,0.14035088,18289
2023,"Dansby Swanson","CHC",37,82,71,17,10,3,1,3,12,11,11,0,20,0,0,0,0,3,1,0.23943662,18314
2023,"Kyle Tucker","HOU",48,100,90,30,20,7,0,3,7,16,9,0,8,0,1,0,2,4,0,0.33333333,18345
2023,"Austin Riley","ATL",41,79,68,17,10,1,0,6,14,15,9,1,21,0,2,0,4,0,0,0.25,18360
2023,"Victor Robles","WSN",17,40,33,12,10,2,0,0,6,3,4,0,3,1,0,2,1,2,1,0.36363636,18363
2023,"Ryan Mountcastle","BAL",36,82,74,23,10,6,0,7,13,22,4,0,12,1,3,0,3,0,0,0.31081081,18373
2023,"Juan Yepez","STL",15,30,27,6,4,0,0,2,4,2,3,0,9,0,0,0,0,0,0,0.22222222,18400
2023,"Ronald Acuna Jr.","ATL",35,83,70,22,14,4,0,4,16,14,11,2,10,1,1,0,3,9,1,0.31428571,18401
2023,"Trent Grisham","SDP",41,77,66,19,9,7,0,3,8,8,10,0,18,1,0,0,1,1,2,0.28787879,18564
2023,"Luis Arraez","MIA",34,68,64,24,21,3,0,0,3,12,4,0,8,0,0,0,3,0,1,0.375,18568
2023,"Ke'Bryan Hayes","PIT",37,87,84,23,14,5,1,3,9,10,2,0,15,0,1,0,5,3,2,0.27380952,18577
2023,"Jared Walsh","LAA",11,15,11,2,0,2,0,0,0,1,4,0,2,0,0,0,0,0,0,0.18181818,18607
2023,"Ramon Urias","BAL",37,76,69,13,7,6,0,0,6,10,6,0,20,1,0,0,3,2,1,0.1884058,18795
2023,"Andy Ibanez","DET",21,41,41,10,3,3,1,3,5,5,0,0,8,0,0,0,0,0,0,0.24390244,18819
2023,"Jose Azocar","SDP",14,31,29,6,4,2,0,0,2,0,0,0,5,0,0,2,0,4,0,0.20689655,18821
2023,"Josh Naylor","CLE",39,71,68,16,10,3,0,3,8,11,3,0,9,0,0,0,2,2,0,0.23529412,18839
2023,"Brandon Lowe","TBR",17,19,17,3,3,0,0,0,4,2,2,0,6,0,0,0,0,0,0,0.17647059,18882
2023,"Seby Zavala","CHW",17,32,29,5,4,0,0,1,2,5,2,0,13,0,1,0,0,1,0,0.17241379,18887
2023,"Leody Taveras","TEX",37,75,66,20,14,4,0,2,14,12,7,0,12,1,1,0,0,4,1,0.3030303,18900
2023,"Will Smith","LAD",31,61,47,13,7,2,0,4,10,9,13,0,6,0,1,0,0,1,0,0.27659574,19197
2023,"Yuli Gurriel","MIA",25,56,50,14,13,0,1,0,3,4,4,1,2,0,2,0,0,1,0,0.28,19198
2023,"Lourdes Gurriel Jr.","ARI",36,77,70,22,17,3,1,1,7,9,6,0,7,1,0,0,6,1,0,0.31428571,19238
2023,"Pete Alonso","NYM",40,86,78,19,9,3,0,7,14,12,7,0,17,1,0,0,4,1,0,0.24358974,19251
2023,"Cavan Biggio","TOR",15,15,14,2,2,0,0,0,2,0,1,0,9,0,0,0,0,0,1,0.14285714,19252
2023,"Jake Fraley","CIN",22,28,24,1,0,1,0,0,2,3,1,0,5,2,1,0,1,1,0,0.04166667,19260
2023,"Garrett Hampson","MIA",24,45,40,10,5,5,0,0,4,3,4,0,14,0,0,1,0,0,0,0.25,19262
2023,"Stone Garrett","WSN",35,81,68,18,11,4,0,3,11,16,9,0,23,1,2,0,0,2,0,0.26470588,19273
2023,"Adolis Garcia","TEX",42,85,74,21,12,5,0,4,19,17,10,0,20,0,1,0,1,0,0,0.28378378,19287
2023,"Randy Arozarena","TBR",35,66,58,15,10,0,0,5,12,10,7,0,19,1,0,0,0,1,0,0.25862069,19290
2023,"Nick Senzel","CIN",29,60,55,21,15,3,0,3,8,10,5,0,9,0,0,0,0,2,0,0.38181818,19293
2023,"Alex Call","WSN",38,87,72,19,13,5,0,1,9,8,13,0,15,0,2,0,0,1,1,0.26388889,19296
2023,"Matt Thaiss","LAA",14,17,15,4,4,0,0,0,1,2,1,0,4,1,0,0,0,0,0,0.26666667,19318
2023,"Bryan Reynolds","PIT",36,83,76,19,12,6,0,1,8,10,7,0,14,0,0,0,2,3,0,0.25,19326
2023,"Nicky Lopez","KCR",19,26,22,4,3,1,0,0,3,0,2,0,5,2,0,0,0,1,0,0.18181818,19339
2023,"Eli White","ATL",4,11,8,1,1,0,0,0,0,0,2,0,3,1,0,0,0,0,0,0.125,19346
2023,"Sean Murphy","ATL",29,61,53,18,10,5,0,3,11,7,6,0,11,2,0,0,3,0,0,0.33962264,19352
2023,"Luke Raley","TBR",15,18,18,4,2,0,0,2,3,2,0,0,7,0,0,0,0,0,1,0.22222222,19354
2023,"Austin Hays","BAL",38,85,78,22,12,6,1,3,12,10,6,0,22,0,1,0,2,0,0,0.28205128,19363
2023,"Zach McKinstry","DET",12,13,7,1,1,0,0,0,2,0,4,0,2,1,0,1,0,1,0,0.14285714,19392
2023,"Jake Rogers","DET",22,45,40,9,1,1,0,7,8,16,5,0,14,0,0,0,0,0,1,0.225,19452
2023,"Andruw Monasterio","MIL",9,18,15,5,3,2,0,0,2,1,3,0,2,0,0,0,0,1,0,0.33333333,19455
2023,"Tommy Edman","STL",37,83,77,22,12,7,0,3,14,6,5,0,17,0,0,1,0,4,0,0.28571429,19470
2023,"Kyle Lewis","ARI",5,13,13,2,1,0,0,1,1,2,0,0,7,0,0,0,0,0,0,0.15384615,19508
2023,"Andrew Knizner","STL",17,36,34,7,4,1,0,2,5,3,1,0,9,0,0,1,1,0,0,0.20588235,19514
2023,"TJ Friedl","CIN",21,33,29,11,9,0,1,1,3,4,2,0,9,0,0,2,0,2,0,0.37931034,19522
2023,"Yordan Alvarez","HOU",36,79,71,22,9,8,0,5,11,23,5,0,20,1,2,0,1,0,0,0.30985915,19556
2023,"Zack Short","DET",21,35,30,8,6,0,0,2,3,7,5,0,5,0,0,0,0,0,0,0.26666667,19562
2023,"Nathaniel Lowe","TEX",56,117,102,27,21,4,0,2,13,13,13,0,24,1,1,0,2,0,0,0.26470588,19566
2023,"Chas McCormick","HOU",18,40,37,9,3,5,0,1,4,4,3,0,11,0,0,0,0,1,0,0.24324324,19599
2023,"Bryan De La Cruz","MIA",35,70,64,19,14,3,0,2,9,11,4,0,16,0,2,0,3,0,1,0.296875,19600
2023,"Keibert Ruiz","WSN",40,80,73,21,12,8,0,1,9,9,4,0,2,2,1,0,3,0,0,0.28767123,19610
2023,"Vladimir Guerrero Jr.","TOR",26,55,46,16,14,2,0,0,8,5,6,0,7,2,1,0,1,1,0,0.34782609,19611
2023,"Bo Bichette","TOR",28,62,59,22,13,6,0,3,11,9,3,0,3,0,0,0,5,0,0,0.37288136,19612
2023,"Brent Rooker","OAK",40,81,66,17,10,2,0,5,13,12,13,0,23,1,1,0,2,1,0,0.25757576,19627
2023,"Mike Brosseau","MIL",19,49,46,9,7,0,0,2,2,2,2,0,15,1,0,0,0,0,0,0.19565217,19683
2023,"Edward Olivares","KCR",37,80,74,17,9,5,2,1,8,5,4,1,14,2,0,0,2,1,1,0.22972973,19698
2023,"Fernando Tatis Jr.","SDP",32,71,60,18,7,6,0,5,13,10,10,0,13,1,0,0,3,3,1,0.3,19709
2023,"Josh Rojas","ARI",16,29,25,5,4,1,0,0,3,2,4,0,11,0,0,0,0,0,0,0.2,19734
2023,"Shohei Ohtani","LAA",45,98,84,23,11,4,1,7,12,16,11,1,26,0,0,0,2,3,1,0.27380952,19755
2023,"Dairon Blanco","KCR",9,14,13,2,1,0,1,0,1,0,1,0,8,0,0,0,0,0,0,0.15384615,19779
2023,"Zach Remillard","CHW",5,11,10,4,4,0,0,0,1,1,0,0,1,0,0,1,0,1,1,0.4,19788
2023,"Jason Delay","PIT",18,37,32,11,9,2,0,0,1,8,3,0,10,1,0,1,2,0,0,0.34375,19806
2023,"Josh Palacios","PIT",10,14,14,3,3,0,0,0,1,1,0,0,4,0,0,0,0,1,0,0.21428571,19818
2023,"Luis Rengifo","LAA",36,64,57,13,9,4,0,0,5,5,4,0,13,2,1,0,1,0,0,0.22807018,19858
2023,"Riley Adams","WSN",15,36,31,12,7,2,0,3,3,8,5,0,10,0,0,0,2,0,0,0.38709677,19864
2023,"Emmanuel Rivera","ARI",27,55,55,19,14,4,0,1,10,11,0,0,10,0,0,0,1,0,0,0.34545455,19890
2023,"Pavin Smith","ARI",25,42,38,6,5,0,0,1,5,4,4,0,12,0,0,0,1,0,0,0.15789474,19892
2023,"Connor Wong","BOS",32,58,51,9,4,5,0,0,11,2,6,0,21,1,0,0,1,0,0,0.17647059,19896
2023,"Jesus Sanchez","MIA",12,15,14,4,2,1,0,1,2,2,1,0,3,0,0,0,1,0,0,0.28571429,19913
2023,"Daulton Varsho","TOR",32,58,51,12,10,2,0,0,6,2,6,0,11,0,1,0,1,2,1,0.23529412,19918
2023,"Blake Perkins","MIL",12,22,21,5,4,0,0,1,4,4,1,0,5,0,0,0,0,0,0,0.23809524,19921
2023,"Ryan McKenna","BAL",30,55,49,13,8,4,0,1,8,6,3,0,16,1,2,0,2,1,0,0.26530612,19928
2023,"Cristian Pache","PHI",16,30,29,11,6,4,0,1,5,4,0,0,7,0,0,1,1,0,0,0.37931034,19948
2023,"Andres Gimenez","CLE",42,86,75,23,17,2,2,2,10,4,4,0,12,6,0,1,2,2,0,0.30666667,19950
2023,"Josh Lowe","TBR",24,26,23,5,3,1,0,1,3,3,3,0,10,0,0,0,0,1,0,0.2173913,19953
2023,"Conner Capel","OAK",7,11,11,4,2,2,0,0,0,0,0,0,1,0,0,0,0,0,1,0.36363636,19983
2023,"Santiago Espinal","TOR",26,45,40,7,4,3,0,0,4,7,5,0,6,0,0,0,1,0,0,0.175,19997
2023,"Bryce Johnson","SFG",12,27,26,6,5,1,0,0,4,0,1,0,8,0,0,0,0,1,0,0.23076923,20002
2023,"Isaac Paredes","TBR",35,68,59,15,10,3,0,2,7,16,5,0,11,4,0,0,0,0,0,0.25423729,20036
2023,"Luis Robert Jr.","CHW",32,71,62,22,10,6,0,6,14,10,4,0,20,4,0,0,1,0,0,0.35483871,20043
2023,"Alan Trejo","COL",25,49,47,11,9,2,0,0,3,10,1,0,15,0,1,0,1,0,0,0.23404255,20056
2023,"Juan Soto","SDP",47,109,88,19,13,3,0,3,14,6,20,0,32,1,0,0,2,3,0,0.21590909,20123
2023,"Dylan Carlson","STL",25,55,49,15,12,1,0,2,6,6,6,0,9,0,0,0,1,1,0,0.30612245,20126
2023,"Miguel Vargas","LAD",42,86,72,13,3,6,1,3,10,10,12,1,13,0,2,0,0,2,1,0.18055556,20178
2023,"Brandon Marsh","PHI",40,66,60,13,7,4,0,2,4,8,4,0,30,1,0,1,0,0,0,0.21666667,20202
2023,"Kevin Smith","OAK",17,30,26,6,2,1,0,3,4,6,2,0,9,0,0,2,0,0,0,0.23076923,20242
2023,"Jake Meyers","HOU",23,38,30,6,3,2,0,1,4,1,8,0,11,0,0,0,0,1,1,0.2,20308
2023,"Corey Julks","HOU",21,40,38,9,3,5,0,1,5,4,1,0,10,0,1,0,1,0,0,0.23684211,20311
2023,"Stuart Fairchild","CIN",39,77,65,17,11,4,1,1,7,8,8,0,24,3,0,1,0,4,1,0.26153846,20321
2023,"Alex Kirilloff","MIN",19,33,30,4,3,0,0,1,2,2,1,0,11,2,0,0,0,0,0,0.13333333,20325
2023,"Luis Garcia","WSN",41,91,84,22,15,3,3,1,7,9,2,0,13,0,4,1,2,1,2,0.26190476,20391
2023,"Royce Lewis","MIN",13,25,23,7,6,0,0,1,5,2,2,0,7,0,0,0,0,1,0,0.30434783,20437
2023,"Jazz Chisholm Jr.","MIA",23,38,34,4,3,0,0,1,1,2,3,0,9,0,0,1,0,1,0,0.11764706,20454
2023,"William Contreras","MIL",36,80,69,19,9,6,0,4,8,10,11,0,15,0,0,0,6,0,0,0.27536232,20503
2023,"Drew Waters","KCR",17,33,31,6,5,1,0,0,0,3,2,0,14,0,0,0,0,0,1,0.19354839,20505
2023,"Nick Madrigal","CHC",34,57,53,16,12,3,1,0,7,6,1,0,8,0,0,3,0,2,0,0.30188679,20521
2023,"Nolan Jones","COL",17,36,33,8,6,1,0,1,2,3,3,0,11,0,0,0,0,1,0,0.24242424,20529
2023,"Vidal Brujan","TBR",6,13,12,2,2,0,0,0,2,0,0,0,4,1,0,0,0,0,0,0.16666667,20536
2023,"Jose Miranda","MIN",12,26,25,7,6,0,0,1,3,1,1,0,5,0,0,0,1,0,0,0.28,20538
2023,"Elehuris Montero","COL",23,47,44,8,4,2,1,1,6,7,2,0,20,0,1,0,0,0,0,0.18181818,20543
2023,"Kody Clemens","PHI",13,19,19,3,3,0,0,0,0,0,0,0,5,0,0,0,0,0,0,0.15789474,20572
2023,"Oscar Gonzalez","CLE",15,36,36,9,6,1,1,1,3,3,0,0,7,0,0,0,0,0,0,0.25,20970
2023,"Dalton Guthrie","PHI",6,13,13,3,2,1,0,0,1,0,0,0,4,0,0,0,0,0,0,0.23076923,21293
2023,"Lars Nootbaar","STL",25,48,40,10,9,1,0,0,2,5,8,0,11,0,0,0,0,0,0,0.25,21454
2023,"Nico Hoerner","CHC",35,85,81,23,14,6,2,1,13,12,4,0,9,0,0,0,2,5,1,0.28395062,21479
2023,"Luken Baker","STL",3,10,10,2,2,0,0,0,0,0,0,0,4,0,0,0,0,0,0,0.2,21497
2023,"Trevor Larnach","MIN",13,20,18,2,1,0,0,1,2,3,2,0,10,0,0,0,0,0,0,0.11111111,21501
2023,"Jonathan India","CIN",43,92,78,17,10,5,0,2,13,8,11,0,25,2,1,0,1,3,0,0.21794872,21523
2023,"Joey Bart","SFG",17,45,42,9,8,1,0,0,4,0,0,0,9,3,0,0,0,0,0,0.21428571,21524
2023,"Cal Raleigh","SEA",22,37,35,8,6,1,0,1,4,4,2,0,9,0,0,0,1,0,0,0.22857143,21534
2023,"Nick Fortes","MIA",18,39,35,15,12,1,0,2,6,5,2,0,4,0,1,1,1,2,1,0.42857143,21538
2023,"Coco Montes","COL",9,18,18,5,3,2,0,0,0,1,0,0,6,0,0,0,0,0,0,0.27777778,21547
2023,"Matt Vierling","DET",29,64,57,12,10,1,0,1,6,2,6,0,9,1,0,0,0,1,0,0.21052632,21558
2023,"Romy Gonzalez","CHW",21,37,37,6,3,2,0,1,3,4,0,0,15,0,0,0,0,1,0,0.16216216,21562
2023,"Kyle Isbel","KCR",15,20,19,5,3,1,1,0,3,3,1,0,5,0,0,0,0,0,0,0.26315789,21614
2023,"Alec Bohm","PHI",38,75,71,20,11,4,0,5,10,14,3,0,11,0,1,0,5,0,0,0.28169014,21618
2023,"Jake McCarthy","ARI",29,45,39,9,6,0,2,1,3,3,4,0,6,1,0,0,1,7,0,0.23076923,21622
2023,"Nick Maton","DET",10,11,10,0,0,0,0,0,0,0,1,0,3,0,0,0,0,0,0,0,21635
2023,"Jeremy Pena","HOU",38,82,76,23,15,5,0,3,11,7,4,0,10,2,0,0,1,3,2,0.30263158,21636
2023,"Miguel Amaya","CHC",12,24,20,7,4,2,0,1,5,3,3,0,6,1,0,0,0,0,0,0.35,21693
2023,"Oswaldo Cabrera","NYY",25,40,38,8,5,0,0,3,5,7,1,0,9,0,1,0,1,2,0,0.21052632,21707
2023,"Esteury Ruiz","OAK",39,87,79,23,15,7,0,1,11,7,2,1,15,5,0,0,2,13,4,0.29113924,21780
2023,"Freddy Fermin","KCR",13,27,24,6,4,1,0,1,2,5,3,0,7,0,0,0,0,0,0,0.25,21840
2023,"Christopher Morel","CHC",22,39,37,7,3,1,0,3,8,8,2,0,13,0,0,0,0,0,0,0.18918919,21897
2023,"Rodolfo Castro","PIT",48,102,90,27,16,5,0,6,14,17,9,1,17,2,1,0,4,1,3,0.3,21987
2023,"Nick Pratto","KCR",32,62,56,14,8,3,0,3,10,4,5,0,22,1,0,0,1,0,1,0.25,22117
2023,"Mark Vientos","NYM",9,18,16,3,3,0,0,0,0,2,1,0,5,0,1,0,1,0,0,0.1875,22184
2023,"Brice Turang","MIL",12,20,20,2,2,0,0,0,1,0,0,0,7,0,0,0,0,0,0,0.1,22186
2023,"MJ Melendez","KCR",45,88,80,20,14,3,1,2,6,12,6,0,30,1,1,0,0,3,1,0.25,22197
2023,"Sam Huff","TEX",5,10,9,1,1,0,0,0,0,1,1,0,5,0,0,0,1,0,0,0.11111111,22209
2023,"Jack Suwinski","PIT",34,62,53,9,6,3,0,0,3,4,8,0,28,0,1,0,0,2,0,0.16981132,22244
2023,"Bubba Thompson","TEX",19,31,26,3,3,0,0,0,3,0,3,0,9,1,0,1,0,3,1,0.11538462,22261
2023,"Nolan Gorman","STL",22,32,26,5,2,1,0,2,4,5,4,0,9,1,1,0,0,0,0,0.19230769,22263
2023,"Samad Taylor","KCR",8,13,9,2,2,0,0,0,1,1,3,0,3,0,0,1,0,0,0,0.22222222,22274
2023,"Jake Burger","CHW",32,65,59,14,3,6,0,5,10,9,5,0,21,1,0,0,1,0,1,0.23728814,22275
2023,"Nick Allen","OAK",18,38,34,10,9,0,0,1,5,1,3,0,5,0,0,1,1,0,0,0.29411765,22277
2023,"Taylor Walls","TBR",35,64,57,17,9,5,1,2,13,9,7,0,15,0,0,0,0,2,0,0.29824561,22458
2023,"Triston Casas","BOS",34,48,37,7,4,2,0,1,7,3,11,0,15,0,0,0,0,0,0,0.18918919,22514
2023,"Heliot Ramos","SFG",9,23,22,4,2,2,0,0,1,1,1,0,8,0,0,0,1,0,0,0.18181818,22515
2023,"Tyler Freeman","CLE",6,14,13,2,2,0,0,0,1,0,1,0,1,0,0,0,0,0,0,0.15384615,22532
2023,"Jarred Kelenic","SEA",40,70,66,20,12,3,1,4,10,14,4,0,21,0,0,0,0,1,1,0.3030303,22558
2023,"Gabriel Arias","CLE",33,61,54,5,4,0,0,1,2,1,7,0,28,0,0,0,0,0,1,0.09259259,22563
2023,"Alejandro Kirk","TOR",30,50,41,9,8,1,0,0,5,6,8,1,8,0,1,0,2,0,0,0.2195122,22581
2023,"Jordan Diaz","OAK",16,36,36,7,5,1,0,1,2,3,0,0,10,0,0,0,0,0,0,0.19444444,22650
2023,"Gabriel Moreno","ARI",37,70,65,23,14,7,0,2,5,9,3,0,23,0,2,0,3,2,0,0.35384615,22664
2023,"Maikel Garcia","KCR",27,61,60,19,12,5,1,1,11,6,1,0,10,0,0,0,2,6,0,0.31666667,22715
2023,"Geraldo Perdomo","ARI",26,32,29,10,9,1,0,0,2,1,3,0,2,0,0,0,0,1,0,0.34482759,22799
2023,"Oswald Peraza","NYY",7,17,12,2,2,0,0,0,2,3,2,0,4,3,0,0,1,0,1,0.16666667,22823
2023,"Tucupita Marcano","PIT",24,28,26,5,4,1,0,0,2,0,0,0,5,2,0,0,1,0,0,0.19230769,22871
2023,"Lenyn Sosa","CHW",9,17,16,3,1,2,0,0,1,2,1,0,2,0,0,0,0,0,0,0.1875,22896
2023,"Yainer Diaz","HOU",16,31,29,5,4,1,0,0,2,2,1,0,6,0,1,0,0,0,0,0.17241379,23003
2023,"Ryan Noda","OAK",29,39,30,5,3,1,0,1,4,5,9,0,13,0,0,0,0,0,0,0.16666667,23312
2023,"Nelson Velazquez","CHC",9,14,13,2,1,0,0,1,3,1,1,0,3,0,0,0,1,0,0,0.15384615,23359
2023,"Jose Barrero","CIN",29,58,51,10,9,0,0,1,5,6,7,0,14,0,0,0,1,2,1,0.19607843,23378
2023,"Jose Caballero","SEA",31,59,46,13,9,3,0,1,9,4,9,0,11,4,0,0,0,4,1,0.2826087,23401
2023,"Wander Franco","TBR",33,70,61,18,12,4,0,2,10,10,6,0,6,2,1,0,2,8,2,0.29508197,23667
2023,"Julio Rodriguez","SEA",41,85,80,20,13,4,0,3,15,15,4,0,28,0,0,0,0,3,1,0.25,23697
2023,"Ezequiel Duran","TEX",33,72,65,24,14,5,1,4,12,12,6,1,16,1,0,0,0,1,1,0.36923077,23733
2023,"Alek Thomas","ARI",24,40,38,1,1,0,0,0,3,2,1,0,15,1,0,0,1,0,0,0.02631579,23792
2023,"Ji Hwan Bae","PIT",36,73,65,18,17,1,0,0,13,4,5,0,20,0,1,2,1,5,0,0.27692308,23818
2023,"Ezequiel Tovar","COL",39,82,78,18,9,4,1,4,6,8,4,0,25,0,0,0,0,2,2,0.23076923,24064
2023,"Steven Kwan","CLE",43,103,89,27,19,8,0,0,14,8,11,0,13,1,1,1,3,5,1,0.30337079,24610
2023,"Jarren Duran","BOS",25,36,32,8,6,2,0,0,2,3,3,0,12,0,1,0,1,2,0,0.25,24617
2023,"Ryan Jeffers","MIN",22,46,37,8,4,4,0,0,5,3,6,0,13,2,0,1,0,0,0,0.21621622,24618
2023,"Owen Miller","MIL",35,75,69,23,18,5,0,0,6,5,5,0,16,0,1,0,1,2,2,0.33333333,24655
2023,"Brendan Donovan","STL",33,50,42,10,10,0,0,0,4,1,6,0,8,2,0,0,1,0,0,0.23809524,24679
2023,"Jonah Bride","OAK",10,16,12,1,1,0,0,0,1,0,2,0,2,1,0,1,0,0,0,0.08333333,24703
2023,"Logan O'Hoppe","LAA",6,13,13,5,3,0,0,2,2,6,0,0,2,0,0,0,1,0,0,0.38461538,24729
2023,"James Outman","LAD",37,61,52,14,10,3,0,1,6,4,6,0,23,2,1,0,0,2,0,0.26923077,24770
2023,"David Villar","SFG",26,53,48,7,3,4,0,0,3,3,3,0,16,1,1,0,1,1,0,0.14583333,24782
2023,"David Fry","CLE",7,13,12,4,3,0,0,1,1,3,1,0,2,0,0,0,0,0,0,0.33333333,24934
2023,"Nate Eaton","KCR",10,17,17,2,2,0,0,0,0,0,0,0,7,0,0,0,0,0,0,0.11764706,25055
2023,"David Hensley","HOU",13,31,27,5,3,1,0,1,5,1,4,0,9,0,0,0,0,0,0,0.18518519,25111
2023,"Brenton Doyle","COL",30,58,54,10,8,0,0,2,3,4,2,0,25,1,1,0,0,1,1,0.18518519,25479
2023,"TJ Hopkins","CIN",6,10,10,2,2,0,0,0,2,0,0,0,2,0,0,0,0,1,0,0.2,25482
2023,"Joey Ortiz","BAL",10,21,20,6,6,0,0,0,3,4,0,0,6,0,1,0,0,0,0,0.3,25493
2023,"Will Brennan","CLE",25,40,39,7,4,3,0,0,3,2,1,0,4,0,0,0,1,0,0,0.17948718,25660
2023,"Bobby Witt Jr.","KCR",42,88,81,23,15,2,0,6,13,9,6,0,14,1,0,0,1,8,2,0.28395062,25764
2023,"CJ Abrams","WSN",45,81,72,13,7,4,1,1,9,13,5,0,23,3,0,1,1,3,1,0.18055556,25768
2023,"Blake Sabol","SFG",28,32,28,3,3,0,0,0,2,0,2,0,16,1,0,1,0,1,0,0.10714286,25805
2023,"Shea Langeliers","OAK",33,68,60,9,7,2,0,0,4,3,7,2,17,0,1,0,2,0,0,0.15,25816
2023,"Michael Toglia","COL",4,10,10,1,1,0,0,0,1,0,0,0,7,0,0,0,0,0,0,0.1,25845
2023,"Corbin Carroll","ARI",44,80,73,21,17,2,0,2,12,3,4,0,10,2,0,1,1,6,1,0.28767123,25878
2023,"Michael Harris II","ATL",36,59,55,14,9,3,0,2,7,5,2,0,10,2,0,0,0,1,0,0.25454545,25931
2023,"Riley Greene","DET",28,51,48,14,11,2,1,0,4,3,3,0,18,0,0,0,0,0,0,0.29166667,25976
2023,"Vaughn Grissom","ATL",11,30,29,8,8,0,0,0,1,1,0,0,7,0,1,0,0,0,1,0.27586207,26031
2023,"Francisco Alvarez","NYM",28,54,51,6,4,1,0,1,4,5,3,0,15,0,0,0,1,0,0,0.11764706,26121
2023,"Brett Baty","NYM",21,33,32,8,3,4,0,1,4,2,1,0,8,0,0,0,2,0,0,0.25,26123
2023,"Dominic Fletcher","ARI",13,25,24,4,2,1,1,0,2,3,0,0,10,0,0,1,0,0,0,0.16666667,26149
2023,"Andrew Vaughn","CHW",35,76,68,18,10,5,0,3,9,12,6,0,7,1,1,0,0,0,0,0.26470588,26197
2023,"Adley Rutschman","BAL",45,106,86,25,19,3,0,3,10,9,19,0,15,0,1,0,4,0,0,0.29069767,26288
2023,"Gunnar Henderson","BAL",36,65,53,10,10,0,0,0,6,2,12,0,21,0,0,0,2,3,1,0.18867925,26289
2023,"Bryson Stott","PHI",41,90,81,26,22,2,0,2,7,11,8,0,10,0,1,0,3,3,0,0.32098765,26294
2023,"Josh Jung","TEX",35,82,78,27,15,5,0,7,23,18,4,0,17,0,0,0,1,0,1,0.34615385,26299
2023,"Spencer Steer","CIN",38,87,79,23,13,3,1,6,14,17,6,0,16,1,1,0,1,2,1,0.29113924,26323
2023,"Jonny DeLuca","LAD",10,20,18,4,3,1,0,0,1,1,2,0,4,0,0,0,0,0,0,0.22222222,26365
2023,"JJ Bleday","OAK",12,19,17,2,2,0,0,0,2,0,2,0,5,0,0,0,0,1,0,0.11764706,26368
2023,"Josh H. Smith","TEX",11,12,7,1,0,0,0,1,2,2,4,0,4,1,0,0,0,0,0,0.14285714,26396
2023,"Luis Matos","SFG",7,13,10,2,2,0,0,0,6,0,3,0,1,0,0,0,0,0,0,0.2,26467
2023,"Elly De La Cruz","CIN",11,23,23,3,3,0,0,0,2,0,0,0,11,0,0,0,1,1,0,0.13043478,26668
2023,"Spencer Torkelson","DET",37,69,59,14,9,3,0,2,8,7,9,1,13,0,1,0,1,0,0,0.23728814,27465
2023,"Jordan Walker","STL",13,28,27,6,5,0,0,1,4,3,1,0,6,0,0,0,2,0,0,0.22222222,27475
2023,"Patrick Bailey","SFG",17,32,29,12,7,2,0,3,5,10,2,0,6,0,0,1,1,0,0,0.4137931,27478
2023,"Ha-Seong Kim","SDP",43,103,88,24,14,6,0,4,12,16,13,0,18,0,0,2,1,6,1,0.27272727,27506
2023,"Edouard Julien","MIN",10,15,15,2,2,0,0,0,0,0,0,0,6,0,0,0,1,0,0,0.13333333,27534
2023,"Casey Schmitt","SFG",24,46,45,15,10,3,0,2,3,9,1,0,7,0,0,0,1,1,0,0.33333333,27577
2023,"Alec Burleson","STL",10,14,13,2,2,0,0,0,0,1,1,0,4,0,0,0,0,0,0,0.15384615,27615
2023,"Anthony Volpe","NYY",38,66,58,12,5,3,1,3,7,5,8,0,20,0,0,0,2,1,0,0.20689655,27647
2023,"Vinnie Pasquantino","KCR",33,72,60,14,9,4,0,1,6,7,10,0,8,1,1,0,5,0,0,0.23333333,27676
2023,"Michael Massey","KCR",28,48,40,11,9,2,0,0,3,8,4,0,11,2,2,0,0,2,1,0.275,27684
2023,"Joey Wiemer","MIL",39,66,64,20,8,7,0,5,9,11,2,0,21,0,0,0,1,2,0,0.3125,27690
2023,"Brett Wisely","SFG",7,11,10,3,2,1,0,0,1,0,0,0,4,0,0,1,0,0,0,0.3,27735
2023,"Matt Mervis","CHC",13,19,19,3,2,1,0,0,0,3,0,0,11,0,0,0,0,0,0,0.15789474,27845
2023,"Henry Davis","PIT",7,14,12,4,2,1,0,1,2,1,1,0,6,1,0,0,0,1,0,0.33333333,29617
2023,"Matt McLain","CIN",18,45,44,14,7,4,0,3,8,8,0,0,12,1,0,0,0,1,0,0.31818182,29695
2023,"Seiya Suzuki","CHC",33,72,63,20,16,3,0,1,7,10,7,0,13,1,1,0,1,0,3,0.31746032,30116
2023,"Oscar Colas","CHW",11,16,13,1,1,0,0,0,0,2,2,0,3,0,1,0,0,0,0,0.07692308,30162
2023,"Zach Neto","LAA",23,39,34,9,6,1,0,2,5,5,1,0,7,4,0,0,0,1,0,0.26470588,31347
2023,"Masataka Yoshida","BOS",49,82,68,19,14,3,1,1,8,9,11,0,8,3,0,0,5,0,0,0.27941176,31837