{"all": {"pitchers": "42", "batters": "99", "pitches": "1435", "max velomax pitch velocity": "100.9", "min velomin pitch velocity": "69.1", "ff%fourseam fastball %": "27.0", "si%sinker %": "18.0", "fc%cutter %": "10.5", "fs%splitter %": "1.3", "ch%changeup %": "11.2", "sl%slider %": "25.9", "cu%curve %": "5.9", "max evmax exit velocity": "112.9", "hhhard hit": "88", "hh%hard hit %": "34.6", "brlbarrels": "15", "brl%barrel %": "5.9", "ab": "332", "avg": ".226", "h": "75", "1b": "54", "2b": "11", "3b": "0", "hr": "10", "so": "91", "bipballs in play": "254", "liveGames": 0, "totGames": 16}, "stl @ det": [{"player": "colt keith", "game": "stl @ det", "gameIdx": 0, "hr/park": "", "pa": "68", "dt": "", "img": "https://www.mlbstatic.com/team-logos/116.svg", "team": "det", "start": "", "in": "9", "result": "Flyout", "evo": "85.4", "la": "39", "dist": "274"}, {"player": "spencer torkelson", "game": "stl @ det", "gameIdx": 0, "hr/park": "", "pa": "67", "dt": "", "img": "https://www.mlbstatic.com/team-logos/116.svg", "team": "det", "start": "", "in": "9", "result": "Strikeout", "evo": "", "la": "", "dist": ""}, {"player": "kerry carpenter", "game": "stl @ det", "gameIdx": 0, "hr/park": "", "pa": "66", "dt": "", "img": "https://www.mlbstatic.com/team-logos/116.svg", "team": "det", "start": "", "in": "9", "result": "Strikeout", "evo": "", "la": "", "dist": ""}, {"player": "masyn winn", "game": "stl @ det", "gameIdx": 0, "hr/park": "", "pa": "65", "dt": "", "img": "https://www.mlbstatic.com/team-logos/138.svg", "team": "stl", "start": "", "in": "9", "result": "Forceout", "evo": "84.6", "la": "7", "dist": "142"}, {"player": "pedro pages", "game": "stl @ det", "gameIdx": 0, "hr/park": "17/30", "pa": "64", "dt": "", "img": "https://www.mlbstatic.com/team-logos/138.svg", "team": "stl", "start": "", "in": "9", "result": "Sac Fly", "evo": "103.9", "la": "27", "dist": "410"}, {"player": "alec burleson", "game": "stl @ det", "gameIdx": 0, "hr/park": "", "pa": "63", "dt": "", "img": "https://www.mlbstatic.com/team-logos/138.svg", "team": "stl", "start": "", "in": "9", "result": "Single", "evo": "92.2", "la": "4", "dist": "78"}, {"player": "paul goldschmidt", "game": "stl @ det", "gameIdx": 0, "hr/park": "", "pa": "62", "dt": "", "img": "https://www.mlbstatic.com/team-logos/138.svg", "team": "stl", "start": "", "in": "9", "result": "Single", "evo": "93.7", "la": "4", "dist": "93"}, {"player": "nolan arenado", "game": "stl @ det", "gameIdx": 0, "hr/park": "", "pa": "61", "dt": "", "img": "https://www.mlbstatic.com/team-logos/138.svg", "team": "stl", "start": "", "in": "9", "result": "Single", "evo": "94.3", "la": "20", "dist": "278"}, {"player": "lars nootbaar", "game": "stl @ det", "gameIdx": 0, "hr/park": "", "pa": "60", "dt": "", "img": "https://www.mlbstatic.com/team-logos/138.svg", "team": "stl", "start": "", "in": "9", "result": "Strikeout", "evo": "", "la": "", "dist": ""}, {"player": "wenceel perez", "game": "stl @ det", "gameIdx": 0, "hr/park": "", "pa": "59", "dt": "", "img": "https://www.mlbstatic.com/team-logos/116.svg", "team": "det", "start": "", "in": "8", "result": "Groundout", "evo": "92.5", "la": "-12", "dist": "11"}, {"player": "matt vierling", "game": "stl @ det", "gameIdx": 0, "hr/park": "", "pa": "58", "dt": "", "img": "https://www.mlbstatic.com/team-logos/116.svg", "team": "det", "start": "", "in": "8", "result": "Strikeout", "evo": "", "la": "", "dist": ""}, {"player": "riley greene", "game": "stl @ det", "gameIdx": 0, "hr/park": "", "pa": "57", "dt": "", "img": "https://www.mlbstatic.com/team-logos/116.svg", "team": "det", "start": "", "in": "8", "result": "Strikeout", "evo": "", "la": "", "dist": ""}, {"player": "willson contreras", "game": "stl @ det", "gameIdx": 0, "hr/park": "", "pa": "56", "dt": "", "img": "https://www.mlbstatic.com/team-logos/138.svg", "team": "stl", "start": "", "in": "8", "result": "Groundout", "evo": "69.2", "la": "-66", "dist": "2"}, {"player": "brendan donovan", "game": "stl @ det", "gameIdx": 0, "hr/park": "", "pa": "55", "dt": "", "img": "https://www.mlbstatic.com/team-logos/138.svg", "team": "stl", "start": "", "in": "8", "result": "Flyout", "evo": "89.9", "la": "47", "dist": "277"}, {"player": "ivan herrera", "game": "stl @ det", "gameIdx": 0, "hr/park": "", "pa": "54", "dt": "", "img": "https://www.mlbstatic.com/team-logos/138.svg", "team": "stl", "start": "", "in": "8", "result": "Single", "evo": "58.7", "la": "-55", "dist": "1"}, {"player": "masyn winn", "game": "stl @ det", "gameIdx": 0, "hr/park": "", "pa": "53", "dt": "", "img": "https://www.mlbstatic.com/team-logos/138.svg", "team": "stl", "start": "", "in": "8", "result": "Single", "evo": "66.9", "la": "28", "dist": "207"}, {"player": "jose fermin", "game": "stl @ det", "gameIdx": 0, "hr/park": "0/30", "pa": "52", "dt": "", "img": "https://www.mlbstatic.com/team-logos/138.svg", "team": "stl", "start": "", "in": "8", "result": "Flyout", "evo": "88.9", "la": "34", "dist": "317"}, {"player": "mark canha", "game": "stl @ det", "gameIdx": 0, "hr/park": "", "pa": "51", "dt": "", "img": "https://www.mlbstatic.com/team-logos/116.svg", "team": "det", "start": "", "in": "7", "result": "Strikeout", "evo": "", "la": "", "dist": ""}, {"player": "carson kelly", "game": "stl @ det", "gameIdx": 0, "hr/park": "", "pa": "50", "dt": "", "img": "https://www.mlbstatic.com/team-logos/116.svg", "team": "det", "start": "", "in": "7", "result": "Walk", "evo": "", "la": "", "dist": ""}, {"player": "zach mckinstry", "game": "stl @ det", "gameIdx": 0, "hr/park": "", "pa": "49", "dt": "", "img": "https://www.mlbstatic.com/team-logos/116.svg", "team": "det", "start": "", "in": "7", "result": "Strikeout", "evo": "", "la": "", "dist": ""}, {"player": "colt keith", "game": "stl @ det", "gameIdx": 0, "hr/park": "", "pa": "48", "dt": "", "img": "https://www.mlbstatic.com/team-logos/116.svg", "team": "det", "start": "", "in": "7", "result": "Forceout", "evo": "71.4", "la": "7", "dist": "74"}, {"player": "spencer torkelson", "game": "stl @ det", "gameIdx": 0, "hr/park": "", "pa": "47", "dt": "", "img": "https://www.mlbstatic.com/team-logos/116.svg", "team": "det", "start": "", "in": "7", "result": "Single", "evo": "102.0", "la": "6", "dist": "157"}, {"player": "kerry carpenter", "game": "stl @ det", "gameIdx": 0, "hr/park": "", "pa": "46", "dt": "", "img": "https://www.mlbstatic.com/team-logos/116.svg", "team": "det", "start": "", "in": "7", "result": "Walk", "evo": "", "la": "", "dist": ""}, {"player": "alec burleson", "game": "stl @ det", "gameIdx": 0, "hr/park": "", "pa": "45", "dt": "", "img": "https://www.mlbstatic.com/team-logos/138.svg", "team": "stl", "start": "", "in": "7", "result": "Pop Out", "evo": "87.3", "la": "55", "dist": "206"}, {"player": "paul goldschmidt", "game": "stl @ det", "gameIdx": 0, "hr/park": "", "pa": "44", "dt": "", "img": "https://www.mlbstatic.com/team-logos/138.svg", "team": "stl", "start": "", "in": "7", "result": "Strikeout", "evo": "", "la": "", "dist": ""}, {"player": "nolan arenado", "game": "stl @ det", "gameIdx": 0, "hr/park": "", "pa": "43", "dt": "", "img": "https://www.mlbstatic.com/team-logos/138.svg", "team": "stl", "start": "", "in": "7", "result": "Walk", "evo": "", "la": "", "dist": ""}, {"player": "lars nootbaar", "game": "stl @ det", "gameIdx": 0, "hr/park": "", "pa": "42", "dt": "", "img": "https://www.mlbstatic.com/team-logos/138.svg", "team": "stl", "start": "", "in": "7", "result": "Groundout", "evo": "45.9", "la": "-41", "dist": "4"}, {"player": "wenceel perez", "game": "stl @ det", "gameIdx": 0, "hr/park": "", "pa": "41", "dt": "", "img": "https://www.mlbstatic.com/team-logos/116.svg", "team": "det", "start": "", "in": "6", "result": "Flyout", "evo": "87.5", "la": "59", "dist": "185"}, {"player": "matt vierling", "game": "stl @ det", "gameIdx": 0, "hr/park": "", "pa": "40", "dt": "", "img": "https://www.mlbstatic.com/team-logos/116.svg", "team": "det", "start": "", "in": "6", "result": "Single", "evo": "58.5", "la": "-71", "dist": "2"}, {"player": "riley greene", "game": "stl @ det", "gameIdx": 0, "hr/park": "", "pa": "39", "dt": "", "img": "https://www.mlbstatic.com/team-logos/116.svg", "team": "det", "start": "", "in": "6", "result": "Strikeout", "evo": "", "la": "", "dist": ""}, {"player": "parker meadows", "game": "stl @ det", "gameIdx": 0, "hr/park": "0/30", "pa": "38", "dt": "", "img": "https://www.mlbstatic.com/team-logos/116.svg", "team": "det", "start": "", "in": "6", "result": "Flyout", "evo": "99.3", "la": "33", "dist": "358"}, {"player": "willson contreras", "game": "stl @ det", "gameIdx": 0, "hr/park": "", "pa": "37", "dt": "", "img": "https://www.mlbstatic.com/team-logos/138.svg", "team": "stl", "start": "", "in": "6", "result": "Strikeout", "evo": "", "la": "", "dist": ""}, {"player": "brendan donovan", "game": "stl @ det", "gameIdx": 0, "hr/park": "", "pa": "36", "dt": "", "img": "https://www.mlbstatic.com/team-logos/138.svg", "team": "stl", "start": "", "in": "6", "result": "Flyout", "evo": "89.8", "la": "58", "dist": "232"}, {"player": "ivan herrera", "game": "stl @ det", "gameIdx": 0, "hr/park": "", "pa": "35", "dt": "", "img": "https://www.mlbstatic.com/team-logos/138.svg", "team": "stl", "start": "", "in": "6", "result": "Groundout", "evo": "92.2", "la": "-2", "dist": "34"}, {"player": "carson kelly", "game": "stl @ det", "gameIdx": 0, "hr/park": "", "pa": "34", "dt": "", "img": "https://www.mlbstatic.com/team-logos/116.svg", "team": "det", "start": "", "in": "5", "result": "Forceout", "evo": "94.7", "la": "-18", "dist": "6"}, {"player": "zach mckinstry", "game": "stl @ det", "gameIdx": 0, "hr/park": "", "pa": "33", "dt": "", "img": "https://www.mlbstatic.com/team-logos/116.svg", "team": "det", "start": "", "in": "5", "result": "Single", "evo": "66.5", "la": "34", "dist": "200"}, {"player": "colt keith", "game": "stl @ det", "gameIdx": 0, "hr/park": "", "pa": "32", "dt": "", "img": "https://www.mlbstatic.com/team-logos/116.svg", "team": "det", "start": "", "in": "5", "result": "Strikeout", "evo": "", "la": "", "dist": ""}, {"player": "spencer torkelson", "game": "stl @ det", "gameIdx": 0, "hr/park": "", "pa": "31", "dt": "", "img": "https://www.mlbstatic.com/team-logos/116.svg", "team": "det", "start": "", "in": "5", "result": "Strikeout", "evo": "", "la": "", "dist": ""}, {"player": "masyn winn", "game": "stl @ det", "gameIdx": 0, "hr/park": "", "pa": "30", "dt": "", "img": "https://www.mlbstatic.com/team-logos/138.svg", "team": "stl", "start": "", "in": "5", "result": "Strikeout", "evo": "", "la": "", "dist": ""}, {"player": "nolan gorman", "game": "stl @ det", "gameIdx": 0, "hr/park": "", "pa": "29", "dt": "", "img": "https://www.mlbstatic.com/team-logos/138.svg", "team": "stl", "start": "", "in": "5", "result": "Strikeout", "evo": "", "la": "", "dist": ""}, {"player": "alec burleson", "game": "stl @ det", "gameIdx": 0, "hr/park": "", "pa": "28", "dt": "", "img": "https://www.mlbstatic.com/team-logos/138.svg", "team": "stl", "start": "", "in": "5", "result": "Strikeout", "evo": "", "la": "", "dist": ""}, {"player": "kerry carpenter", "game": "stl @ det", "gameIdx": 0, "hr/park": "", "pa": "27", "dt": "", "img": "https://www.mlbstatic.com/team-logos/116.svg", "team": "det", "start": "", "in": "4", "result": "Strikeout", "evo": "", "la": "", "dist": ""}, {"player": "wenceel perez", "game": "stl @ det", "gameIdx": 0, "hr/park": "", "pa": "26", "dt": "", "img": "https://www.mlbstatic.com/team-logos/116.svg", "team": "det", "start": "", "in": "4", "result": "Flyout", "evo": "81.7", "la": "51", "dist": "249"}, {"player": "matt vierling", "game": "stl @ det", "gameIdx": 0, "hr/park": "", "pa": "25", "dt": "", "img": "https://www.mlbstatic.com/team-logos/116.svg", "team": "det", "start": "", "in": "4", "result": "Strikeout", "evo": "", "la": "", "dist": ""}, {"player": "riley greene", "game": "stl @ det", "gameIdx": 0, "hr/park": "28/30", "pa": "24", "dt": "", "img": "https://www.mlbstatic.com/team-logos/116.svg", "team": "det", "start": "", "in": "4", "result": "Home Run", "evo": "109.8", "la": "24", "dist": "421"}, {"player": "paul goldschmidt", "game": "stl @ det", "gameIdx": 0, "hr/park": "0/30", "pa": "23", "dt": "", "img": "https://www.mlbstatic.com/team-logos/138.svg", "team": "stl", "start": "", "in": "4", "result": "Flyout", "evo": "93.2", "la": "26", "dist": "357"}, {"player": "nolan arenado", "game": "stl @ det", "gameIdx": 0, "hr/park": "", "pa": "22", "dt": "", "img": "https://www.mlbstatic.com/team-logos/138.svg", "team": "stl", "start": "", "in": "4", "result": "Single", "evo": "91.4", "la": "12", "dist": "217"}, {"player": "lars nootbaar", "game": "stl @ det", "gameIdx": 0, "hr/park": "", "pa": "21", "dt": "", "img": "https://www.mlbstatic.com/team-logos/138.svg", "team": "stl", "start": "", "in": "4", "result": "Strikeout", "evo": "", "la": "", "dist": ""}, {"player": "willson contreras", "game": "stl @ det", "gameIdx": 0, "hr/park": "", "pa": "20", "dt": "", "img": "https://www.mlbstatic.com/team-logos/138.svg", "team": "stl", "start": "", "in": "4", "result": "Strikeout", "evo": "", "la": "", "dist": ""}, {"player": "parker meadows", "game": "stl @ det", "gameIdx": 0, "hr/park": "", "pa": "19", "dt": "", "img": "https://www.mlbstatic.com/team-logos/116.svg", "team": "det", "start": "", "in": "3", "result": "Flyout", "evo": "75.6", "la": "35", "dist": "265"}, {"player": "carson kelly", "game": "stl @ det", "gameIdx": 0, "hr/park": "0/30", "pa": "18", "dt": "", "img": "https://www.mlbstatic.com/team-logos/116.svg", "team": "det", "start": "", "in": "3", "result": "Flyout", "evo": "96.8", "la": "38", "dist": "358"}, {"player": "zach mckinstry", "game": "stl @ det", "gameIdx": 0, "hr/park": "", "pa": "17", "dt": "", "img": "https://www.mlbstatic.com/team-logos/116.svg", "team": "det", "start": "", "in": "3", "result": "Strikeout", "evo": "", "la": "", "dist": ""}, {"player": "brendan donovan", "game": "stl @ det", "gameIdx": 0, "hr/park": "", "pa": "16", "dt": "", "img": "https://www.mlbstatic.com/team-logos/138.svg", "team": "stl", "start": "", "in": "3", "result": "Groundout", "evo": "82.1", "la": "-2", "dist": "29"}, {"player": "ivan herrera", "game": "stl @ det", "gameIdx": 0, "hr/park": "", "pa": "15", "dt": "", "img": "https://www.mlbstatic.com/team-logos/138.svg", "team": "stl", "start": "", "in": "3", "result": "Single", "evo": "99.7", "la": "13", "dist": "212"}, {"player": "masyn winn", "game": "stl @ det", "gameIdx": 0, "hr/park": "", "pa": "14", "dt": "", "img": "https://www.mlbstatic.com/team-logos/138.svg", "team": "stl", "start": "", "in": "3", "result": "Groundout", "evo": "102.1", "la": "-4", "dist": "31"}, {"player": "nolan gorman", "game": "stl @ det", "gameIdx": 0, "hr/park": "", "pa": "13", "dt": "", "img": "https://www.mlbstatic.com/team-logos/138.svg", "team": "stl", "start": "", "in": "3", "result": "Strikeout", "evo": "", "la": "", "dist": ""}, {"player": "colt keith", "game": "stl @ det", "gameIdx": 0, "hr/park": "17/30", "pa": "12", "dt": "", "img": "https://www.mlbstatic.com/team-logos/116.svg", "team": "det", "start": "", "in": "2", "result": "Flyout", "evo": "105.1", "la": "31", "dist": "408"}, {"player": "spencer torkelson", "game": "stl @ det", "gameIdx": 0, "hr/park": "", "pa": "11", "dt": "", "img": "https://www.mlbstatic.com/team-logos/116.svg", "team": "det", "start": "", "in": "2", "result": "Groundout", "evo": "78.0", "la": "-3", "dist": "28"}, {"player": "kerry carpenter", "game": "stl @ det", "gameIdx": 0, "hr/park": "", "pa": "10", "dt": "", "img": "https://www.mlbstatic.com/team-logos/116.svg", "team": "det", "start": "", "in": "2", "result": "Groundout", "evo": "59.8", "la": "-25", "dist": "5"}, {"player": "alec burleson", "game": "stl @ det", "gameIdx": 0, "hr/park": "", "pa": "9", "dt": "", "img": "https://www.mlbstatic.com/team-logos/138.svg", "team": "stl", "start": "", "in": "2", "result": "Strikeout", "evo": "", "la": "", "dist": ""}, {"player": "paul goldschmidt", "game": "stl @ det", "gameIdx": 0, "hr/park": "", "pa": "8", "dt": "", "img": "https://www.mlbstatic.com/team-logos/138.svg", "team": "stl", "start": "", "in": "2", "result": "Strikeout", "evo": "", "la": "", "dist": ""}, {"player": "nolan arenado", "game": "stl @ det", "gameIdx": 0, "hr/park": "", "pa": "7", "dt": "", "img": "https://www.mlbstatic.com/team-logos/138.svg", "team": "stl", "start": "", "in": "2", "result": "Strikeout", "evo": "", "la": "", "dist": ""}, {"player": "wenceel perez", "game": "stl @ det", "gameIdx": 0, "hr/park": "", "pa": "6", "dt": "", "img": "https://www.mlbstatic.com/team-logos/116.svg", "team": "det", "start": "", "in": "1", "result": "Groundout", "evo": "82.7", "la": "-10", "dist": "8"}, {"player": "matt vierling", "game": "stl @ det", "gameIdx": 0, "hr/park": "", "pa": "5", "dt": "", "img": "https://www.mlbstatic.com/team-logos/116.svg", "team": "det", "start": "", "in": "1", "result": "Strikeout", "evo": "", "la": "", "dist": ""}, {"player": "riley greene", "game": "stl @ det", "gameIdx": 0, "hr/park": "", "pa": "4", "dt": "", "img": "https://www.mlbstatic.com/team-logos/116.svg", "team": "det", "start": "", "in": "1", "result": "Flyout", "evo": "83.3", "la": "40", "dist": "287"}, {"player": "lars nootbaar", "game": "stl @ det", "gameIdx": 0, "hr/park": "", "pa": "3", "dt": "", "img": "https://www.mlbstatic.com/team-logos/138.svg", "team": "stl", "start": "", "in": "1", "result": "Strikeout", "evo": "", "la": "", "dist": ""}, {"player": "willson contreras", "game": "stl @ det", "gameIdx": 0, "hr/park": "", "pa": "2", "dt": "", "img": "https://www.mlbstatic.com/team-logos/138.svg", "team": "stl", "start": "", "in": "1", "result": "Strikeout", "evo": "", "la": "", "dist": ""}, {"player": "brendan donovan", "game": "stl @ det", "gameIdx": 0, "hr/park": "", "pa": "1", "dt": "", "img": "https://www.mlbstatic.com/team-logos/138.svg", "team": "stl", "start": "", "in": "1", "result": "Strikeout", "evo": "", "la": "", "dist": ""}], "stl @ det-gm2": [], "nyy @ bal": [], "col @ mia": [{"player": "dane myers", "game": "col @ mia", "gameIdx": 0, "hr/park": "", "pa": "80", "dt": "", "img": "https://www.mlbstatic.com/team-logos/146.svg", "team": "mia", "start": "", "in": "10", "result": "Single", "evo": "85.0", "la": "3", "dist": "66"}, {"player": "bryan de la cruz", "game": "col @ mia", "gameIdx": 0, "hr/park": "16/30", "pa": "79", "dt": "", "img": "https://www.mlbstatic.com/team-logos/146.svg", "team": "mia", "start": "", "in": "10", "result": "Double", "evo": "101.5", "la": "26", "dist": "377"}, {"player": "luis arraez", "game": "col @ mia", "gameIdx": 0, "hr/park": "", "pa": "78", "dt": "", "img": "https://www.mlbstatic.com/team-logos/146.svg", "team": "mia", "start": "", "in": "10", "result": "Flyout", "evo": "81.0", "la": "29", "dist": "294"}, {"player": "hunter goodman", "game": "col @ mia", "gameIdx": 0, "hr/park": "", "pa": "77", "dt": "", "img": "https://www.mlbstatic.com/team-logos/115.svg", "team": "col", "start": "", "in": "10", "result": "Strikeout", "evo": "", "la": "", "dist": ""}, {"player": "ryan mcmahon", "game": "col @ mia", "gameIdx": 0, "hr/park": "0/30", "pa": "75", "dt": "", "img": "https://www.mlbstatic.com/team-logos/115.svg", "team": "col", "start": "", "in": "10", "result": "Double", "evo": "100.6", "la": "22", "dist": "338"}, {"player": "brenton doyle", "game": "col @ mia", "gameIdx": 0, "hr/park": "", "pa": "74", "dt": "", "img": "https://www.mlbstatic.com/team-logos/115.svg", "team": "col", "start": "", "in": "10", "result": "Strikeout", "evo": "", "la": "", "dist": ""}, {"player": "ezequiel tovar", "game": "col @ mia", "gameIdx": 0, "hr/park": "", "pa": "73", "dt": "", "img": "https://www.mlbstatic.com/team-logos/115.svg", "team": "col", "start": "", "in": "10", "result": "Groundout", "evo": "60.4", "la": "-24", "dist": "6"}, {"player": "christian bethancourt", "game": "col @ mia", "gameIdx": 0, "hr/park": "11/30", "pa": "72", "dt": "", "img": "https://www.mlbstatic.com/team-logos/146.svg", "team": "mia", "start": "", "in": "9", "result": "Flyout", "evo": "97.0", "la": "31", "dist": "369"}, {"player": "nick gordon", "game": "col @ mia", "gameIdx": 0, "hr/park": "", "pa": "70", "dt": "", "img": "https://www.mlbstatic.com/team-logos/146.svg", "team": "mia", "start": "", "in": "9", "result": "Strikeout", "evo": "", "la": "", "dist": ""}, {"player": "emmanuel rivera", "game": "col @ mia", "gameIdx": 0, "hr/park": "", "pa": "69", "dt": "", "img": "https://www.mlbstatic.com/team-logos/146.svg", "team": "mia", "start": "", "in": "9", "result": "Sac Fly", "evo": "89.1", "la": "33", "dist": "286"}, {"player": "jesus sanchez", "game": "col @ mia", "gameIdx": 0, "hr/park": "", "pa": "68", "dt": "", "img": "https://www.mlbstatic.com/team-logos/146.svg", "team": "mia", "start": "", "in": "9", "result": "Hit By Pitch", "evo": "", "la": "", "dist": ""}, {"player": "josh bell", "game": "col @ mia", "gameIdx": 0, "hr/park": "", "pa": "67", "dt": "", "img": "https://www.mlbstatic.com/team-logos/146.svg", "team": "mia", "start": "", "in": "9", "result": "Single", "evo": "105.8", "la": "8", "dist": "228"}, {"player": "dane myers", "game": "col @ mia", "gameIdx": 0, "hr/park": "", "pa": "66", "dt": "", "img": "https://www.mlbstatic.com/team-logos/146.svg", "team": "mia", "start": "", "in": "9", "result": "Single", "evo": "98.8", "la": "8", "dist": "162"}, {"player": "bryan de la cruz", "game": "col @ mia", "gameIdx": 0, "hr/park": "", "pa": "65", "dt": "", "img": "https://www.mlbstatic.com/team-logos/146.svg", "team": "mia", "start": "", "in": "9", "result": "Walk", "evo": "", "la": "", "dist": ""}, {"player": "luis arraez", "game": "col @ mia", "gameIdx": 0, "hr/park": "0/30", "pa": "64", "dt": "", "img": "https://www.mlbstatic.com/team-logos/146.svg", "team": "mia", "start": "", "in": "9", "result": "Double", "evo": "101.2", "la": "20", "dist": "307"}, {"player": "christian bethancourt", "game": "col @ mia", "gameIdx": 0, "hr/park": "", "pa": "63", "dt": "", "img": "https://www.mlbstatic.com/team-logos/146.svg", "team": "mia", "start": "", "in": "9", "result": "Hit By Pitch", "evo": "", "la": "", "dist": ""}, {"player": "vidal brujan", "game": "col @ mia", "gameIdx": 0, "hr/park": "", "pa": "62", "dt": "", "img": "https://www.mlbstatic.com/team-logos/146.svg", "team": "mia", "start": "", "in": "9", "result": "Single", "evo": "99.8", "la": "2", "dist": "60"}, {"player": "sean bouchard", "game": "col @ mia", "gameIdx": 0, "hr/park": "", "pa": "61", "dt": "", "img": "https://www.mlbstatic.com/team-logos/115.svg", "team": "col", "start": "", "in": "9", "result": "Strikeout", "evo": "", "la": "", "dist": ""}, {"player": "jordan beck", "game": "col @ mia", "gameIdx": 0, "hr/park": "", "pa": "60", "dt": "", "img": "https://www.mlbstatic.com/team-logos/115.svg", "team": "col", "start": "", "in": "9", "result": "Strikeout", "evo": "", "la": "", "dist": ""}, {"player": "elehuris montero", "game": "col @ mia", "gameIdx": 0, "hr/park": "", "pa": "59", "dt": "", "img": "https://www.mlbstatic.com/team-logos/115.svg", "team": "col", "start": "", "in": "9", "result": "Pop Out", "evo": "77.1", "la": "59", "dist": "188"}, {"player": "nick gordon", "game": "col @ mia", "gameIdx": 0, "hr/park": "", "pa": "58", "dt": "", "img": "https://www.mlbstatic.com/team-logos/146.svg", "team": "mia", "start": "", "in": "8", "result": "Groundout", "evo": "92.8", "la": "-21", "dist": "7"}, {"player": "emmanuel rivera", "game": "col @ mia", "gameIdx": 0, "hr/park": "", "pa": "57", "dt": "", "img": "https://www.mlbstatic.com/team-logos/146.svg", "team": "mia", "start": "", "in": "8", "result": "Lineout", "evo": "76.0", "la": "15", "dist": "164"}, {"player": "jesus sanchez", "game": "col @ mia", "gameIdx": 0, "hr/park": "", "pa": "56", "dt": "", "img": "https://www.mlbstatic.com/team-logos/146.svg", "team": "mia", "start": "", "in": "8", "result": "Groundout", "evo": "74.7", "la": "-44", "dist": "4"}, {"player": "brendan rodgers", "game": "col @ mia", "gameIdx": 0, "hr/park": "", "pa": "55", "dt": "", "img": "https://www.mlbstatic.com/team-logos/115.svg", "team": "col", "start": "", "in": "8", "result": "Strikeout", "evo": "", "la": "", "dist": ""}, {"player": "charlie blackmon", "game": "col @ mia", "gameIdx": 0, "hr/park": "", "pa": "54", "dt": "", "img": "https://www.mlbstatic.com/team-logos/115.svg", "team": "col", "start": "", "in": "8", "result": "Groundout", "evo": "99.7", "la": "-4", "dist": "27"}, {"player": "elias diaz", "game": "col @ mia", "gameIdx": 0, "hr/park": "", "pa": "53", "dt": "", "img": "https://www.mlbstatic.com/team-logos/115.svg", "team": "col", "start": "", "in": "8", "result": "Flyout", "evo": "79.7", "la": "32", "dist": "281"}, {"player": "josh bell", "game": "col @ mia", "gameIdx": 0, "hr/park": "", "pa": "52", "dt": "", "img": "https://www.mlbstatic.com/team-logos/146.svg", "team": "mia", "start": "", "in": "7", "result": "Pop Out", "evo": "86.5", "la": "60", "dist": "184"}, {"player": "jazz chisholm", "game": "col @ mia", "gameIdx": 0, "hr/park": "", "pa": "51", "dt": "", "img": "https://www.mlbstatic.com/team-logos/146.svg", "team": "mia", "start": "", "in": "7", "result": "Strikeout", "evo": "", "la": "", "dist": ""}, {"player": "bryan de la cruz", "game": "col @ mia", "gameIdx": 0, "hr/park": "", "pa": "50", "dt": "", "img": "https://www.mlbstatic.com/team-logos/146.svg", "team": "mia", "start": "", "in": "7", "result": "Single", "evo": "56.0", "la": "-66", "dist": "3"}, {"player": "luis arraez", "game": "col @ mia", "gameIdx": 0, "hr/park": "", "pa": "49", "dt": "", "img": "https://www.mlbstatic.com/team-logos/146.svg", "team": "mia", "start": "", "in": "7", "result": "Flyout", "evo": "91.7", "la": "48", "dist": "280"}, {"player": "ryan mcmahon", "game": "col @ mia", "gameIdx": 0, "hr/park": "", "pa": "48", "dt": "", "img": "https://www.mlbstatic.com/team-logos/115.svg", "team": "col", "start": "", "in": "7", "result": "Groundout", "evo": "79.0", "la": "-24", "dist": "6"}, {"player": "brenton doyle", "game": "col @ mia", "gameIdx": 0, "hr/park": "", "pa": "47", "dt": "", "img": "https://www.mlbstatic.com/team-logos/115.svg", "team": "col", "start": "", "in": "7", "result": "Strikeout", "evo": "", "la": "", "dist": ""}, {"player": "ezequiel tovar", "game": "col @ mia", "gameIdx": 0, "hr/park": "", "pa": "46", "dt": "", "img": "https://www.mlbstatic.com/team-logos/115.svg", "team": "col", "start": "", "in": "7", "result": "Flyout", "evo": "95.4", "la": "51", "dist": "249"}, {"player": "christian bethancourt", "game": "col @ mia", "gameIdx": 0, "hr/park": "", "pa": "45", "dt": "", "img": "https://www.mlbstatic.com/team-logos/146.svg", "team": "mia", "start": "", "in": "6", "result": "Flyout", "evo": "80.0", "la": "54", "dist": "201"}, {"player": "vidal brujan", "game": "col @ mia", "gameIdx": 0, "hr/park": "", "pa": "44", "dt": "", "img": "https://www.mlbstatic.com/team-logos/146.svg", "team": "mia", "start": "", "in": "6", "result": "Groundout", "evo": "85.5", "la": "-12", "dist": "14"}, {"player": "nick gordon", "game": "col @ mia", "gameIdx": 0, "hr/park": "0/30", "pa": "43", "dt": "", "img": "https://www.mlbstatic.com/team-logos/146.svg", "team": "mia", "start": "", "in": "6", "result": "Flyout", "evo": "98.7", "la": "38", "dist": "341"}, {"player": "sean bouchard", "game": "col @ mia", "gameIdx": 0, "hr/park": "", "pa": "42", "dt": "", "img": "https://www.mlbstatic.com/team-logos/115.svg", "team": "col", "start": "", "in": "6", "result": "Forceout", "evo": "75.6", "la": "4", "dist": "65"}, {"player": "jordan beck", "game": "col @ mia", "gameIdx": 0, "hr/park": "", "pa": "41", "dt": "", "img": "https://www.mlbstatic.com/team-logos/115.svg", "team": "col", "start": "", "in": "6", "result": "Single", "evo": "102.1", "la": "1", "dist": "55"}, {"player": "elehuris montero", "game": "col @ mia", "gameIdx": 0, "hr/park": "", "pa": "40", "dt": "", "img": "https://www.mlbstatic.com/team-logos/115.svg", "team": "col", "start": "", "in": "6", "result": "Strikeout", "evo": "", "la": "", "dist": ""}, {"player": "brendan rodgers", "game": "col @ mia", "gameIdx": 0, "hr/park": "", "pa": "39", "dt": "", "img": "https://www.mlbstatic.com/team-logos/115.svg", "team": "col", "start": "", "in": "6", "result": "Strikeout", "evo": "", "la": "", "dist": ""}, {"player": "emmanuel rivera", "game": "col @ mia", "gameIdx": 0, "hr/park": "", "pa": "38", "dt": "", "img": "https://www.mlbstatic.com/team-logos/146.svg", "team": "mia", "start": "", "in": "5", "result": "Groundout", "evo": "87.1", "la": "-18", "dist": "7"}, {"player": "jesus sanchez", "game": "col @ mia", "gameIdx": 0, "hr/park": "", "pa": "37", "dt": "", "img": "https://www.mlbstatic.com/team-logos/146.svg", "team": "mia", "start": "", "in": "5", "result": "Strikeout", "evo": "", "la": "", "dist": ""}, {"player": "josh bell", "game": "col @ mia", "gameIdx": 0, "hr/park": "", "pa": "36", "dt": "", "img": "https://www.mlbstatic.com/team-logos/146.svg", "team": "mia", "start": "", "in": "5", "result": "Strikeout", "evo": "", "la": "", "dist": ""}, {"player": "charlie blackmon", "game": "col @ mia", "gameIdx": 0, "hr/park": "0/30", "pa": "35", "dt": "", "img": "https://www.mlbstatic.com/team-logos/115.svg", "team": "col", "start": "", "in": "5", "result": "Flyout", "evo": "93.5", "la": "43", "dist": "308"}, {"player": "elias diaz", "game": "col @ mia", "gameIdx": 0, "hr/park": "", "pa": "34", "dt": "", "img": "https://www.mlbstatic.com/team-logos/115.svg", "team": "col", "start": "", "in": "5", "result": "Walk", "evo": "", "la": "", "dist": ""}, {"player": "ryan mcmahon", "game": "col @ mia", "gameIdx": 0, "hr/park": "", "pa": "33", "dt": "", "img": "https://www.mlbstatic.com/team-logos/115.svg", "team": "col", "start": "", "in": "5", "result": "Strikeout", "evo": "", "la": "", "dist": ""}, {"player": "brenton doyle", "game": "col @ mia", "gameIdx": 0, "hr/park": "", "pa": "32", "dt": "", "img": "https://www.mlbstatic.com/team-logos/115.svg", "team": "col", "start": "", "in": "5", "result": "Strikeout", "evo": "", "la": "", "dist": ""}, {"player": "jazz chisholm", "game": "col @ mia", "gameIdx": 0, "hr/park": "", "pa": "31", "dt": "", "img": "https://www.mlbstatic.com/team-logos/146.svg", "team": "mia", "start": "", "in": "4", "result": "Flyout", "evo": "88.9", "la": "54", "dist": "242"}, {"player": "bryan de la cruz", "game": "col @ mia", "gameIdx": 0, "hr/park": "", "pa": "30", "dt": "", "img": "https://www.mlbstatic.com/team-logos/146.svg", "team": "mia", "start": "", "in": "4", "result": "Groundout", "evo": "94.1", "la": "-30", "dist": "4"}, {"player": "luis arraez", "game": "col @ mia", "gameIdx": 0, "hr/park": "", "pa": "29", "dt": "", "img": "https://www.mlbstatic.com/team-logos/146.svg", "team": "mia", "start": "", "in": "4", "result": "Groundout", "evo": "74.8", "la": "-34", "dist": "6"}, {"player": "ezequiel tovar", "game": "col @ mia", "gameIdx": 0, "hr/park": "", "pa": "28", "dt": "", "img": "https://www.mlbstatic.com/team-logos/115.svg", "team": "col", "start": "", "in": "4", "result": "Groundout", "evo": "92.3", "la": "-9", "dist": "12"}, {"player": "sean bouchard", "game": "col @ mia", "gameIdx": 0, "hr/park": "", "pa": "27", "dt": "", "img": "https://www.mlbstatic.com/team-logos/115.svg", "team": "col", "start": "", "in": "4", "result": "Strikeout", "evo": "", "la": "", "dist": ""}, {"player": "jordan beck", "game": "col @ mia", "gameIdx": 0, "hr/park": "0/30", "pa": "26", "dt": "", "img": "https://www.mlbstatic.com/team-logos/115.svg", "team": "col", "start": "", "in": "4", "result": "Flyout", "evo": "97.4", "la": "41", "dist": "312"}, {"player": "christian bethancourt", "game": "col @ mia", "gameIdx": 0, "hr/park": "", "pa": "25", "dt": "", "img": "https://www.mlbstatic.com/team-logos/146.svg", "team": "mia", "start": "", "in": "3", "result": "Pop Out", "evo": "73.7", "la": "76", "dist": "56"}, {"player": "vidal brujan", "game": "col @ mia", "gameIdx": 0, "hr/park": "", "pa": "24", "dt": "", "img": "https://www.mlbstatic.com/team-logos/146.svg", "team": "mia", "start": "", "in": "3", "result": "Single", "evo": "68.3", "la": "35", "dist": "234"}, {"player": "nick gordon", "game": "col @ mia", "gameIdx": 0, "hr/park": "", "pa": "23", "dt": "", "img": "https://www.mlbstatic.com/team-logos/146.svg", "team": "mia", "start": "", "in": "3", "result": "Groundout", "evo": "55.5", "la": "-64", "dist": "3"}, {"player": "elehuris montero", "game": "col @ mia", "gameIdx": 0, "hr/park": "", "pa": "22", "dt": "", "img": "https://www.mlbstatic.com/team-logos/115.svg", "team": "col", "start": "", "in": "3", "result": "Strikeout", "evo": "", "la": "", "dist": ""}, {"player": "brendan rodgers", "game": "col @ mia", "gameIdx": 0, "hr/park": "", "pa": "21", "dt": "", "img": "https://www.mlbstatic.com/team-logos/115.svg", "team": "col", "start": "", "in": "3", "result": "Groundout", "evo": "101.7", "la": "-10", "dist": "14"}, {"player": "charlie blackmon", "game": "col @ mia", "gameIdx": 0, "hr/park": "", "pa": "20", "dt": "", "img": "https://www.mlbstatic.com/team-logos/115.svg", "team": "col", "start": "", "in": "3", "result": "Groundout", "evo": "107.4", "la": "-4", "dist": "23"}, {"player": "emmanuel rivera", "game": "col @ mia", "gameIdx": 0, "hr/park": "0/30", "pa": "19", "dt": "", "img": "https://www.mlbstatic.com/team-logos/146.svg", "team": "mia", "start": "", "in": "2", "result": "Lineout", "evo": "93.5", "la": "21", "dist": "306"}, {"player": "jesus sanchez", "game": "col @ mia", "gameIdx": 0, "hr/park": "", "pa": "18", "dt": "", "img": "https://www.mlbstatic.com/team-logos/146.svg", "team": "mia", "start": "", "in": "2", "result": "GIDP", "evo": "107.5", "la": "-3", "dist": "39"}, {"player": "josh bell", "game": "col @ mia", "gameIdx": 0, "hr/park": "", "pa": "17", "dt": "", "img": "https://www.mlbstatic.com/team-logos/146.svg", "team": "mia", "start": "", "in": "2", "result": "Single", "evo": "102.8", "la": "4", "dist": "71"}, {"player": "elias diaz", "game": "col @ mia", "gameIdx": 0, "hr/park": "", "pa": "16", "dt": "", "img": "https://www.mlbstatic.com/team-logos/115.svg", "team": "col", "start": "", "in": "2", "result": "Strikeout", "evo": "", "la": "", "dist": ""}, {"player": "ryan mcmahon", "game": "col @ mia", "gameIdx": 0, "hr/park": "", "pa": "15", "dt": "", "img": "https://www.mlbstatic.com/team-logos/115.svg", "team": "col", "start": "", "in": "2", "result": "Double", "evo": "64.1", "la": "7", "dist": "76"}, {"player": "brenton doyle", "game": "col @ mia", "gameIdx": 0, "hr/park": "0/30", "pa": "14", "dt": "", "img": "https://www.mlbstatic.com/team-logos/115.svg", "team": "col", "start": "", "in": "2", "result": "Flyout", "evo": "94.1", "la": "29", "dist": "363"}, {"player": "ezequiel tovar", "game": "col @ mia", "gameIdx": 0, "hr/park": "", "pa": "13", "dt": "", "img": "https://www.mlbstatic.com/team-logos/115.svg", "team": "col", "start": "", "in": "2", "result": "Flyout", "evo": "84.9", "la": "50", "dist": "244"}, {"player": "jazz chisholm", "game": "col @ mia", "gameIdx": 0, "hr/park": "", "pa": "12", "dt": "", "img": "https://www.mlbstatic.com/team-logos/146.svg", "team": "mia", "start": "", "in": "1", "result": "Groundout", "evo": "96.3", "la": "-1", "dist": "39"}, {"player": "bryan de la cruz", "game": "col @ mia", "gameIdx": 0, "hr/park": "", "pa": "11", "dt": "", "img": "https://www.mlbstatic.com/team-logos/146.svg", "team": "mia", "start": "", "in": "1", "result": "Flyout", "evo": "74.2", "la": "31", "dist": "261"}, {"player": "luis arraez", "game": "col @ mia", "gameIdx": 0, "hr/park": "", "pa": "10", "dt": "", "img": "https://www.mlbstatic.com/team-logos/146.svg", "team": "mia", "start": "", "in": "1", "result": "Lineout", "evo": "83.6", "la": "23", "dist": "265"}, {"player": "sean bouchard", "game": "col @ mia", "gameIdx": 0, "hr/park": "", "pa": "9", "dt": "", "img": "https://www.mlbstatic.com/team-logos/115.svg", "team": "col", "start": "", "in": "1", "result": "Groundout", "evo": "76.2", "la": "-40", "dist": "4"}, {"player": "jordan beck", "game": "col @ mia", "gameIdx": 0, "hr/park": "", "pa": "8", "dt": "", "img": "https://www.mlbstatic.com/team-logos/115.svg", "team": "col", "start": "", "in": "1", "result": "Single", "evo": "99.3", "la": "15", "dist": "266"}, {"player": "elehuris montero", "game": "col @ mia", "gameIdx": 0, "hr/park": "23/30", "pa": "7", "dt": "", "img": "https://www.mlbstatic.com/team-logos/115.svg", "team": "col", "start": "", "in": "1", "result": "Home Run", "evo": "107.6", "la": "21", "dist": "409"}, {"player": "brendan rodgers", "game": "col @ mia", "gameIdx": 0, "hr/park": "", "pa": "6", "dt": "", "img": "https://www.mlbstatic.com/team-logos/115.svg", "team": "col", "start": "", "in": "1", "result": "Single", "evo": "99.9", "la": "10", "dist": "216"}, {"player": "charlie blackmon", "game": "col @ mia", "gameIdx": 0, "hr/park": "", "pa": "5", "dt": "", "img": "https://www.mlbstatic.com/team-logos/115.svg", "team": "col", "start": "", "in": "1", "result": "Single", "evo": "97.7", "la": "16", "dist": "256"}, {"player": "elias diaz", "game": "col @ mia", "gameIdx": 0, "hr/park": "", "pa": "4", "dt": "", "img": "https://www.mlbstatic.com/team-logos/115.svg", "team": "col", "start": "", "in": "1", "result": "Groundout", "evo": "95.9", "la": "-13", "dist": "13"}, {"player": "ryan mcmahon", "game": "col @ mia", "gameIdx": 0, "hr/park": "", "pa": "3", "dt": "", "img": "https://www.mlbstatic.com/team-logos/115.svg", "team": "col", "start": "", "in": "1", "result": "Single", "evo": "97.5", "la": "9", "dist": "192"}, {"player": "brenton doyle", "game": "col @ mia", "gameIdx": 0, "hr/park": "", "pa": "2", "dt": "", "img": "https://www.mlbstatic.com/team-logos/115.svg", "team": "col", "start": "", "in": "1", "result": "Sac Bunt", "evo": "37.7", "la": "-40", "dist": "6"}, {"player": "ezequiel tovar", "game": "col @ mia", "gameIdx": 0, "hr/park": "", "pa": "1", "dt": "", "img": "https://www.mlbstatic.com/team-logos/115.svg", "team": "col", "start": "", "in": "1", "result": "Double", "evo": "99.6", "la": "8", "dist": "138"}], "kc @ tor": [], "chc @ nym": [{"player": "pete crow armstrong", "game": "chc @ nym", "gameIdx": 0, "hr/park": "", "pa": "69", "dt": "", "img": "https://www.mlbstatic.com/team-logos/112.svg", "team": "chc", "start": "", "in": "9", "result": "Pop Out", "evo": "96.1", "la": "73", "dist": "76"}, {"player": "matt mervis", "game": "chc @ nym", "gameIdx": 0, "hr/park": "", "pa": "68", "dt": "", "img": "https://www.mlbstatic.com/team-logos/112.svg", "team": "chc", "start": "", "in": "9", "result": "Groundout", "evo": "69.4", "la": "-25", "dist": "5"}, {"player": "nick madrigal", "game": "chc @ nym", "gameIdx": 0, "hr/park": "", "pa": "67", "dt": "", "img": "https://www.mlbstatic.com/team-logos/112.svg", "team": "chc", "start": "", "in": "9", "result": "Groundout", "evo": "91.2", "la": "-39", "dist": "4"}, {"player": "mike tauchman", "game": "chc @ nym", "gameIdx": 0, "hr/park": "", "pa": "66", "dt": "", "img": "https://www.mlbstatic.com/team-logos/112.svg", "team": "chc", "start": "", "in": "9", "result": "Double", "evo": "89.0", "la": "-9", "dist": "16"}, {"player": "tyrone taylor", "game": "chc @ nym", "gameIdx": 0, "hr/park": "", "pa": "65", "dt": "", "img": "https://www.mlbstatic.com/team-logos/121.svg", "team": "nym", "start": "", "in": "8", "result": "Flyout", "evo": "69.4", "la": "41", "dist": "215"}, {"player": "jeff mcneil", "game": "chc @ nym", "gameIdx": 0, "hr/park": "", "pa": "64", "dt": "", "img": "https://www.mlbstatic.com/team-logos/121.svg", "team": "nym", "start": "", "in": "8", "result": "Walk", "evo": "", "la": "", "dist": ""}, {"player": "jd martinez", "game": "chc @ nym", "gameIdx": 0, "hr/park": "", "pa": "63", "dt": "", "img": "https://www.mlbstatic.com/team-logos/121.svg", "team": "nym", "start": "", "in": "8", "result": "Strikeout", "evo": "", "la": "", "dist": ""}, {"player": "pete alonso", "game": "chc @ nym", "gameIdx": 0, "hr/park": "0/30", "pa": "62", "dt": "", "img": "https://www.mlbstatic.com/team-logos/121.svg", "team": "nym", "start": "", "in": "8", "result": "Lineout", "evo": "112.9", "la": "11", "dist": "301"}, {"player": "dansby swanson", "game": "chc @ nym", "gameIdx": 0, "hr/park": "", "pa": "61", "dt": "", "img": "https://www.mlbstatic.com/team-logos/112.svg", "team": "chc", "start": "", "in": "8", "result": "Strikeout", "evo": "", "la": "", "dist": ""}, {"player": "christopher morel", "game": "chc @ nym", "gameIdx": 0, "hr/park": "", "pa": "60", "dt": "", "img": "https://www.mlbstatic.com/team-logos/112.svg", "team": "chc", "start": "", "in": "8", "result": "Groundout", "evo": "79.5", "la": "-42", "dist": "4"}, {"player": "ian happ", "game": "chc @ nym", "gameIdx": 0, "hr/park": "", "pa": "59", "dt": "", "img": "https://www.mlbstatic.com/team-logos/112.svg", "team": "chc", "start": "", "in": "8", "result": "Groundout", "evo": "94.3", "la": "-11", "dist": "13"}, {"player": "francisco lindor", "game": "chc @ nym", "gameIdx": 0, "hr/park": "", "pa": "58", "dt": "", "img": "https://www.mlbstatic.com/team-logos/121.svg", "team": "nym", "start": "", "in": "7", "result": "Strikeout", "evo": "", "la": "", "dist": ""}, {"player": "brandon nimmo", "game": "chc @ nym", "gameIdx": 0, "hr/park": "", "pa": "57", "dt": "", "img": "https://www.mlbstatic.com/team-logos/121.svg", "team": "nym", "start": "", "in": "7", "result": "Groundout", "evo": "71.3", "la": "-34", "dist": "5"}, {"player": "omar narvaez", "game": "chc @ nym", "gameIdx": 0, "hr/park": "", "pa": "56", "dt": "", "img": "https://www.mlbstatic.com/team-logos/121.svg", "team": "nym", "start": "", "in": "7", "result": "Strikeout", "evo": "", "la": "", "dist": ""}, {"player": "michael busch", "game": "chc @ nym", "gameIdx": 0, "hr/park": "", "pa": "55", "dt": "", "img": "https://www.mlbstatic.com/team-logos/112.svg", "team": "chc", "start": "", "in": "7", "result": "Pop Out", "evo": "49.3", "la": "54", "dist": "110"}, {"player": "nico hoerner", "game": "chc @ nym", "gameIdx": 0, "hr/park": "", "pa": "54", "dt": "", "img": "https://www.mlbstatic.com/team-logos/112.svg", "team": "chc", "start": "", "in": "7", "result": "Forceout", "evo": "75.5", "la": "-16", "dist": "9"}, {"player": "pete crow armstrong", "game": "chc @ nym", "gameIdx": 0, "hr/park": "", "pa": "53", "dt": "", "img": "https://www.mlbstatic.com/team-logos/112.svg", "team": "chc", "start": "", "in": "7", "result": "Strikeout", "evo": "", "la": "", "dist": ""}, {"player": "miguel amaya", "game": "chc @ nym", "gameIdx": 0, "hr/park": "", "pa": "52", "dt": "", "img": "https://www.mlbstatic.com/team-logos/112.svg", "team": "chc", "start": "", "in": "7", "result": "Walk", "evo": "", "la": "", "dist": ""}, {"player": "brett baty", "game": "chc @ nym", "gameIdx": 0, "hr/park": "", "pa": "51", "dt": "", "img": "https://www.mlbstatic.com/team-logos/121.svg", "team": "nym", "start": "", "in": "6", "result": "Flyout", "evo": "95.5", "la": "62", "dist": "179"}, {"player": "dj stewart", "game": "chc @ nym", "gameIdx": 0, "hr/park": "30/30", "pa": "50", "dt": "", "img": "https://www.mlbstatic.com/team-logos/121.svg", "team": "nym", "start": "", "in": "6", "result": "Home Run", "evo": "104.3", "la": "29", "dist": "388"}, {"player": "tyrone taylor", "game": "chc @ nym", "gameIdx": 0, "hr/park": "", "pa": "49", "dt": "", "img": "https://www.mlbstatic.com/team-logos/121.svg", "team": "nym", "start": "", "in": "6", "result": "Single", "evo": "92.0", "la": "4", "dist": "81"}, {"player": "jeff mcneil", "game": "chc @ nym", "gameIdx": 0, "hr/park": "", "pa": "48", "dt": "", "img": "https://www.mlbstatic.com/team-logos/121.svg", "team": "nym", "start": "", "in": "6", "result": "Flyout", "evo": "87.6", "la": "61", "dist": "180"}, {"player": "jd martinez", "game": "chc @ nym", "gameIdx": 0, "hr/park": "", "pa": "47", "dt": "", "img": "https://www.mlbstatic.com/team-logos/121.svg", "team": "nym", "start": "", "in": "6", "result": "Field Error", "evo": "90.2", "la": "-28", "dist": "5"}, {"player": "pete alonso", "game": "chc @ nym", "gameIdx": 0, "hr/park": "", "pa": "46", "dt": "", "img": "https://www.mlbstatic.com/team-logos/121.svg", "team": "nym", "start": "", "in": "6", "result": "Pop Out", "evo": "90.5", "la": "67", "dist": "86"}, {"player": "nick madrigal", "game": "chc @ nym", "gameIdx": 0, "hr/park": "", "pa": "45", "dt": "", "img": "https://www.mlbstatic.com/team-logos/112.svg", "team": "chc", "start": "", "in": "6", "result": "Groundout", "evo": "92.4", "la": "1", "dist": "70"}, {"player": "mike tauchman", "game": "chc @ nym", "gameIdx": 0, "hr/park": "", "pa": "44", "dt": "", "img": "https://www.mlbstatic.com/team-logos/112.svg", "team": "chc", "start": "", "in": "6", "result": "Strikeout", "evo": "", "la": "", "dist": ""}, {"player": "dansby swanson", "game": "chc @ nym", "gameIdx": 0, "hr/park": "", "pa": "43", "dt": "", "img": "https://www.mlbstatic.com/team-logos/112.svg", "team": "chc", "start": "", "in": "6", "result": "Groundout", "evo": "104.7", "la": "3", "dist": "71"}, {"player": "christopher morel", "game": "chc @ nym", "gameIdx": 0, "hr/park": "", "pa": "42", "dt": "", "img": "https://www.mlbstatic.com/team-logos/112.svg", "team": "chc", "start": "", "in": "6", "result": "Walk", "evo": "", "la": "", "dist": ""}, {"player": "francisco lindor", "game": "chc @ nym", "gameIdx": 0, "hr/park": "", "pa": "41", "dt": "", "img": "https://www.mlbstatic.com/team-logos/121.svg", "team": "nym", "start": "", "in": "5", "result": "Flyout", "evo": "98.0", "la": "47", "dist": "288"}, {"player": "brandon nimmo", "game": "chc @ nym", "gameIdx": 0, "hr/park": "", "pa": "40", "dt": "", "img": "https://www.mlbstatic.com/team-logos/121.svg", "team": "nym", "start": "", "in": "5", "result": "Single", "evo": "107.7", "la": "16", "dist": "293"}, {"player": "omar narvaez", "game": "chc @ nym", "gameIdx": 0, "hr/park": "", "pa": "39", "dt": "", "img": "https://www.mlbstatic.com/team-logos/121.svg", "team": "nym", "start": "", "in": "5", "result": "Groundout", "evo": "92.9", "la": "-12", "dist": "11"}, {"player": "brett baty", "game": "chc @ nym", "gameIdx": 0, "hr/park": "", "pa": "38", "dt": "", "img": "https://www.mlbstatic.com/team-logos/121.svg", "team": "nym", "start": "", "in": "5", "result": "Groundout", "evo": "62.6", "la": "2", "dist": "34"}, {"player": "ian happ", "game": "chc @ nym", "gameIdx": 0, "hr/park": "", "pa": "37", "dt": "", "img": "https://www.mlbstatic.com/team-logos/112.svg", "team": "chc", "start": "", "in": "5", "result": "Groundout", "evo": "53.6", "la": "-41", "dist": "5"}, {"player": "patrick wisdom", "game": "chc @ nym", "gameIdx": 0, "hr/park": "", "pa": "36", "dt": "", "img": "https://www.mlbstatic.com/team-logos/112.svg", "team": "chc", "start": "", "in": "5", "result": "Forceout", "evo": "80.5", "la": "6", "dist": "84"}, {"player": "nico hoerner", "game": "chc @ nym", "gameIdx": 0, "hr/park": "0/30", "pa": "35", "dt": "", "img": "https://www.mlbstatic.com/team-logos/112.svg", "team": "chc", "start": "", "in": "5", "result": "Lineout", "evo": "82.5", "la": "28", "dist": "300"}, {"player": "alexander canario", "game": "chc @ nym", "gameIdx": 0, "hr/park": "", "pa": "34", "dt": "", "img": "https://www.mlbstatic.com/team-logos/112.svg", "team": "chc", "start": "", "in": "5", "result": "Single", "evo": "81.4", "la": "-49", "dist": "3"}, {"player": "dj stewart", "game": "chc @ nym", "gameIdx": 0, "hr/park": "", "pa": "33", "dt": "", "img": "https://www.mlbstatic.com/team-logos/121.svg", "team": "nym", "start": "", "in": "4", "result": "Flyout", "evo": "81.1", "la": "30", "dist": "294"}, {"player": "tyrone taylor", "game": "chc @ nym", "gameIdx": 0, "hr/park": "", "pa": "32", "dt": "", "img": "https://www.mlbstatic.com/team-logos/121.svg", "team": "nym", "start": "", "in": "4", "result": "Groundout", "evo": "94.2", "la": "-3", "dist": "34"}, {"player": "jeff mcneil", "game": "chc @ nym", "gameIdx": 0, "hr/park": "", "pa": "31", "dt": "", "img": "https://www.mlbstatic.com/team-logos/121.svg", "team": "nym", "start": "", "in": "4", "result": "Groundout", "evo": "90.5", "la": "-22", "dist": "7"}, {"player": "miguel amaya", "game": "chc @ nym", "gameIdx": 0, "hr/park": "", "pa": "30", "dt": "", "img": "https://www.mlbstatic.com/team-logos/112.svg", "team": "chc", "start": "", "in": "4", "result": "Flyout", "evo": "94.3", "la": "52", "dist": "232"}, {"player": "nick madrigal", "game": "chc @ nym", "gameIdx": 0, "hr/park": "", "pa": "29", "dt": "", "img": "https://www.mlbstatic.com/team-logos/112.svg", "team": "chc", "start": "", "in": "4", "result": "Pop Out", "evo": "73.8", "la": "63", "dist": "146"}, {"player": "mike tauchman", "game": "chc @ nym", "gameIdx": 0, "hr/park": "", "pa": "28", "dt": "", "img": "https://www.mlbstatic.com/team-logos/112.svg", "team": "chc", "start": "", "in": "4", "result": "Groundout", "evo": "95.6", "la": "6", "dist": "102"}, {"player": "jd martinez", "game": "chc @ nym", "gameIdx": 0, "hr/park": "5/30", "pa": "27", "dt": "", "img": "https://www.mlbstatic.com/team-logos/121.svg", "team": "nym", "start": "", "in": "3", "result": "Flyout", "evo": "98.7", "la": "28", "dist": "339"}, {"player": "pete alonso", "game": "chc @ nym", "gameIdx": 0, "hr/park": "", "pa": "26", "dt": "", "img": "https://www.mlbstatic.com/team-logos/121.svg", "team": "nym", "start": "", "in": "3", "result": "Groundout", "evo": "74.4", "la": "-22", "dist": "7"}, {"player": "francisco lindor", "game": "chc @ nym", "gameIdx": 0, "hr/park": "0/30", "pa": "25", "dt": "", "img": "https://www.mlbstatic.com/team-logos/121.svg", "team": "nym", "start": "", "in": "3", "result": "Flyout", "evo": "99.8", "la": "32", "dist": "381"}, {"player": "dansby swanson", "game": "chc @ nym", "gameIdx": 0, "hr/park": "", "pa": "24", "dt": "", "img": "https://www.mlbstatic.com/team-logos/112.svg", "team": "chc", "start": "", "in": "3", "result": "Strikeout", "evo": "", "la": "", "dist": ""}, {"player": "christopher morel", "game": "chc @ nym", "gameIdx": 0, "hr/park": "", "pa": "23", "dt": "", "img": "https://www.mlbstatic.com/team-logos/112.svg", "team": "chc", "start": "", "in": "3", "result": "Single", "evo": "105.3", "la": "1", "dist": "59"}, {"player": "ian happ", "game": "chc @ nym", "gameIdx": 0, "hr/park": "", "pa": "22", "dt": "", "img": "https://www.mlbstatic.com/team-logos/112.svg", "team": "chc", "start": "", "in": "3", "result": "Walk", "evo": "", "la": "", "dist": ""}, {"player": "patrick wisdom", "game": "chc @ nym", "gameIdx": 0, "hr/park": "", "pa": "21", "dt": "", "img": "https://www.mlbstatic.com/team-logos/112.svg", "team": "chc", "start": "", "in": "3", "result": "Groundout", "evo": "71.8", "la": "-25", "dist": "4"}, {"player": "nico hoerner", "game": "chc @ nym", "gameIdx": 0, "hr/park": "", "pa": "20", "dt": "", "img": "https://www.mlbstatic.com/team-logos/112.svg", "team": "chc", "start": "", "in": "3", "result": "Groundout", "evo": "100.1", "la": "-5", "dist": "22"}, {"player": "brandon nimmo", "game": "chc @ nym", "gameIdx": 0, "hr/park": "", "pa": "19", "dt": "", "img": "https://www.mlbstatic.com/team-logos/121.svg", "team": "nym", "start": "", "in": "2", "result": "Groundout", "evo": "96.1", "la": "-17", "dist": "10"}, {"player": "omar narvaez", "game": "chc @ nym", "gameIdx": 0, "hr/park": "", "pa": "18", "dt": "", "img": "https://www.mlbstatic.com/team-logos/121.svg", "team": "nym", "start": "", "in": "2", "result": "Flyout", "evo": "80.6", "la": "35", "dist": "298"}, {"player": "brett baty", "game": "chc @ nym", "gameIdx": 0, "hr/park": "", "pa": "17", "dt": "", "img": "https://www.mlbstatic.com/team-logos/121.svg", "team": "nym", "start": "", "in": "2", "result": "Single", "evo": "97.7", "la": "9", "dist": "133"}, {"player": "dj stewart", "game": "chc @ nym", "gameIdx": 0, "hr/park": "", "pa": "16", "dt": "", "img": "https://www.mlbstatic.com/team-logos/121.svg", "team": "nym", "start": "", "in": "2", "result": "Strikeout", "evo": "", "la": "", "dist": ""}, {"player": "alexander canario", "game": "chc @ nym", "gameIdx": 0, "hr/park": "", "pa": "15", "dt": "", "img": "https://www.mlbstatic.com/team-logos/112.svg", "team": "chc", "start": "", "in": "2", "result": "Strikeout", "evo": "", "la": "", "dist": ""}, {"player": "miguel amaya", "game": "chc @ nym", "gameIdx": 0, "hr/park": "", "pa": "14", "dt": "", "img": "https://www.mlbstatic.com/team-logos/112.svg", "team": "chc", "start": "", "in": "2", "result": "Sac Fly", "evo": "81.6", "la": "28", "dist": "294"}, {"player": "nick madrigal", "game": "chc @ nym", "gameIdx": 0, "hr/park": "", "pa": "13", "dt": "", "img": "https://www.mlbstatic.com/team-logos/112.svg", "team": "chc", "start": "", "in": "2", "result": "Walk", "evo": "", "la": "", "dist": ""}, {"player": "mike tauchman", "game": "chc @ nym", "gameIdx": 0, "hr/park": "", "pa": "12", "dt": "", "img": "https://www.mlbstatic.com/team-logos/112.svg", "team": "chc", "start": "", "in": "2", "result": "Single", "evo": "68.9", "la": "23", "dist": "215"}, {"player": "dansby swanson", "game": "chc @ nym", "gameIdx": 0, "hr/park": "", "pa": "11", "dt": "", "img": "https://www.mlbstatic.com/team-logos/112.svg", "team": "chc", "start": "", "in": "2", "result": "Walk", "evo": "", "la": "", "dist": ""}, {"player": "christopher morel", "game": "chc @ nym", "gameIdx": 0, "hr/park": "", "pa": "10", "dt": "", "img": "https://www.mlbstatic.com/team-logos/112.svg", "team": "chc", "start": "", "in": "2", "result": "Strikeout", "evo": "", "la": "", "dist": ""}, {"player": "tyrone taylor", "game": "chc @ nym", "gameIdx": 0, "hr/park": "", "pa": "9", "dt": "", "img": "https://www.mlbstatic.com/team-logos/121.svg", "team": "nym", "start": "", "in": "1", "result": "Forceout", "evo": "106.8", "la": "-1", "dist": "32"}, {"player": "jeff mcneil", "game": "chc @ nym", "gameIdx": 0, "hr/park": "", "pa": "8", "dt": "", "img": "https://www.mlbstatic.com/team-logos/121.svg", "team": "nym", "start": "", "in": "1", "result": "Single", "evo": "101.2", "la": "4", "dist": "88"}, {"player": "jd martinez", "game": "chc @ nym", "gameIdx": 0, "hr/park": "", "pa": "7", "dt": "", "img": "https://www.mlbstatic.com/team-logos/121.svg", "team": "nym", "start": "", "in": "1", "result": "Single", "evo": "100.1", "la": "1", "dist": "54"}, {"player": "pete alonso", "game": "chc @ nym", "gameIdx": 0, "hr/park": "0/30", "pa": "6", "dt": "", "img": "https://www.mlbstatic.com/team-logos/121.svg", "team": "nym", "start": "", "in": "1", "result": "Sac Fly", "evo": "89.8", "la": "33", "dist": "324"}, {"player": "francisco lindor", "game": "chc @ nym", "gameIdx": 0, "hr/park": "", "pa": "5", "dt": "", "img": "https://www.mlbstatic.com/team-logos/121.svg", "team": "nym", "start": "", "in": "1", "result": "Single", "evo": "88.6", "la": "13", "dist": "179"}, {"player": "brandon nimmo", "game": "chc @ nym", "gameIdx": 0, "hr/park": "", "pa": "4", "dt": "", "img": "https://www.mlbstatic.com/team-logos/121.svg", "team": "nym", "start": "", "in": "1", "result": "Groundout", "evo": "90.8", "la": "-3", "dist": "38"}, {"player": "ian happ", "game": "chc @ nym", "gameIdx": 0, "hr/park": "", "pa": "3", "dt": "", "img": "https://www.mlbstatic.com/team-logos/112.svg", "team": "chc", "start": "", "in": "1", "result": "GIDP", "evo": "76.8", "la": "-10", "dist": "11"}, {"player": "patrick wisdom", "game": "chc @ nym", "gameIdx": 0, "hr/park": "", "pa": "2", "dt": "", "img": "https://www.mlbstatic.com/team-logos/112.svg", "team": "chc", "start": "", "in": "1", "result": "Walk", "evo": "", "la": "", "dist": ""}, {"player": "nico hoerner", "game": "chc @ nym", "gameIdx": 0, "hr/park": "0/30", "pa": "1", "dt": "", "img": "https://www.mlbstatic.com/team-logos/112.svg", "team": "chc", "start": "", "in": "1", "result": "Flyout", "evo": "95.1", "la": "26", "dist": "369"}], "sf @ bos": [], "min @ chw": [], "tb @ mil": [{"player": "harold ramirez", "game": "tb @ mil", "gameIdx": 0, "hr/park": "", "pa": "73", "dt": "", "img": "https://www.mlbstatic.com/team-logos/139.svg", "team": "tb", "start": "", "in": "9", "result": "Strikeout", "evo": "", "la": "", "dist": ""}, {"player": "amed rosario", "game": "tb @ mil", "gameIdx": 0, "hr/park": "", "pa": "72", "dt": "", "img": "https://www.mlbstatic.com/team-logos/139.svg", "team": "tb", "start": "", "in": "9", "result": "Strikeout", "evo": "", "la": "", "dist": ""}, {"player": "isaac paredes", "game": "tb @ mil", "gameIdx": 0, "hr/park": "", "pa": "71", "dt": "", "img": "https://www.mlbstatic.com/team-logos/139.svg", "team": "tb", "start": "", "in": "9", "result": "Single", "evo": "70.0", "la": "32", "dist": "244"}, {"player": "randy arozarena", "game": "tb @ mil", "gameIdx": 0, "hr/park": "", "pa": "70", "dt": "", "img": "https://www.mlbstatic.com/team-logos/139.svg", "team": "tb", "start": "", "in": "9", "result": "Groundout", "evo": "60.6", "la": "-83", "dist": "1"}, {"player": "willy adames", "game": "tb @ mil", "gameIdx": 0, "hr/park": "", "pa": "69", "dt": "", "img": "https://www.mlbstatic.com/team-logos/158.svg", "team": "mil", "start": "", "in": "8", "result": "Groundout", "evo": "89.2", "la": "5", "dist": "80"}, {"player": "tyler black", "game": "tb @ mil", "gameIdx": 0, "hr/park": "0/30", "pa": "68", "dt": "", "img": "https://www.mlbstatic.com/team-logos/158.svg", "team": "mil", "start": "", "in": "8", "result": "Lineout", "evo": "94.3", "la": "24", "dist": "333"}, {"player": "rhys hoskins", "game": "tb @ mil", "gameIdx": 0, "hr/park": "", "pa": "67", "dt": "", "img": "https://www.mlbstatic.com/team-logos/158.svg", "team": "mil", "start": "", "in": "8", "result": "Single", "evo": "99.5", "la": "14", "dist": "214"}, {"player": "william contreras", "game": "tb @ mil", "gameIdx": 0, "hr/park": "", "pa": "66", "dt": "", "img": "https://www.mlbstatic.com/team-logos/158.svg", "team": "mil", "start": "", "in": "8", "result": "Groundout", "evo": "75.9", "la": "-36", "dist": "5"}, {"player": "richie palacios", "game": "tb @ mil", "gameIdx": 0, "hr/park": "", "pa": "65", "dt": "", "img": "https://www.mlbstatic.com/team-logos/139.svg", "team": "tb", "start": "", "in": "8", "result": "Strikeout", "evo": "", "la": "", "dist": ""}, {"player": "yandy diaz", "game": "tb @ mil", "gameIdx": 0, "hr/park": "0/30", "pa": "64", "dt": "", "img": "https://www.mlbstatic.com/team-logos/139.svg", "team": "tb", "start": "", "in": "8", "result": "Flyout", "evo": "92.7", "la": "28", "dist": "328"}, {"player": "jose siri", "game": "tb @ mil", "gameIdx": 0, "hr/park": "", "pa": "63", "dt": "", "img": "https://www.mlbstatic.com/team-logos/139.svg", "team": "tb", "start": "", "in": "8", "result": "Groundout", "evo": "63.7", "la": "-2", "dist": "21"}, {"player": "joey wiemer", "game": "tb @ mil", "gameIdx": 0, "hr/park": "", "pa": "62", "dt": "", "img": "https://www.mlbstatic.com/team-logos/158.svg", "team": "mil", "start": "", "in": "7", "result": "Groundout", "evo": "74.1", "la": "2", "dist": "49"}, {"player": "brice turang", "game": "tb @ mil", "gameIdx": 0, "hr/park": "0/30", "pa": "61", "dt": "", "img": "https://www.mlbstatic.com/team-logos/158.svg", "team": "mil", "start": "", "in": "7", "result": "Double", "evo": "97.0", "la": "19", "dist": "353"}, {"player": "jackson chourio", "game": "tb @ mil", "gameIdx": 0, "hr/park": "", "pa": "60", "dt": "", "img": "https://www.mlbstatic.com/team-logos/158.svg", "team": "mil", "start": "", "in": "7", "result": "Walk", "evo": "", "la": "", "dist": ""}, {"player": "joey ortiz", "game": "tb @ mil", "gameIdx": 0, "hr/park": "", "pa": "59", "dt": "", "img": "https://www.mlbstatic.com/team-logos/158.svg", "team": "mil", "start": "", "in": "7", "result": "Walk", "evo": "", "la": "", "dist": ""}, {"player": "blake perkins", "game": "tb @ mil", "gameIdx": 0, "hr/park": "0/30", "pa": "58", "dt": "", "img": "https://www.mlbstatic.com/team-logos/158.svg", "team": "mil", "start": "", "in": "7", "result": "Flyout", "evo": "98.2", "la": "30", "dist": "366"}, {"player": "willy adames", "game": "tb @ mil", "gameIdx": 0, "hr/park": "", "pa": "57", "dt": "", "img": "https://www.mlbstatic.com/team-logos/158.svg", "team": "mil", "start": "", "in": "7", "result": "Pop Out", "evo": "92.7", "la": "71", "dist": "111"}, {"player": "jose caballero", "game": "tb @ mil", "gameIdx": 0, "hr/park": "", "pa": "56", "dt": "", "img": "https://www.mlbstatic.com/team-logos/139.svg", "team": "tb", "start": "", "in": "7", "result": "Strikeout", "evo": "", "la": "", "dist": ""}, {"player": "ben rortvedt", "game": "tb @ mil", "gameIdx": 0, "hr/park": "0/30", "pa": "55", "dt": "", "img": "https://www.mlbstatic.com/team-logos/139.svg", "team": "tb", "start": "", "in": "7", "result": "Lineout", "evo": "93.8", "la": "20", "dist": "312"}, {"player": "harold ramirez", "game": "tb @ mil", "gameIdx": 0, "hr/park": "", "pa": "54", "dt": "", "img": "https://www.mlbstatic.com/team-logos/139.svg", "team": "tb", "start": "", "in": "7", "result": "Single", "evo": "105.7", "la": "4", "dist": "118"}, {"player": "amed rosario", "game": "tb @ mil", "gameIdx": 0, "hr/park": "", "pa": "53", "dt": "", "img": "https://www.mlbstatic.com/team-logos/139.svg", "team": "tb", "start": "", "in": "7", "result": "Forceout", "evo": "78.3", "la": "-15", "dist": "8"}, {"player": "isaac paredes", "game": "tb @ mil", "gameIdx": 0, "hr/park": "", "pa": "52", "dt": "", "img": "https://www.mlbstatic.com/team-logos/139.svg", "team": "tb", "start": "", "in": "7", "result": "Single", "evo": "88.8", "la": "15", "dist": "230"}, {"player": "tyler black", "game": "tb @ mil", "gameIdx": 0, "hr/park": "1/30", "pa": "51", "dt": "", "img": "https://www.mlbstatic.com/team-logos/158.svg", "team": "mil", "start": "", "in": "6", "result": "Flyout", "evo": "91.4", "la": "35", "dist": "351"}, {"player": "rhys hoskins", "game": "tb @ mil", "gameIdx": 0, "hr/park": "", "pa": "50", "dt": "", "img": "https://www.mlbstatic.com/team-logos/158.svg", "team": "mil", "start": "", "in": "6", "result": "Pop Out", "evo": "88.3", "la": "76", "dist": "72"}, {"player": "william contreras", "game": "tb @ mil", "gameIdx": 0, "hr/park": "0/30", "pa": "49", "dt": "", "img": "https://www.mlbstatic.com/team-logos/158.svg", "team": "mil", "start": "", "in": "6", "result": "Lineout", "evo": "84.9", "la": "26", "dist": "305"}, {"player": "randy arozarena", "game": "tb @ mil", "gameIdx": 0, "hr/park": "", "pa": "48", "dt": "", "img": "https://www.mlbstatic.com/team-logos/139.svg", "team": "tb", "start": "", "in": "6", "result": "Strikeout", "evo": "", "la": "", "dist": ""}, {"player": "richie palacios", "game": "tb @ mil", "gameIdx": 0, "hr/park": "", "pa": "47", "dt": "", "img": "https://www.mlbstatic.com/team-logos/139.svg", "team": "tb", "start": "", "in": "6", "result": "Single", "evo": "87.8", "la": "13", "dist": "202"}, {"player": "yandy diaz", "game": "tb @ mil", "gameIdx": 0, "hr/park": "", "pa": "46", "dt": "", "img": "https://www.mlbstatic.com/team-logos/139.svg", "team": "tb", "start": "", "in": "6", "result": "Strikeout", "evo": "", "la": "", "dist": ""}, {"player": "jose siri", "game": "tb @ mil", "gameIdx": 0, "hr/park": "", "pa": "45", "dt": "", "img": "https://www.mlbstatic.com/team-logos/139.svg", "team": "tb", "start": "", "in": "6", "result": "Hit By Pitch", "evo": "", "la": "", "dist": ""}, {"player": "jose caballero", "game": "tb @ mil", "gameIdx": 0, "hr/park": "", "pa": "44", "dt": "", "img": "https://www.mlbstatic.com/team-logos/139.svg", "team": "tb", "start": "", "in": "6", "result": "Strikeout", "evo": "", "la": "", "dist": ""}, {"player": "joey wiemer", "game": "tb @ mil", "gameIdx": 0, "hr/park": "", "pa": "43", "dt": "", "img": "https://www.mlbstatic.com/team-logos/158.svg", "team": "mil", "start": "", "in": "5", "result": "Strikeout", "evo": "", "la": "", "dist": ""}, {"player": "brice turang", "game": "tb @ mil", "gameIdx": 0, "hr/park": "", "pa": "42", "dt": "", "img": "https://www.mlbstatic.com/team-logos/158.svg", "team": "mil", "start": "", "in": "5", "result": "Walk", "evo": "", "la": "", "dist": ""}, {"player": "jackson chourio", "game": "tb @ mil", "gameIdx": 0, "hr/park": "", "pa": "41", "dt": "", "img": "https://www.mlbstatic.com/team-logos/158.svg", "team": "mil", "start": "", "in": "5", "result": "Lineout", "evo": "89.6", "la": "19", "dist": "277"}, {"player": "joey ortiz", "game": "tb @ mil", "gameIdx": 0, "hr/park": "", "pa": "40", "dt": "", "img": "https://www.mlbstatic.com/team-logos/158.svg", "team": "mil", "start": "", "in": "5", "result": "Pop Out", "evo": "85.7", "la": "66", "dist": "150"}, {"player": "blake perkins", "game": "tb @ mil", "gameIdx": 0, "hr/park": "", "pa": "39", "dt": "", "img": "https://www.mlbstatic.com/team-logos/158.svg", "team": "mil", "start": "", "in": "5", "result": "Field Error", "evo": "98.4", "la": "-28", "dist": "5"}, {"player": "willy adames", "game": "tb @ mil", "gameIdx": 0, "hr/park": "23/30", "pa": "38", "dt": "", "img": "https://www.mlbstatic.com/team-logos/158.svg", "team": "mil", "start": "", "in": "5", "result": "Home Run", "evo": "102.7", "la": "36", "dist": "400"}, {"player": "tyler black", "game": "tb @ mil", "gameIdx": 0, "hr/park": "", "pa": "37", "dt": "", "img": "https://www.mlbstatic.com/team-logos/158.svg", "team": "mil", "start": "", "in": "5", "result": "Single", "evo": "93.7", "la": "6", "dist": "135"}, {"player": "rhys hoskins", "game": "tb @ mil", "gameIdx": 0, "hr/park": "", "pa": "36", "dt": "", "img": "https://www.mlbstatic.com/team-logos/158.svg", "team": "mil", "start": "", "in": "5", "result": "Hit By Pitch", "evo": "", "la": "", "dist": ""}, {"player": "ben rortvedt", "game": "tb @ mil", "gameIdx": 0, "hr/park": "", "pa": "35", "dt": "", "img": "https://www.mlbstatic.com/team-logos/139.svg", "team": "tb", "start": "", "in": "5", "result": "Strikeout Double Play", "evo": "", "la": "", "dist": ""}, {"player": "harold ramirez", "game": "tb @ mil", "gameIdx": 0, "hr/park": "", "pa": "34", "dt": "", "img": "https://www.mlbstatic.com/team-logos/139.svg", "team": "tb", "start": "", "in": "5", "result": "Hit By Pitch", "evo": "", "la": "", "dist": ""}, {"player": "amed rosario", "game": "tb @ mil", "gameIdx": 0, "hr/park": "", "pa": "33", "dt": "", "img": "https://www.mlbstatic.com/team-logos/139.svg", "team": "tb", "start": "", "in": "5", "result": "Groundout", "evo": "64.1", "la": "-22", "dist": "9"}, {"player": "william contreras", "game": "tb @ mil", "gameIdx": 0, "hr/park": "", "pa": "32", "dt": "", "img": "https://www.mlbstatic.com/team-logos/158.svg", "team": "mil", "start": "", "in": "4", "result": "Strikeout", "evo": "", "la": "", "dist": ""}, {"player": "joey wiemer", "game": "tb @ mil", "gameIdx": 0, "hr/park": "", "pa": "31", "dt": "", "img": "https://www.mlbstatic.com/team-logos/158.svg", "team": "mil", "start": "", "in": "4", "result": "Single", "evo": "91.8", "la": "15", "dist": "213"}, {"player": "brice turang", "game": "tb @ mil", "gameIdx": 0, "hr/park": "", "pa": "30", "dt": "", "img": "https://www.mlbstatic.com/team-logos/158.svg", "team": "mil", "start": "", "in": "4", "result": "Bunt Groundout", "evo": "41.9", "la": "-20", "dist": "9"}, {"player": "isaac paredes", "game": "tb @ mil", "gameIdx": 0, "hr/park": "", "pa": "29", "dt": "", "img": "https://www.mlbstatic.com/team-logos/139.svg", "team": "tb", "start": "", "in": "4", "result": "Strikeout", "evo": "", "la": "", "dist": ""}, {"player": "randy arozarena", "game": "tb @ mil", "gameIdx": 0, "hr/park": "", "pa": "28", "dt": "", "img": "https://www.mlbstatic.com/team-logos/139.svg", "team": "tb", "start": "", "in": "4", "result": "Strikeout", "evo": "", "la": "", "dist": ""}, {"player": "richie palacios", "game": "tb @ mil", "gameIdx": 0, "hr/park": "", "pa": "27", "dt": "", "img": "https://www.mlbstatic.com/team-logos/139.svg", "team": "tb", "start": "", "in": "4", "result": "Flyout", "evo": "93.1", "la": "61", "dist": "198"}, {"player": "jackson chourio", "game": "tb @ mil", "gameIdx": 0, "hr/park": "", "pa": "26", "dt": "", "img": "https://www.mlbstatic.com/team-logos/158.svg", "team": "mil", "start": "", "in": "3", "result": "Pop Out", "evo": "90.2", "la": "67", "dist": "146"}, {"player": "joey ortiz", "game": "tb @ mil", "gameIdx": 0, "hr/park": "", "pa": "25", "dt": "", "img": "https://www.mlbstatic.com/team-logos/158.svg", "team": "mil", "start": "", "in": "3", "result": "Strikeout", "evo": "", "la": "", "dist": ""}, {"player": "blake perkins", "game": "tb @ mil", "gameIdx": 0, "hr/park": "", "pa": "24", "dt": "", "img": "https://www.mlbstatic.com/team-logos/158.svg", "team": "mil", "start": "", "in": "3", "result": "Flyout", "evo": "87.7", "la": "60", "dist": "185"}, {"player": "willy adames", "game": "tb @ mil", "gameIdx": 0, "hr/park": "", "pa": "23", "dt": "", "img": "https://www.mlbstatic.com/team-logos/158.svg", "team": "mil", "start": "", "in": "3", "result": "Walk", "evo": "", "la": "", "dist": ""}, {"player": "tyler black", "game": "tb @ mil", "gameIdx": 0, "hr/park": "0/30", "pa": "22", "dt": "", "img": "https://www.mlbstatic.com/team-logos/158.svg", "team": "mil", "start": "", "in": "3", "result": "Double", "evo": "102.6", "la": "20", "dist": "362"}, {"player": "yandy diaz", "game": "tb @ mil", "gameIdx": 0, "hr/park": "", "pa": "21", "dt": "", "img": "https://www.mlbstatic.com/team-logos/139.svg", "team": "tb", "start": "", "in": "3", "result": "Groundout", "evo": "111.0", "la": "-6", "dist": "18"}, {"player": "jose siri", "game": "tb @ mil", "gameIdx": 0, "hr/park": "30/30", "pa": "20", "dt": "", "img": "https://www.mlbstatic.com/team-logos/139.svg", "team": "tb", "start": "", "in": "3", "result": "Home Run", "evo": "110.0", "la": "31", "dist": "452"}, {"player": "jose caballero", "game": "tb @ mil", "gameIdx": 0, "hr/park": "", "pa": "19", "dt": "", "img": "https://www.mlbstatic.com/team-logos/139.svg", "team": "tb", "start": "", "in": "3", "result": "Strikeout", "evo": "", "la": "", "dist": ""}, {"player": "ben rortvedt", "game": "tb @ mil", "gameIdx": 0, "hr/park": "", "pa": "18", "dt": "", "img": "https://www.mlbstatic.com/team-logos/139.svg", "team": "tb", "start": "", "in": "3", "result": "Groundout", "evo": "83.1", "la": "-1", "dist": "43"}, {"player": "rhys hoskins", "game": "tb @ mil", "gameIdx": 0, "hr/park": "10/30", "pa": "17", "dt": "", "img": "https://www.mlbstatic.com/team-logos/158.svg", "team": "mil", "start": "", "in": "2", "result": "Flyout", "evo": "100.2", "la": "33", "dist": "379"}, {"player": "william contreras", "game": "tb @ mil", "gameIdx": 0, "hr/park": "0/30", "pa": "16", "dt": "", "img": "https://www.mlbstatic.com/team-logos/158.svg", "team": "mil", "start": "", "in": "2", "result": "Sac Fly", "evo": "98.4", "la": "44", "dist": "331"}, {"player": "joey wiemer", "game": "tb @ mil", "gameIdx": 0, "hr/park": "", "pa": "15", "dt": "", "img": "https://www.mlbstatic.com/team-logos/158.svg", "team": "mil", "start": "", "in": "2", "result": "Single", "evo": "71.4", "la": "-41", "dist": "4"}, {"player": "brice turang", "game": "tb @ mil", "gameIdx": 0, "hr/park": "", "pa": "14", "dt": "", "img": "https://www.mlbstatic.com/team-logos/158.svg", "team": "mil", "start": "", "in": "2", "result": "Single", "evo": "84.9", "la": "16", "dist": "237"}, {"player": "jackson chourio", "game": "tb @ mil", "gameIdx": 0, "hr/park": "", "pa": "13", "dt": "", "img": "https://www.mlbstatic.com/team-logos/158.svg", "team": "mil", "start": "", "in": "2", "result": "Single", "evo": "78.6", "la": "20", "dist": "224"}, {"player": "joey ortiz", "game": "tb @ mil", "gameIdx": 0, "hr/park": "", "pa": "12", "dt": "", "img": "https://www.mlbstatic.com/team-logos/158.svg", "team": "mil", "start": "", "in": "2", "result": "Strikeout", "evo": "", "la": "", "dist": ""}, {"player": "harold ramirez", "game": "tb @ mil", "gameIdx": 0, "hr/park": "", "pa": "11", "dt": "", "img": "https://www.mlbstatic.com/team-logos/139.svg", "team": "tb", "start": "", "in": "2", "result": "Strikeout", "evo": "", "la": "", "dist": ""}, {"player": "amed rosario", "game": "tb @ mil", "gameIdx": 0, "hr/park": "", "pa": "10", "dt": "", "img": "https://www.mlbstatic.com/team-logos/139.svg", "team": "tb", "start": "", "in": "2", "result": "Groundout", "evo": "75.1", "la": "2", "dist": "49"}, {"player": "isaac paredes", "game": "tb @ mil", "gameIdx": 0, "hr/park": "24/30", "pa": "9", "dt": "", "img": "https://www.mlbstatic.com/team-logos/139.svg", "team": "tb", "start": "", "in": "2", "result": "Flyout", "evo": "93.4", "la": "35", "dist": "349"}, {"player": "blake perkins", "game": "tb @ mil", "gameIdx": 0, "hr/park": "", "pa": "8", "dt": "", "img": "https://www.mlbstatic.com/team-logos/158.svg", "team": "mil", "start": "", "in": "1", "result": "Lineout", "evo": "91.0", "la": "19", "dist": "272"}, {"player": "willy adames", "game": "tb @ mil", "gameIdx": 0, "hr/park": "0/30", "pa": "7", "dt": "", "img": "https://www.mlbstatic.com/team-logos/158.svg", "team": "mil", "start": "", "in": "1", "result": "Sac Fly", "evo": "93.4", "la": "27", "dist": "352"}, {"player": "gary sanchez", "game": "tb @ mil", "gameIdx": 0, "hr/park": "", "pa": "6", "dt": "", "img": "https://www.mlbstatic.com/team-logos/158.svg", "team": "mil", "start": "", "in": "1", "result": "Forceout", "evo": "56.9", "la": "3", "dist": "37"}, {"player": "rhys hoskins", "game": "tb @ mil", "gameIdx": 0, "hr/park": "", "pa": "5", "dt": "", "img": "https://www.mlbstatic.com/team-logos/158.svg", "team": "mil", "start": "", "in": "1", "result": "Walk", "evo": "", "la": "", "dist": ""}, {"player": "william contreras", "game": "tb @ mil", "gameIdx": 0, "hr/park": "", "pa": "4", "dt": "", "img": "https://www.mlbstatic.com/team-logos/158.svg", "team": "mil", "start": "", "in": "1", "result": "Single", "evo": "85.3", "la": "19", "dist": "260"}, {"player": "randy arozarena", "game": "tb @ mil", "gameIdx": 0, "hr/park": "", "pa": "3", "dt": "", "img": "https://www.mlbstatic.com/team-logos/139.svg", "team": "tb", "start": "", "in": "1", "result": "Pop Out", "evo": "86.1", "la": "77", "dist": "47"}, {"player": "richie palacios", "game": "tb @ mil", "gameIdx": 0, "hr/park": "", "pa": "2", "dt": "", "img": "https://www.mlbstatic.com/team-logos/139.svg", "team": "tb", "start": "", "in": "1", "result": "Strikeout", "evo": "", "la": "", "dist": ""}, {"player": "yandy diaz", "game": "tb @ mil", "gameIdx": 0, "hr/park": "", "pa": "1", "dt": "", "img": "https://www.mlbstatic.com/team-logos/139.svg", "team": "tb", "start": "", "in": "1", "result": "Groundout", "evo": "65.3", "la": "-78", "dist": "1"}], "wsh @ tex": [], "cle @ hou": [], "phi @ laa": [{"player": "nolan schanuel", "game": "phi @ laa", "gameIdx": 0, "hr/park": "0/30", "pa": "77", "dt": "", "img": "https://www.mlbstatic.com/team-logos/108.svg", "team": "laa", "start": "", "in": "9", "result": "Lineout", "evo": "89.4", "la": "24", "dist": "311"}, {"player": "zach neto", "game": "phi @ laa", "gameIdx": 0, "hr/park": "", "pa": "76", "dt": "", "img": "https://www.mlbstatic.com/team-logos/108.svg", "team": "laa", "start": "", "in": "9", "result": "Groundout", "evo": "87.5", "la": "-20", "dist": "8"}, {"player": "mickey moniak", "game": "phi @ laa", "gameIdx": 0, "hr/park": "", "pa": "75", "dt": "", "img": "https://www.mlbstatic.com/team-logos/108.svg", "team": "laa", "start": "", "in": "9", "result": "Strikeout", "evo": "", "la": "", "dist": ""}, {"player": "alec bohm", "game": "phi @ laa", "gameIdx": 0, "hr/park": "0/30", "pa": "74", "dt": "", "img": "https://www.mlbstatic.com/team-logos/143.svg", "team": "phi", "start": "", "in": "9", "result": "Flyout", "evo": "91.8", "la": "39", "dist": "303"}, {"player": "bryce harper", "game": "phi @ laa", "gameIdx": 0, "hr/park": "", "pa": "73", "dt": "", "img": "https://www.mlbstatic.com/team-logos/143.svg", "team": "phi", "start": "", "in": "9", "result": "Walk", "evo": "", "la": "", "dist": ""}, {"player": "trea turner", "game": "phi @ laa", "gameIdx": 0, "hr/park": "", "pa": "72", "dt": "", "img": "https://www.mlbstatic.com/team-logos/143.svg", "team": "phi", "start": "", "in": "9", "result": "Single", "evo": "105.0", "la": "-2", "dist": "29"}, {"player": "kyle schwarber", "game": "phi @ laa", "gameIdx": 0, "hr/park": "", "pa": "71", "dt": "", "img": "https://www.mlbstatic.com/team-logos/143.svg", "team": "phi", "start": "", "in": "9", "result": "Strikeout", "evo": "", "la": "", "dist": ""}, {"player": "johan rojas", "game": "phi @ laa", "gameIdx": 0, "hr/park": "29/30", "pa": "70", "dt": "", "img": "https://www.mlbstatic.com/team-logos/143.svg", "team": "phi", "start": "", "in": "9", "result": "Home Run", "evo": "101.9", "la": "22", "dist": "390"}, {"player": "bryson stott", "game": "phi @ laa", "gameIdx": 0, "hr/park": "", "pa": "69", "dt": "", "img": "https://www.mlbstatic.com/team-logos/143.svg", "team": "phi", "start": "", "in": "9", "result": "Double", "evo": "88.6", "la": "31", "dist": "290"}, {"player": "nick castellanos", "game": "phi @ laa", "gameIdx": 0, "hr/park": "22/30", "pa": "68", "dt": "", "img": "https://www.mlbstatic.com/team-logos/143.svg", "team": "phi", "start": "", "in": "9", "result": "Home Run", "evo": "102.0", "la": "29", "dist": "386"}, {"player": "brandon marsh", "game": "phi @ laa", "gameIdx": 0, "hr/park": "", "pa": "67", "dt": "", "img": "https://www.mlbstatic.com/team-logos/143.svg", "team": "phi", "start": "", "in": "9", "result": "Strikeout", "evo": "", "la": "", "dist": ""}, {"player": "cole tucker", "game": "phi @ laa", "gameIdx": 0, "hr/park": "0/30", "pa": "66", "dt": "", "img": "https://www.mlbstatic.com/team-logos/108.svg", "team": "laa", "start": "", "in": "8", "result": "Lineout", "evo": "100.8", "la": "20", "dist": "318"}, {"player": "logan ohoppe", "game": "phi @ laa", "gameIdx": 0, "hr/park": "0/30", "pa": "65", "dt": "", "img": "https://www.mlbstatic.com/team-logos/108.svg", "team": "laa", "start": "", "in": "8", "result": "Flyout", "evo": "95.0", "la": "37", "dist": "339"}, {"player": "luis rengifo", "game": "phi @ laa", "gameIdx": 0, "hr/park": "", "pa": "64", "dt": "", "img": "https://www.mlbstatic.com/team-logos/108.svg", "team": "laa", "start": "", "in": "8", "result": "Single", "evo": "67.2", "la": "-7", "dist": "20"}, {"player": "brandon drury", "game": "phi @ laa", "gameIdx": 0, "hr/park": "", "pa": "63", "dt": "", "img": "https://www.mlbstatic.com/team-logos/108.svg", "team": "laa", "start": "", "in": "8", "result": "Strikeout", "evo": "", "la": "", "dist": ""}, {"player": "jt realmuto", "game": "phi @ laa", "gameIdx": 0, "hr/park": "", "pa": "62", "dt": "", "img": "https://www.mlbstatic.com/team-logos/143.svg", "team": "phi", "start": "", "in": "8", "result": "Strikeout", "evo": "", "la": "", "dist": ""}, {"player": "alec bohm", "game": "phi @ laa", "gameIdx": 0, "hr/park": "", "pa": "61", "dt": "", "img": "https://www.mlbstatic.com/team-logos/143.svg", "team": "phi", "start": "", "in": "8", "result": "Single", "evo": "98.5", "la": "1", "dist": "72"}, {"player": "bryce harper", "game": "phi @ laa", "gameIdx": 0, "hr/park": "", "pa": "60", "dt": "", "img": "https://www.mlbstatic.com/team-logos/143.svg", "team": "phi", "start": "", "in": "8", "result": "Strikeout", "evo": "", "la": "", "dist": ""}, {"player": "trea turner", "game": "phi @ laa", "gameIdx": 0, "hr/park": "", "pa": "59", "dt": "", "img": "https://www.mlbstatic.com/team-logos/143.svg", "team": "phi", "start": "", "in": "8", "result": "Single", "evo": "89.6", "la": "-1", "dist": "42"}, {"player": "kyle schwarber", "game": "phi @ laa", "gameIdx": 0, "hr/park": "0/30", "pa": "58", "dt": "", "img": "https://www.mlbstatic.com/team-logos/143.svg", "team": "phi", "start": "", "in": "8", "result": "Flyout", "evo": "92.0", "la": "40", "dist": "323"}, {"player": "taylor ward", "game": "phi @ laa", "gameIdx": 0, "hr/park": "", "pa": "57", "dt": "", "img": "https://www.mlbstatic.com/team-logos/108.svg", "team": "laa", "start": "", "in": "7", "result": "Strikeout", "evo": "", "la": "", "dist": ""}, {"player": "jo adell", "game": "phi @ laa", "gameIdx": 0, "hr/park": "0/30", "pa": "56", "dt": "", "img": "https://www.mlbstatic.com/team-logos/108.svg", "team": "laa", "start": "", "in": "7", "result": "Double", "evo": "110.8", "la": "12", "dist": "328"}, {"player": "nolan schanuel", "game": "phi @ laa", "gameIdx": 0, "hr/park": "0/30", "pa": "55", "dt": "", "img": "https://www.mlbstatic.com/team-logos/108.svg", "team": "laa", "start": "", "in": "7", "result": "Flyout", "evo": "95.5", "la": "47", "dist": "303"}, {"player": "johan rojas", "game": "phi @ laa", "gameIdx": 0, "hr/park": "", "pa": "54", "dt": "", "img": "https://www.mlbstatic.com/team-logos/143.svg", "team": "phi", "start": "", "in": "7", "result": "Groundout", "evo": "104.3", "la": "-28", "dist": "3"}, {"player": "bryson stott", "game": "phi @ laa", "gameIdx": 0, "hr/park": "", "pa": "53", "dt": "", "img": "https://www.mlbstatic.com/team-logos/143.svg", "team": "phi", "start": "", "in": "7", "result": "Groundout", "evo": "84.1", "la": "1", "dist": "50"}, {"player": "nick castellanos", "game": "phi @ laa", "gameIdx": 0, "hr/park": "", "pa": "52", "dt": "", "img": "https://www.mlbstatic.com/team-logos/143.svg", "team": "phi", "start": "", "in": "7", "result": "Strikeout", "evo": "", "la": "", "dist": ""}, {"player": "zach neto", "game": "phi @ laa", "gameIdx": 0, "hr/park": "", "pa": "51", "dt": "", "img": "https://www.mlbstatic.com/team-logos/108.svg", "team": "laa", "start": "", "in": "6", "result": "Groundout", "evo": "68.6", "la": "-25", "dist": "6"}, {"player": "mickey moniak", "game": "phi @ laa", "gameIdx": 0, "hr/park": "", "pa": "50", "dt": "", "img": "https://www.mlbstatic.com/team-logos/108.svg", "team": "laa", "start": "", "in": "6", "result": "Single", "evo": "81.9", "la": "18", "dist": "201"}, {"player": "cole tucker", "game": "phi @ laa", "gameIdx": 0, "hr/park": "", "pa": "49", "dt": "", "img": "https://www.mlbstatic.com/team-logos/108.svg", "team": "laa", "start": "", "in": "6", "result": "Double", "evo": "97.9", "la": "17", "dist": "252"}, {"player": "logan ohoppe", "game": "phi @ laa", "gameIdx": 0, "hr/park": "0/30", "pa": "48", "dt": "", "img": "https://www.mlbstatic.com/team-logos/108.svg", "team": "laa", "start": "", "in": "6", "result": "Lineout", "evo": "103.5", "la": "15", "dist": "316"}, {"player": "luis rengifo", "game": "phi @ laa", "gameIdx": 0, "hr/park": "29/30", "pa": "47", "dt": "", "img": "https://www.mlbstatic.com/team-logos/108.svg", "team": "laa", "start": "", "in": "6", "result": "Home Run", "evo": "97.5", "la": "30", "dist": "384"}, {"player": "brandon drury", "game": "phi @ laa", "gameIdx": 0, "hr/park": "", "pa": "46", "dt": "", "img": "https://www.mlbstatic.com/team-logos/108.svg", "team": "laa", "start": "", "in": "6", "result": "Fielders Choice", "evo": "105.7", "la": "-8", "dist": "14"}, {"player": "taylor ward", "game": "phi @ laa", "gameIdx": 0, "hr/park": "", "pa": "45", "dt": "", "img": "https://www.mlbstatic.com/team-logos/108.svg", "team": "laa", "start": "", "in": "6", "result": "Single", "evo": "76.7", "la": "12", "dist": "145"}, {"player": "jo adell", "game": "phi @ laa", "gameIdx": 0, "hr/park": "", "pa": "44", "dt": "", "img": "https://www.mlbstatic.com/team-logos/108.svg", "team": "laa", "start": "", "in": "6", "result": "Lineout", "evo": "108.7", "la": "7", "dist": "177"}, {"player": "brandon marsh", "game": "phi @ laa", "gameIdx": 0, "hr/park": "", "pa": "43", "dt": "", "img": "https://www.mlbstatic.com/team-logos/143.svg", "team": "phi", "start": "", "in": "6", "result": "GIDP", "evo": "105.4", "la": "5", "dist": "106"}, {"player": "jt realmuto", "game": "phi @ laa", "gameIdx": 0, "hr/park": "", "pa": "42", "dt": "", "img": "https://www.mlbstatic.com/team-logos/143.svg", "team": "phi", "start": "", "in": "6", "result": "Single", "evo": "95.4", "la": "-3", "dist": "37"}, {"player": "alec bohm", "game": "phi @ laa", "gameIdx": 0, "hr/park": "", "pa": "41", "dt": "", "img": "https://www.mlbstatic.com/team-logos/143.svg", "team": "phi", "start": "", "in": "6", "result": "Groundout", "evo": "102.2", "la": "-3", "dist": "38"}, {"player": "nolan schanuel", "game": "phi @ laa", "gameIdx": 0, "hr/park": "", "pa": "40", "dt": "", "img": "https://www.mlbstatic.com/team-logos/108.svg", "team": "laa", "start": "", "in": "5", "result": "Groundout", "evo": "72.6", "la": "-3", "dist": "30"}, {"player": "zach neto", "game": "phi @ laa", "gameIdx": 0, "hr/park": "", "pa": "39", "dt": "", "img": "https://www.mlbstatic.com/team-logos/108.svg", "team": "laa", "start": "", "in": "5", "result": "Strikeout", "evo": "", "la": "", "dist": ""}, {"player": "mickey moniak", "game": "phi @ laa", "gameIdx": 0, "hr/park": "", "pa": "38", "dt": "", "img": "https://www.mlbstatic.com/team-logos/108.svg", "team": "laa", "start": "", "in": "5", "result": "Strikeout", "evo": "", "la": "", "dist": ""}, {"player": "cole tucker", "game": "phi @ laa", "gameIdx": 0, "hr/park": "", "pa": "37", "dt": "", "img": "https://www.mlbstatic.com/team-logos/108.svg", "team": "laa", "start": "", "in": "5", "result": "Single", "evo": "99.0", "la": "1", "dist": "53"}, {"player": "bryce harper", "game": "phi @ laa", "gameIdx": 0, "hr/park": "", "pa": "36", "dt": "", "img": "https://www.mlbstatic.com/team-logos/143.svg", "team": "phi", "start": "", "in": "5", "result": "Strikeout", "evo": "", "la": "", "dist": ""}, {"player": "trea turner", "game": "phi @ laa", "gameIdx": 0, "hr/park": "", "pa": "35", "dt": "", "img": "https://www.mlbstatic.com/team-logos/143.svg", "team": "phi", "start": "", "in": "5", "result": "Strikeout", "evo": "", "la": "", "dist": ""}, {"player": "kyle schwarber", "game": "phi @ laa", "gameIdx": 0, "hr/park": "", "pa": "34", "dt": "", "img": "https://www.mlbstatic.com/team-logos/143.svg", "team": "phi", "start": "", "in": "5", "result": "Strikeout", "evo": "", "la": "", "dist": ""}, {"player": "logan ohoppe", "game": "phi @ laa", "gameIdx": 0, "hr/park": "", "pa": "33", "dt": "", "img": "https://www.mlbstatic.com/team-logos/108.svg", "team": "laa", "start": "", "in": "4", "result": "Strikeout", "evo": "", "la": "", "dist": ""}, {"player": "luis rengifo", "game": "phi @ laa", "gameIdx": 0, "hr/park": "", "pa": "32", "dt": "", "img": "https://www.mlbstatic.com/team-logos/108.svg", "team": "laa", "start": "", "in": "4", "result": "Groundout", "evo": "70.3", "la": "-5", "dist": "22"}, {"player": "brandon drury", "game": "phi @ laa", "gameIdx": 0, "hr/park": "", "pa": "31", "dt": "", "img": "https://www.mlbstatic.com/team-logos/108.svg", "team": "laa", "start": "", "in": "4", "result": "Groundout", "evo": "86.3", "la": "10", "dist": "146"}, {"player": "johan rojas", "game": "phi @ laa", "gameIdx": 0, "hr/park": "", "pa": "30", "dt": "", "img": "https://www.mlbstatic.com/team-logos/143.svg", "team": "phi", "start": "", "in": "4", "result": "Forceout", "evo": "81.4", "la": "2", "dist": "63"}, {"player": "bryson stott", "game": "phi @ laa", "gameIdx": 0, "hr/park": "", "pa": "29", "dt": "", "img": "https://www.mlbstatic.com/team-logos/143.svg", "team": "phi", "start": "", "in": "4", "result": "Lineout", "evo": "89.8", "la": "19", "dist": "272"}, {"player": "nick castellanos", "game": "phi @ laa", "gameIdx": 0, "hr/park": "", "pa": "28", "dt": "", "img": "https://www.mlbstatic.com/team-logos/143.svg", "team": "phi", "start": "", "in": "4", "result": "Single", "evo": "65.9", "la": "33", "dist": "217"}, {"player": "brandon marsh", "game": "phi @ laa", "gameIdx": 0, "hr/park": "", "pa": "27", "dt": "", "img": "https://www.mlbstatic.com/team-logos/143.svg", "team": "phi", "start": "", "in": "4", "result": "Strikeout", "evo": "", "la": "", "dist": ""}, {"player": "taylor ward", "game": "phi @ laa", "gameIdx": 0, "hr/park": "", "pa": "26", "dt": "", "img": "https://www.mlbstatic.com/team-logos/108.svg", "team": "laa", "start": "", "in": "3", "result": "Groundout", "evo": "99.8", "la": "-12", "dist": "7"}, {"player": "jo adell", "game": "phi @ laa", "gameIdx": 0, "hr/park": "", "pa": "25", "dt": "", "img": "https://www.mlbstatic.com/team-logos/108.svg", "team": "laa", "start": "", "in": "3", "result": "Groundout", "evo": "72.4", "la": "-2", "dist": "27"}, {"player": "nolan schanuel", "game": "phi @ laa", "gameIdx": 0, "hr/park": "0/30", "pa": "24", "dt": "", "img": "https://www.mlbstatic.com/team-logos/108.svg", "team": "laa", "start": "", "in": "3", "result": "Flyout", "evo": "96.0", "la": "28", "dist": "356"}, {"player": "zach neto", "game": "phi @ laa", "gameIdx": 0, "hr/park": "22/30", "pa": "23", "dt": "", "img": "https://www.mlbstatic.com/team-logos/108.svg", "team": "laa", "start": "", "in": "3", "result": "Home Run", "evo": "106.3", "la": "25", "dist": "408"}, {"player": "jt realmuto", "game": "phi @ laa", "gameIdx": 0, "hr/park": "", "pa": "22", "dt": "", "img": "https://www.mlbstatic.com/team-logos/143.svg", "team": "phi", "start": "", "in": "3", "result": "Strikeout", "evo": "", "la": "", "dist": ""}, {"player": "alec bohm", "game": "phi @ laa", "gameIdx": 0, "hr/park": "", "pa": "21", "dt": "", "img": "https://www.mlbstatic.com/team-logos/143.svg", "team": "phi", "start": "", "in": "3", "result": "Pop Out", "evo": "76.4", "la": "73", "dist": "102"}, {"player": "bryce harper", "game": "phi @ laa", "gameIdx": 0, "hr/park": "", "pa": "20", "dt": "", "img": "https://www.mlbstatic.com/team-logos/143.svg", "team": "phi", "start": "", "in": "3", "result": "Flyout", "evo": "63.3", "la": "35", "dist": "200"}, {"player": "mickey moniak", "game": "phi @ laa", "gameIdx": 0, "hr/park": "", "pa": "19", "dt": "", "img": "https://www.mlbstatic.com/team-logos/108.svg", "team": "laa", "start": "", "in": "2", "result": "Groundout", "evo": "78.9", "la": "6", "dist": "90"}, {"player": "cole tucker", "game": "phi @ laa", "gameIdx": 0, "hr/park": "", "pa": "18", "dt": "", "img": "https://www.mlbstatic.com/team-logos/108.svg", "team": "laa", "start": "", "in": "2", "result": "Strikeout", "evo": "", "la": "", "dist": ""}, {"player": "logan ohoppe", "game": "phi @ laa", "gameIdx": 0, "hr/park": "", "pa": "17", "dt": "", "img": "https://www.mlbstatic.com/team-logos/108.svg", "team": "laa", "start": "", "in": "2", "result": "Strikeout", "evo": "", "la": "", "dist": ""}, {"player": "luis rengifo", "game": "phi @ laa", "gameIdx": 0, "hr/park": "", "pa": "16", "dt": "", "img": "https://www.mlbstatic.com/team-logos/108.svg", "team": "laa", "start": "", "in": "2", "result": "Single", "evo": "61.5", "la": "27", "dist": "190"}, {"player": "brandon drury", "game": "phi @ laa", "gameIdx": 0, "hr/park": "", "pa": "15", "dt": "", "img": "https://www.mlbstatic.com/team-logos/108.svg", "team": "laa", "start": "", "in": "2", "result": "Hit By Pitch", "evo": "", "la": "", "dist": ""}, {"player": "trea turner", "game": "phi @ laa", "gameIdx": 0, "hr/park": "", "pa": "14", "dt": "", "img": "https://www.mlbstatic.com/team-logos/143.svg", "team": "phi", "start": "", "in": "2", "result": "Flyout", "evo": "91.7", "la": "54", "dist": "250"}, {"player": "kyle schwarber", "game": "phi @ laa", "gameIdx": 0, "hr/park": "30/30", "pa": "13", "dt": "", "img": "https://www.mlbstatic.com/team-logos/143.svg", "team": "phi", "start": "", "in": "2", "result": "Home Run", "evo": "111.6", "la": "31", "dist": "421"}, {"player": "johan rojas", "game": "phi @ laa", "gameIdx": 0, "hr/park": "", "pa": "12", "dt": "", "img": "https://www.mlbstatic.com/team-logos/143.svg", "team": "phi", "start": "", "in": "2", "result": "Flyout", "evo": "78.3", "la": "41", "dist": "250"}, {"player": "bryson stott", "game": "phi @ laa", "gameIdx": 0, "hr/park": "", "pa": "11", "dt": "", "img": "https://www.mlbstatic.com/team-logos/143.svg", "team": "phi", "start": "", "in": "2", "result": "Walk", "evo": "", "la": "", "dist": ""}, {"player": "nick castellanos", "game": "phi @ laa", "gameIdx": 0, "hr/park": "", "pa": "10", "dt": "", "img": "https://www.mlbstatic.com/team-logos/143.svg", "team": "phi", "start": "", "in": "2", "result": "Single", "evo": "73.8", "la": "17", "dist": "169"}, {"player": "brandon marsh", "game": "phi @ laa", "gameIdx": 0, "hr/park": "", "pa": "9", "dt": "", "img": "https://www.mlbstatic.com/team-logos/143.svg", "team": "phi", "start": "", "in": "2", "result": "Groundout", "evo": "98.1", "la": "-16", "dist": "9"}, {"player": "taylor ward", "game": "phi @ laa", "gameIdx": 0, "hr/park": "", "pa": "8", "dt": "", "img": "https://www.mlbstatic.com/team-logos/108.svg", "team": "laa", "start": "", "in": "1", "result": "Strikeout", "evo": "", "la": "", "dist": ""}, {"player": "jo adell", "game": "phi @ laa", "gameIdx": 0, "hr/park": "0/30", "pa": "7", "dt": "", "img": "https://www.mlbstatic.com/team-logos/108.svg", "team": "laa", "start": "", "in": "1", "result": "Flyout", "evo": "97.8", "la": "27", "dist": "341"}, {"player": "nolan schanuel", "game": "phi @ laa", "gameIdx": 0, "hr/park": "0/30", "pa": "6", "dt": "", "img": "https://www.mlbstatic.com/team-logos/108.svg", "team": "laa", "start": "", "in": "1", "result": "Flyout", "evo": "98.6", "la": "32", "dist": "383"}, {"player": "jt realmuto", "game": "phi @ laa", "gameIdx": 0, "hr/park": "0/30", "pa": "5", "dt": "", "img": "https://www.mlbstatic.com/team-logos/143.svg", "team": "phi", "start": "", "in": "1", "result": "Flyout", "evo": "101.9", "la": "37", "dist": "385"}, {"player": "alec bohm", "game": "phi @ laa", "gameIdx": 0, "hr/park": "", "pa": "4", "dt": "", "img": "https://www.mlbstatic.com/team-logos/143.svg", "team": "phi", "start": "", "in": "1", "result": "Single", "evo": "97.5", "la": "-3", "dist": "32"}, {"player": "bryce harper", "game": "phi @ laa", "gameIdx": 0, "hr/park": "", "pa": "3", "dt": "", "img": "https://www.mlbstatic.com/team-logos/143.svg", "team": "phi", "start": "", "in": "1", "result": "Walk", "evo": "", "la": "", "dist": ""}, {"player": "trea turner", "game": "phi @ laa", "gameIdx": 0, "hr/park": "", "pa": "2", "dt": "", "img": "https://www.mlbstatic.com/team-logos/143.svg", "team": "phi", "start": "", "in": "1", "result": "Strikeout", "evo": "", "la": "", "dist": ""}, {"player": "kyle schwarber", "game": "phi @ laa", "gameIdx": 0, "hr/park": "", "pa": "1", "dt": "", "img": "https://www.mlbstatic.com/team-logos/143.svg", "team": "phi", "start": "", "in": "1", "result": "Groundout", "evo": "85.7", "la": "-9", "dist": "11"}], "lad @ ari": [], "pit @ ath": [], "cin @ sd": [], "atl @ sea": []}