{"all": {"pitchers": "6", "batters": "19", "pitches": "254", "max velomax pitch velocity": "98.4", "min velomin pitch velocity": "77.4", "ff%fourseam fastball %": "22.4", "si%sinker %": "9.4", "fc%cutter %": "16.5", "fs%splitter %": "0.0", "ch%changeup %": "7.9", "sl%slider %": "35.4", "cu%curve %": "8.3", "max evmax exit velocity": "111.6", "hhhard hit": "28", "hh%hard hit %": "44.4", "brlbarrels": "7", "brl%barrel %": "11.1", "ab": "73", "avg": ".356", "h": "26", "1b": "17", "2b": "4", "3b": "0", "hr": "5", "so": "12", "bipballs in play": "63", "liveGames": 0, "totGames": 9}, "min @ ari": [], "chc @ sf": [], "atl @ chw": [], "mia @ phi": [], "tex @ bal": [{"player": "corey seager", "game": "tex @ bal", "gameIdx": 0, "hr/park": "", "pa": "77", "dt": "", "img": "https://www.mlbstatic.com/team-logos/140.svg", "team": "tex", "start": "", "in": "9", "result": "Flyout", "evo": "76.6", "la": "38", "dist": "259"}, {"player": "davis wendzel", "game": "tex @ bal", "gameIdx": 0, "hr/park": "", "pa": "76", "dt": "", "img": "https://www.mlbstatic.com/team-logos/140.svg", "team": "tex", "start": "", "in": "9", "result": "Strikeout", "evo": "", "la": "", "dist": ""}, {"player": "leody taveras", "game": "tex @ bal", "gameIdx": 0, "hr/park": "", "pa": "75", "dt": "", "img": "https://www.mlbstatic.com/team-logos/140.svg", "team": "tex", "start": "", "in": "9", "result": "Strikeout", "evo": "", "la": "", "dist": ""}, {"player": "ryan ohearn", "game": "tex @ bal", "gameIdx": 0, "hr/park": "", "pa": "74", "dt": "", "img": "https://www.mlbstatic.com/team-logos/110.svg", "team": "bal", "start": "", "in": "8", "result": "Groundout", "evo": "49.9", "la": "-54", "dist": "4"}, {"player": "adley rutschman", "game": "tex @ bal", "gameIdx": 0, "hr/park": "", "pa": "73", "dt": "", "img": "https://www.mlbstatic.com/team-logos/110.svg", "team": "bal", "start": "", "in": "8", "result": "Sac Fly", "evo": "84.8", "la": "20", "dist": "282"}, {"player": "gunnar henderson", "game": "tex @ bal", "gameIdx": 0, "hr/park": "", "pa": "72", "dt": "", "img": "https://www.mlbstatic.com/team-logos/110.svg", "team": "bal", "start": "", "in": "8", "result": "Forceout", "evo": "88.1", "la": "-15", "dist": "12"}, {"player": "jorge mateo", "game": "tex @ bal", "gameIdx": 0, "hr/park": "", "pa": "71", "dt": "", "img": "https://www.mlbstatic.com/team-logos/110.svg", "team": "bal", "start": "", "in": "8", "result": "Single", "evo": "101.7", "la": "5", "dist": "167"}, {"player": "cedric mullins", "game": "tex @ bal", "gameIdx": 0, "hr/park": "", "pa": "70", "dt": "", "img": "https://www.mlbstatic.com/team-logos/110.svg", "team": "bal", "start": "", "in": "8", "result": "Single", "evo": "86.9", "la": "20", "dist": "293"}, {"player": "colton cowser", "game": "tex @ bal", "gameIdx": 0, "hr/park": "24/30", "pa": "69", "dt": "", "img": "https://www.mlbstatic.com/team-logos/110.svg", "team": "bal", "start": "", "in": "8", "result": "Home Run", "evo": "104.3", "la": "24", "dist": "411"}, {"player": "derek hill", "game": "tex @ bal", "gameIdx": 0, "hr/park": "", "pa": "68", "dt": "", "img": "https://www.mlbstatic.com/team-logos/140.svg", "team": "tex", "start": "", "in": "8", "result": "Strikeout", "evo": "", "la": "", "dist": ""}, {"player": "jonah heim", "game": "tex @ bal", "gameIdx": 0, "hr/park": "", "pa": "67", "dt": "", "img": "https://www.mlbstatic.com/team-logos/140.svg", "team": "tex", "start": "", "in": "8", "result": "Single", "evo": "73.0", "la": "-49", "dist": "1"}, {"player": "nathaniel lowe", "game": "tex @ bal", "gameIdx": 0, "hr/park": "", "pa": "66", "dt": "", "img": "https://www.mlbstatic.com/team-logos/140.svg", "team": "tex", "start": "", "in": "8", "result": "Single", "evo": "91.0", "la": "-2", "dist": "42"}, {"player": "wyatt langford", "game": "tex @ bal", "gameIdx": 0, "hr/park": "", "pa": "65", "dt": "", "img": "https://www.mlbstatic.com/team-logos/140.svg", "team": "tex", "start": "", "in": "8", "result": "Strikeout", "evo": "", "la": "", "dist": ""}, {"player": "adolis garcia", "game": "tex @ bal", "gameIdx": 0, "hr/park": "", "pa": "64", "dt": "", "img": "https://www.mlbstatic.com/team-logos/140.svg", "team": "tex", "start": "", "in": "8", "result": "Groundout", "evo": "93.6", "la": "-13", "dist": "13"}, {"player": "josh smith", "game": "tex @ bal", "gameIdx": 0, "hr/park": "0/30", "pa": "63", "dt": "", "img": "https://www.mlbstatic.com/team-logos/140.svg", "team": "tex", "start": "", "in": "8", "result": "Double", "evo": "93.4", "la": "19", "dist": "305"}, {"player": "jordan westburg", "game": "tex @ bal", "gameIdx": 0, "hr/park": "", "pa": "62", "dt": "", "img": "https://www.mlbstatic.com/team-logos/110.svg", "team": "bal", "start": "", "in": "7", "result": "Strikeout", "evo": "", "la": "", "dist": ""}, {"player": "heston kjerstad", "game": "tex @ bal", "gameIdx": 0, "hr/park": "", "pa": "61", "dt": "", "img": "https://www.mlbstatic.com/team-logos/110.svg", "team": "bal", "start": "", "in": "7", "result": "Walk", "evo": "", "la": "", "dist": ""}, {"player": "ryan mountcastle", "game": "tex @ bal", "gameIdx": 0, "hr/park": "", "pa": "60", "dt": "", "img": "https://www.mlbstatic.com/team-logos/110.svg", "team": "bal", "start": "", "in": "7", "result": "Strikeout", "evo": "", "la": "", "dist": ""}, {"player": "ryan ohearn", "game": "tex @ bal", "gameIdx": 0, "hr/park": "", "pa": "59", "dt": "", "img": "https://www.mlbstatic.com/team-logos/110.svg", "team": "bal", "start": "", "in": "7", "result": "Groundout", "evo": "65.9", "la": "4", "dist": "53"}, {"player": "adley rutschman", "game": "tex @ bal", "gameIdx": 0, "hr/park": "30/30", "pa": "58", "dt": "", "img": "https://www.mlbstatic.com/team-logos/110.svg", "team": "bal", "start": "", "in": "7", "result": "Home Run", "evo": "98.7", "la": "29", "dist": "386"}, {"player": "corey seager", "game": "tex @ bal", "gameIdx": 0, "hr/park": "", "pa": "57", "dt": "", "img": "https://www.mlbstatic.com/team-logos/140.svg", "team": "tex", "start": "", "in": "7", "result": "Strikeout", "evo": "", "la": "", "dist": ""}, {"player": "marcus semien", "game": "tex @ bal", "gameIdx": 0, "hr/park": "", "pa": "56", "dt": "", "img": "https://www.mlbstatic.com/team-logos/140.svg", "team": "tex", "start": "", "in": "7", "result": "Forceout", "evo": "80.3", "la": "-31", "dist": "5"}, {"player": "leody taveras", "game": "tex @ bal", "gameIdx": 0, "hr/park": "", "pa": "55", "dt": "", "img": "https://www.mlbstatic.com/team-logos/140.svg", "team": "tex", "start": "", "in": "7", "result": "Single", "evo": "106.2", "la": "5", "dist": "106"}, {"player": "derek hill", "game": "tex @ bal", "gameIdx": 0, "hr/park": "", "pa": "54", "dt": "", "img": "https://www.mlbstatic.com/team-logos/140.svg", "team": "tex", "start": "", "in": "7", "result": "Single", "evo": "101.4", "la": "14", "dist": "230"}, {"player": "jonah heim", "game": "tex @ bal", "gameIdx": 0, "hr/park": "", "pa": "53", "dt": "", "img": "https://www.mlbstatic.com/team-logos/140.svg", "team": "tex", "start": "", "in": "7", "result": "Groundout", "evo": "61.6", "la": "-20", "dist": "8"}, {"player": "gunnar henderson", "game": "tex @ bal", "gameIdx": 0, "hr/park": "0/30", "pa": "52", "dt": "", "img": "https://www.mlbstatic.com/team-logos/110.svg", "team": "bal", "start": "", "in": "6", "result": "Flyout", "evo": "97.9", "la": "34", "dist": "364"}, {"player": "jorge mateo", "game": "tex @ bal", "gameIdx": 0, "hr/park": "0/30", "pa": "51", "dt": "", "img": "https://www.mlbstatic.com/team-logos/110.svg", "team": "bal", "start": "", "in": "6", "result": "Flyout", "evo": "89.3", "la": "42", "dist": "314"}, {"player": "cedric mullins", "game": "tex @ bal", "gameIdx": 0, "hr/park": "", "pa": "50", "dt": "", "img": "https://www.mlbstatic.com/team-logos/110.svg", "team": "bal", "start": "", "in": "6", "result": "Double", "evo": "103.0", "la": "10", "dist": "201"}, {"player": "colton cowser", "game": "tex @ bal", "gameIdx": 0, "hr/park": "", "pa": "49", "dt": "", "img": "https://www.mlbstatic.com/team-logos/110.svg", "team": "bal", "start": "", "in": "6", "result": "Groundout", "evo": "77.4", "la": "5", "dist": "70"}, {"player": "nathaniel lowe", "game": "tex @ bal", "gameIdx": 0, "hr/park": "", "pa": "48", "dt": "", "img": "https://www.mlbstatic.com/team-logos/140.svg", "team": "tex", "start": "", "in": "6", "result": "Strikeout", "evo": "", "la": "", "dist": ""}, {"player": "wyatt langford", "game": "tex @ bal", "gameIdx": 0, "hr/park": "", "pa": "47", "dt": "", "img": "https://www.mlbstatic.com/team-logos/140.svg", "team": "tex", "start": "", "in": "6", "result": "Groundout", "evo": "102.5", "la": "-20", "dist": "8"}, {"player": "adolis garcia", "game": "tex @ bal", "gameIdx": 0, "hr/park": "", "pa": "46", "dt": "", "img": "https://www.mlbstatic.com/team-logos/140.svg", "team": "tex", "start": "", "in": "6", "result": "Groundout", "evo": "99.4", "la": "-17", "dist": "7"}, {"player": "jordan westburg", "game": "tex @ bal", "gameIdx": 0, "hr/park": "", "pa": "45", "dt": "", "img": "https://www.mlbstatic.com/team-logos/110.svg", "team": "bal", "start": "", "in": "5", "result": "Groundout", "evo": "89.8", "la": "-18", "dist": "8"}, {"player": "heston kjerstad", "game": "tex @ bal", "gameIdx": 0, "hr/park": "0/30", "pa": "44", "dt": "", "img": "https://www.mlbstatic.com/team-logos/110.svg", "team": "bal", "start": "", "in": "5", "result": "Flyout", "evo": "93.5", "la": "43", "dist": "319"}, {"player": "ryan mountcastle", "game": "tex @ bal", "gameIdx": 0, "hr/park": "", "pa": "43", "dt": "", "img": "https://www.mlbstatic.com/team-logos/110.svg", "team": "bal", "start": "", "in": "5", "result": "Flyout", "evo": "73.5", "la": "47", "dist": "216"}, {"player": "josh smith", "game": "tex @ bal", "gameIdx": 0, "hr/park": "", "pa": "42", "dt": "", "img": "https://www.mlbstatic.com/team-logos/140.svg", "team": "tex", "start": "", "in": "5", "result": "Forceout", "evo": "85.1", "la": "5", "dist": "77"}, {"player": "corey seager", "game": "tex @ bal", "gameIdx": 0, "hr/park": "", "pa": "41", "dt": "", "img": "https://www.mlbstatic.com/team-logos/140.svg", "team": "tex", "start": "", "in": "5", "result": "Single", "evo": "89.6", "la": "-2", "dist": "24"}, {"player": "marcus semien", "game": "tex @ bal", "gameIdx": 0, "hr/park": "", "pa": "40", "dt": "", "img": "https://www.mlbstatic.com/team-logos/140.svg", "team": "tex", "start": "", "in": "5", "result": "Pop Out", "evo": "89.0", "la": "62", "dist": "191"}, {"player": "leody taveras", "game": "tex @ bal", "gameIdx": 0, "hr/park": "", "pa": "39", "dt": "", "img": "https://www.mlbstatic.com/team-logos/140.svg", "team": "tex", "start": "", "in": "5", "result": "Single", "evo": "93.5", "la": "4", "dist": "101"}, {"player": "derek hill", "game": "tex @ bal", "gameIdx": 0, "hr/park": "", "pa": "38", "dt": "", "img": "https://www.mlbstatic.com/team-logos/140.svg", "team": "tex", "start": "", "in": "5", "result": "Groundout", "evo": "73.8", "la": "4", "dist": "57"}, {"player": "ryan ohearn", "game": "tex @ bal", "gameIdx": 0, "hr/park": "0/30", "pa": "37", "dt": "", "img": "https://www.mlbstatic.com/team-logos/110.svg", "team": "bal", "start": "", "in": "4", "result": "Flyout", "evo": "93.2", "la": "30", "dist": "356"}, {"player": "adley rutschman", "game": "tex @ bal", "gameIdx": 0, "hr/park": "10/30", "pa": "36", "dt": "", "img": "https://www.mlbstatic.com/team-logos/110.svg", "team": "bal", "start": "", "in": "4", "result": "Single", "evo": "103.6", "la": "22", "dist": "365"}, {"player": "gunnar henderson", "game": "tex @ bal", "gameIdx": 0, "hr/park": "", "pa": "35", "dt": "", "img": "https://www.mlbstatic.com/team-logos/110.svg", "team": "bal", "start": "", "in": "4", "result": "Groundout", "evo": "95.9", "la": "-34", "dist": "5"}, {"player": "jorge mateo", "game": "tex @ bal", "gameIdx": 0, "hr/park": "", "pa": "34", "dt": "", "img": "https://www.mlbstatic.com/team-logos/110.svg", "team": "bal", "start": "", "in": "4", "result": "Strikeout", "evo": "", "la": "", "dist": ""}, {"player": "cedric mullins", "game": "tex @ bal", "gameIdx": 0, "hr/park": "29/30", "pa": "33", "dt": "", "img": "https://www.mlbstatic.com/team-logos/110.svg", "team": "bal", "start": "", "in": "4", "result": "Home Run", "evo": "96.9", "la": "31", "dist": "380"}, {"player": "colton cowser", "game": "tex @ bal", "gameIdx": 0, "hr/park": "", "pa": "32", "dt": "", "img": "https://www.mlbstatic.com/team-logos/110.svg", "team": "bal", "start": "", "in": "4", "result": "Double", "evo": "89.6", "la": "21", "dist": "293"}, {"player": "jonah heim", "game": "tex @ bal", "gameIdx": 0, "hr/park": "", "pa": "31", "dt": "", "img": "https://www.mlbstatic.com/team-logos/140.svg", "team": "tex", "start": "", "in": "4", "result": "Groundout", "evo": "102.7", "la": "-4", "dist": "25"}, {"player": "nathaniel lowe", "game": "tex @ bal", "gameIdx": 0, "hr/park": "", "pa": "30", "dt": "", "img": "https://www.mlbstatic.com/team-logos/140.svg", "team": "tex", "start": "", "in": "4", "result": "Flyout", "evo": "72.2", "la": "35", "dist": "234"}, {"player": "wyatt langford", "game": "tex @ bal", "gameIdx": 0, "hr/park": "", "pa": "29", "dt": "", "img": "https://www.mlbstatic.com/team-logos/140.svg", "team": "tex", "start": "", "in": "4", "result": "Lineout", "evo": "70.5", "la": "12", "dist": "131"}, {"player": "adolis garcia", "game": "tex @ bal", "gameIdx": 0, "hr/park": "30/30", "pa": "28", "dt": "", "img": "https://www.mlbstatic.com/team-logos/140.svg", "team": "tex", "start": "", "in": "4", "result": "Home Run", "evo": "103.5", "la": "27", "dist": "404"}, {"player": "jordan westburg", "game": "tex @ bal", "gameIdx": 0, "hr/park": "", "pa": "27", "dt": "", "img": "https://www.mlbstatic.com/team-logos/110.svg", "team": "bal", "start": "", "in": "3", "result": "Groundout", "evo": "104.1", "la": "-6", "dist": "22"}, {"player": "heston kjerstad", "game": "tex @ bal", "gameIdx": 0, "hr/park": "26/30", "pa": "26", "dt": "", "img": "https://www.mlbstatic.com/team-logos/110.svg", "team": "bal", "start": "", "in": "3", "result": "Home Run", "evo": "103.7", "la": "35", "dist": "415"}, {"player": "ryan mountcastle", "game": "tex @ bal", "gameIdx": 0, "hr/park": "1/30", "pa": "25", "dt": "", "img": "https://www.mlbstatic.com/team-logos/110.svg", "team": "bal", "start": "", "in": "3", "result": "Sac Fly", "evo": "97.0", "la": "32", "dist": "385"}, {"player": "ryan ohearn", "game": "tex @ bal", "gameIdx": 0, "hr/park": "", "pa": "24", "dt": "", "img": "https://www.mlbstatic.com/team-logos/110.svg", "team": "bal", "start": "", "in": "3", "result": "Single", "evo": "103.8", "la": "-7", "dist": "17"}, {"player": "adley rutschman", "game": "tex @ bal", "gameIdx": 0, "hr/park": "", "pa": "23", "dt": "", "img": "https://www.mlbstatic.com/team-logos/110.svg", "team": "bal", "start": "", "in": "3", "result": "Flyout", "evo": "85.1", "la": "43", "dist": "290"}, {"player": "gunnar henderson", "game": "tex @ bal", "gameIdx": 0, "hr/park": "", "pa": "22", "dt": "", "img": "https://www.mlbstatic.com/team-logos/110.svg", "team": "bal", "start": "", "in": "3", "result": "Single", "evo": "111.6", "la": "2", "dist": "99"}, {"player": "josh smith", "game": "tex @ bal", "gameIdx": 0, "hr/park": "", "pa": "21", "dt": "", "img": "https://www.mlbstatic.com/team-logos/140.svg", "team": "tex", "start": "", "in": "3", "result": "Strikeout", "evo": "", "la": "", "dist": ""}, {"player": "corey seager", "game": "tex @ bal", "gameIdx": 0, "hr/park": "0/30", "pa": "20", "dt": "", "img": "https://www.mlbstatic.com/team-logos/140.svg", "team": "tex", "start": "", "in": "3", "result": "Lineout", "evo": "99.1", "la": "23", "dist": "361"}, {"player": "marcus semien", "game": "tex @ bal", "gameIdx": 0, "hr/park": "", "pa": "19", "dt": "", "img": "https://www.mlbstatic.com/team-logos/140.svg", "team": "tex", "start": "", "in": "3", "result": "Groundout", "evo": "101.6", "la": "-3", "dist": "34"}, {"player": "jorge mateo", "game": "tex @ bal", "gameIdx": 0, "hr/park": "", "pa": "18", "dt": "", "img": "https://www.mlbstatic.com/team-logos/110.svg", "team": "bal", "start": "", "in": "2", "result": "Groundout", "evo": "100.1", "la": "-12", "dist": "12"}, {"player": "cedric mullins", "game": "tex @ bal", "gameIdx": 0, "hr/park": "", "pa": "17", "dt": "", "img": "https://www.mlbstatic.com/team-logos/110.svg", "team": "bal", "start": "", "in": "2", "result": "Flyout", "evo": "73.1", "la": "48", "dist": "216"}, {"player": "colton cowser", "game": "tex @ bal", "gameIdx": 0, "hr/park": "", "pa": "16", "dt": "", "img": "https://www.mlbstatic.com/team-logos/110.svg", "team": "bal", "start": "", "in": "2", "result": "Flyout", "evo": "75.5", "la": "40", "dist": "266"}, {"player": "leody taveras", "game": "tex @ bal", "gameIdx": 0, "hr/park": "0/30", "pa": "15", "dt": "", "img": "https://www.mlbstatic.com/team-logos/140.svg", "team": "tex", "start": "", "in": "2", "result": "Lineout", "evo": "104.1", "la": "14", "dist": "338"}, {"player": "derek hill", "game": "tex @ bal", "gameIdx": 0, "hr/park": "", "pa": "14", "dt": "", "img": "https://www.mlbstatic.com/team-logos/140.svg", "team": "tex", "start": "", "in": "2", "result": "Strikeout", "evo": "", "la": "", "dist": ""}, {"player": "jonah heim", "game": "tex @ bal", "gameIdx": 0, "hr/park": "", "pa": "13", "dt": "", "img": "https://www.mlbstatic.com/team-logos/140.svg", "team": "tex", "start": "", "in": "2", "result": "Single", "evo": "87.5", "la": "18", "dist": "233"}, {"player": "nathaniel lowe", "game": "tex @ bal", "gameIdx": 0, "hr/park": "", "pa": "12", "dt": "", "img": "https://www.mlbstatic.com/team-logos/140.svg", "team": "tex", "start": "", "in": "2", "result": "Groundout", "evo": "97.5", "la": "-24", "dist": "7"}, {"player": "jordan westburg", "game": "tex @ bal", "gameIdx": 0, "hr/park": "8/30", "pa": "11", "dt": "", "img": "https://www.mlbstatic.com/team-logos/110.svg", "team": "bal", "start": "", "in": "1", "result": "Double", "evo": "99.3", "la": "28", "dist": "381"}, {"player": "heston kjerstad", "game": "tex @ bal", "gameIdx": 0, "hr/park": "", "pa": "10", "dt": "", "img": "https://www.mlbstatic.com/team-logos/110.svg", "team": "bal", "start": "", "in": "1", "result": "Single", "evo": "92.6", "la": "-5", "dist": "26"}, {"player": "ryan mountcastle", "game": "tex @ bal", "gameIdx": 0, "hr/park": "2/30", "pa": "9", "dt": "", "img": "https://www.mlbstatic.com/team-logos/110.svg", "team": "bal", "start": "", "in": "1", "result": "Flyout", "evo": "104.5", "la": "36", "dist": "391"}, {"player": "ryan ohearn", "game": "tex @ bal", "gameIdx": 0, "hr/park": "", "pa": "8", "dt": "", "img": "https://www.mlbstatic.com/team-logos/110.svg", "team": "bal", "start": "", "in": "1", "result": "Walk", "evo": "", "la": "", "dist": ""}, {"player": "adley rutschman", "game": "tex @ bal", "gameIdx": 0, "hr/park": "0/30", "pa": "7", "dt": "", "img": "https://www.mlbstatic.com/team-logos/110.svg", "team": "bal", "start": "", "in": "1", "result": "Flyout", "evo": "96.5", "la": "25", "dist": "370"}, {"player": "gunnar henderson", "game": "tex @ bal", "gameIdx": 0, "hr/park": "", "pa": "6", "dt": "", "img": "https://www.mlbstatic.com/team-logos/110.svg", "team": "bal", "start": "", "in": "1", "result": "Single", "evo": "69.2", "la": "38", "dist": "221"}, {"player": "wyatt langford", "game": "tex @ bal", "gameIdx": 0, "hr/park": "", "pa": "5", "dt": "", "img": "https://www.mlbstatic.com/team-logos/140.svg", "team": "tex", "start": "", "in": "1", "result": "Flyout", "evo": "88.6", "la": "49", "dist": "269"}, {"player": "adolis garcia", "game": "tex @ bal", "gameIdx": 0, "hr/park": "", "pa": "4", "dt": "", "img": "https://www.mlbstatic.com/team-logos/140.svg", "team": "tex", "start": "", "in": "1", "result": "Strikeout", "evo": "", "la": "", "dist": ""}, {"player": "josh smith", "game": "tex @ bal", "gameIdx": 0, "hr/park": "", "pa": "3", "dt": "", "img": "https://www.mlbstatic.com/team-logos/140.svg", "team": "tex", "start": "", "in": "1", "result": "Single", "evo": "93.3", "la": "14", "dist": "231"}, {"player": "corey seager", "game": "tex @ bal", "gameIdx": 0, "hr/park": "", "pa": "2", "dt": "", "img": "https://www.mlbstatic.com/team-logos/140.svg", "team": "tex", "start": "", "in": "1", "result": "Single", "evo": "106.5", "la": "3", "dist": "70"}, {"player": "marcus semien", "game": "tex @ bal", "gameIdx": 0, "hr/park": "", "pa": "1", "dt": "", "img": "https://www.mlbstatic.com/team-logos/140.svg", "team": "tex", "start": "", "in": "1", "result": "Single", "evo": "69.4", "la": "25", "dist": "232"}], "nyy @ tor": [], "cin @ stl": [], "cle @ kc": [], "det @ laa": []}