{"all": {"pitchers": "69", "batters": "175", "pitches": "841", "max velomax pitch velocity": "", "min velomin pitch velocity": "", "ff%fourseam fastball %": "0.0", "si%sinker %": "0.0", "fc%cutter %": "0.0", "fs%splitter %": "0.0", "ch%changeup %": "0.0", "sl%slider %": "0.0", "cu%curve %": "0.0", "max evmax exit velocity": "", "hhhard hit": "", "hh%hard hit %": "", "brlbarrels": "", "brl%barrel %": "", "ab": "408", "avg": ".248", "h": "101", "1b": "63", "2b": "25", "3b": "2", "hr": "11", "so": "103", "bipballs in play": "312", "liveGames": 0, "totGames": 13}, "sd @ lad": []}