{"all": {"pitchers": "56", "batters": "142", "pitches": "859", "max velomax pitch velocity": "", "min velomin pitch velocity": "", "ff%fourseam fastball %": "0.0", "si%sinker %": "0.0", "fc%cutter %": "0.0", "fs%splitter %": "0.0", "ch%changeup %": "0.0", "sl%slider %": "0.0", "cu%curve %": "0.0", "max evmax exit velocity": "", "hhhard hit": "", "hh%hard hit %": "", "brlbarrels": "", "brl%barrel %": "", "ab": "336", "avg": ".235", "h": "79", "1b": "51", "2b": "23", "3b": "1", "hr": "4", "so": "91", "bipballs in play": "255", "liveGames": 0, "totGames": 13}, "sd @ lad": []}