{"all": {"pitchers": "6", "batters": "18", "pitches": "265", "max velomax pitch velocity": "100.9", "min velomin pitch velocity": "78.5", "ff%fourseam fastball %": "43.4", "si%sinker %": "2.6", "fc%cutter %": "2.3", "fs%splitter %": "7.2", "ch%changeup %": "4.5", "sl%slider %": "25.7", "cu%curve %": "14.3", "max evmax exit velocity": "110.2", "hhhard hit": "16", "hh%hard hit %": "30.8", "brlbarrels": "4", "brl%barrel %": "7.7", "ab": "68", "avg": ".250", "h": "17", "1b": "14", "2b": "1", "3b": "0", "hr": "2", "so": "18", "bipballs in play": "52", "liveGames": 0, "totGames": 10}, "bos @ bal": [], "kc @ min": [{"player": "bobby witt", "game": "kc @ min", "gameIdx": 0, "hr/park": "", "pa": "71", "dt": "", "img": "https://www.mlbstatic.com/team-logos/118.svg", "team": "kc", "start": "", "in": "9", "result": "Groundout", "evo": "77.0", "la": "-56", "dist": "2"}, {"player": "maikel garcia", "game": "kc @ min", "gameIdx": 0, "hr/park": "", "pa": "70", "dt": "", "img": "https://www.mlbstatic.com/team-logos/118.svg", "team": "kc", "start": "", "in": "9", "result": "Single", "evo": "55.4", "la": "-74", "dist": "2"}, {"player": "dairon blanco", "game": "kc @ min", "gameIdx": 0, "hr/park": "", "pa": "69", "dt": "", "img": "https://www.mlbstatic.com/team-logos/118.svg", "team": "kc", "start": "", "in": "9", "result": "Single", "evo": "72.2", "la": "-53", "dist": "2"}, {"player": "mj melendez", "game": "kc @ min", "gameIdx": 0, "hr/park": "", "pa": "68", "dt": "", "img": "https://www.mlbstatic.com/team-logos/118.svg", "team": "kc", "start": "", "in": "9", "result": "Hit By Pitch", "evo": "", "la": "", "dist": ""}, {"player": "hunter renfroe", "game": "kc @ min", "gameIdx": 0, "hr/park": "", "pa": "67", "dt": "", "img": "https://www.mlbstatic.com/team-logos/118.svg", "team": "kc", "start": "", "in": "9", "result": "Double", "evo": "108.4", "la": "12", "dist": "263"}, {"player": "adam frazier", "game": "kc @ min", "gameIdx": 0, "hr/park": "", "pa": "66", "dt": "", "img": "https://www.mlbstatic.com/team-logos/118.svg", "team": "kc", "start": "", "in": "9", "result": "Single", "evo": "64.7", "la": "30", "dist": "188"}, {"player": "nelson velazquez", "game": "kc @ min", "gameIdx": 0, "hr/park": "", "pa": "65", "dt": "", "img": "https://www.mlbstatic.com/team-logos/118.svg", "team": "kc", "start": "", "in": "9", "result": "Pop Out", "evo": "98.4", "la": "61", "dist": "178"}, {"player": "salvador perez", "game": "kc @ min", "gameIdx": 0, "hr/park": "", "pa": "64", "dt": "", "img": "https://www.mlbstatic.com/team-logos/118.svg", "team": "kc", "start": "", "in": "9", "result": "Single", "evo": "78.9", "la": "16", "dist": "169"}, {"player": "vinnie pasquantino", "game": "kc @ min", "gameIdx": 0, "hr/park": "", "pa": "63", "dt": "", "img": "https://www.mlbstatic.com/team-logos/118.svg", "team": "kc", "start": "", "in": "9", "result": "Lineout", "evo": "90.4", "la": "22", "dist": "280"}, {"player": "byron buxton", "game": "kc @ min", "gameIdx": 0, "hr/park": "", "pa": "62", "dt": "", "img": "https://www.mlbstatic.com/team-logos/142.svg", "team": "min", "start": "", "in": "8", "result": "Strikeout", "evo": "", "la": "", "dist": ""}, {"player": "alex kirilloff", "game": "kc @ min", "gameIdx": 0, "hr/park": "", "pa": "61", "dt": "", "img": "https://www.mlbstatic.com/team-logos/142.svg", "team": "min", "start": "", "in": "8", "result": "Single", "evo": "80.1", "la": "49", "dist": "216"}, {"player": "ryan jeffers", "game": "kc @ min", "gameIdx": 0, "hr/park": "", "pa": "60", "dt": "", "img": "https://www.mlbstatic.com/team-logos/142.svg", "team": "min", "start": "", "in": "8", "result": "Single", "evo": "93.2", "la": "-3", "dist": "35"}, {"player": "max kepler", "game": "kc @ min", "gameIdx": 0, "hr/park": "", "pa": "59", "dt": "", "img": "https://www.mlbstatic.com/team-logos/142.svg", "team": "min", "start": "", "in": "8", "result": "Field Error", "evo": "70.8", "la": "45", "dist": "221"}, {"player": "carlos correa", "game": "kc @ min", "gameIdx": 0, "hr/park": "", "pa": "58", "dt": "", "img": "https://www.mlbstatic.com/team-logos/142.svg", "team": "min", "start": "", "in": "8", "result": "Groundout", "evo": "83.7", "la": "-38", "dist": "3"}, {"player": "trevor larnach", "game": "kc @ min", "gameIdx": 0, "hr/park": "", "pa": "57", "dt": "", "img": "https://www.mlbstatic.com/team-logos/142.svg", "team": "min", "start": "", "in": "8", "result": "Groundout", "evo": "102.7", "la": "4", "dist": "116"}, {"player": "bobby witt", "game": "kc @ min", "gameIdx": 0, "hr/park": "0/30", "pa": "56", "dt": "", "img": "https://www.mlbstatic.com/team-logos/118.svg", "team": "kc", "start": "", "in": "8", "result": "Lineout", "evo": "100.2", "la": "18", "dist": "326"}, {"player": "maikel garcia", "game": "kc @ min", "gameIdx": 0, "hr/park": "", "pa": "55", "dt": "", "img": "https://www.mlbstatic.com/team-logos/118.svg", "team": "kc", "start": "", "in": "8", "result": "Single", "evo": "81.0", "la": "17", "dist": "219"}, {"player": "dairon blanco", "game": "kc @ min", "gameIdx": 0, "hr/park": "", "pa": "54", "dt": "", "img": "https://www.mlbstatic.com/team-logos/118.svg", "team": "kc", "start": "", "in": "8", "result": "Strikeout", "evo": "", "la": "", "dist": ""}, {"player": "mj melendez", "game": "kc @ min", "gameIdx": 0, "hr/park": "", "pa": "53", "dt": "", "img": "https://www.mlbstatic.com/team-logos/118.svg", "team": "kc", "start": "", "in": "8", "result": "Groundout", "evo": "104.5", "la": "-6", "dist": "18"}, {"player": "jose miranda", "game": "kc @ min", "gameIdx": 0, "hr/park": "", "pa": "52", "dt": "", "img": "https://www.mlbstatic.com/team-logos/142.svg", "team": "min", "start": "", "in": "7", "result": "Strikeout", "evo": "", "la": "", "dist": ""}, {"player": "edouard julien", "game": "kc @ min", "gameIdx": 0, "hr/park": "", "pa": "51", "dt": "", "img": "https://www.mlbstatic.com/team-logos/142.svg", "team": "min", "start": "", "in": "7", "result": "Single", "evo": "94.8", "la": "14", "dist": "236"}, {"player": "willi castro", "game": "kc @ min", "gameIdx": 0, "hr/park": "0/30", "pa": "50", "dt": "", "img": "https://www.mlbstatic.com/team-logos/142.svg", "team": "min", "start": "", "in": "7", "result": "Lineout", "evo": "101.4", "la": "23", "dist": "395"}, {"player": "byron buxton", "game": "kc @ min", "gameIdx": 0, "hr/park": "", "pa": "49", "dt": "", "img": "https://www.mlbstatic.com/team-logos/142.svg", "team": "min", "start": "", "in": "7", "result": "Groundout", "evo": "98.5", "la": "4", "dist": "92"}, {"player": "hunter renfroe", "game": "kc @ min", "gameIdx": 0, "hr/park": "", "pa": "48", "dt": "", "img": "https://www.mlbstatic.com/team-logos/118.svg", "team": "kc", "start": "", "in": "7", "result": "Strikeout", "evo": "", "la": "", "dist": ""}, {"player": "adam frazier", "game": "kc @ min", "gameIdx": 0, "hr/park": "", "pa": "47", "dt": "", "img": "https://www.mlbstatic.com/team-logos/118.svg", "team": "kc", "start": "", "in": "7", "result": "Groundout", "evo": "91.5", "la": "-11", "dist": "15"}, {"player": "nelson velazquez", "game": "kc @ min", "gameIdx": 0, "hr/park": "2/30", "pa": "46", "dt": "", "img": "https://www.mlbstatic.com/team-logos/118.svg", "team": "kc", "start": "", "in": "7", "result": "Flyout", "evo": "92.9", "la": "31", "dist": "362"}, {"player": "alex kirilloff", "game": "kc @ min", "gameIdx": 0, "hr/park": "", "pa": "45", "dt": "", "img": "https://www.mlbstatic.com/team-logos/142.svg", "team": "min", "start": "", "in": "6", "result": "Strikeout", "evo": "", "la": "", "dist": ""}, {"player": "ryan jeffers", "game": "kc @ min", "gameIdx": 0, "hr/park": "0/30", "pa": "44", "dt": "", "img": "https://www.mlbstatic.com/team-logos/142.svg", "team": "min", "start": "", "in": "6", "result": "Flyout", "evo": "93.2", "la": "40", "dist": "319"}, {"player": "max kepler", "game": "kc @ min", "gameIdx": 0, "hr/park": "", "pa": "43", "dt": "", "img": "https://www.mlbstatic.com/team-logos/142.svg", "team": "min", "start": "", "in": "6", "result": "Groundout", "evo": "88.0", "la": "5", "dist": "100"}, {"player": "salvador perez", "game": "kc @ min", "gameIdx": 0, "hr/park": "", "pa": "42", "dt": "", "img": "https://www.mlbstatic.com/team-logos/118.svg", "team": "kc", "start": "", "in": "6", "result": "Strikeout", "evo": "", "la": "", "dist": ""}, {"player": "vinnie pasquantino", "game": "kc @ min", "gameIdx": 0, "hr/park": "", "pa": "41", "dt": "", "img": "https://www.mlbstatic.com/team-logos/118.svg", "team": "kc", "start": "", "in": "6", "result": "Single", "evo": "104.5", "la": "15", "dist": "263"}, {"player": "bobby witt", "game": "kc @ min", "gameIdx": 0, "hr/park": "", "pa": "40", "dt": "", "img": "https://www.mlbstatic.com/team-logos/118.svg", "team": "kc", "start": "", "in": "6", "result": "Single", "evo": "83.1", "la": "15", "dist": "238"}, {"player": "maikel garcia", "game": "kc @ min", "gameIdx": 0, "hr/park": "", "pa": "39", "dt": "", "img": "https://www.mlbstatic.com/team-logos/118.svg", "team": "kc", "start": "", "in": "6", "result": "Forceout", "evo": "67.7", "la": "-22", "dist": "6"}, {"player": "dairon blanco", "game": "kc @ min", "gameIdx": 0, "hr/park": "", "pa": "38", "dt": "", "img": "https://www.mlbstatic.com/team-logos/118.svg", "team": "kc", "start": "", "in": "6", "result": "Pop Out", "evo": "78.1", "la": "67", "dist": "135"}, {"player": "mj melendez", "game": "kc @ min", "gameIdx": 0, "hr/park": "", "pa": "37", "dt": "", "img": "https://www.mlbstatic.com/team-logos/118.svg", "team": "kc", "start": "", "in": "6", "result": "Single", "evo": "72.6", "la": "17", "dist": "160"}, {"player": "carlos correa", "game": "kc @ min", "gameIdx": 0, "hr/park": "", "pa": "36", "dt": "", "img": "https://www.mlbstatic.com/team-logos/142.svg", "team": "min", "start": "", "in": "5", "result": "Strikeout", "evo": "", "la": "", "dist": ""}, {"player": "trevor larnach", "game": "kc @ min", "gameIdx": 0, "hr/park": "30/30", "pa": "35", "dt": "", "img": "https://www.mlbstatic.com/team-logos/142.svg", "team": "min", "start": "", "in": "5", "result": "Home Run", "evo": "109.1", "la": "24", "dist": "441"}, {"player": "jose miranda", "game": "kc @ min", "gameIdx": 0, "hr/park": "", "pa": "34", "dt": "", "img": "https://www.mlbstatic.com/team-logos/142.svg", "team": "min", "start": "", "in": "5", "result": "Strikeout", "evo": "", "la": "", "dist": ""}, {"player": "edouard julien", "game": "kc @ min", "gameIdx": 0, "hr/park": "", "pa": "33", "dt": "", "img": "https://www.mlbstatic.com/team-logos/142.svg", "team": "min", "start": "", "in": "5", "result": "Walk", "evo": "", "la": "", "dist": ""}, {"player": "willi castro", "game": "kc @ min", "gameIdx": 0, "hr/park": "", "pa": "32", "dt": "", "img": "https://www.mlbstatic.com/team-logos/142.svg", "team": "min", "start": "", "in": "5", "result": "Walk", "evo": "", "la": "", "dist": ""}, {"player": "byron buxton", "game": "kc @ min", "gameIdx": 0, "hr/park": "", "pa": "31", "dt": "", "img": "https://www.mlbstatic.com/team-logos/142.svg", "team": "min", "start": "", "in": "5", "result": "Groundout", "evo": "58.8", "la": "-59", "dist": "4"}, {"player": "hunter renfroe", "game": "kc @ min", "gameIdx": 0, "hr/park": "", "pa": "30", "dt": "", "img": "https://www.mlbstatic.com/team-logos/118.svg", "team": "kc", "start": "", "in": "5", "result": "Strikeout", "evo": "", "la": "", "dist": ""}, {"player": "adam frazier", "game": "kc @ min", "gameIdx": 0, "hr/park": "", "pa": "29", "dt": "", "img": "https://www.mlbstatic.com/team-logos/118.svg", "team": "kc", "start": "", "in": "5", "result": "Groundout", "evo": "86.2", "la": "-9", "dist": "12"}, {"player": "nelson velazquez", "game": "kc @ min", "gameIdx": 0, "hr/park": "", "pa": "28", "dt": "", "img": "https://www.mlbstatic.com/team-logos/118.svg", "team": "kc", "start": "", "in": "5", "result": "Pop Out", "evo": "86.4", "la": "75", "dist": "67"}, {"player": "alex kirilloff", "game": "kc @ min", "gameIdx": 0, "hr/park": "", "pa": "27", "dt": "", "img": "https://www.mlbstatic.com/team-logos/142.svg", "team": "min", "start": "", "in": "4", "result": "GIDP", "evo": "93.4", "la": "2", "dist": "56"}, {"player": "ryan jeffers", "game": "kc @ min", "gameIdx": 0, "hr/park": "", "pa": "26", "dt": "", "img": "https://www.mlbstatic.com/team-logos/142.svg", "team": "min", "start": "", "in": "4", "result": "Single", "evo": "100.7", "la": "-15", "dist": "7"}, {"player": "max kepler", "game": "kc @ min", "gameIdx": 0, "hr/park": "0/30", "pa": "25", "dt": "", "img": "https://www.mlbstatic.com/team-logos/142.svg", "team": "min", "start": "", "in": "4", "result": "Flyout", "evo": "94.0", "la": "43", "dist": "316"}, {"player": "salvador perez", "game": "kc @ min", "gameIdx": 0, "hr/park": "", "pa": "24", "dt": "", "img": "https://www.mlbstatic.com/team-logos/118.svg", "team": "kc", "start": "", "in": "4", "result": "Groundout", "evo": "77.3", "la": "-33", "dist": "3"}, {"player": "vinnie pasquantino", "game": "kc @ min", "gameIdx": 0, "hr/park": "0/30", "pa": "23", "dt": "", "img": "https://www.mlbstatic.com/team-logos/118.svg", "team": "kc", "start": "", "in": "4", "result": "Flyout", "evo": "95.5", "la": "26", "dist": "371"}, {"player": "bobby witt", "game": "kc @ min", "gameIdx": 0, "hr/park": "", "pa": "22", "dt": "", "img": "https://www.mlbstatic.com/team-logos/118.svg", "team": "kc", "start": "", "in": "4", "result": "Pop Out", "evo": "90.8", "la": "82", "dist": "22"}, {"player": "carlos correa", "game": "kc @ min", "gameIdx": 0, "hr/park": "", "pa": "21", "dt": "", "img": "https://www.mlbstatic.com/team-logos/142.svg", "team": "min", "start": "", "in": "3", "result": "Strikeout", "evo": "", "la": "", "dist": ""}, {"player": "trevor larnach", "game": "kc @ min", "gameIdx": 0, "hr/park": "", "pa": "20", "dt": "", "img": "https://www.mlbstatic.com/team-logos/142.svg", "team": "min", "start": "", "in": "3", "result": "Groundout", "evo": "110.2", "la": "", "dist": "53"}, {"player": "jose miranda", "game": "kc @ min", "gameIdx": 0, "hr/park": "30/30", "pa": "19", "dt": "", "img": "https://www.mlbstatic.com/team-logos/142.svg", "team": "min", "start": "", "in": "3", "result": "Home Run", "evo": "107.4", "la": "23", "dist": "437"}, {"player": "edouard julien", "game": "kc @ min", "gameIdx": 0, "hr/park": "", "pa": "18", "dt": "", "img": "https://www.mlbstatic.com/team-logos/142.svg", "team": "min", "start": "", "in": "3", "result": "Single", "evo": "57.5", "la": "19", "dist": "117"}, {"player": "willi castro", "game": "kc @ min", "gameIdx": 0, "hr/park": "", "pa": "17", "dt": "", "img": "https://www.mlbstatic.com/team-logos/142.svg", "team": "min", "start": "", "in": "3", "result": "Groundout", "evo": "98.9", "la": "-13", "dist": "9"}, {"player": "maikel garcia", "game": "kc @ min", "gameIdx": 0, "hr/park": "", "pa": "16", "dt": "", "img": "https://www.mlbstatic.com/team-logos/118.svg", "team": "kc", "start": "", "in": "3", "result": "Strikeout", "evo": "", "la": "", "dist": ""}, {"player": "dairon blanco", "game": "kc @ min", "gameIdx": 0, "hr/park": "", "pa": "15", "dt": "", "img": "https://www.mlbstatic.com/team-logos/118.svg", "team": "kc", "start": "", "in": "3", "result": "Strikeout", "evo": "", "la": "", "dist": ""}, {"player": "mj melendez", "game": "kc @ min", "gameIdx": 0, "hr/park": "", "pa": "14", "dt": "", "img": "https://www.mlbstatic.com/team-logos/118.svg", "team": "kc", "start": "", "in": "3", "result": "Strikeout", "evo": "", "la": "", "dist": ""}, {"player": "byron buxton", "game": "kc @ min", "gameIdx": 0, "hr/park": "", "pa": "13", "dt": "", "img": "https://www.mlbstatic.com/team-logos/142.svg", "team": "min", "start": "", "in": "2", "result": "Flyout", "evo": "88.4", "la": "45", "dist": "275"}, {"player": "alex kirilloff", "game": "kc @ min", "gameIdx": 0, "hr/park": "0/30", "pa": "12", "dt": "", "img": "https://www.mlbstatic.com/team-logos/142.svg", "team": "min", "start": "", "in": "2", "result": "Flyout", "evo": "89.2", "la": "29", "dist": "325"}, {"player": "ryan jeffers", "game": "kc @ min", "gameIdx": 0, "hr/park": "", "pa": "11", "dt": "", "img": "https://www.mlbstatic.com/team-logos/142.svg", "team": "min", "start": "", "in": "2", "result": "Strikeout", "evo": "", "la": "", "dist": ""}, {"player": "hunter renfroe", "game": "kc @ min", "gameIdx": 0, "hr/park": "", "pa": "10", "dt": "", "img": "https://www.mlbstatic.com/team-logos/118.svg", "team": "kc", "start": "", "in": "2", "result": "Strikeout", "evo": "", "la": "", "dist": ""}, {"player": "adam frazier", "game": "kc @ min", "gameIdx": 0, "hr/park": "", "pa": "9", "dt": "", "img": "https://www.mlbstatic.com/team-logos/118.svg", "team": "kc", "start": "", "in": "2", "result": "Groundout", "evo": "78.7", "la": "-9", "dist": "14"}, {"player": "nelson velazquez", "game": "kc @ min", "gameIdx": 0, "hr/park": "", "pa": "8", "dt": "", "img": "https://www.mlbstatic.com/team-logos/118.svg", "team": "kc", "start": "", "in": "2", "result": "Strikeout", "evo": "", "la": "", "dist": ""}, {"player": "max kepler", "game": "kc @ min", "gameIdx": 0, "hr/park": "0/30", "pa": "7", "dt": "", "img": "https://www.mlbstatic.com/team-logos/142.svg", "team": "min", "start": "", "in": "1", "result": "Flyout", "evo": "100.4", "la": "24", "dist": "389"}, {"player": "carlos correa", "game": "kc @ min", "gameIdx": 0, "hr/park": "", "pa": "6", "dt": "", "img": "https://www.mlbstatic.com/team-logos/142.svg", "team": "min", "start": "", "in": "1", "result": "Strikeout", "evo": "", "la": "", "dist": ""}, {"player": "trevor larnach", "game": "kc @ min", "gameIdx": 0, "hr/park": "0/30", "pa": "5", "dt": "", "img": "https://www.mlbstatic.com/team-logos/142.svg", "team": "min", "start": "", "in": "1", "result": "Flyout", "evo": "87.6", "la": "34", "dist": "326"}, {"player": "salvador perez", "game": "kc @ min", "gameIdx": 0, "hr/park": "", "pa": "4", "dt": "", "img": "https://www.mlbstatic.com/team-logos/118.svg", "team": "kc", "start": "", "in": "1", "result": "Pop Out", "evo": "83.7", "la": "81", "dist": "42"}, {"player": "vinnie pasquantino", "game": "kc @ min", "gameIdx": 0, "hr/park": "", "pa": "3", "dt": "", "img": "https://www.mlbstatic.com/team-logos/118.svg", "team": "kc", "start": "", "in": "1", "result": "Strikeout", "evo": "", "la": "", "dist": ""}, {"player": "bobby witt", "game": "kc @ min", "gameIdx": 0, "hr/park": "", "pa": "2", "dt": "", "img": "https://www.mlbstatic.com/team-logos/118.svg", "team": "kc", "start": "", "in": "1", "result": "Single", "evo": "106.8", "la": "5", "dist": "142"}, {"player": "maikel garcia", "game": "kc @ min", "gameIdx": 0, "hr/park": "", "pa": "1", "dt": "", "img": "https://www.mlbstatic.com/team-logos/118.svg", "team": "kc", "start": "", "in": "1", "result": "Lineout", "evo": "83.8", "la": "22", "dist": "261"}], "tor @ chw": [], "cle @ col": [], "stl @ cin": [], "wsh @ atl": [], "chc @ mil": [], "phi @ sf": [], "mia @ sd": [], "hou @ sea": []}