{"all": {"pitchers": "7", "batters": "18", "pitches": "283", "max velomax pitch velocity": "99.2", "min velomin pitch velocity": "74.0", "ff%fourseam fastball %": "24.4", "si%sinker %": "16.6", "fc%cutter %": "7.4", "fs%splitter %": "4.9", "ch%changeup %": "10.6", "sl%slider %": "25.4", "cu%curve %": "10.6", "max evmax exit velocity": "109.3", "hhhard hit": "15", "hh%hard hit %": "36.6", "brlbarrels": "3", "brl%barrel %": "7.3", "ab": "62", "avg": ".194", "h": "12", "1b": "9", "2b": "0", "3b": "0", "hr": "3", "so": "21", "bipballs in play": "41", "liveGames": 0, "totGames": 15}, "phi @ nym": [], "wsh @ chw": [], "wsh @ chw-gm2": [], "mia @ det": [], "tb @ bos": [], "chc @ atl": [], "nyy @ min": [], "pit @ mil": [], "cle @ tex": [], "ath @ hou": [], "stl @ laa": [], "cin @ ari": [], "col @ sd": [], "kc @ sea": [{"player": "luis urias", "game": "kc @ sea", "gameIdx": 0, "hr/park": "", "pa": "68", "dt": "", "img": "https://www.mlbstatic.com/team-logos/136.svg", "team": "sea", "start": "", "in": "9", "result": "Lineout", "evo": "57.7", "la": "35", "dist": "181"}, {"player": "dylan moore", "game": "kc @ sea", "gameIdx": 0, "hr/park": "", "pa": "67", "dt": "", "img": "https://www.mlbstatic.com/team-logos/136.svg", "team": "sea", "start": "", "in": "9", "result": "Strikeout", "evo": "", "la": "", "dist": ""}, {"player": "mitch haniger", "game": "kc @ sea", "gameIdx": 0, "hr/park": "23/30", "pa": "66", "dt": "", "img": "https://www.mlbstatic.com/team-logos/136.svg", "team": "sea", "start": "", "in": "9", "result": "Home Run", "evo": "103.6", "la": "34", "dist": "356"}, {"player": "luke raley", "game": "kc @ sea", "gameIdx": 0, "hr/park": "", "pa": "65", "dt": "", "img": "https://www.mlbstatic.com/team-logos/136.svg", "team": "sea", "start": "", "in": "9", "result": "Strikeout", "evo": "", "la": "", "dist": ""}, {"player": "nelson velazquez", "game": "kc @ sea", "gameIdx": 0, "hr/park": "", "pa": "64", "dt": "", "img": "https://www.mlbstatic.com/team-logos/118.svg", "team": "kc", "start": "", "in": "9", "result": "Strikeout", "evo": "", "la": "", "dist": ""}, {"player": "michael massey", "game": "kc @ sea", "gameIdx": 0, "hr/park": "0/30", "pa": "63", "dt": "", "img": "https://www.mlbstatic.com/team-logos/118.svg", "team": "kc", "start": "", "in": "9", "result": "Flyout", "evo": "97.3", "la": "28", "dist": "369"}, {"player": "salvador perez", "game": "kc @ sea", "gameIdx": 0, "hr/park": "", "pa": "62", "dt": "", "img": "https://www.mlbstatic.com/team-logos/118.svg", "team": "kc", "start": "", "in": "9", "result": "Groundout", "evo": "59.7", "la": "-19", "dist": "8"}, {"player": "cal raleigh", "game": "kc @ sea", "gameIdx": 0, "hr/park": "", "pa": "61", "dt": "", "img": "https://www.mlbstatic.com/team-logos/136.svg", "team": "sea", "start": "", "in": "8", "result": "Strikeout", "evo": "", "la": "", "dist": ""}, {"player": "ty france", "game": "kc @ sea", "gameIdx": 0, "hr/park": "", "pa": "60", "dt": "", "img": "https://www.mlbstatic.com/team-logos/136.svg", "team": "sea", "start": "", "in": "8", "result": "Single", "evo": "91.3", "la": "3", "dist": "73"}, {"player": "julio rodriguez", "game": "kc @ sea", "gameIdx": 0, "hr/park": "", "pa": "59", "dt": "", "img": "https://www.mlbstatic.com/team-logos/136.svg", "team": "sea", "start": "", "in": "8", "result": "Single", "evo": "105.2", "la": "4", "dist": "100"}, {"player": "josh rojas", "game": "kc @ sea", "gameIdx": 0, "hr/park": "", "pa": "58", "dt": "", "img": "https://www.mlbstatic.com/team-logos/136.svg", "team": "sea", "start": "", "in": "8", "result": "Flyout", "evo": "84.9", "la": "41", "dist": "271"}, {"player": "sam haggerty", "game": "kc @ sea", "gameIdx": 0, "hr/park": "", "pa": "57", "dt": "", "img": "https://www.mlbstatic.com/team-logos/136.svg", "team": "sea", "start": "", "in": "8", "result": "Lineout", "evo": "109.3", "la": "6", "dist": "126"}, {"player": "vinnie pasquantino", "game": "kc @ sea", "gameIdx": 0, "hr/park": "", "pa": "56", "dt": "", "img": "https://www.mlbstatic.com/team-logos/118.svg", "team": "kc", "start": "", "in": "8", "result": "Strikeout", "evo": "", "la": "", "dist": ""}, {"player": "bobby witt", "game": "kc @ sea", "gameIdx": 0, "hr/park": "0/30", "pa": "55", "dt": "", "img": "https://www.mlbstatic.com/team-logos/118.svg", "team": "kc", "start": "", "in": "8", "result": "Flyout", "evo": "97.9", "la": "30", "dist": "341"}, {"player": "maikel garcia", "game": "kc @ sea", "gameIdx": 0, "hr/park": "", "pa": "54", "dt": "", "img": "https://www.mlbstatic.com/team-logos/118.svg", "team": "kc", "start": "", "in": "8", "result": "Single", "evo": "96.6", "la": "11", "dist": "239"}, {"player": "garrett hampson", "game": "kc @ sea", "gameIdx": 0, "hr/park": "", "pa": "53", "dt": "", "img": "https://www.mlbstatic.com/team-logos/118.svg", "team": "kc", "start": "", "in": "8", "result": "Sac Bunt", "evo": "25.6", "la": "-56", "dist": "2"}, {"player": "hunter renfroe", "game": "kc @ sea", "gameIdx": 0, "hr/park": "", "pa": "52", "dt": "", "img": "https://www.mlbstatic.com/team-logos/118.svg", "team": "kc", "start": "", "in": "8", "result": "Walk", "evo": "", "la": "", "dist": ""}, {"player": "luis urias", "game": "kc @ sea", "gameIdx": 0, "hr/park": "", "pa": "51", "dt": "", "img": "https://www.mlbstatic.com/team-logos/136.svg", "team": "sea", "start": "", "in": "7", "result": "Strikeout", "evo": "", "la": "", "dist": ""}, {"player": "dylan moore", "game": "kc @ sea", "gameIdx": 0, "hr/park": "", "pa": "50", "dt": "", "img": "https://www.mlbstatic.com/team-logos/136.svg", "team": "sea", "start": "", "in": "7", "result": "GIDP", "evo": "80.0", "la": "-5", "dist": "22"}, {"player": "mitch haniger", "game": "kc @ sea", "gameIdx": 0, "hr/park": "", "pa": "49", "dt": "", "img": "https://www.mlbstatic.com/team-logos/136.svg", "team": "sea", "start": "", "in": "7", "result": "Single", "evo": "89.9", "la": "10", "dist": "163"}, {"player": "mj melendez", "game": "kc @ sea", "gameIdx": 0, "hr/park": "", "pa": "48", "dt": "", "img": "https://www.mlbstatic.com/team-logos/118.svg", "team": "kc", "start": "", "in": "7", "result": "Strikeout", "evo": "", "la": "", "dist": ""}, {"player": "nelson velazquez", "game": "kc @ sea", "gameIdx": 0, "hr/park": "29/30", "pa": "47", "dt": "", "img": "https://www.mlbstatic.com/team-logos/118.svg", "team": "kc", "start": "", "in": "7", "result": "Home Run", "evo": "107.8", "la": "20", "dist": "398"}, {"player": "michael massey", "game": "kc @ sea", "gameIdx": 0, "hr/park": "", "pa": "46", "dt": "", "img": "https://www.mlbstatic.com/team-logos/118.svg", "team": "kc", "start": "", "in": "7", "result": "Strikeout", "evo": "", "la": "", "dist": ""}, {"player": "salvador perez", "game": "kc @ sea", "gameIdx": 0, "hr/park": "", "pa": "45", "dt": "", "img": "https://www.mlbstatic.com/team-logos/118.svg", "team": "kc", "start": "", "in": "7", "result": "Intent Walk", "evo": "", "la": "", "dist": ""}, {"player": "vinnie pasquantino", "game": "kc @ sea", "gameIdx": 0, "hr/park": "", "pa": "44", "dt": "", "img": "https://www.mlbstatic.com/team-logos/118.svg", "team": "kc", "start": "", "in": "7", "result": "Groundout", "evo": "101.5", "la": "1", "dist": "57"}, {"player": "bobby witt", "game": "kc @ sea", "gameIdx": 0, "hr/park": "", "pa": "43", "dt": "", "img": "https://www.mlbstatic.com/team-logos/118.svg", "team": "kc", "start": "", "in": "7", "result": "Walk", "evo": "", "la": "", "dist": ""}, {"player": "luke raley", "game": "kc @ sea", "gameIdx": 0, "hr/park": "", "pa": "42", "dt": "", "img": "https://www.mlbstatic.com/team-logos/136.svg", "team": "sea", "start": "", "in": "6", "result": "Groundout", "evo": "70.5", "la": "-9", "dist": "14"}, {"player": "cal raleigh", "game": "kc @ sea", "gameIdx": 0, "hr/park": "", "pa": "41", "dt": "", "img": "https://www.mlbstatic.com/team-logos/136.svg", "team": "sea", "start": "", "in": "6", "result": "Lineout", "evo": "63.4", "la": "16", "dist": "145"}, {"player": "ty france", "game": "kc @ sea", "gameIdx": 0, "hr/park": "", "pa": "40", "dt": "", "img": "https://www.mlbstatic.com/team-logos/136.svg", "team": "sea", "start": "", "in": "6", "result": "Flyout", "evo": "98.5", "la": "57", "dist": "244"}, {"player": "julio rodriguez", "game": "kc @ sea", "gameIdx": 0, "hr/park": "", "pa": "39", "dt": "", "img": "https://www.mlbstatic.com/team-logos/136.svg", "team": "sea", "start": "", "in": "6", "result": "Single", "evo": "70.0", "la": "33", "dist": "217"}, {"player": "maikel garcia", "game": "kc @ sea", "gameIdx": 0, "hr/park": "", "pa": "38", "dt": "", "img": "https://www.mlbstatic.com/team-logos/118.svg", "team": "kc", "start": "", "in": "6", "result": "Flyout", "evo": "93.6", "la": "42", "dist": "286"}, {"player": "garrett hampson", "game": "kc @ sea", "gameIdx": 0, "hr/park": "", "pa": "37", "dt": "", "img": "https://www.mlbstatic.com/team-logos/118.svg", "team": "kc", "start": "", "in": "6", "result": "Single", "evo": "100.7", "la": "-4", "dist": "22"}, {"player": "hunter renfroe", "game": "kc @ sea", "gameIdx": 0, "hr/park": "0/30", "pa": "36", "dt": "", "img": "https://www.mlbstatic.com/team-logos/118.svg", "team": "kc", "start": "", "in": "6", "result": "Lineout", "evo": "93.3", "la": "20", "dist": "323"}, {"player": "mj melendez", "game": "kc @ sea", "gameIdx": 0, "hr/park": "", "pa": "35", "dt": "", "img": "https://www.mlbstatic.com/team-logos/118.svg", "team": "kc", "start": "", "in": "6", "result": "Pop Out", "evo": "85.6", "la": "55", "dist": "200"}, {"player": "josh rojas", "game": "kc @ sea", "gameIdx": 0, "hr/park": "", "pa": "34", "dt": "", "img": "https://www.mlbstatic.com/team-logos/136.svg", "team": "sea", "start": "", "in": "5", "result": "Strikeout", "evo": "", "la": "", "dist": ""}, {"player": "sam haggerty", "game": "kc @ sea", "gameIdx": 0, "hr/park": "", "pa": "33", "dt": "", "img": "https://www.mlbstatic.com/team-logos/136.svg", "team": "sea", "start": "", "in": "5", "result": "Pop Out", "evo": "84.3", "la": "61", "dist": "185"}, {"player": "luis urias", "game": "kc @ sea", "gameIdx": 0, "hr/park": "", "pa": "32", "dt": "", "img": "https://www.mlbstatic.com/team-logos/136.svg", "team": "sea", "start": "", "in": "5", "result": "Groundout", "evo": "89.1", "la": "5", "dist": "78"}, {"player": "nelson velazquez", "game": "kc @ sea", "gameIdx": 0, "hr/park": "", "pa": "31", "dt": "", "img": "https://www.mlbstatic.com/team-logos/118.svg", "team": "kc", "start": "", "in": "5", "result": "Strikeout", "evo": "", "la": "", "dist": ""}, {"player": "michael massey", "game": "kc @ sea", "gameIdx": 0, "hr/park": "", "pa": "30", "dt": "", "img": "https://www.mlbstatic.com/team-logos/118.svg", "team": "kc", "start": "", "in": "5", "result": "GIDP", "evo": "86.8", "la": "-3", "dist": "30"}, {"player": "salvador perez", "game": "kc @ sea", "gameIdx": 0, "hr/park": "", "pa": "29", "dt": "", "img": "https://www.mlbstatic.com/team-logos/118.svg", "team": "kc", "start": "", "in": "5", "result": "Walk", "evo": "", "la": "", "dist": ""}, {"player": "dylan moore", "game": "kc @ sea", "gameIdx": 0, "hr/park": "", "pa": "28", "dt": "", "img": "https://www.mlbstatic.com/team-logos/136.svg", "team": "sea", "start": "", "in": "4", "result": "Pop Out", "evo": "76.5", "la": "64", "dist": "132"}, {"player": "mitch haniger", "game": "kc @ sea", "gameIdx": 0, "hr/park": "", "pa": "27", "dt": "", "img": "https://www.mlbstatic.com/team-logos/136.svg", "team": "sea", "start": "", "in": "4", "result": "Walk", "evo": "", "la": "", "dist": ""}, {"player": "luke raley", "game": "kc @ sea", "gameIdx": 0, "hr/park": "28/30", "pa": "26", "dt": "", "img": "https://www.mlbstatic.com/team-logos/136.svg", "team": "sea", "start": "", "in": "4", "result": "Home Run", "evo": "99.2", "la": "26", "dist": "361"}, {"player": "cal raleigh", "game": "kc @ sea", "gameIdx": 0, "hr/park": "0/30", "pa": "25", "dt": "", "img": "https://www.mlbstatic.com/team-logos/136.svg", "team": "sea", "start": "", "in": "4", "result": "Flyout", "evo": "98.3", "la": "44", "dist": "310"}, {"player": "ty france", "game": "kc @ sea", "gameIdx": 0, "hr/park": "", "pa": "24", "dt": "", "img": "https://www.mlbstatic.com/team-logos/136.svg", "team": "sea", "start": "", "in": "4", "result": "Strikeout", "evo": "", "la": "", "dist": ""}, {"player": "vinnie pasquantino", "game": "kc @ sea", "gameIdx": 0, "hr/park": "", "pa": "23", "dt": "", "img": "https://www.mlbstatic.com/team-logos/118.svg", "team": "kc", "start": "", "in": "4", "result": "Pop Out", "evo": "79.9", "la": "64", "dist": "169"}, {"player": "bobby witt", "game": "kc @ sea", "gameIdx": 0, "hr/park": "", "pa": "22", "dt": "", "img": "https://www.mlbstatic.com/team-logos/118.svg", "team": "kc", "start": "", "in": "4", "result": "Lineout", "evo": "94.0", "la": "8", "dist": "144"}, {"player": "maikel garcia", "game": "kc @ sea", "gameIdx": 0, "hr/park": "", "pa": "21", "dt": "", "img": "https://www.mlbstatic.com/team-logos/118.svg", "team": "kc", "start": "", "in": "4", "result": "Groundout", "evo": "104.1", "la": "-4", "dist": "36"}, {"player": "julio rodriguez", "game": "kc @ sea", "gameIdx": 0, "hr/park": "", "pa": "20", "dt": "", "img": "https://www.mlbstatic.com/team-logos/136.svg", "team": "sea", "start": "", "in": "3", "result": "Strikeout", "evo": "", "la": "", "dist": ""}, {"player": "josh rojas", "game": "kc @ sea", "gameIdx": 0, "hr/park": "", "pa": "19", "dt": "", "img": "https://www.mlbstatic.com/team-logos/136.svg", "team": "sea", "start": "", "in": "3", "result": "Walk", "evo": "", "la": "", "dist": ""}, {"player": "sam haggerty", "game": "kc @ sea", "gameIdx": 0, "hr/park": "", "pa": "18", "dt": "", "img": "https://www.mlbstatic.com/team-logos/136.svg", "team": "sea", "start": "", "in": "3", "result": "Strikeout", "evo": "", "la": "", "dist": ""}, {"player": "luis urias", "game": "kc @ sea", "gameIdx": 0, "hr/park": "", "pa": "17", "dt": "", "img": "https://www.mlbstatic.com/team-logos/136.svg", "team": "sea", "start": "", "in": "3", "result": "Pop Out", "evo": "92.4", "la": "72", "dist": "121"}, {"player": "garrett hampson", "game": "kc @ sea", "gameIdx": 0, "hr/park": "", "pa": "16", "dt": "", "img": "https://www.mlbstatic.com/team-logos/118.svg", "team": "kc", "start": "", "in": "3", "result": "Pop Out", "evo": "88.3", "la": "74", "dist": "66"}, {"player": "hunter renfroe", "game": "kc @ sea", "gameIdx": 0, "hr/park": "", "pa": "15", "dt": "", "img": "https://www.mlbstatic.com/team-logos/118.svg", "team": "kc", "start": "", "in": "3", "result": "Single", "evo": "102.1", "la": "1", "dist": "63"}, {"player": "mj melendez", "game": "kc @ sea", "gameIdx": 0, "hr/park": "", "pa": "14", "dt": "", "img": "https://www.mlbstatic.com/team-logos/118.svg", "team": "kc", "start": "", "in": "3", "result": "Strikeout", "evo": "", "la": "", "dist": ""}, {"player": "dylan moore", "game": "kc @ sea", "gameIdx": 0, "hr/park": "", "pa": "13", "dt": "", "img": "https://www.mlbstatic.com/team-logos/136.svg", "team": "sea", "start": "", "in": "2", "result": "Strikeout", "evo": "", "la": "", "dist": ""}, {"player": "mitch haniger", "game": "kc @ sea", "gameIdx": 0, "hr/park": "", "pa": "12", "dt": "", "img": "https://www.mlbstatic.com/team-logos/136.svg", "team": "sea", "start": "", "in": "2", "result": "Single", "evo": "83.7", "la": "11", "dist": "162"}, {"player": "luke raley", "game": "kc @ sea", "gameIdx": 0, "hr/park": "", "pa": "11", "dt": "", "img": "https://www.mlbstatic.com/team-logos/136.svg", "team": "sea", "start": "", "in": "2", "result": "Strikeout", "evo": "", "la": "", "dist": ""}, {"player": "cal raleigh", "game": "kc @ sea", "gameIdx": 0, "hr/park": "", "pa": "10", "dt": "", "img": "https://www.mlbstatic.com/team-logos/136.svg", "team": "sea", "start": "", "in": "2", "result": "Strikeout", "evo": "", "la": "", "dist": ""}, {"player": "nelson velazquez", "game": "kc @ sea", "gameIdx": 0, "hr/park": "", "pa": "9", "dt": "", "img": "https://www.mlbstatic.com/team-logos/118.svg", "team": "kc", "start": "", "in": "2", "result": "Strikeout", "evo": "", "la": "", "dist": ""}, {"player": "michael massey", "game": "kc @ sea", "gameIdx": 0, "hr/park": "", "pa": "8", "dt": "", "img": "https://www.mlbstatic.com/team-logos/118.svg", "team": "kc", "start": "", "in": "2", "result": "GIDP", "evo": "92.7", "la": "-15", "dist": "15"}, {"player": "salvador perez", "game": "kc @ sea", "gameIdx": 0, "hr/park": "", "pa": "7", "dt": "", "img": "https://www.mlbstatic.com/team-logos/118.svg", "team": "kc", "start": "", "in": "2", "result": "Single", "evo": "105.3", "la": "12", "dist": "265"}, {"player": "ty france", "game": "kc @ sea", "gameIdx": 0, "hr/park": "", "pa": "6", "dt": "", "img": "https://www.mlbstatic.com/team-logos/136.svg", "team": "sea", "start": "", "in": "1", "result": "Flyout", "evo": "84.6", "la": "30", "dist": "281"}, {"player": "julio rodriguez", "game": "kc @ sea", "gameIdx": 0, "hr/park": "", "pa": "5", "dt": "", "img": "https://www.mlbstatic.com/team-logos/136.svg", "team": "sea", "start": "", "in": "1", "result": "Groundout", "evo": "88.3", "la": "-14", "dist": "13"}, {"player": "josh rojas", "game": "kc @ sea", "gameIdx": 0, "hr/park": "", "pa": "4", "dt": "", "img": "https://www.mlbstatic.com/team-logos/136.svg", "team": "sea", "start": "", "in": "1", "result": "Pop Out", "evo": "89.3", "la": "60", "dist": "190"}, {"player": "vinnie pasquantino", "game": "kc @ sea", "gameIdx": 0, "hr/park": "", "pa": "3", "dt": "", "img": "https://www.mlbstatic.com/team-logos/118.svg", "team": "kc", "start": "", "in": "1", "result": "Strikeout", "evo": "", "la": "", "dist": ""}, {"player": "bobby witt", "game": "kc @ sea", "gameIdx": 0, "hr/park": "", "pa": "2", "dt": "", "img": "https://www.mlbstatic.com/team-logos/118.svg", "team": "kc", "start": "", "in": "1", "result": "Strikeout", "evo": "", "la": "", "dist": ""}, {"player": "maikel garcia", "game": "kc @ sea", "gameIdx": 0, "hr/park": "", "pa": "1", "dt": "", "img": "https://www.mlbstatic.com/team-logos/118.svg", "team": "kc", "start": "", "in": "1", "result": "Strikeout", "evo": "", "la": "", "dist": ""}], "lad @ sf": []}