{"all": {"pitchers": "31", "batters": "78", "pitches": "1072", "max velomax pitch velocity": "102.0", "min velomin pitch velocity": "63.6", "ff%fourseam fastball %": "24.6", "si%sinker %": "17.5", "fc%cutter %": "11.5", "fs%splitter %": "8.4", "ch%changeup %": "7.7", "sl%slider %": "20.1", "cu%curve %": "10.0", "max evmax exit velocity": "110.0", "hhhard hit": "80", "hh%hard hit %": "42.3", "brlbarrels": "14", "brl%barrel %": "7.4", "ab": "260", "avg": ".235", "h": "61", "1b": "44", "2b": "9", "3b": "1", "hr": "7", "so": "77", "bipballs in play": "189", "liveGames": 0, "totGames": 15}, "tor @ det": [], "lad @ cin": [], "sea @ wsh": [], "atl @ pit": [{"player": "yasmani grandal", "game": "atl @ pit", "gameIdx": 0, "hr/park": "0/30", "pa": "76", "dt": "", "img": "https://www.mlbstatic.com/team-logos/134.svg", "team": "pit", "start": "", "in": "9", "result": "Flyout", "evo": "97.1", "la": "40", "dist": "325"}, {"player": "jared triolo", "game": "atl @ pit", "gameIdx": 0, "hr/park": "", "pa": "75", "dt": "", "img": "https://www.mlbstatic.com/team-logos/134.svg", "team": "pit", "start": "", "in": "9", "result": "Walk", "evo": "", "la": "", "dist": ""}, {"player": "edward olivares", "game": "atl @ pit", "gameIdx": 0, "hr/park": "", "pa": "74", "dt": "", "img": "https://www.mlbstatic.com/team-logos/134.svg", "team": "pit", "start": "", "in": "9", "result": "Strikeout", "evo": "", "la": "", "dist": ""}, {"player": "nick gonzales", "game": "atl @ pit", "gameIdx": 0, "hr/park": "", "pa": "73", "dt": "", "img": "https://www.mlbstatic.com/team-logos/134.svg", "team": "pit", "start": "", "in": "9", "result": "Pop Out", "evo": "79.7", "la": "81", "dist": "24"}, {"player": "connor joe", "game": "atl @ pit", "gameIdx": 0, "hr/park": "", "pa": "72", "dt": "", "img": "https://www.mlbstatic.com/team-logos/134.svg", "team": "pit", "start": "", "in": "9", "result": "Single", "evo": "104.4", "la": "10", "dist": "200"}, {"player": "adam duvall", "game": "atl @ pit", "gameIdx": 0, "hr/park": "", "pa": "71", "dt": "", "img": "https://www.mlbstatic.com/team-logos/144.svg", "team": "atl", "start": "", "in": "9", "result": "Strikeout", "evo": "", "la": "", "dist": ""}, {"player": "travis darnaud", "game": "atl @ pit", "gameIdx": 0, "hr/park": "0/30", "pa": "70", "dt": "", "img": "https://www.mlbstatic.com/team-logos/144.svg", "team": "atl", "start": "", "in": "9", "result": "Sac Fly", "evo": "100.0", "la": "25", "dist": "373"}, {"player": "matt olson", "game": "atl @ pit", "gameIdx": 0, "hr/park": "", "pa": "69", "dt": "", "img": "https://www.mlbstatic.com/team-logos/144.svg", "team": "atl", "start": "", "in": "9", "result": "Single", "evo": "76.4", "la": "48", "dist": "219"}, {"player": "marcell ozuna", "game": "atl @ pit", "gameIdx": 0, "hr/park": "", "pa": "68", "dt": "", "img": "https://www.mlbstatic.com/team-logos/144.svg", "team": "atl", "start": "", "in": "9", "result": "Strikeout", "evo": "", "la": "", "dist": ""}, {"player": "ozzie albies", "game": "atl @ pit", "gameIdx": 0, "hr/park": "", "pa": "67", "dt": "", "img": "https://www.mlbstatic.com/team-logos/144.svg", "team": "atl", "start": "", "in": "9", "result": "Single", "evo": "93.5", "la": "5", "dist": "88"}, {"player": "jarred kelenic", "game": "atl @ pit", "gameIdx": 0, "hr/park": "", "pa": "66", "dt": "", "img": "https://www.mlbstatic.com/team-logos/144.svg", "team": "atl", "start": "", "in": "9", "result": "Double", "evo": "99.9", "la": "16", "dist": "271"}, {"player": "bryan reynolds", "game": "atl @ pit", "gameIdx": 0, "hr/park": "", "pa": "65", "dt": "", "img": "https://www.mlbstatic.com/team-logos/134.svg", "team": "pit", "start": "", "in": "8", "result": "Strikeout", "evo": "", "la": "", "dist": ""}, {"player": "andrew mccutchen", "game": "atl @ pit", "gameIdx": 0, "hr/park": "", "pa": "64", "dt": "", "img": "https://www.mlbstatic.com/team-logos/134.svg", "team": "pit", "start": "", "in": "8", "result": "Strikeout", "evo": "", "la": "", "dist": ""}, {"player": "ji hwan bae", "game": "atl @ pit", "gameIdx": 0, "hr/park": "", "pa": "63", "dt": "", "img": "https://www.mlbstatic.com/team-logos/134.svg", "team": "pit", "start": "", "in": "8", "result": "Strikeout", "evo": "", "la": "", "dist": ""}, {"player": "zack short", "game": "atl @ pit", "gameIdx": 0, "hr/park": "", "pa": "62", "dt": "", "img": "https://www.mlbstatic.com/team-logos/144.svg", "team": "atl", "start": "", "in": "8", "result": "Strikeout", "evo": "", "la": "", "dist": ""}, {"player": "michael harris", "game": "atl @ pit", "gameIdx": 0, "hr/park": "", "pa": "61", "dt": "", "img": "https://www.mlbstatic.com/team-logos/144.svg", "team": "atl", "start": "", "in": "8", "result": "Single", "evo": "67.4", "la": "-40", "dist": "4"}, {"player": "orlando arcia", "game": "atl @ pit", "gameIdx": 0, "hr/park": "", "pa": "60", "dt": "", "img": "https://www.mlbstatic.com/team-logos/144.svg", "team": "atl", "start": "", "in": "8", "result": "Strikeout", "evo": "", "la": "", "dist": ""}, {"player": "adam duvall", "game": "atl @ pit", "gameIdx": 0, "hr/park": "30/30", "pa": "59", "dt": "", "img": "https://www.mlbstatic.com/team-logos/144.svg", "team": "atl", "start": "", "in": "8", "result": "Home Run", "evo": "107.1", "la": "27", "dist": "428"}, {"player": "travis darnaud", "game": "atl @ pit", "gameIdx": 0, "hr/park": "0/30", "pa": "58", "dt": "", "img": "https://www.mlbstatic.com/team-logos/144.svg", "team": "atl", "start": "", "in": "8", "result": "Flyout", "evo": "94.4", "la": "35", "dist": "329"}, {"player": "matt olson", "game": "atl @ pit", "gameIdx": 0, "hr/park": "30/30", "pa": "57", "dt": "", "img": "https://www.mlbstatic.com/team-logos/144.svg", "team": "atl", "start": "", "in": "8", "result": "Home Run", "evo": "107.8", "la": "36", "dist": "420"}, {"player": "michael a taylor", "game": "atl @ pit", "gameIdx": 0, "hr/park": "", "pa": "56", "dt": "", "img": "https://www.mlbstatic.com/team-logos/134.svg", "team": "pit", "start": "", "in": "7", "result": "Strikeout", "evo": "", "la": "", "dist": ""}, {"player": "yasmani grandal", "game": "atl @ pit", "gameIdx": 0, "hr/park": "", "pa": "55", "dt": "", "img": "https://www.mlbstatic.com/team-logos/134.svg", "team": "pit", "start": "", "in": "7", "result": "Strikeout", "evo": "", "la": "", "dist": ""}, {"player": "jared triolo", "game": "atl @ pit", "gameIdx": 0, "hr/park": "", "pa": "54", "dt": "", "img": "https://www.mlbstatic.com/team-logos/134.svg", "team": "pit", "start": "", "in": "7", "result": "Groundout", "evo": "", "la": "", "dist": ""}, {"player": "marcell ozuna", "game": "atl @ pit", "gameIdx": 0, "hr/park": "", "pa": "53", "dt": "", "img": "https://www.mlbstatic.com/team-logos/144.svg", "team": "atl", "start": "", "in": "7", "result": "Groundout", "evo": "74.4", "la": "-10", "dist": "6"}, {"player": "ozzie albies", "game": "atl @ pit", "gameIdx": 0, "hr/park": "", "pa": "52", "dt": "", "img": "https://www.mlbstatic.com/team-logos/144.svg", "team": "atl", "start": "", "in": "7", "result": "Groundout", "evo": "66.8", "la": "7", "dist": "71"}, {"player": "jarred kelenic", "game": "atl @ pit", "gameIdx": 0, "hr/park": "", "pa": "51", "dt": "", "img": "https://www.mlbstatic.com/team-logos/144.svg", "team": "atl", "start": "", "in": "7", "result": "Groundout", "evo": "101.6", "la": "-14", "dist": "7"}, {"player": "edward olivares", "game": "atl @ pit", "gameIdx": 0, "hr/park": "", "pa": "50", "dt": "", "img": "https://www.mlbstatic.com/team-logos/134.svg", "team": "pit", "start": "", "in": "6", "result": "Pop Out", "evo": "84.7", "la": "62", "dist": "171"}, {"player": "nick gonzales", "game": "atl @ pit", "gameIdx": 0, "hr/park": "", "pa": "49", "dt": "", "img": "https://www.mlbstatic.com/team-logos/134.svg", "team": "pit", "start": "", "in": "6", "result": "Strikeout", "evo": "", "la": "", "dist": ""}, {"player": "connor joe", "game": "atl @ pit", "gameIdx": 0, "hr/park": "", "pa": "48", "dt": "", "img": "https://www.mlbstatic.com/team-logos/134.svg", "team": "pit", "start": "", "in": "6", "result": "Single", "evo": "66.8", "la": "15", "dist": "144"}, {"player": "bryan reynolds", "game": "atl @ pit", "gameIdx": 0, "hr/park": "0/30", "pa": "47", "dt": "", "img": "https://www.mlbstatic.com/team-logos/134.svg", "team": "pit", "start": "", "in": "6", "result": "Single", "evo": "107.8", "la": "13", "dist": "303"}, {"player": "andrew mccutchen", "game": "atl @ pit", "gameIdx": 0, "hr/park": "", "pa": "46", "dt": "", "img": "https://www.mlbstatic.com/team-logos/134.svg", "team": "pit", "start": "", "in": "6", "result": "Groundout", "evo": "73.2", "la": "11", "dist": "130"}, {"player": "zack short", "game": "atl @ pit", "gameIdx": 0, "hr/park": "", "pa": "45", "dt": "", "img": "https://www.mlbstatic.com/team-logos/144.svg", "team": "atl", "start": "", "in": "6", "result": "Lineout", "evo": "81.2", "la": "13", "dist": "163"}, {"player": "michael harris", "game": "atl @ pit", "gameIdx": 0, "hr/park": "", "pa": "44", "dt": "", "img": "https://www.mlbstatic.com/team-logos/144.svg", "team": "atl", "start": "", "in": "6", "result": "Single", "evo": "101.6", "la": "12", "dist": "214"}, {"player": "orlando arcia", "game": "atl @ pit", "gameIdx": 0, "hr/park": "", "pa": "43", "dt": "", "img": "https://www.mlbstatic.com/team-logos/144.svg", "team": "atl", "start": "", "in": "6", "result": "Pop Out", "evo": "82.5", "la": "66", "dist": "119"}, {"player": "adam duvall", "game": "atl @ pit", "gameIdx": 0, "hr/park": "0/30", "pa": "42", "dt": "", "img": "https://www.mlbstatic.com/team-logos/144.svg", "team": "atl", "start": "", "in": "6", "result": "Lineout", "evo": "94.4", "la": "23", "dist": "340"}, {"player": "alika williams", "game": "atl @ pit", "gameIdx": 0, "hr/park": "", "pa": "41", "dt": "", "img": "https://www.mlbstatic.com/team-logos/134.svg", "team": "pit", "start": "", "in": "5", "result": "Groundout", "evo": "85.8", "la": "-3", "dist": "22"}, {"player": "michael a taylor", "game": "atl @ pit", "gameIdx": 0, "hr/park": "", "pa": "40", "dt": "", "img": "https://www.mlbstatic.com/team-logos/134.svg", "team": "pit", "start": "", "in": "5", "result": "Flyout", "evo": "80.6", "la": "53", "dist": "213"}, {"player": "yasmani grandal", "game": "atl @ pit", "gameIdx": 0, "hr/park": "", "pa": "39", "dt": "", "img": "https://www.mlbstatic.com/team-logos/134.svg", "team": "pit", "start": "", "in": "5", "result": "Strikeout", "evo": "", "la": "", "dist": ""}, {"player": "travis darnaud", "game": "atl @ pit", "gameIdx": 0, "hr/park": "0/30", "pa": "38", "dt": "", "img": "https://www.mlbstatic.com/team-logos/144.svg", "team": "atl", "start": "", "in": "5", "result": "Lineout", "evo": "102.4", "la": "20", "dist": "359"}, {"player": "matt olson", "game": "atl @ pit", "gameIdx": 0, "hr/park": "10/30", "pa": "37", "dt": "", "img": "https://www.mlbstatic.com/team-logos/144.svg", "team": "atl", "start": "", "in": "5", "result": "Double", "evo": "98.5", "la": "25", "dist": "364"}, {"player": "marcell ozuna", "game": "atl @ pit", "gameIdx": 0, "hr/park": "", "pa": "36", "dt": "", "img": "https://www.mlbstatic.com/team-logos/144.svg", "team": "atl", "start": "", "in": "5", "result": "Strikeout", "evo": "", "la": "", "dist": ""}, {"player": "ozzie albies", "game": "atl @ pit", "gameIdx": 0, "hr/park": "", "pa": "35", "dt": "", "img": "https://www.mlbstatic.com/team-logos/144.svg", "team": "atl", "start": "", "in": "5", "result": "Walk", "evo": "", "la": "", "dist": ""}, {"player": "jarred kelenic", "game": "atl @ pit", "gameIdx": 0, "hr/park": "", "pa": "34", "dt": "", "img": "https://www.mlbstatic.com/team-logos/144.svg", "team": "atl", "start": "", "in": "5", "result": "Single", "evo": "100.5", "la": "6", "dist": "110"}, {"player": "zack short", "game": "atl @ pit", "gameIdx": 0, "hr/park": "0/30", "pa": "33", "dt": "", "img": "https://www.mlbstatic.com/team-logos/144.svg", "team": "atl", "start": "", "in": "5", "result": "Flyout", "evo": "97.5", "la": "42", "dist": "312"}, {"player": "jared triolo", "game": "atl @ pit", "gameIdx": 0, "hr/park": "", "pa": "32", "dt": "", "img": "https://www.mlbstatic.com/team-logos/134.svg", "team": "pit", "start": "", "in": "4", "result": "Strikeout", "evo": "", "la": "", "dist": ""}, {"player": "edward olivares", "game": "atl @ pit", "gameIdx": 0, "hr/park": "", "pa": "31", "dt": "", "img": "https://www.mlbstatic.com/team-logos/134.svg", "team": "pit", "start": "", "in": "4", "result": "Strikeout", "evo": "", "la": "", "dist": ""}, {"player": "nick gonzales", "game": "atl @ pit", "gameIdx": 0, "hr/park": "0/30", "pa": "30", "dt": "", "img": "https://www.mlbstatic.com/team-logos/134.svg", "team": "pit", "start": "", "in": "4", "result": "Flyout", "evo": "97.2", "la": "36", "dist": "329"}, {"player": "michael harris", "game": "atl @ pit", "gameIdx": 0, "hr/park": "", "pa": "29", "dt": "", "img": "https://www.mlbstatic.com/team-logos/144.svg", "team": "atl", "start": "", "in": "4", "result": "Pop Out", "evo": "70.8", "la": "65", "dist": "122"}, {"player": "orlando arcia", "game": "atl @ pit", "gameIdx": 0, "hr/park": "0/30", "pa": "28", "dt": "", "img": "https://www.mlbstatic.com/team-logos/144.svg", "team": "atl", "start": "", "in": "4", "result": "Sac Fly", "evo": "88.3", "la": "38", "dist": "322"}, {"player": "adam duvall", "game": "atl @ pit", "gameIdx": 0, "hr/park": "1/30", "pa": "27", "dt": "", "img": "https://www.mlbstatic.com/team-logos/144.svg", "team": "atl", "start": "", "in": "4", "result": "Flyout", "evo": "94.3", "la": "29", "dist": "370"}, {"player": "travis darnaud", "game": "atl @ pit", "gameIdx": 0, "hr/park": "", "pa": "26", "dt": "", "img": "https://www.mlbstatic.com/team-logos/144.svg", "team": "atl", "start": "", "in": "4", "result": "Double", "evo": "101.1", "la": "6", "dist": "136"}, {"player": "connor joe", "game": "atl @ pit", "gameIdx": 0, "hr/park": "", "pa": "25", "dt": "", "img": "https://www.mlbstatic.com/team-logos/134.svg", "team": "pit", "start": "", "in": "3", "result": "Lineout", "evo": "77.6", "la": "26", "dist": "282"}, {"player": "bryan reynolds", "game": "atl @ pit", "gameIdx": 0, "hr/park": "", "pa": "24", "dt": "", "img": "https://www.mlbstatic.com/team-logos/134.svg", "team": "pit", "start": "", "in": "3", "result": "Flyout", "evo": "75.5", "la": "31", "dist": "278"}, {"player": "andrew mccutchen", "game": "atl @ pit", "gameIdx": 0, "hr/park": "", "pa": "23", "dt": "", "img": "https://www.mlbstatic.com/team-logos/134.svg", "team": "pit", "start": "", "in": "3", "result": "Strikeout", "evo": "", "la": "", "dist": ""}, {"player": "matt olson", "game": "atl @ pit", "gameIdx": 0, "hr/park": "", "pa": "22", "dt": "", "img": "https://www.mlbstatic.com/team-logos/144.svg", "team": "atl", "start": "", "in": "3", "result": "Flyout", "evo": "100.3", "la": "51", "dist": "273"}, {"player": "marcell ozuna", "game": "atl @ pit", "gameIdx": 0, "hr/park": "", "pa": "21", "dt": "", "img": "https://www.mlbstatic.com/team-logos/144.svg", "team": "atl", "start": "", "in": "3", "result": "Walk", "evo": "", "la": "", "dist": ""}, {"player": "ozzie albies", "game": "atl @ pit", "gameIdx": 0, "hr/park": "0/30", "pa": "20", "dt": "", "img": "https://www.mlbstatic.com/team-logos/144.svg", "team": "atl", "start": "", "in": "3", "result": "Double", "evo": "103.9", "la": "19", "dist": "339"}, {"player": "jarred kelenic", "game": "atl @ pit", "gameIdx": 0, "hr/park": "", "pa": "19", "dt": "", "img": "https://www.mlbstatic.com/team-logos/144.svg", "team": "atl", "start": "", "in": "3", "result": "Single", "evo": "55.1", "la": "-48", "dist": "4"}, {"player": "zack short", "game": "atl @ pit", "gameIdx": 0, "hr/park": "", "pa": "18", "dt": "", "img": "https://www.mlbstatic.com/team-logos/144.svg", "team": "atl", "start": "", "in": "3", "result": "Strikeout", "evo": "", "la": "", "dist": ""}, {"player": "alika williams", "game": "atl @ pit", "gameIdx": 0, "hr/park": "", "pa": "17", "dt": "", "img": "https://www.mlbstatic.com/team-logos/134.svg", "team": "pit", "start": "", "in": "2", "result": "Groundout", "evo": "104.2", "la": "-2", "dist": "30"}, {"player": "michael a taylor", "game": "atl @ pit", "gameIdx": 0, "hr/park": "", "pa": "16", "dt": "", "img": "https://www.mlbstatic.com/team-logos/134.svg", "team": "pit", "start": "", "in": "2", "result": "Forceout", "evo": "30.7", "la": "-18", "dist": "12"}, {"player": "yasmani grandal", "game": "atl @ pit", "gameIdx": 0, "hr/park": "", "pa": "15", "dt": "", "img": "https://www.mlbstatic.com/team-logos/134.svg", "team": "pit", "start": "", "in": "2", "result": "Single", "evo": "105.5", "la": "15", "dist": "260"}, {"player": "jared triolo", "game": "atl @ pit", "gameIdx": 0, "hr/park": "", "pa": "14", "dt": "", "img": "https://www.mlbstatic.com/team-logos/134.svg", "team": "pit", "start": "", "in": "2", "result": "Groundout", "evo": "63.2", "la": "13", "dist": "98"}, {"player": "edward olivares", "game": "atl @ pit", "gameIdx": 0, "hr/park": "", "pa": "13", "dt": "", "img": "https://www.mlbstatic.com/team-logos/134.svg", "team": "pit", "start": "", "in": "2", "result": "Double", "evo": "79.5", "la": "27", "dist": "281"}, {"player": "michael harris", "game": "atl @ pit", "gameIdx": 0, "hr/park": "", "pa": "12", "dt": "", "img": "https://www.mlbstatic.com/team-logos/144.svg", "team": "atl", "start": "", "in": "2", "result": "Strikeout", "evo": "", "la": "", "dist": ""}, {"player": "orlando arcia", "game": "atl @ pit", "gameIdx": 0, "hr/park": "", "pa": "11", "dt": "", "img": "https://www.mlbstatic.com/team-logos/144.svg", "team": "atl", "start": "", "in": "2", "result": "Single", "evo": "93.3", "la": "3", "dist": "88"}, {"player": "adam duvall", "game": "atl @ pit", "gameIdx": 0, "hr/park": "0/30", "pa": "10", "dt": "", "img": "https://www.mlbstatic.com/team-logos/144.svg", "team": "atl", "start": "", "in": "2", "result": "Flyout", "evo": "100.2", "la": "34", "dist": "361"}, {"player": "travis darnaud", "game": "atl @ pit", "gameIdx": 0, "hr/park": "", "pa": "9", "dt": "", "img": "https://www.mlbstatic.com/team-logos/144.svg", "team": "atl", "start": "", "in": "2", "result": "Groundout", "evo": "64.2", "la": "-11", "dist": "8"}, {"player": "nick gonzales", "game": "atl @ pit", "gameIdx": 0, "hr/park": "", "pa": "8", "dt": "", "img": "https://www.mlbstatic.com/team-logos/134.svg", "team": "pit", "start": "", "in": "1", "result": "Groundout", "evo": "66.8", "la": "-18", "dist": "10"}, {"player": "connor joe", "game": "atl @ pit", "gameIdx": 0, "hr/park": "", "pa": "7", "dt": "", "img": "https://www.mlbstatic.com/team-logos/134.svg", "team": "pit", "start": "", "in": "1", "result": "Walk", "evo": "", "la": "", "dist": ""}, {"player": "bryan reynolds", "game": "atl @ pit", "gameIdx": 0, "hr/park": "", "pa": "6", "dt": "", "img": "https://www.mlbstatic.com/team-logos/134.svg", "team": "pit", "start": "", "in": "1", "result": "Groundout", "evo": "95.7", "la": "3", "dist": "112"}, {"player": "andrew mccutchen", "game": "atl @ pit", "gameIdx": 0, "hr/park": "", "pa": "5", "dt": "", "img": "https://www.mlbstatic.com/team-logos/134.svg", "team": "pit", "start": "", "in": "1", "result": "Strikeout", "evo": "", "la": "", "dist": ""}, {"player": "matt olson", "game": "atl @ pit", "gameIdx": 0, "hr/park": "", "pa": "4", "dt": "", "img": "https://www.mlbstatic.com/team-logos/144.svg", "team": "atl", "start": "", "in": "1", "result": "Lineout", "evo": "54.7", "la": "33", "dist": "163"}, {"player": "marcell ozuna", "game": "atl @ pit", "gameIdx": 0, "hr/park": "", "pa": "3", "dt": "", "img": "https://www.mlbstatic.com/team-logos/144.svg", "team": "atl", "start": "", "in": "1", "result": "Walk", "evo": "", "la": "", "dist": ""}, {"player": "ozzie albies", "game": "atl @ pit", "gameIdx": 0, "hr/park": "", "pa": "2", "dt": "", "img": "https://www.mlbstatic.com/team-logos/144.svg", "team": "atl", "start": "", "in": "1", "result": "Lineout", "evo": "99.0", "la": "15", "dist": "298"}, {"player": "ronald acuna", "game": "atl @ pit", "gameIdx": 0, "hr/park": "8/30", "pa": "1", "dt": "", "img": "https://www.mlbstatic.com/team-logos/144.svg", "team": "atl", "start": "", "in": "1", "result": "Double", "evo": "105.9", "la": "24", "dist": "386"}], "mil @ bos": [{"player": "blake perkins", "game": "mil @ bos", "gameIdx": 0, "hr/park": "", "pa": "68", "dt": "", "img": "https://www.mlbstatic.com/team-logos/158.svg", "team": "mil", "start": "", "in": "9", "result": "Bunt Groundout", "evo": "29.4", "la": "-8", "dist": "15"}, {"player": "oliver dunn", "game": "mil @ bos", "gameIdx": 0, "hr/park": "", "pa": "67", "dt": "", "img": "https://www.mlbstatic.com/team-logos/158.svg", "team": "mil", "start": "", "in": "9", "result": "Strikeout", "evo": "", "la": "", "dist": ""}, {"player": "sal frelick", "game": "mil @ bos", "gameIdx": 0, "hr/park": "", "pa": "66", "dt": "", "img": "https://www.mlbstatic.com/team-logos/158.svg", "team": "mil", "start": "", "in": "9", "result": "Strikeout", "evo": "", "la": "", "dist": ""}, {"player": "dominic smith", "game": "mil @ bos", "gameIdx": 0, "hr/park": "", "pa": "65", "dt": "", "img": "https://www.mlbstatic.com/team-logos/111.svg", "team": "bos", "start": "", "in": "8", "result": "Groundout", "evo": "85.6", "la": "-6", "dist": "18"}, {"player": "garrett cooper", "game": "mil @ bos", "gameIdx": 0, "hr/park": "", "pa": "63", "dt": "", "img": "https://www.mlbstatic.com/team-logos/111.svg", "team": "bos", "start": "", "in": "8", "result": "GIDP", "evo": "92.7", "la": "-18", "dist": "6"}, {"player": "wilyer abreu", "game": "mil @ bos", "gameIdx": 0, "hr/park": "", "pa": "62", "dt": "", "img": "https://www.mlbstatic.com/team-logos/111.svg", "team": "bos", "start": "", "in": "8", "result": "Single", "evo": "76.6", "la": "17", "dist": "193"}, {"player": "jarren duran", "game": "mil @ bos", "gameIdx": 0, "hr/park": "", "pa": "61", "dt": "", "img": "https://www.mlbstatic.com/team-logos/111.svg", "team": "bos", "start": "", "in": "8", "result": "Single", "evo": "99.2", "la": "7", "dist": "139"}, {"player": "ceddanne rafaela", "game": "mil @ bos", "gameIdx": 0, "hr/park": "", "pa": "60", "dt": "", "img": "https://www.mlbstatic.com/team-logos/111.svg", "team": "bos", "start": "", "in": "8", "result": "Double", "evo": "99.7", "la": "10", "dist": "179"}, {"player": "gary sanchez", "game": "mil @ bos", "gameIdx": 0, "hr/park": "", "pa": "59", "dt": "", "img": "https://www.mlbstatic.com/team-logos/158.svg", "team": "mil", "start": "", "in": "8", "result": "Strikeout", "evo": "", "la": "", "dist": ""}, {"player": "jake bauers", "game": "mil @ bos", "gameIdx": 0, "hr/park": "", "pa": "58", "dt": "", "img": "https://www.mlbstatic.com/team-logos/158.svg", "team": "mil", "start": "", "in": "8", "result": "Strikeout", "evo": "", "la": "", "dist": ""}, {"player": "willy adames", "game": "mil @ bos", "gameIdx": 0, "hr/park": "", "pa": "57", "dt": "", "img": "https://www.mlbstatic.com/team-logos/158.svg", "team": "mil", "start": "", "in": "8", "result": "Strikeout", "evo": "", "la": "", "dist": ""}, {"player": "david hamilton", "game": "mil @ bos", "gameIdx": 0, "hr/park": "", "pa": "56", "dt": "", "img": "https://www.mlbstatic.com/team-logos/111.svg", "team": "bos", "start": "", "in": "7", "result": "Strikeout", "evo": "", "la": "", "dist": ""}, {"player": "vaughn grissom", "game": "mil @ bos", "gameIdx": 0, "hr/park": "", "pa": "55", "dt": "", "img": "https://www.mlbstatic.com/team-logos/111.svg", "team": "bos", "start": "", "in": "7", "result": "Strikeout", "evo": "", "la": "", "dist": ""}, {"player": "reese mcguire", "game": "mil @ bos", "gameIdx": 0, "hr/park": "", "pa": "54", "dt": "", "img": "https://www.mlbstatic.com/team-logos/111.svg", "team": "bos", "start": "", "in": "7", "result": "Strikeout", "evo": "", "la": "", "dist": ""}, {"player": "christian yelich", "game": "mil @ bos", "gameIdx": 0, "hr/park": "", "pa": "53", "dt": "", "img": "https://www.mlbstatic.com/team-logos/158.svg", "team": "mil", "start": "", "in": "7", "result": "Groundout", "evo": "91.8", "la": "-13", "dist": "10"}, {"player": "william contreras", "game": "mil @ bos", "gameIdx": 0, "hr/park": "", "pa": "52", "dt": "", "img": "https://www.mlbstatic.com/team-logos/158.svg", "team": "mil", "start": "", "in": "7", "result": "Groundout", "evo": "107.3", "la": "2", "dist": "91"}, {"player": "brice turang", "game": "mil @ bos", "gameIdx": 0, "hr/park": "", "pa": "51", "dt": "", "img": "https://www.mlbstatic.com/team-logos/158.svg", "team": "mil", "start": "", "in": "7", "result": "Sac Bunt", "evo": "37.2", "la": "-65", "dist": "4"}, {"player": "blake perkins", "game": "mil @ bos", "gameIdx": 0, "hr/park": "", "pa": "50", "dt": "", "img": "https://www.mlbstatic.com/team-logos/158.svg", "team": "mil", "start": "", "in": "7", "result": "Single", "evo": "15.8", "la": "11", "dist": "16"}, {"player": "dominic smith", "game": "mil @ bos", "gameIdx": 0, "hr/park": "0/30", "pa": "49", "dt": "", "img": "https://www.mlbstatic.com/team-logos/111.svg", "team": "bos", "start": "", "in": "6", "result": "Flyout", "evo": "84.0", "la": "36", "dist": "316"}, {"player": "rafael devers", "game": "mil @ bos", "gameIdx": 0, "hr/park": "", "pa": "48", "dt": "", "img": "https://www.mlbstatic.com/team-logos/111.svg", "team": "bos", "start": "", "in": "6", "result": "Strikeout", "evo": "", "la": "", "dist": ""}, {"player": "garrett cooper", "game": "mil @ bos", "gameIdx": 0, "hr/park": "1/30", "pa": "47", "dt": "", "img": "https://www.mlbstatic.com/team-logos/111.svg", "team": "bos", "start": "", "in": "6", "result": "Flyout", "evo": "100.7", "la": "35", "dist": "342"}, {"player": "oliver dunn", "game": "mil @ bos", "gameIdx": 0, "hr/park": "", "pa": "46", "dt": "", "img": "https://www.mlbstatic.com/team-logos/158.svg", "team": "mil", "start": "", "in": "6", "result": "Groundout", "evo": "88.9", "la": "-25", "dist": "5"}, {"player": "sal frelick", "game": "mil @ bos", "gameIdx": 0, "hr/park": "", "pa": "45", "dt": "", "img": "https://www.mlbstatic.com/team-logos/158.svg", "team": "mil", "start": "", "in": "6", "result": "Flyout", "evo": "87.2", "la": "35", "dist": "292"}, {"player": "gary sanchez", "game": "mil @ bos", "gameIdx": 0, "hr/park": "", "pa": "44", "dt": "", "img": "https://www.mlbstatic.com/team-logos/158.svg", "team": "mil", "start": "", "in": "6", "result": "Single", "evo": "108.6", "la": "6", "dist": "129"}, {"player": "jake bauers", "game": "mil @ bos", "gameIdx": 0, "hr/park": "", "pa": "43", "dt": "", "img": "https://www.mlbstatic.com/team-logos/158.svg", "team": "mil", "start": "", "in": "6", "result": "Groundout", "evo": "86.1", "la": "-15", "dist": "10"}, {"player": "wilyer abreu", "game": "mil @ bos", "gameIdx": 0, "hr/park": "1/30", "pa": "42", "dt": "", "img": "https://www.mlbstatic.com/team-logos/111.svg", "team": "bos", "start": "", "in": "5", "result": "Lineout", "evo": "102.9", "la": "22", "dist": "347"}, {"player": "jarren duran", "game": "mil @ bos", "gameIdx": 0, "hr/park": "", "pa": "41", "dt": "", "img": "https://www.mlbstatic.com/team-logos/111.svg", "team": "bos", "start": "", "in": "5", "result": "Strikeout", "evo": "", "la": "", "dist": ""}, {"player": "ceddanne rafaela", "game": "mil @ bos", "gameIdx": 0, "hr/park": "", "pa": "40", "dt": "", "img": "https://www.mlbstatic.com/team-logos/111.svg", "team": "bos", "start": "", "in": "5", "result": "Single", "evo": "97.2", "la": "-25", "dist": "3"}, {"player": "david hamilton", "game": "mil @ bos", "gameIdx": 0, "hr/park": "", "pa": "39", "dt": "", "img": "https://www.mlbstatic.com/team-logos/111.svg", "team": "bos", "start": "", "in": "5", "result": "Bunt Pop Out", "evo": "35.1", "la": "78", "dist": "28"}, {"player": "vaughn grissom", "game": "mil @ bos", "gameIdx": 0, "hr/park": "", "pa": "38", "dt": "", "img": "https://www.mlbstatic.com/team-logos/111.svg", "team": "bos", "start": "", "in": "5", "result": "Single", "evo": "101.8", "la": "12", "dist": "194"}, {"player": "willy adames", "game": "mil @ bos", "gameIdx": 0, "hr/park": "", "pa": "37", "dt": "", "img": "https://www.mlbstatic.com/team-logos/158.svg", "team": "mil", "start": "", "in": "5", "result": "Strikeout", "evo": "", "la": "", "dist": ""}, {"player": "christian yelich", "game": "mil @ bos", "gameIdx": 0, "hr/park": "", "pa": "36", "dt": "", "img": "https://www.mlbstatic.com/team-logos/158.svg", "team": "mil", "start": "", "in": "5", "result": "Fielders Choice Out", "evo": "102.6", "la": "-19", "dist": "6"}, {"player": "william contreras", "game": "mil @ bos", "gameIdx": 0, "hr/park": "", "pa": "35", "dt": "", "img": "https://www.mlbstatic.com/team-logos/158.svg", "team": "mil", "start": "", "in": "5", "result": "Single", "evo": "101.5", "la": "-22", "dist": "6"}, {"player": "brice turang", "game": "mil @ bos", "gameIdx": 0, "hr/park": "", "pa": "34", "dt": "", "img": "https://www.mlbstatic.com/team-logos/158.svg", "team": "mil", "start": "", "in": "5", "result": "Walk", "evo": "", "la": "", "dist": ""}, {"player": "blake perkins", "game": "mil @ bos", "gameIdx": 0, "hr/park": "", "pa": "33", "dt": "", "img": "https://www.mlbstatic.com/team-logos/158.svg", "team": "mil", "start": "", "in": "5", "result": "Strikeout", "evo": "", "la": "", "dist": ""}, {"player": "oliver dunn", "game": "mil @ bos", "gameIdx": 0, "hr/park": "", "pa": "32", "dt": "", "img": "https://www.mlbstatic.com/team-logos/158.svg", "team": "mil", "start": "", "in": "5", "result": "Single", "evo": "104.7", "la": "7", "dist": "155"}, {"player": "reese mcguire", "game": "mil @ bos", "gameIdx": 0, "hr/park": "", "pa": "31", "dt": "", "img": "https://www.mlbstatic.com/team-logos/111.svg", "team": "bos", "start": "", "in": "4", "result": "Groundout", "evo": "59.5", "la": "-36", "dist": "5"}, {"player": "dominic smith", "game": "mil @ bos", "gameIdx": 0, "hr/park": "", "pa": "30", "dt": "", "img": "https://www.mlbstatic.com/team-logos/111.svg", "team": "bos", "start": "", "in": "4", "result": "Single", "evo": "76.0", "la": "22", "dist": "233"}, {"player": "rafael devers", "game": "mil @ bos", "gameIdx": 0, "hr/park": "0/30", "pa": "29", "dt": "", "img": "https://www.mlbstatic.com/team-logos/111.svg", "team": "bos", "start": "", "in": "4", "result": "Sac Fly", "evo": "91.9", "la": "34", "dist": "334"}, {"player": "garrett cooper", "game": "mil @ bos", "gameIdx": 0, "hr/park": "", "pa": "28", "dt": "", "img": "https://www.mlbstatic.com/team-logos/111.svg", "team": "bos", "start": "", "in": "4", "result": "Pop Out", "evo": "81.0", "la": "80", "dist": "37"}, {"player": "wilyer abreu", "game": "mil @ bos", "gameIdx": 0, "hr/park": "24/30", "pa": "27", "dt": "", "img": "https://www.mlbstatic.com/team-logos/111.svg", "team": "bos", "start": "", "in": "4", "result": "Triple", "evo": "106.5", "la": "26", "dist": "412"}, {"player": "sal frelick", "game": "mil @ bos", "gameIdx": 0, "hr/park": "", "pa": "26", "dt": "", "img": "https://www.mlbstatic.com/team-logos/158.svg", "team": "mil", "start": "", "in": "4", "result": "Lineout", "evo": "85.4", "la": "11", "dist": "180"}, {"player": "gary sanchez", "game": "mil @ bos", "gameIdx": 0, "hr/park": "", "pa": "25", "dt": "", "img": "https://www.mlbstatic.com/team-logos/158.svg", "team": "mil", "start": "", "in": "4", "result": "Double", "evo": "80.4", "la": "51", "dist": "203"}, {"player": "jake bauers", "game": "mil @ bos", "gameIdx": 0, "hr/park": "0/30", "pa": "24", "dt": "", "img": "https://www.mlbstatic.com/team-logos/158.svg", "team": "mil", "start": "", "in": "4", "result": "Flyout", "evo": "105.7", "la": "25", "dist": "345"}, {"player": "willy adames", "game": "mil @ bos", "gameIdx": 0, "hr/park": "", "pa": "23", "dt": "", "img": "https://www.mlbstatic.com/team-logos/158.svg", "team": "mil", "start": "", "in": "4", "result": "Strikeout", "evo": "", "la": "", "dist": ""}, {"player": "jarren duran", "game": "mil @ bos", "gameIdx": 0, "hr/park": "", "pa": "22", "dt": "", "img": "https://www.mlbstatic.com/team-logos/111.svg", "team": "bos", "start": "", "in": "3", "result": "Groundout", "evo": "106.0", "la": "-8", "dist": "17"}, {"player": "ceddanne rafaela", "game": "mil @ bos", "gameIdx": 0, "hr/park": "", "pa": "21", "dt": "", "img": "https://www.mlbstatic.com/team-logos/111.svg", "team": "bos", "start": "", "in": "3", "result": "Strikeout", "evo": "", "la": "", "dist": ""}, {"player": "david hamilton", "game": "mil @ bos", "gameIdx": 0, "hr/park": "", "pa": "20", "dt": "", "img": "https://www.mlbstatic.com/team-logos/111.svg", "team": "bos", "start": "", "in": "3", "result": "Single", "evo": "105.4", "la": "13", "dist": "275"}, {"player": "vaughn grissom", "game": "mil @ bos", "gameIdx": 0, "hr/park": "", "pa": "19", "dt": "", "img": "https://www.mlbstatic.com/team-logos/111.svg", "team": "bos", "start": "", "in": "3", "result": "Flyout", "evo": "91.5", "la": "43", "dist": "283"}, {"player": "christian yelich", "game": "mil @ bos", "gameIdx": 0, "hr/park": "", "pa": "18", "dt": "", "img": "https://www.mlbstatic.com/team-logos/158.svg", "team": "mil", "start": "", "in": "3", "result": "Groundout", "evo": "91.1", "la": "-25", "dist": "5"}, {"player": "william contreras", "game": "mil @ bos", "gameIdx": 0, "hr/park": "", "pa": "17", "dt": "", "img": "https://www.mlbstatic.com/team-logos/158.svg", "team": "mil", "start": "", "in": "3", "result": "Strikeout", "evo": "", "la": "", "dist": ""}, {"player": "brice turang", "game": "mil @ bos", "gameIdx": 0, "hr/park": "", "pa": "16", "dt": "", "img": "https://www.mlbstatic.com/team-logos/158.svg", "team": "mil", "start": "", "in": "3", "result": "Single", "evo": "100.1", "la": "10", "dist": "207"}, {"player": "blake perkins", "game": "mil @ bos", "gameIdx": 0, "hr/park": "", "pa": "15", "dt": "", "img": "https://www.mlbstatic.com/team-logos/158.svg", "team": "mil", "start": "", "in": "3", "result": "Strikeout", "evo": "", "la": "", "dist": ""}, {"player": "reese mcguire", "game": "mil @ bos", "gameIdx": 0, "hr/park": "", "pa": "14", "dt": "", "img": "https://www.mlbstatic.com/team-logos/111.svg", "team": "bos", "start": "", "in": "2", "result": "Strikeout", "evo": "", "la": "", "dist": ""}, {"player": "dominic smith", "game": "mil @ bos", "gameIdx": 0, "hr/park": "", "pa": "13", "dt": "", "img": "https://www.mlbstatic.com/team-logos/111.svg", "team": "bos", "start": "", "in": "2", "result": "Flyout", "evo": "97.8", "la": "48", "dist": "274"}, {"player": "rafael devers", "game": "mil @ bos", "gameIdx": 0, "hr/park": "", "pa": "12", "dt": "", "img": "https://www.mlbstatic.com/team-logos/111.svg", "team": "bos", "start": "", "in": "2", "result": "Flyout", "evo": "94.4", "la": "52", "dist": "242"}, {"player": "oliver dunn", "game": "mil @ bos", "gameIdx": 0, "hr/park": "", "pa": "11", "dt": "", "img": "https://www.mlbstatic.com/team-logos/158.svg", "team": "mil", "start": "", "in": "2", "result": "Groundout", "evo": "65.3", "la": "-47", "dist": "4"}, {"player": "sal frelick", "game": "mil @ bos", "gameIdx": 0, "hr/park": "", "pa": "10", "dt": "", "img": "https://www.mlbstatic.com/team-logos/158.svg", "team": "mil", "start": "", "in": "2", "result": "Groundout", "evo": "80.8", "la": "-21", "dist": "5"}, {"player": "gary sanchez", "game": "mil @ bos", "gameIdx": 0, "hr/park": "", "pa": "9", "dt": "", "img": "https://www.mlbstatic.com/team-logos/158.svg", "team": "mil", "start": "", "in": "2", "result": "Strikeout", "evo": "", "la": "", "dist": ""}, {"player": "garrett cooper", "game": "mil @ bos", "gameIdx": 0, "hr/park": "", "pa": "8", "dt": "", "img": "https://www.mlbstatic.com/team-logos/111.svg", "team": "bos", "start": "", "in": "1", "result": "Strikeout Double Play", "evo": "", "la": "", "dist": ""}, {"player": "wilyer abreu", "game": "mil @ bos", "gameIdx": 0, "hr/park": "", "pa": "7", "dt": "", "img": "https://www.mlbstatic.com/team-logos/111.svg", "team": "bos", "start": "", "in": "1", "result": "Single", "evo": "73.6", "la": "55", "dist": "175"}, {"player": "jarren duran", "game": "mil @ bos", "gameIdx": 0, "hr/park": "", "pa": "6", "dt": "", "img": "https://www.mlbstatic.com/team-logos/111.svg", "team": "bos", "start": "", "in": "1", "result": "Strikeout", "evo": "", "la": "", "dist": ""}, {"player": "jake bauers", "game": "mil @ bos", "gameIdx": 0, "hr/park": "", "pa": "5", "dt": "", "img": "https://www.mlbstatic.com/team-logos/158.svg", "team": "mil", "start": "", "in": "1", "result": "Strikeout", "evo": "", "la": "", "dist": ""}, {"player": "willy adames", "game": "mil @ bos", "gameIdx": 0, "hr/park": "", "pa": "4", "dt": "", "img": "https://www.mlbstatic.com/team-logos/158.svg", "team": "mil", "start": "", "in": "1", "result": "Single", "evo": "79.4", "la": "65", "dist": "142"}, {"player": "christian yelich", "game": "mil @ bos", "gameIdx": 0, "hr/park": "", "pa": "3", "dt": "", "img": "https://www.mlbstatic.com/team-logos/158.svg", "team": "mil", "start": "", "in": "1", "result": "Single", "evo": "107.6", "la": "13", "dist": "258"}, {"player": "william contreras", "game": "mil @ bos", "gameIdx": 0, "hr/park": "", "pa": "2", "dt": "", "img": "https://www.mlbstatic.com/team-logos/158.svg", "team": "mil", "start": "", "in": "1", "result": "Groundout", "evo": "73.9", "la": "-50", "dist": "4"}, {"player": "brice turang", "game": "mil @ bos", "gameIdx": 0, "hr/park": "", "pa": "1", "dt": "", "img": "https://www.mlbstatic.com/team-logos/158.svg", "team": "mil", "start": "", "in": "1", "result": "Groundout", "evo": "97.9", "la": "-9", "dist": "18"}], "sf @ nym": [], "kc @ tb": [], "tex @ min": [], "bal @ chw": [], "phi @ col": [{"player": "nick castellanos", "game": "phi @ col", "gameIdx": 0, "hr/park": "0/30", "pa": "67", "dt": "", "img": "https://www.mlbstatic.com/team-logos/143.svg", "team": "phi", "start": "", "in": "9", "result": "Flyout", "evo": "94.3", "la": "45", "dist": "310"}, {"player": "bryson stott", "game": "phi @ col", "gameIdx": 0, "hr/park": "", "pa": "66", "dt": "", "img": "https://www.mlbstatic.com/team-logos/143.svg", "team": "phi", "start": "", "in": "9", "result": "Flyout", "evo": "94.4", "la": "56", "dist": "248"}, {"player": "alec bohm", "game": "phi @ col", "gameIdx": 0, "hr/park": "", "pa": "65", "dt": "", "img": "https://www.mlbstatic.com/team-logos/143.svg", "team": "phi", "start": "", "in": "9", "result": "Groundout", "evo": "63.6", "la": "-24", "dist": "6"}, {"player": "charlie blackmon", "game": "phi @ col", "gameIdx": 0, "hr/park": "", "pa": "64", "dt": "", "img": "https://www.mlbstatic.com/team-logos/115.svg", "team": "col", "start": "", "in": "8", "result": "Lineout", "evo": "53.7", "la": "31", "dist": "146"}, {"player": "brenton doyle", "game": "phi @ col", "gameIdx": 0, "hr/park": "", "pa": "63", "dt": "", "img": "https://www.mlbstatic.com/team-logos/115.svg", "team": "col", "start": "", "in": "8", "result": "Strikeout", "evo": "", "la": "", "dist": ""}, {"player": "kris bryant", "game": "phi @ col", "gameIdx": 0, "hr/park": "", "pa": "62", "dt": "", "img": "https://www.mlbstatic.com/team-logos/115.svg", "team": "col", "start": "", "in": "8", "result": "Single", "evo": "92.7", "la": "18", "dist": "272"}, {"player": "elias diaz", "game": "phi @ col", "gameIdx": 0, "hr/park": "", "pa": "61", "dt": "", "img": "https://www.mlbstatic.com/team-logos/115.svg", "team": "col", "start": "", "in": "8", "result": "Pop Out", "evo": "76.7", "la": "45", "dist": "224"}, {"player": "bryce harper", "game": "phi @ col", "gameIdx": 0, "hr/park": "0/30", "pa": "60", "dt": "", "img": "https://www.mlbstatic.com/team-logos/143.svg", "team": "phi", "start": "", "in": "8", "result": "Flyout", "evo": "98.0", "la": "45", "dist": "324"}, {"player": "jt realmuto", "game": "phi @ col", "gameIdx": 0, "hr/park": "", "pa": "59", "dt": "", "img": "https://www.mlbstatic.com/team-logos/143.svg", "team": "phi", "start": "", "in": "8", "result": "Single", "evo": "73.3", "la": "-9", "dist": "12"}, {"player": "kyle schwarber", "game": "phi @ col", "gameIdx": 0, "hr/park": "", "pa": "58", "dt": "", "img": "https://www.mlbstatic.com/team-logos/143.svg", "team": "phi", "start": "", "in": "8", "result": "Lineout", "evo": "67.8", "la": "16", "dist": "164"}, {"player": "kody clemens", "game": "phi @ col", "gameIdx": 0, "hr/park": "", "pa": "57", "dt": "", "img": "https://www.mlbstatic.com/team-logos/143.svg", "team": "phi", "start": "", "in": "8", "result": "Groundout", "evo": "80.0", "la": "-19", "dist": "10"}, {"player": "ryan mcmahon", "game": "phi @ col", "gameIdx": 0, "hr/park": "0/30", "pa": "56", "dt": "", "img": "https://www.mlbstatic.com/team-logos/115.svg", "team": "col", "start": "", "in": "7", "result": "Lineout", "evo": "100.8", "la": "18", "dist": "327"}, {"player": "brendan rodgers", "game": "phi @ col", "gameIdx": 0, "hr/park": "", "pa": "55", "dt": "", "img": "https://www.mlbstatic.com/team-logos/115.svg", "team": "col", "start": "", "in": "7", "result": "Single", "evo": "98.5", "la": "7", "dist": "136"}, {"player": "ezequiel tovar", "game": "phi @ col", "gameIdx": 0, "hr/park": "", "pa": "54", "dt": "", "img": "https://www.mlbstatic.com/team-logos/115.svg", "team": "col", "start": "", "in": "7", "result": "Single", "evo": "69.5", "la": "-78", "dist": "1"}, {"player": "hunter goodman", "game": "phi @ col", "gameIdx": 0, "hr/park": "", "pa": "53", "dt": "", "img": "https://www.mlbstatic.com/team-logos/115.svg", "team": "col", "start": "", "in": "7", "result": "Groundout", "evo": "99.1", "la": "-28", "dist": "6"}, {"player": "elehuris montero", "game": "phi @ col", "gameIdx": 0, "hr/park": "", "pa": "52", "dt": "", "img": "https://www.mlbstatic.com/team-logos/115.svg", "team": "col", "start": "", "in": "7", "result": "Groundout", "evo": "79.7", "la": "-35", "dist": "4"}, {"player": "edmundo sosa", "game": "phi @ col", "gameIdx": 0, "hr/park": "", "pa": "51", "dt": "", "img": "https://www.mlbstatic.com/team-logos/143.svg", "team": "phi", "start": "", "in": "7", "result": "Strikeout", "evo": "", "la": "", "dist": ""}, {"player": "brandon marsh", "game": "phi @ col", "gameIdx": 0, "hr/park": "", "pa": "50", "dt": "", "img": "https://www.mlbstatic.com/team-logos/143.svg", "team": "phi", "start": "", "in": "7", "result": "Single", "evo": "70.4", "la": "-4", "dist": "20"}, {"player": "nick castellanos", "game": "phi @ col", "gameIdx": 0, "hr/park": "0/30", "pa": "49", "dt": "", "img": "https://www.mlbstatic.com/team-logos/143.svg", "team": "phi", "start": "", "in": "7", "result": "Lineout", "evo": "103.5", "la": "16", "dist": "308"}, {"player": "bryson stott", "game": "phi @ col", "gameIdx": 0, "hr/park": "", "pa": "48", "dt": "", "img": "https://www.mlbstatic.com/team-logos/143.svg", "team": "phi", "start": "", "in": "7", "result": "Strikeout", "evo": "", "la": "", "dist": ""}, {"player": "sean bouchard", "game": "phi @ col", "gameIdx": 0, "hr/park": "", "pa": "47", "dt": "", "img": "https://www.mlbstatic.com/team-logos/115.svg", "team": "col", "start": "", "in": "6", "result": "Strikeout", "evo": "", "la": "", "dist": ""}, {"player": "brenton doyle", "game": "phi @ col", "gameIdx": 0, "hr/park": "", "pa": "46", "dt": "", "img": "https://www.mlbstatic.com/team-logos/115.svg", "team": "col", "start": "", "in": "6", "result": "Bunt Groundout", "evo": "38.8", "la": "21", "dist": "75"}, {"player": "kris bryant", "game": "phi @ col", "gameIdx": 0, "hr/park": "4/30", "pa": "45", "dt": "", "img": "https://www.mlbstatic.com/team-logos/115.svg", "team": "col", "start": "", "in": "6", "result": "Flyout", "evo": "99.3", "la": "29", "dist": "401"}, {"player": "alec bohm", "game": "phi @ col", "gameIdx": 0, "hr/park": "", "pa": "44", "dt": "", "img": "https://www.mlbstatic.com/team-logos/143.svg", "team": "phi", "start": "", "in": "6", "result": "Groundout", "evo": "86.4", "la": "-7", "dist": "19"}, {"player": "bryce harper", "game": "phi @ col", "gameIdx": 0, "hr/park": "0/30", "pa": "43", "dt": "", "img": "https://www.mlbstatic.com/team-logos/143.svg", "team": "phi", "start": "", "in": "6", "result": "Flyout", "evo": "103.2", "la": "41", "dist": "348"}, {"player": "jt realmuto", "game": "phi @ col", "gameIdx": 0, "hr/park": "", "pa": "42", "dt": "", "img": "https://www.mlbstatic.com/team-logos/143.svg", "team": "phi", "start": "", "in": "6", "result": "Strikeout", "evo": "", "la": "", "dist": ""}, {"player": "elias diaz", "game": "phi @ col", "gameIdx": 0, "hr/park": "", "pa": "41", "dt": "", "img": "https://www.mlbstatic.com/team-logos/115.svg", "team": "col", "start": "", "in": "5", "result": "Groundout", "evo": "65.3", "la": "9", "dist": "100"}, {"player": "ryan mcmahon", "game": "phi @ col", "gameIdx": 0, "hr/park": "", "pa": "40", "dt": "", "img": "https://www.mlbstatic.com/team-logos/115.svg", "team": "col", "start": "", "in": "5", "result": "Strikeout", "evo": "", "la": "", "dist": ""}, {"player": "brendan rodgers", "game": "phi @ col", "gameIdx": 0, "hr/park": "", "pa": "39", "dt": "", "img": "https://www.mlbstatic.com/team-logos/115.svg", "team": "col", "start": "", "in": "5", "result": "Strikeout", "evo": "", "la": "", "dist": ""}, {"player": "kyle schwarber", "game": "phi @ col", "gameIdx": 0, "hr/park": "0/30", "pa": "38", "dt": "", "img": "https://www.mlbstatic.com/team-logos/143.svg", "team": "phi", "start": "", "in": "5", "result": "Lineout", "evo": "106.7", "la": "17", "dist": "366"}, {"player": "johan rojas", "game": "phi @ col", "gameIdx": 0, "hr/park": "", "pa": "37", "dt": "", "img": "https://www.mlbstatic.com/team-logos/143.svg", "team": "phi", "start": "", "in": "5", "result": "Single", "evo": "86.7", "la": "5", "dist": "98"}, {"player": "edmundo sosa", "game": "phi @ col", "gameIdx": 0, "hr/park": "", "pa": "36", "dt": "", "img": "https://www.mlbstatic.com/team-logos/143.svg", "team": "phi", "start": "", "in": "5", "result": "Groundout", "evo": "46.9", "la": "-16", "dist": "10"}, {"player": "brandon marsh", "game": "phi @ col", "gameIdx": 0, "hr/park": "", "pa": "35", "dt": "", "img": "https://www.mlbstatic.com/team-logos/143.svg", "team": "phi", "start": "", "in": "5", "result": "Single", "evo": "86.9", "la": "15", "dist": "215"}, {"player": "nick castellanos", "game": "phi @ col", "gameIdx": 0, "hr/park": "", "pa": "34", "dt": "", "img": "https://www.mlbstatic.com/team-logos/143.svg", "team": "phi", "start": "", "in": "5", "result": "Strikeout", "evo": "", "la": "", "dist": ""}, {"player": "ezequiel tovar", "game": "phi @ col", "gameIdx": 0, "hr/park": "", "pa": "33", "dt": "", "img": "https://www.mlbstatic.com/team-logos/115.svg", "team": "col", "start": "", "in": "4", "result": "Strikeout", "evo": "", "la": "", "dist": ""}, {"player": "hunter goodman", "game": "phi @ col", "gameIdx": 0, "hr/park": "", "pa": "32", "dt": "", "img": "https://www.mlbstatic.com/team-logos/115.svg", "team": "col", "start": "", "in": "4", "result": "Strikeout", "evo": "", "la": "", "dist": ""}, {"player": "elehuris montero", "game": "phi @ col", "gameIdx": 0, "hr/park": "", "pa": "31", "dt": "", "img": "https://www.mlbstatic.com/team-logos/115.svg", "team": "col", "start": "", "in": "4", "result": "Lineout", "evo": "110.0", "la": "5", "dist": "180"}, {"player": "bryson stott", "game": "phi @ col", "gameIdx": 0, "hr/park": "", "pa": "30", "dt": "", "img": "https://www.mlbstatic.com/team-logos/143.svg", "team": "phi", "start": "", "in": "4", "result": "GIDP", "evo": "88.4", "la": "-2", "dist": "38"}, {"player": "alec bohm", "game": "phi @ col", "gameIdx": 0, "hr/park": "", "pa": "29", "dt": "", "img": "https://www.mlbstatic.com/team-logos/143.svg", "team": "phi", "start": "", "in": "4", "result": "Single", "evo": "87.7", "la": "19", "dist": "249"}, {"player": "bryce harper", "game": "phi @ col", "gameIdx": 0, "hr/park": "", "pa": "28", "dt": "", "img": "https://www.mlbstatic.com/team-logos/143.svg", "team": "phi", "start": "", "in": "4", "result": "Field Error", "evo": "87.3", "la": "-8", "dist": "13"}, {"player": "jt realmuto", "game": "phi @ col", "gameIdx": 0, "hr/park": "", "pa": "27", "dt": "", "img": "https://www.mlbstatic.com/team-logos/143.svg", "team": "phi", "start": "", "in": "4", "result": "Strikeout", "evo": "", "la": "", "dist": ""}, {"player": "kyle schwarber", "game": "phi @ col", "gameIdx": 0, "hr/park": "", "pa": "26", "dt": "", "img": "https://www.mlbstatic.com/team-logos/143.svg", "team": "phi", "start": "", "in": "4", "result": "Walk", "evo": "", "la": "", "dist": ""}, {"player": "sean bouchard", "game": "phi @ col", "gameIdx": 0, "hr/park": "", "pa": "25", "dt": "", "img": "https://www.mlbstatic.com/team-logos/115.svg", "team": "col", "start": "", "in": "3", "result": "Strikeout", "evo": "", "la": "", "dist": ""}, {"player": "brenton doyle", "game": "phi @ col", "gameIdx": 0, "hr/park": "", "pa": "24", "dt": "", "img": "https://www.mlbstatic.com/team-logos/115.svg", "team": "col", "start": "", "in": "3", "result": "Lineout", "evo": "93.8", "la": "17", "dist": "283"}, {"player": "kris bryant", "game": "phi @ col", "gameIdx": 0, "hr/park": "", "pa": "23", "dt": "", "img": "https://www.mlbstatic.com/team-logos/115.svg", "team": "col", "start": "", "in": "3", "result": "Strikeout", "evo": "", "la": "", "dist": ""}, {"player": "johan rojas", "game": "phi @ col", "gameIdx": 0, "hr/park": "0/30", "pa": "22", "dt": "", "img": "https://www.mlbstatic.com/team-logos/143.svg", "team": "phi", "start": "", "in": "3", "result": "Flyout", "evo": "100.2", "la": "24", "dist": "391"}, {"player": "edmundo sosa", "game": "phi @ col", "gameIdx": 0, "hr/park": "", "pa": "21", "dt": "", "img": "https://www.mlbstatic.com/team-logos/143.svg", "team": "phi", "start": "", "in": "3", "result": "Pop Out", "evo": "45.0", "la": "46", "dist": "113"}, {"player": "brandon marsh", "game": "phi @ col", "gameIdx": 0, "hr/park": "", "pa": "20", "dt": "", "img": "https://www.mlbstatic.com/team-logos/143.svg", "team": "phi", "start": "", "in": "3", "result": "Walk", "evo": "", "la": "", "dist": ""}, {"player": "elias diaz", "game": "phi @ col", "gameIdx": 0, "hr/park": "", "pa": "19", "dt": "", "img": "https://www.mlbstatic.com/team-logos/115.svg", "team": "col", "start": "", "in": "2", "result": "Forceout", "evo": "101.5", "la": "2", "dist": "85"}, {"player": "ryan mcmahon", "game": "phi @ col", "gameIdx": 0, "hr/park": "", "pa": "18", "dt": "", "img": "https://www.mlbstatic.com/team-logos/115.svg", "team": "col", "start": "", "in": "2", "result": "Walk", "evo": "", "la": "", "dist": ""}, {"player": "brendan rodgers", "game": "phi @ col", "gameIdx": 0, "hr/park": "", "pa": "17", "dt": "", "img": "https://www.mlbstatic.com/team-logos/115.svg", "team": "col", "start": "", "in": "2", "result": "Forceout", "evo": "95.6", "la": "-12", "dist": "14"}, {"player": "ezequiel tovar", "game": "phi @ col", "gameIdx": 0, "hr/park": "", "pa": "16", "dt": "", "img": "https://www.mlbstatic.com/team-logos/115.svg", "team": "col", "start": "", "in": "2", "result": "Walk", "evo": "", "la": "", "dist": ""}, {"player": "hunter goodman", "game": "phi @ col", "gameIdx": 0, "hr/park": "0/30", "pa": "15", "dt": "", "img": "https://www.mlbstatic.com/team-logos/115.svg", "team": "col", "start": "", "in": "2", "result": "Double", "evo": "102.1", "la": "17", "dist": "304"}, {"player": "elehuris montero", "game": "phi @ col", "gameIdx": 0, "hr/park": "", "pa": "14", "dt": "", "img": "https://www.mlbstatic.com/team-logos/115.svg", "team": "col", "start": "", "in": "2", "result": "Walk", "evo": "", "la": "", "dist": ""}, {"player": "sean bouchard", "game": "phi @ col", "gameIdx": 0, "hr/park": "0/30", "pa": "13", "dt": "", "img": "https://www.mlbstatic.com/team-logos/115.svg", "team": "col", "start": "", "in": "2", "result": "Flyout", "evo": "98.0", "la": "50", "dist": "305"}, {"player": "brenton doyle", "game": "phi @ col", "gameIdx": 0, "hr/park": "", "pa": "12", "dt": "", "img": "https://www.mlbstatic.com/team-logos/115.svg", "team": "col", "start": "", "in": "2", "result": "Walk", "evo": "", "la": "", "dist": ""}, {"player": "nick castellanos", "game": "phi @ col", "gameIdx": 0, "hr/park": "0/30", "pa": "11", "dt": "", "img": "https://www.mlbstatic.com/team-logos/143.svg", "team": "phi", "start": "", "in": "2", "result": "Flyout", "evo": "103.6", "la": "41", "dist": "356"}, {"player": "bryson stott", "game": "phi @ col", "gameIdx": 0, "hr/park": "", "pa": "10", "dt": "", "img": "https://www.mlbstatic.com/team-logos/143.svg", "team": "phi", "start": "", "in": "2", "result": "Groundout", "evo": "59.5", "la": "-42", "dist": "3"}, {"player": "alec bohm", "game": "phi @ col", "gameIdx": 0, "hr/park": "", "pa": "9", "dt": "", "img": "https://www.mlbstatic.com/team-logos/143.svg", "team": "phi", "start": "", "in": "2", "result": "Lineout", "evo": "86.3", "la": "20", "dist": "279"}, {"player": "kris bryant", "game": "phi @ col", "gameIdx": 0, "hr/park": "", "pa": "8", "dt": "", "img": "https://www.mlbstatic.com/team-logos/115.svg", "team": "col", "start": "", "in": "1", "result": "Flyout", "evo": "75.0", "la": "33", "dist": "278"}, {"player": "elias diaz", "game": "phi @ col", "gameIdx": 0, "hr/park": "", "pa": "7", "dt": "", "img": "https://www.mlbstatic.com/team-logos/115.svg", "team": "col", "start": "", "in": "1", "result": "Strikeout", "evo": "", "la": "", "dist": ""}, {"player": "ryan mcmahon", "game": "phi @ col", "gameIdx": 0, "hr/park": "27/30", "pa": "6", "dt": "", "img": "https://www.mlbstatic.com/team-logos/115.svg", "team": "col", "start": "", "in": "1", "result": "Home Run", "evo": "100.2", "la": "37", "dist": "394"}, {"player": "brendan rodgers", "game": "phi @ col", "gameIdx": 0, "hr/park": "", "pa": "5", "dt": "", "img": "https://www.mlbstatic.com/team-logos/115.svg", "team": "col", "start": "", "in": "1", "result": "Single", "evo": "97.8", "la": "14", "dist": "255"}, {"player": "ezequiel tovar", "game": "phi @ col", "gameIdx": 0, "hr/park": "", "pa": "4", "dt": "", "img": "https://www.mlbstatic.com/team-logos/115.svg", "team": "col", "start": "", "in": "1", "result": "Strikeout", "evo": "", "la": "", "dist": ""}, {"player": "bryce harper", "game": "phi @ col", "gameIdx": 0, "hr/park": "0/30", "pa": "3", "dt": "", "img": "https://www.mlbstatic.com/team-logos/143.svg", "team": "phi", "start": "", "in": "1", "result": "Lineout", "evo": "93.3", "la": "24", "dist": "327"}, {"player": "jt realmuto", "game": "phi @ col", "gameIdx": 0, "hr/park": "", "pa": "2", "dt": "", "img": "https://www.mlbstatic.com/team-logos/143.svg", "team": "phi", "start": "", "in": "1", "result": "Strikeout", "evo": "", "la": "", "dist": ""}, {"player": "kyle schwarber", "game": "phi @ col", "gameIdx": 0, "hr/park": "", "pa": "1", "dt": "", "img": "https://www.mlbstatic.com/team-logos/143.svg", "team": "phi", "start": "", "in": "1", "result": "Strikeout", "evo": "", "la": "", "dist": ""}], "cle @ laa": [], "hou @ ath": [], "mia @ ari": [], "nyy @ sd": [], "chc @ stl": [{"player": "seiya suzuki", "game": "chc @ stl", "gameIdx": 0, "hr/park": "0/30", "pa": "75", "dt": "", "img": "https://www.mlbstatic.com/team-logos/112.svg", "team": "chc", "start": "", "in": "9", "result": "Lineout", "evo": "97.2", "la": "23", "dist": "364"}, {"player": "mike tauchman", "game": "chc @ stl", "gameIdx": 0, "hr/park": "", "pa": "74", "dt": "", "img": "https://www.mlbstatic.com/team-logos/112.svg", "team": "chc", "start": "", "in": "9", "result": "Single", "evo": "103.8", "la": "1", "dist": "64"}, {"player": "nick madrigal", "game": "chc @ stl", "gameIdx": 0, "hr/park": "", "pa": "73", "dt": "", "img": "https://www.mlbstatic.com/team-logos/112.svg", "team": "chc", "start": "", "in": "9", "result": "Single", "evo": "89.5", "la": "7", "dist": "145"}, {"player": "michael busch", "game": "chc @ stl", "gameIdx": 0, "hr/park": "", "pa": "72", "dt": "", "img": "https://www.mlbstatic.com/team-logos/112.svg", "team": "chc", "start": "", "in": "9", "result": "Strikeout", "evo": "", "la": "", "dist": ""}, {"player": "dansby swanson", "game": "chc @ stl", "gameIdx": 0, "hr/park": "", "pa": "71", "dt": "", "img": "https://www.mlbstatic.com/team-logos/112.svg", "team": "chc", "start": "", "in": "9", "result": "Lineout", "evo": "94.0", "la": "9", "dist": "140"}, {"player": "ian happ", "game": "chc @ stl", "gameIdx": 0, "hr/park": "29/30", "pa": "70", "dt": "", "img": "https://www.mlbstatic.com/team-logos/112.svg", "team": "chc", "start": "", "in": "9", "result": "Home Run", "evo": "107.1", "la": "29", "dist": "425"}, {"player": "brendan donovan", "game": "chc @ stl", "gameIdx": 0, "hr/park": "", "pa": "69", "dt": "", "img": "https://www.mlbstatic.com/team-logos/138.svg", "team": "stl", "start": "", "in": "8", "result": "Strikeout", "evo": "", "la": "", "dist": ""}, {"player": "michael siani", "game": "chc @ stl", "gameIdx": 0, "hr/park": "", "pa": "68", "dt": "", "img": "https://www.mlbstatic.com/team-logos/138.svg", "team": "stl", "start": "", "in": "8", "result": "Strikeout", "evo": "", "la": "", "dist": ""}, {"player": "masyn winn", "game": "chc @ stl", "gameIdx": 0, "hr/park": "", "pa": "67", "dt": "", "img": "https://www.mlbstatic.com/team-logos/138.svg", "team": "stl", "start": "", "in": "8", "result": "Lineout", "evo": "70.8", "la": "9", "dist": "120"}, {"player": "nico hoerner", "game": "chc @ stl", "gameIdx": 0, "hr/park": "", "pa": "66", "dt": "", "img": "https://www.mlbstatic.com/team-logos/112.svg", "team": "chc", "start": "", "in": "8", "result": "Forceout", "evo": "104.1", "la": "-2", "dist": "40"}, {"player": "christopher morel", "game": "chc @ stl", "gameIdx": 0, "hr/park": "", "pa": "65", "dt": "", "img": "https://www.mlbstatic.com/team-logos/112.svg", "team": "chc", "start": "", "in": "8", "result": "Hit By Pitch", "evo": "", "la": "", "dist": ""}, {"player": "cody bellinger", "game": "chc @ stl", "gameIdx": 0, "hr/park": "", "pa": "64", "dt": "", "img": "https://www.mlbstatic.com/team-logos/112.svg", "team": "chc", "start": "", "in": "8", "result": "Lineout", "evo": "78.8", "la": "26", "dist": "270"}, {"player": "seiya suzuki", "game": "chc @ stl", "gameIdx": 0, "hr/park": "", "pa": "63", "dt": "", "img": "https://www.mlbstatic.com/team-logos/112.svg", "team": "chc", "start": "", "in": "8", "result": "Single", "evo": "106.5", "la": "8", "dist": "195"}, {"player": "mike tauchman", "game": "chc @ stl", "gameIdx": 0, "hr/park": "", "pa": "62", "dt": "", "img": "https://www.mlbstatic.com/team-logos/112.svg", "team": "chc", "start": "", "in": "8", "result": "Single", "evo": "102.3", "la": "4", "dist": "96"}, {"player": "yan gomes", "game": "chc @ stl", "gameIdx": 0, "hr/park": "2/30", "pa": "61", "dt": "", "img": "https://www.mlbstatic.com/team-logos/112.svg", "team": "chc", "start": "", "in": "8", "result": "Flyout", "evo": "98.8", "la": "27", "dist": "355"}, {"player": "ivan herrera", "game": "chc @ stl", "gameIdx": 0, "hr/park": "", "pa": "60", "dt": "", "img": "https://www.mlbstatic.com/team-logos/138.svg", "team": "stl", "start": "", "in": "7", "result": "Strikeout", "evo": "", "la": "", "dist": ""}, {"player": "nolan gorman", "game": "chc @ stl", "gameIdx": 0, "hr/park": "", "pa": "59", "dt": "", "img": "https://www.mlbstatic.com/team-logos/138.svg", "team": "stl", "start": "", "in": "7", "result": "Single", "evo": "72.1", "la": "29", "dist": "223"}, {"player": "matt carpenter", "game": "chc @ stl", "gameIdx": 0, "hr/park": "", "pa": "58", "dt": "", "img": "https://www.mlbstatic.com/team-logos/138.svg", "team": "stl", "start": "", "in": "7", "result": "Hit By Pitch", "evo": "", "la": "", "dist": ""}, {"player": "nolan arenado", "game": "chc @ stl", "gameIdx": 0, "hr/park": "0/30", "pa": "57", "dt": "", "img": "https://www.mlbstatic.com/team-logos/138.svg", "team": "stl", "start": "", "in": "7", "result": "Lineout", "evo": "95.6", "la": "24", "dist": "357"}, {"player": "paul goldschmidt", "game": "chc @ stl", "gameIdx": 0, "hr/park": "0/30", "pa": "56", "dt": "", "img": "https://www.mlbstatic.com/team-logos/138.svg", "team": "stl", "start": "", "in": "7", "result": "Flyout", "evo": "91.6", "la": "31", "dist": "326"}, {"player": "patrick wisdom", "game": "chc @ stl", "gameIdx": 0, "hr/park": "", "pa": "55", "dt": "", "img": "https://www.mlbstatic.com/team-logos/112.svg", "team": "chc", "start": "", "in": "7", "result": "Strikeout", "evo": "", "la": "", "dist": ""}, {"player": "dansby swanson", "game": "chc @ stl", "gameIdx": 0, "hr/park": "", "pa": "54", "dt": "", "img": "https://www.mlbstatic.com/team-logos/112.svg", "team": "chc", "start": "", "in": "7", "result": "Groundout", "evo": "77.1", "la": "-8", "dist": "17"}, {"player": "ian happ", "game": "chc @ stl", "gameIdx": 0, "hr/park": "29/30", "pa": "53", "dt": "", "img": "https://www.mlbstatic.com/team-logos/112.svg", "team": "chc", "start": "", "in": "7", "result": "Home Run", "evo": "107.1", "la": "26", "dist": "409"}, {"player": "nico hoerner", "game": "chc @ stl", "gameIdx": 0, "hr/park": "", "pa": "52", "dt": "", "img": "https://www.mlbstatic.com/team-logos/112.svg", "team": "chc", "start": "", "in": "7", "result": "Single", "evo": "99.3", "la": "2", "dist": "79"}, {"player": "christopher morel", "game": "chc @ stl", "gameIdx": 0, "hr/park": "0/30", "pa": "51", "dt": "", "img": "https://www.mlbstatic.com/team-logos/112.svg", "team": "chc", "start": "", "in": "7", "result": "Flyout", "evo": "97.8", "la": "47", "dist": "322"}, {"player": "alec burleson", "game": "chc @ stl", "gameIdx": 0, "hr/park": "", "pa": "50", "dt": "", "img": "https://www.mlbstatic.com/team-logos/138.svg", "team": "stl", "start": "", "in": "6", "result": "Groundout", "evo": "100.6", "la": "-8", "dist": "17"}, {"player": "brendan donovan", "game": "chc @ stl", "gameIdx": 0, "hr/park": "", "pa": "49", "dt": "", "img": "https://www.mlbstatic.com/team-logos/138.svg", "team": "stl", "start": "", "in": "6", "result": "Hit By Pitch", "evo": "", "la": "", "dist": ""}, {"player": "michael siani", "game": "chc @ stl", "gameIdx": 0, "hr/park": "0/30", "pa": "48", "dt": "", "img": "https://www.mlbstatic.com/team-logos/138.svg", "team": "stl", "start": "", "in": "6", "result": "Flyout", "evo": "89.0", "la": "27", "dist": "334"}, {"player": "masyn winn", "game": "chc @ stl", "gameIdx": 0, "hr/park": "", "pa": "47", "dt": "", "img": "https://www.mlbstatic.com/team-logos/138.svg", "team": "stl", "start": "", "in": "6", "result": "Pop Out", "evo": "67.8", "la": "72", "dist": "108"}, {"player": "ivan herrera", "game": "chc @ stl", "gameIdx": 0, "hr/park": "", "pa": "46", "dt": "", "img": "https://www.mlbstatic.com/team-logos/138.svg", "team": "stl", "start": "", "in": "6", "result": "Field Error", "evo": "96.5", "la": "-14", "dist": "10"}, {"player": "nolan gorman", "game": "chc @ stl", "gameIdx": 0, "hr/park": "", "pa": "45", "dt": "", "img": "https://www.mlbstatic.com/team-logos/138.svg", "team": "stl", "start": "", "in": "6", "result": "Walk", "evo": "", "la": "", "dist": ""}, {"player": "cody bellinger", "game": "chc @ stl", "gameIdx": 0, "hr/park": "", "pa": "44", "dt": "", "img": "https://www.mlbstatic.com/team-logos/112.svg", "team": "chc", "start": "", "in": "6", "result": "Pop Out", "evo": "91.5", "la": "76", "dist": "62"}, {"player": "seiya suzuki", "game": "chc @ stl", "gameIdx": 0, "hr/park": "0/30", "pa": "43", "dt": "", "img": "https://www.mlbstatic.com/team-logos/112.svg", "team": "chc", "start": "", "in": "6", "result": "Flyout", "evo": "87.5", "la": "35", "dist": "304"}, {"player": "mike tauchman", "game": "chc @ stl", "gameIdx": 0, "hr/park": "", "pa": "42", "dt": "", "img": "https://www.mlbstatic.com/team-logos/112.svg", "team": "chc", "start": "", "in": "6", "result": "Groundout", "evo": "70.5", "la": "-3", "dist": "28"}, {"player": "matt carpenter", "game": "chc @ stl", "gameIdx": 0, "hr/park": "", "pa": "41", "dt": "", "img": "https://www.mlbstatic.com/team-logos/138.svg", "team": "stl", "start": "", "in": "5", "result": "Groundout", "evo": "72.2", "la": "-8", "dist": "12"}, {"player": "nolan arenado", "game": "chc @ stl", "gameIdx": 0, "hr/park": "", "pa": "40", "dt": "", "img": "https://www.mlbstatic.com/team-logos/138.svg", "team": "stl", "start": "", "in": "5", "result": "Pop Out", "evo": "84.7", "la": "76", "dist": "65"}, {"player": "paul goldschmidt", "game": "chc @ stl", "gameIdx": 0, "hr/park": "30/30", "pa": "39", "dt": "", "img": "https://www.mlbstatic.com/team-logos/138.svg", "team": "stl", "start": "", "in": "5", "result": "Home Run", "evo": "104.3", "la": "28", "dist": "399"}, {"player": "alec burleson", "game": "chc @ stl", "gameIdx": 0, "hr/park": "", "pa": "38", "dt": "", "img": "https://www.mlbstatic.com/team-logos/138.svg", "team": "stl", "start": "", "in": "5", "result": "Pop Out", "evo": "94.9", "la": "73", "dist": "102"}, {"player": "brendan donovan", "game": "chc @ stl", "gameIdx": 0, "hr/park": "", "pa": "37", "dt": "", "img": "https://www.mlbstatic.com/team-logos/138.svg", "team": "stl", "start": "", "in": "5", "result": "Walk", "evo": "", "la": "", "dist": ""}, {"player": "yan gomes", "game": "chc @ stl", "gameIdx": 0, "hr/park": "", "pa": "36", "dt": "", "img": "https://www.mlbstatic.com/team-logos/112.svg", "team": "chc", "start": "", "in": "5", "result": "Strikeout", "evo": "", "la": "", "dist": ""}, {"player": "patrick wisdom", "game": "chc @ stl", "gameIdx": 0, "hr/park": "", "pa": "35", "dt": "", "img": "https://www.mlbstatic.com/team-logos/112.svg", "team": "chc", "start": "", "in": "5", "result": "Strikeout", "evo": "", "la": "", "dist": ""}, {"player": "dansby swanson", "game": "chc @ stl", "gameIdx": 0, "hr/park": "", "pa": "34", "dt": "", "img": "https://www.mlbstatic.com/team-logos/112.svg", "team": "chc", "start": "", "in": "5", "result": "Groundout", "evo": "101.2", "la": "7", "dist": "105"}, {"player": "michael siani", "game": "chc @ stl", "gameIdx": 0, "hr/park": "", "pa": "33", "dt": "", "img": "https://www.mlbstatic.com/team-logos/138.svg", "team": "stl", "start": "", "in": "4", "result": "Strikeout", "evo": "", "la": "", "dist": ""}, {"player": "masyn winn", "game": "chc @ stl", "gameIdx": 0, "hr/park": "", "pa": "32", "dt": "", "img": "https://www.mlbstatic.com/team-logos/138.svg", "team": "stl", "start": "", "in": "4", "result": "Single", "evo": "77.6", "la": "24", "dist": "256"}, {"player": "ivan herrera", "game": "chc @ stl", "gameIdx": 0, "hr/park": "", "pa": "31", "dt": "", "img": "https://www.mlbstatic.com/team-logos/138.svg", "team": "stl", "start": "", "in": "4", "result": "Flyout", "evo": "86.0", "la": "32", "dist": "296"}, {"player": "nolan gorman", "game": "chc @ stl", "gameIdx": 0, "hr/park": "", "pa": "30", "dt": "", "img": "https://www.mlbstatic.com/team-logos/138.svg", "team": "stl", "start": "", "in": "4", "result": "Groundout", "evo": "77.7", "la": "-17", "dist": "9"}, {"player": "ian happ", "game": "chc @ stl", "gameIdx": 0, "hr/park": "", "pa": "29", "dt": "", "img": "https://www.mlbstatic.com/team-logos/112.svg", "team": "chc", "start": "", "in": "4", "result": "Strikeout", "evo": "", "la": "", "dist": ""}, {"player": "nico hoerner", "game": "chc @ stl", "gameIdx": 0, "hr/park": "", "pa": "28", "dt": "", "img": "https://www.mlbstatic.com/team-logos/112.svg", "team": "chc", "start": "", "in": "4", "result": "Walk", "evo": "", "la": "", "dist": ""}, {"player": "christopher morel", "game": "chc @ stl", "gameIdx": 0, "hr/park": "", "pa": "27", "dt": "", "img": "https://www.mlbstatic.com/team-logos/112.svg", "team": "chc", "start": "", "in": "4", "result": "Strikeout", "evo": "", "la": "", "dist": ""}, {"player": "cody bellinger", "game": "chc @ stl", "gameIdx": 0, "hr/park": "", "pa": "26", "dt": "", "img": "https://www.mlbstatic.com/team-logos/112.svg", "team": "chc", "start": "", "in": "4", "result": "Single", "evo": "85.3", "la": "6", "dist": "92"}, {"player": "matt carpenter", "game": "chc @ stl", "gameIdx": 0, "hr/park": "", "pa": "25", "dt": "", "img": "https://www.mlbstatic.com/team-logos/138.svg", "team": "stl", "start": "", "in": "3", "result": "Strikeout", "evo": "", "la": "", "dist": ""}, {"player": "nolan arenado", "game": "chc @ stl", "gameIdx": 0, "hr/park": "", "pa": "24", "dt": "", "img": "https://www.mlbstatic.com/team-logos/138.svg", "team": "stl", "start": "", "in": "3", "result": "Strikeout", "evo": "", "la": "", "dist": ""}, {"player": "paul goldschmidt", "game": "chc @ stl", "gameIdx": 0, "hr/park": "30/30", "pa": "23", "dt": "", "img": "https://www.mlbstatic.com/team-logos/138.svg", "team": "stl", "start": "", "in": "3", "result": "Home Run", "evo": "110.0", "la": "27", "dist": "424"}, {"player": "alec burleson", "game": "chc @ stl", "gameIdx": 0, "hr/park": "", "pa": "22", "dt": "", "img": "https://www.mlbstatic.com/team-logos/138.svg", "team": "stl", "start": "", "in": "3", "result": "Single", "evo": "91.7", "la": "11", "dist": "160"}, {"player": "brendan donovan", "game": "chc @ stl", "gameIdx": 0, "hr/park": "", "pa": "21", "dt": "", "img": "https://www.mlbstatic.com/team-logos/138.svg", "team": "stl", "start": "", "in": "3", "result": "Strikeout", "evo": "", "la": "", "dist": ""}, {"player": "seiya suzuki", "game": "chc @ stl", "gameIdx": 0, "hr/park": "0/30", "pa": "20", "dt": "", "img": "https://www.mlbstatic.com/team-logos/112.svg", "team": "chc", "start": "", "in": "3", "result": "Flyout", "evo": "95.6", "la": "25", "dist": "360"}, {"player": "mike tauchman", "game": "chc @ stl", "gameIdx": 0, "hr/park": "", "pa": "19", "dt": "", "img": "https://www.mlbstatic.com/team-logos/112.svg", "team": "chc", "start": "", "in": "3", "result": "Groundout", "evo": "55.3", "la": "-40", "dist": "4"}, {"player": "yan gomes", "game": "chc @ stl", "gameIdx": 0, "hr/park": "", "pa": "18", "dt": "", "img": "https://www.mlbstatic.com/team-logos/112.svg", "team": "chc", "start": "", "in": "3", "result": "Strikeout", "evo": "", "la": "", "dist": ""}, {"player": "michael siani", "game": "chc @ stl", "gameIdx": 0, "hr/park": "", "pa": "17", "dt": "", "img": "https://www.mlbstatic.com/team-logos/138.svg", "team": "stl", "start": "", "in": "2", "result": "Strikeout", "evo": "", "la": "", "dist": ""}, {"player": "masyn winn", "game": "chc @ stl", "gameIdx": 0, "hr/park": "", "pa": "16", "dt": "", "img": "https://www.mlbstatic.com/team-logos/138.svg", "team": "stl", "start": "", "in": "2", "result": "Walk", "evo": "", "la": "", "dist": ""}, {"player": "ivan herrera", "game": "chc @ stl", "gameIdx": 0, "hr/park": "", "pa": "15", "dt": "", "img": "https://www.mlbstatic.com/team-logos/138.svg", "team": "stl", "start": "", "in": "2", "result": "Strikeout", "evo": "", "la": "", "dist": ""}, {"player": "nolan gorman", "game": "chc @ stl", "gameIdx": 0, "hr/park": "", "pa": "14", "dt": "", "img": "https://www.mlbstatic.com/team-logos/138.svg", "team": "stl", "start": "", "in": "2", "result": "Strikeout", "evo": "", "la": "", "dist": ""}, {"player": "matt carpenter", "game": "chc @ stl", "gameIdx": 0, "hr/park": "", "pa": "13", "dt": "", "img": "https://www.mlbstatic.com/team-logos/138.svg", "team": "stl", "start": "", "in": "2", "result": "Walk", "evo": "", "la": "", "dist": ""}, {"player": "patrick wisdom", "game": "chc @ stl", "gameIdx": 0, "hr/park": "", "pa": "12", "dt": "", "img": "https://www.mlbstatic.com/team-logos/112.svg", "team": "chc", "start": "", "in": "2", "result": "Strikeout", "evo": "", "la": "", "dist": ""}, {"player": "dansby swanson", "game": "chc @ stl", "gameIdx": 0, "hr/park": "", "pa": "11", "dt": "", "img": "https://www.mlbstatic.com/team-logos/112.svg", "team": "chc", "start": "", "in": "2", "result": "Strikeout", "evo": "", "la": "", "dist": ""}, {"player": "ian happ", "game": "chc @ stl", "gameIdx": 0, "hr/park": "", "pa": "10", "dt": "", "img": "https://www.mlbstatic.com/team-logos/112.svg", "team": "chc", "start": "", "in": "2", "result": "Walk", "evo": "", "la": "", "dist": ""}, {"player": "nico hoerner", "game": "chc @ stl", "gameIdx": 0, "hr/park": "", "pa": "9", "dt": "", "img": "https://www.mlbstatic.com/team-logos/112.svg", "team": "chc", "start": "", "in": "2", "result": "Field Error", "evo": "100.8", "la": "-11", "dist": "11"}, {"player": "christopher morel", "game": "chc @ stl", "gameIdx": 0, "hr/park": "", "pa": "8", "dt": "", "img": "https://www.mlbstatic.com/team-logos/112.svg", "team": "chc", "start": "", "in": "2", "result": "Strikeout", "evo": "", "la": "", "dist": ""}, {"player": "nolan arenado", "game": "chc @ stl", "gameIdx": 0, "hr/park": "", "pa": "7", "dt": "", "img": "https://www.mlbstatic.com/team-logos/138.svg", "team": "stl", "start": "", "in": "1", "result": "Forceout", "evo": "98.4", "la": "3", "dist": "78"}, {"player": "paul goldschmidt", "game": "chc @ stl", "gameIdx": 0, "hr/park": "", "pa": "6", "dt": "", "img": "https://www.mlbstatic.com/team-logos/138.svg", "team": "stl", "start": "", "in": "1", "result": "Strikeout", "evo": "", "la": "", "dist": ""}, {"player": "alec burleson", "game": "chc @ stl", "gameIdx": 0, "hr/park": "", "pa": "5", "dt": "", "img": "https://www.mlbstatic.com/team-logos/138.svg", "team": "stl", "start": "", "in": "1", "result": "Single", "evo": "103.6", "la": "1", "dist": "72"}, {"player": "brendan donovan", "game": "chc @ stl", "gameIdx": 0, "hr/park": "", "pa": "4", "dt": "", "img": "https://www.mlbstatic.com/team-logos/138.svg", "team": "stl", "start": "", "in": "1", "result": "Groundout", "evo": "105.7", "la": "-5", "dist": "23"}, {"player": "cody bellinger", "game": "chc @ stl", "gameIdx": 0, "hr/park": "", "pa": "3", "dt": "", "img": "https://www.mlbstatic.com/team-logos/112.svg", "team": "chc", "start": "", "in": "1", "result": "Pop Out", "evo": "63.8", "la": "71", "dist": "83"}, {"player": "seiya suzuki", "game": "chc @ stl", "gameIdx": 0, "hr/park": "", "pa": "2", "dt": "", "img": "https://www.mlbstatic.com/team-logos/112.svg", "team": "chc", "start": "", "in": "1", "result": "Groundout", "evo": "79.8", "la": "-5", "dist": "19"}, {"player": "mike tauchman", "game": "chc @ stl", "gameIdx": 0, "hr/park": "0/30", "pa": "1", "dt": "", "img": "https://www.mlbstatic.com/team-logos/112.svg", "team": "chc", "start": "", "in": "1", "result": "Flyout", "evo": "93.5", "la": "33", "dist": "339"}]}