{"all": {"pitchers": "7", "batters": "20", "pitches": "270", "max velomax pitch velocity": "101.2", "min velomin pitch velocity": "70.4", "ff%fourseam fastball %": "41.5", "si%sinker %": "4.1", "fc%cutter %": "18.1", "fs%splitter %": "0.7", "ch%changeup %": "10.7", "sl%slider %": "18.1", "cu%curve %": "6.7", "max evmax exit velocity": "109.6", "hhhard hit": "22", "hh%hard hit %": "42.3", "brlbarrels": "4", "brl%barrel %": "7.7", "ab": "67", "avg": ".269", "h": "18", "1b": "13", "2b": "3", "3b": "0", "hr": "2", "so": "15", "bipballs in play": "52", "liveGames": 0, "totGames": 15}, "stl @ chc": [], "nyy @ bos": [], "mia @ wsh": [], "phi @ bal": [], "cle @ tor": [], "sd @ nym": [], "tb @ atl": [], "det @ hou": [], "ath @ min": [], "cin @ mil": [], "pit @ col": [], "chw @ ari": [{"player": "korey lee", "game": "chw @ ari", "gameIdx": 0, "hr/park": "", "pa": "71", "dt": "", "img": "https://www.mlbstatic.com/team-logos/145.svg", "team": "chw", "start": "", "in": "9", "result": "Flyout", "evo": "78.6", "la": "33", "dist": "255"}, {"player": "corey julks", "game": "chw @ ari", "gameIdx": 0, "hr/park": "", "pa": "70", "dt": "", "img": "https://www.mlbstatic.com/team-logos/145.svg", "team": "chw", "start": "", "in": "9", "result": "Strikeout", "evo": "", "la": "", "dist": ""}, {"player": "paul dejong", "game": "chw @ ari", "gameIdx": 0, "hr/park": "", "pa": "69", "dt": "", "img": "https://www.mlbstatic.com/team-logos/145.svg", "team": "chw", "start": "", "in": "9", "result": "Single", "evo": "109.6", "la": "11", "dist": "214"}, {"player": "danny mendick", "game": "chw @ ari", "gameIdx": 0, "hr/park": "", "pa": "68", "dt": "", "img": "https://www.mlbstatic.com/team-logos/145.svg", "team": "chw", "start": "", "in": "9", "result": "Groundout", "evo": "59.0", "la": "-36", "dist": "6"}, {"player": "geraldo perdomo", "game": "chw @ ari", "gameIdx": 0, "hr/park": "", "pa": "67", "dt": "", "img": "https://www.mlbstatic.com/team-logos/109.svg", "team": "ari", "start": "", "in": "8", "result": "Groundout", "evo": "91.6", "la": "-11", "dist": "11"}, {"player": "tucker barnhart", "game": "chw @ ari", "gameIdx": 0, "hr/park": "", "pa": "66", "dt": "", "img": "https://www.mlbstatic.com/team-logos/109.svg", "team": "ari", "start": "", "in": "8", "result": "Groundout", "evo": "98.6", "la": "6", "dist": "119"}, {"player": "eugenio suarez", "game": "chw @ ari", "gameIdx": 0, "hr/park": "0/30", "pa": "65", "dt": "", "img": "https://www.mlbstatic.com/team-logos/109.svg", "team": "ari", "start": "", "in": "8", "result": "Lineout", "evo": "95.5", "la": "23", "dist": "347"}, {"player": "andrew vaughn", "game": "chw @ ari", "gameIdx": 0, "hr/park": "", "pa": "64", "dt": "", "img": "https://www.mlbstatic.com/team-logos/145.svg", "team": "chw", "start": "", "in": "8", "result": "Flyout", "evo": "90.0", "la": "55", "dist": "221"}, {"player": "luis robert", "game": "chw @ ari", "gameIdx": 0, "hr/park": "", "pa": "63", "dt": "", "img": "https://www.mlbstatic.com/team-logos/145.svg", "team": "chw", "start": "", "in": "8", "result": "Flyout", "evo": "77.2", "la": "46", "dist": "236"}, {"player": "gavin sheets", "game": "chw @ ari", "gameIdx": 0, "hr/park": "", "pa": "62", "dt": "", "img": "https://www.mlbstatic.com/team-logos/145.svg", "team": "chw", "start": "", "in": "8", "result": "Groundout", "evo": "91.8", "la": "-28", "dist": "4"}, {"player": "randal grichuk", "game": "chw @ ari", "gameIdx": 0, "hr/park": "", "pa": "61", "dt": "", "img": "https://www.mlbstatic.com/team-logos/109.svg", "team": "ari", "start": "", "in": "7", "result": "Groundout", "evo": "100.4", "la": "-21", "dist": "9"}, {"player": "lourdes gurriel", "game": "chw @ ari", "gameIdx": 0, "hr/park": "", "pa": "60", "dt": "", "img": "https://www.mlbstatic.com/team-logos/109.svg", "team": "ari", "start": "", "in": "7", "result": "Strikeout", "evo": "", "la": "", "dist": ""}, {"player": "christian walker", "game": "chw @ ari", "gameIdx": 0, "hr/park": "", "pa": "59", "dt": "", "img": "https://www.mlbstatic.com/team-logos/109.svg", "team": "ari", "start": "", "in": "7", "result": "Strikeout", "evo": "", "la": "", "dist": ""}, {"player": "joc pederson", "game": "chw @ ari", "gameIdx": 0, "hr/park": "30/30", "pa": "58", "dt": "", "img": "https://www.mlbstatic.com/team-logos/109.svg", "team": "ari", "start": "", "in": "7", "result": "Home Run", "evo": "106.5", "la": "35", "dist": "425"}, {"player": "tommy pham", "game": "chw @ ari", "gameIdx": 0, "hr/park": "", "pa": "57", "dt": "", "img": "https://www.mlbstatic.com/team-logos/145.svg", "team": "chw", "start": "", "in": "7", "result": "Groundout", "evo": "97.0", "la": "-3", "dist": "29"}, {"player": "lenyn sosa", "game": "chw @ ari", "gameIdx": 0, "hr/park": "", "pa": "56", "dt": "", "img": "https://www.mlbstatic.com/team-logos/145.svg", "team": "chw", "start": "", "in": "7", "result": "Groundout", "evo": "84.1", "la": "1", "dist": "54"}, {"player": "korey lee", "game": "chw @ ari", "gameIdx": 0, "hr/park": "", "pa": "55", "dt": "", "img": "https://www.mlbstatic.com/team-logos/145.svg", "team": "chw", "start": "", "in": "7", "result": "Groundout", "evo": "54.2", "la": "-60", "dist": "4"}, {"player": "nicky lopez", "game": "chw @ ari", "gameIdx": 0, "hr/park": "", "pa": "54", "dt": "", "img": "https://www.mlbstatic.com/team-logos/145.svg", "team": "chw", "start": "", "in": "7", "result": "Single", "evo": "71.9", "la": "10", "dist": "113"}, {"player": "ketel marte", "game": "chw @ ari", "gameIdx": 0, "hr/park": "0/30", "pa": "53", "dt": "", "img": "https://www.mlbstatic.com/team-logos/109.svg", "team": "ari", "start": "", "in": "6", "result": "Flyout", "evo": "87.6", "la": "31", "dist": "338"}, {"player": "corbin carroll", "game": "chw @ ari", "gameIdx": 0, "hr/park": "", "pa": "52", "dt": "", "img": "https://www.mlbstatic.com/team-logos/109.svg", "team": "ari", "start": "", "in": "6", "result": "Strikeout", "evo": "", "la": "", "dist": ""}, {"player": "geraldo perdomo", "game": "chw @ ari", "gameIdx": 0, "hr/park": "", "pa": "51", "dt": "", "img": "https://www.mlbstatic.com/team-logos/109.svg", "team": "ari", "start": "", "in": "6", "result": "Flyout", "evo": "81.9", "la": "52", "dist": "243"}, {"player": "paul dejong", "game": "chw @ ari", "gameIdx": 0, "hr/park": "", "pa": "50", "dt": "", "img": "https://www.mlbstatic.com/team-logos/145.svg", "team": "chw", "start": "", "in": "6", "result": "Strikeout", "evo": "", "la": "", "dist": ""}, {"player": "andrew benintendi", "game": "chw @ ari", "gameIdx": 0, "hr/park": "", "pa": "49", "dt": "", "img": "https://www.mlbstatic.com/team-logos/145.svg", "team": "chw", "start": "", "in": "6", "result": "Single", "evo": "101.4", "la": "-7", "dist": "22"}, {"player": "andrew vaughn", "game": "chw @ ari", "gameIdx": 0, "hr/park": "", "pa": "48", "dt": "", "img": "https://www.mlbstatic.com/team-logos/145.svg", "team": "chw", "start": "", "in": "6", "result": "Flyout", "evo": "88.0", "la": "47", "dist": "274"}, {"player": "luis robert", "game": "chw @ ari", "gameIdx": 0, "hr/park": "", "pa": "47", "dt": "", "img": "https://www.mlbstatic.com/team-logos/145.svg", "team": "chw", "start": "", "in": "6", "result": "Groundout", "evo": "92.9", "la": "-16", "dist": "7"}, {"player": "tucker barnhart", "game": "chw @ ari", "gameIdx": 0, "hr/park": "", "pa": "46", "dt": "", "img": "https://www.mlbstatic.com/team-logos/109.svg", "team": "ari", "start": "", "in": "5", "result": "Pop Out", "evo": "67.3", "la": "47", "dist": "207"}, {"player": "eugenio suarez", "game": "chw @ ari", "gameIdx": 0, "hr/park": "", "pa": "45", "dt": "", "img": "https://www.mlbstatic.com/team-logos/109.svg", "team": "ari", "start": "", "in": "5", "result": "Walk", "evo": "", "la": "", "dist": ""}, {"player": "randal grichuk", "game": "chw @ ari", "gameIdx": 0, "hr/park": "", "pa": "44", "dt": "", "img": "https://www.mlbstatic.com/team-logos/109.svg", "team": "ari", "start": "", "in": "5", "result": "Groundout", "evo": "89.0", "la": "6", "dist": "115"}, {"player": "lourdes gurriel", "game": "chw @ ari", "gameIdx": 0, "hr/park": "", "pa": "43", "dt": "", "img": "https://www.mlbstatic.com/team-logos/109.svg", "team": "ari", "start": "", "in": "5", "result": "Strikeout", "evo": "", "la": "", "dist": ""}, {"player": "gavin sheets", "game": "chw @ ari", "gameIdx": 0, "hr/park": "", "pa": "42", "dt": "", "img": "https://www.mlbstatic.com/team-logos/145.svg", "team": "chw", "start": "", "in": "5", "result": "Groundout", "evo": "81.4", "la": "-8", "dist": "16"}, {"player": "tommy pham", "game": "chw @ ari", "gameIdx": 0, "hr/park": "", "pa": "41", "dt": "", "img": "https://www.mlbstatic.com/team-logos/145.svg", "team": "chw", "start": "", "in": "5", "result": "Strikeout", "evo": "", "la": "", "dist": ""}, {"player": "lenyn sosa", "game": "chw @ ari", "gameIdx": 0, "hr/park": "13/30", "pa": "40", "dt": "", "img": "https://www.mlbstatic.com/team-logos/145.svg", "team": "chw", "start": "", "in": "5", "result": "Double", "evo": "99.2", "la": "28", "dist": "377"}, {"player": "korey lee", "game": "chw @ ari", "gameIdx": 0, "hr/park": "0/30", "pa": "39", "dt": "", "img": "https://www.mlbstatic.com/team-logos/145.svg", "team": "chw", "start": "", "in": "5", "result": "Lineout", "evo": "101.8", "la": "20", "dist": "350"}, {"player": "christian walker", "game": "chw @ ari", "gameIdx": 0, "hr/park": "", "pa": "38", "dt": "", "img": "https://www.mlbstatic.com/team-logos/109.svg", "team": "ari", "start": "", "in": "4", "result": "Groundout", "evo": "29.2", "la": "-19", "dist": "8"}, {"player": "joc pederson", "game": "chw @ ari", "gameIdx": 0, "hr/park": "", "pa": "37", "dt": "", "img": "https://www.mlbstatic.com/team-logos/109.svg", "team": "ari", "start": "", "in": "4", "result": "Groundout", "evo": "59.8", "la": "-42", "dist": "4"}, {"player": "ketel marte", "game": "chw @ ari", "gameIdx": 0, "hr/park": "", "pa": "36", "dt": "", "img": "https://www.mlbstatic.com/team-logos/109.svg", "team": "ari", "start": "", "in": "4", "result": "Walk", "evo": "", "la": "", "dist": ""}, {"player": "corbin carroll", "game": "chw @ ari", "gameIdx": 0, "hr/park": "", "pa": "35", "dt": "", "img": "https://www.mlbstatic.com/team-logos/109.svg", "team": "ari", "start": "", "in": "4", "result": "Single", "evo": "96.6", "la": "-23", "dist": "7"}, {"player": "geraldo perdomo", "game": "chw @ ari", "gameIdx": 0, "hr/park": "", "pa": "34", "dt": "", "img": "https://www.mlbstatic.com/team-logos/109.svg", "team": "ari", "start": "", "in": "4", "result": "Single", "evo": "93.9", "la": "14", "dist": "271"}, {"player": "tucker barnhart", "game": "chw @ ari", "gameIdx": 0, "hr/park": "", "pa": "33", "dt": "", "img": "https://www.mlbstatic.com/team-logos/109.svg", "team": "ari", "start": "", "in": "4", "result": "Single", "evo": "91.2", "la": "10", "dist": "174"}, {"player": "eugenio suarez", "game": "chw @ ari", "gameIdx": 0, "hr/park": "27/30", "pa": "32", "dt": "", "img": "https://www.mlbstatic.com/team-logos/109.svg", "team": "ari", "start": "", "in": "4", "result": "Home Run", "evo": "97.6", "la": "32", "dist": "395"}, {"player": "nicky lopez", "game": "chw @ ari", "gameIdx": 0, "hr/park": "", "pa": "31", "dt": "", "img": "https://www.mlbstatic.com/team-logos/145.svg", "team": "chw", "start": "", "in": "4", "result": "Strikeout", "evo": "", "la": "", "dist": ""}, {"player": "paul dejong", "game": "chw @ ari", "gameIdx": 0, "hr/park": "", "pa": "30", "dt": "", "img": "https://www.mlbstatic.com/team-logos/145.svg", "team": "chw", "start": "", "in": "4", "result": "Groundout", "evo": "79.1", "la": "-1", "dist": "33"}, {"player": "andrew benintendi", "game": "chw @ ari", "gameIdx": 0, "hr/park": "", "pa": "29", "dt": "", "img": "https://www.mlbstatic.com/team-logos/145.svg", "team": "chw", "start": "", "in": "4", "result": "Double", "evo": "105.6", "la": "14", "dist": "252"}, {"player": "andrew vaughn", "game": "chw @ ari", "gameIdx": 0, "hr/park": "", "pa": "28", "dt": "", "img": "https://www.mlbstatic.com/team-logos/145.svg", "team": "chw", "start": "", "in": "4", "result": "Strikeout", "evo": "", "la": "", "dist": ""}, {"player": "randal grichuk", "game": "chw @ ari", "gameIdx": 0, "hr/park": "2/30", "pa": "27", "dt": "", "img": "https://www.mlbstatic.com/team-logos/109.svg", "team": "ari", "start": "", "in": "3", "result": "Flyout", "evo": "98.2", "la": "24", "dist": "342"}, {"player": "lourdes gurriel", "game": "chw @ ari", "gameIdx": 0, "hr/park": "", "pa": "26", "dt": "", "img": "https://www.mlbstatic.com/team-logos/109.svg", "team": "ari", "start": "", "in": "3", "result": "Single", "evo": "89.8", "la": "-4", "dist": "22"}, {"player": "christian walker", "game": "chw @ ari", "gameIdx": 0, "hr/park": "", "pa": "25", "dt": "", "img": "https://www.mlbstatic.com/team-logos/109.svg", "team": "ari", "start": "", "in": "3", "result": "Strikeout", "evo": "", "la": "", "dist": ""}, {"player": "joc pederson", "game": "chw @ ari", "gameIdx": 0, "hr/park": "", "pa": "24", "dt": "", "img": "https://www.mlbstatic.com/team-logos/109.svg", "team": "ari", "start": "", "in": "3", "result": "Single", "evo": "94.2", "la": "15", "dist": "230"}, {"player": "ketel marte", "game": "chw @ ari", "gameIdx": 0, "hr/park": "", "pa": "23", "dt": "", "img": "https://www.mlbstatic.com/team-logos/109.svg", "team": "ari", "start": "", "in": "3", "result": "Strikeout", "evo": "", "la": "", "dist": ""}, {"player": "luis robert", "game": "chw @ ari", "gameIdx": 0, "hr/park": "", "pa": "22", "dt": "", "img": "https://www.mlbstatic.com/team-logos/145.svg", "team": "chw", "start": "", "in": "3", "result": "Strikeout", "evo": "", "la": "", "dist": ""}, {"player": "gavin sheets", "game": "chw @ ari", "gameIdx": 0, "hr/park": "", "pa": "21", "dt": "", "img": "https://www.mlbstatic.com/team-logos/145.svg", "team": "chw", "start": "", "in": "3", "result": "Strikeout", "evo": "", "la": "", "dist": ""}, {"player": "tommy pham", "game": "chw @ ari", "gameIdx": 0, "hr/park": "", "pa": "20", "dt": "", "img": "https://www.mlbstatic.com/team-logos/145.svg", "team": "chw", "start": "", "in": "3", "result": "Pop Out", "evo": "74.3", "la": "72", "dist": "81"}, {"player": "corbin carroll", "game": "chw @ ari", "gameIdx": 0, "hr/park": "", "pa": "19", "dt": "", "img": "https://www.mlbstatic.com/team-logos/109.svg", "team": "ari", "start": "", "in": "2", "result": "Flyout", "evo": "92.3", "la": "46", "dist": "298"}, {"player": "geraldo perdomo", "game": "chw @ ari", "gameIdx": 0, "hr/park": "", "pa": "18", "dt": "", "img": "https://www.mlbstatic.com/team-logos/109.svg", "team": "ari", "start": "", "in": "2", "result": "Pop Out", "evo": "51.6", "la": "61", "dist": "108"}, {"player": "tucker barnhart", "game": "chw @ ari", "gameIdx": 0, "hr/park": "", "pa": "17", "dt": "", "img": "https://www.mlbstatic.com/team-logos/109.svg", "team": "ari", "start": "", "in": "2", "result": "Single", "evo": "93.1", "la": "-4", "dist": "24"}, {"player": "eugenio suarez", "game": "chw @ ari", "gameIdx": 0, "hr/park": "", "pa": "16", "dt": "", "img": "https://www.mlbstatic.com/team-logos/109.svg", "team": "ari", "start": "", "in": "2", "result": "Walk", "evo": "", "la": "", "dist": ""}, {"player": "randal grichuk", "game": "chw @ ari", "gameIdx": 0, "hr/park": "", "pa": "15", "dt": "", "img": "https://www.mlbstatic.com/team-logos/109.svg", "team": "ari", "start": "", "in": "2", "result": "Double", "evo": "108.8", "la": "9", "dist": "202"}, {"player": "lourdes gurriel", "game": "chw @ ari", "gameIdx": 0, "hr/park": "", "pa": "14", "dt": "", "img": "https://www.mlbstatic.com/team-logos/109.svg", "team": "ari", "start": "", "in": "2", "result": "Single", "evo": "103.1", "la": "7", "dist": "159"}, {"player": "christian walker", "game": "chw @ ari", "gameIdx": 0, "hr/park": "", "pa": "13", "dt": "", "img": "https://www.mlbstatic.com/team-logos/109.svg", "team": "ari", "start": "", "in": "2", "result": "Lineout", "evo": "79.6", "la": "14", "dist": "177"}, {"player": "lenyn sosa", "game": "chw @ ari", "gameIdx": 0, "hr/park": "", "pa": "12", "dt": "", "img": "https://www.mlbstatic.com/team-logos/145.svg", "team": "chw", "start": "", "in": "2", "result": "Groundout", "evo": "98.3", "la": "-18", "dist": "9"}, {"player": "korey lee", "game": "chw @ ari", "gameIdx": 0, "hr/park": "", "pa": "11", "dt": "", "img": "https://www.mlbstatic.com/team-logos/145.svg", "team": "chw", "start": "", "in": "2", "result": "Strikeout", "evo": "", "la": "", "dist": ""}, {"player": "nicky lopez", "game": "chw @ ari", "gameIdx": 0, "hr/park": "", "pa": "10", "dt": "", "img": "https://www.mlbstatic.com/team-logos/145.svg", "team": "chw", "start": "", "in": "2", "result": "Single", "evo": "72.0", "la": "21", "dist": "184"}, {"player": "paul dejong", "game": "chw @ ari", "gameIdx": 0, "hr/park": "", "pa": "9", "dt": "", "img": "https://www.mlbstatic.com/team-logos/145.svg", "team": "chw", "start": "", "in": "2", "result": "Single", "evo": "106.0", "la": "10", "dist": "191"}, {"player": "andrew benintendi", "game": "chw @ ari", "gameIdx": 0, "hr/park": "", "pa": "8", "dt": "", "img": "https://www.mlbstatic.com/team-logos/145.svg", "team": "chw", "start": "", "in": "2", "result": "Walk", "evo": "", "la": "", "dist": ""}, {"player": "andrew vaughn", "game": "chw @ ari", "gameIdx": 0, "hr/park": "0/30", "pa": "7", "dt": "", "img": "https://www.mlbstatic.com/team-logos/145.svg", "team": "chw", "start": "", "in": "2", "result": "Flyout", "evo": "103.1", "la": "36", "dist": "387"}, {"player": "joc pederson", "game": "chw @ ari", "gameIdx": 0, "hr/park": "8/30", "pa": "6", "dt": "", "img": "https://www.mlbstatic.com/team-logos/109.svg", "team": "ari", "start": "", "in": "1", "result": "Flyout", "evo": "98.6", "la": "28", "dist": "397"}, {"player": "ketel marte", "game": "chw @ ari", "gameIdx": 0, "hr/park": "14/30", "pa": "5", "dt": "", "img": "https://www.mlbstatic.com/team-logos/109.svg", "team": "ari", "start": "", "in": "1", "result": "Flyout", "evo": "98.8", "la": "35", "dist": "365"}, {"player": "corbin carroll", "game": "chw @ ari", "gameIdx": 0, "hr/park": "", "pa": "4", "dt": "", "img": "https://www.mlbstatic.com/team-logos/109.svg", "team": "ari", "start": "", "in": "1", "result": "Pop Out", "evo": "67.3", "la": "73", "dist": "97"}, {"player": "luis robert", "game": "chw @ ari", "gameIdx": 0, "hr/park": "", "pa": "3", "dt": "", "img": "https://www.mlbstatic.com/team-logos/145.svg", "team": "chw", "start": "", "in": "1", "result": "Strikeout", "evo": "", "la": "", "dist": ""}, {"player": "gavin sheets", "game": "chw @ ari", "gameIdx": 0, "hr/park": "", "pa": "2", "dt": "", "img": "https://www.mlbstatic.com/team-logos/145.svg", "team": "chw", "start": "", "in": "1", "result": "GIDP", "evo": "95.7", "la": "-25", "dist": "5"}, {"player": "tommy pham", "game": "chw @ ari", "gameIdx": 0, "hr/park": "", "pa": "1", "dt": "", "img": "https://www.mlbstatic.com/team-logos/145.svg", "team": "chw", "start": "", "in": "1", "result": "Single", "evo": "102.3", "la": "8", "dist": "178"}], "kc @ lad": [], "tex @ sea": [], "laa @ sf": []}