{"all": {"pitchers": "13", "batters": "24", "pitches": "307", "max velomax pitch velocity": "100.4", "min velomin pitch velocity": "71.7", "ff%fourseam fastball %": "12.7", "si%sinker %": "36.8", "fc%cutter %": "6.8", "fs%splitter %": "3.6", "ch%changeup %": "11.7", "sl%slider %": "15.6", "cu%curve %": "12.7", "max evmax exit velocity": "110.3", "hhhard hit": "24", "hh%hard hit %": "42.9", "brlbarrels": "4", "brl%barrel %": "7.1", "ab": "67", "avg": ".149", "h": "10", "1b": "5", "2b": "2", "3b": "0", "hr": "3", "so": "14", "bipballs in play": "56", "liveGames": 0, "totGames": 15}, "bal @ det": [], "cin @ min": [], "kc @ pit": [], "nym @ phi": [], "mia @ wsh": [], "bos @ nyy": [], "stl @ tor": [], "tb @ cle": [], "ath @ chw": [], "chc @ col": [], "sd @ sf": [{"player": "patrick bailey", "game": "sd @ sf", "gameIdx": 0, "hr/park": "", "pa": "75", "dt": "", "img": "https://www.mlbstatic.com/team-logos/137.svg", "team": "sf", "start": "", "in": "10", "result": "Groundout", "evo": "80.1", "la": "-18", "dist": "7"}, {"player": "michael conforto", "game": "sd @ sf", "gameIdx": 0, "hr/park": "1/30", "pa": "74", "dt": "", "img": "https://www.mlbstatic.com/team-logos/137.svg", "team": "sf", "start": "", "in": "10", "result": "Sac Fly", "evo": "98.4", "la": "28", "dist": "357"}, {"player": "marco luciano", "game": "sd @ sf", "gameIdx": 0, "hr/park": "", "pa": "73", "dt": "", "img": "https://www.mlbstatic.com/team-logos/137.svg", "team": "sf", "start": "", "in": "10", "result": "Groundout", "evo": "105.8", "la": "4", "dist": "131"}, {"player": "brandon lockridge", "game": "sd @ sf", "gameIdx": 0, "hr/park": "", "pa": "72", "dt": "", "img": "https://www.mlbstatic.com/team-logos/135.svg", "team": "sd", "start": "", "in": "10", "result": "Flyout", "evo": "76.4", "la": "35", "dist": "265"}, {"player": "donovan solano", "game": "sd @ sf", "gameIdx": 0, "hr/park": "", "pa": "71", "dt": "", "img": "https://www.mlbstatic.com/team-logos/135.svg", "team": "sd", "start": "", "in": "10", "result": "Groundout", "evo": "75.7", "la": "-21", "dist": "8"}, {"player": "luis arraez", "game": "sd @ sf", "gameIdx": 0, "hr/park": "0/30", "pa": "70", "dt": "", "img": "https://www.mlbstatic.com/team-logos/135.svg", "team": "sd", "start": "", "in": "10", "result": "Double", "evo": "99.3", "la": "23", "dist": "330"}, {"player": "kyle higashioka", "game": "sd @ sf", "gameIdx": 0, "hr/park": "", "pa": "69", "dt": "", "img": "https://www.mlbstatic.com/team-logos/135.svg", "team": "sd", "start": "", "in": "10", "result": "Strikeout", "evo": "", "la": "", "dist": ""}, {"player": "david peralta", "game": "sd @ sf", "gameIdx": 0, "hr/park": "", "pa": "68", "dt": "", "img": "https://www.mlbstatic.com/team-logos/135.svg", "team": "sd", "start": "", "in": "10", "result": "Single", "evo": "104.5", "la": "-4", "dist": "28"}, {"player": "mike yastrzemski", "game": "sd @ sf", "gameIdx": 0, "hr/park": "0/30", "pa": "67", "dt": "", "img": "https://www.mlbstatic.com/team-logos/137.svg", "team": "sf", "start": "", "in": "9", "result": "Flyout", "evo": "96.1", "la": "40", "dist": "332"}, {"player": "jerar encarnacion", "game": "sd @ sf", "gameIdx": 0, "hr/park": "", "pa": "66", "dt": "", "img": "https://www.mlbstatic.com/team-logos/137.svg", "team": "sf", "start": "", "in": "9", "result": "Groundout", "evo": "87.7", "la": "-27", "dist": "5"}, {"player": "matt chapman", "game": "sd @ sf", "gameIdx": 0, "hr/park": "", "pa": "65", "dt": "", "img": "https://www.mlbstatic.com/team-logos/137.svg", "team": "sf", "start": "", "in": "9", "result": "Groundout", "evo": "84.8", "la": "-21", "dist": "8"}, {"player": "heliot ramos", "game": "sd @ sf", "gameIdx": 0, "hr/park": "30/30", "pa": "64", "dt": "", "img": "https://www.mlbstatic.com/team-logos/137.svg", "team": "sf", "start": "", "in": "9", "result": "Home Run", "evo": "103.8", "la": "30", "dist": "394"}, {"player": "jake cronenworth", "game": "sd @ sf", "gameIdx": 0, "hr/park": "0/30", "pa": "63", "dt": "", "img": "https://www.mlbstatic.com/team-logos/135.svg", "team": "sd", "start": "", "in": "9", "result": "Flyout", "evo": "94.8", "la": "45", "dist": "324"}, {"player": "xander bogaerts", "game": "sd @ sf", "gameIdx": 0, "hr/park": "", "pa": "62", "dt": "", "img": "https://www.mlbstatic.com/team-logos/135.svg", "team": "sd", "start": "", "in": "9", "result": "Walk", "evo": "", "la": "", "dist": ""}, {"player": "jackson merrill", "game": "sd @ sf", "gameIdx": 0, "hr/park": "", "pa": "61", "dt": "", "img": "https://www.mlbstatic.com/team-logos/135.svg", "team": "sd", "start": "", "in": "9", "result": "Groundout", "evo": "92.9", "la": "-26", "dist": "4"}, {"player": "manny machado", "game": "sd @ sf", "gameIdx": 0, "hr/park": "", "pa": "60", "dt": "", "img": "https://www.mlbstatic.com/team-logos/135.svg", "team": "sd", "start": "", "in": "9", "result": "Flyout", "evo": "89.2", "la": "61", "dist": "179"}, {"player": "lamonte wade", "game": "sd @ sf", "gameIdx": 0, "hr/park": "", "pa": "59", "dt": "", "img": "https://www.mlbstatic.com/team-logos/137.svg", "team": "sf", "start": "", "in": "8", "result": "Strikeout", "evo": "", "la": "", "dist": ""}, {"player": "donovan walton", "game": "sd @ sf", "gameIdx": 0, "hr/park": "", "pa": "58", "dt": "", "img": "https://www.mlbstatic.com/team-logos/137.svg", "team": "sf", "start": "", "in": "8", "result": "Groundout", "evo": "67.4", "la": "-9", "dist": "15"}, {"player": "patrick bailey", "game": "sd @ sf", "gameIdx": 0, "hr/park": "0/30", "pa": "57", "dt": "", "img": "https://www.mlbstatic.com/team-logos/137.svg", "team": "sf", "start": "", "in": "8", "result": "Flyout", "evo": "97.1", "la": "28", "dist": "365"}, {"player": "jurickson profar", "game": "sd @ sf", "gameIdx": 0, "hr/park": "", "pa": "56", "dt": "", "img": "https://www.mlbstatic.com/team-logos/135.svg", "team": "sd", "start": "", "in": "8", "result": "Groundout", "evo": "96.2", "la": "-15", "dist": "9"}, {"player": "donovan solano", "game": "sd @ sf", "gameIdx": 0, "hr/park": "", "pa": "55", "dt": "", "img": "https://www.mlbstatic.com/team-logos/135.svg", "team": "sd", "start": "", "in": "8", "result": "Strikeout", "evo": "", "la": "", "dist": ""}, {"player": "luis arraez", "game": "sd @ sf", "gameIdx": 0, "hr/park": "", "pa": "54", "dt": "", "img": "https://www.mlbstatic.com/team-logos/135.svg", "team": "sd", "start": "", "in": "8", "result": "Pop Out", "evo": "69.6", "la": "52", "dist": "176"}, {"player": "fernando tatis", "game": "sd @ sf", "gameIdx": 0, "hr/park": "20/30", "pa": "53", "dt": "", "img": "https://www.mlbstatic.com/team-logos/135.svg", "team": "sd", "start": "", "in": "8", "result": "Home Run", "evo": "103.4", "la": "25", "dist": "400"}, {"player": "curt casali", "game": "sd @ sf", "gameIdx": 0, "hr/park": "", "pa": "52", "dt": "", "img": "https://www.mlbstatic.com/team-logos/137.svg", "team": "sf", "start": "", "in": "7", "result": "Caught Stealing 2B", "evo": "", "la": "", "dist": ""}, {"player": "brett wisely", "game": "sd @ sf", "gameIdx": 0, "hr/park": "", "pa": "51", "dt": "", "img": "https://www.mlbstatic.com/team-logos/137.svg", "team": "sf", "start": "", "in": "7", "result": "Strikeout", "evo": "", "la": "", "dist": ""}, {"player": "marco luciano", "game": "sd @ sf", "gameIdx": 0, "hr/park": "", "pa": "50", "dt": "", "img": "https://www.mlbstatic.com/team-logos/137.svg", "team": "sf", "start": "", "in": "7", "result": "Walk", "evo": "", "la": "", "dist": ""}, {"player": "mike yastrzemski", "game": "sd @ sf", "gameIdx": 0, "hr/park": "", "pa": "49", "dt": "", "img": "https://www.mlbstatic.com/team-logos/137.svg", "team": "sf", "start": "", "in": "7", "result": "Pop Out", "evo": "88.8", "la": "62", "dist": "172"}, {"player": "david peralta", "game": "sd @ sf", "gameIdx": 0, "hr/park": "", "pa": "48", "dt": "", "img": "https://www.mlbstatic.com/team-logos/135.svg", "team": "sd", "start": "", "in": "7", "result": "Strikeout", "evo": "", "la": "", "dist": ""}, {"player": "jake cronenworth", "game": "sd @ sf", "gameIdx": 0, "hr/park": "0/30", "pa": "47", "dt": "", "img": "https://www.mlbstatic.com/team-logos/135.svg", "team": "sd", "start": "", "in": "7", "result": "Flyout", "evo": "97.4", "la": "45", "dist": "316"}, {"player": "xander bogaerts", "game": "sd @ sf", "gameIdx": 0, "hr/park": "", "pa": "46", "dt": "", "img": "https://www.mlbstatic.com/team-logos/135.svg", "team": "sd", "start": "", "in": "7", "result": "Pop Out", "evo": "82.2", "la": "86", "dist": "39"}, {"player": "jerar encarnacion", "game": "sd @ sf", "gameIdx": 0, "hr/park": "", "pa": "45", "dt": "", "img": "https://www.mlbstatic.com/team-logos/137.svg", "team": "sf", "start": "", "in": "6", "result": "Flyout", "evo": "80.3", "la": "40", "dist": "262"}, {"player": "matt chapman", "game": "sd @ sf", "gameIdx": 0, "hr/park": "", "pa": "44", "dt": "", "img": "https://www.mlbstatic.com/team-logos/137.svg", "team": "sf", "start": "", "in": "6", "result": "Double", "evo": "91.4", "la": "-7", "dist": "12"}, {"player": "heliot ramos", "game": "sd @ sf", "gameIdx": 0, "hr/park": "", "pa": "43", "dt": "", "img": "https://www.mlbstatic.com/team-logos/137.svg", "team": "sf", "start": "", "in": "6", "result": "Strikeout", "evo": "", "la": "", "dist": ""}, {"player": "mark canha", "game": "sd @ sf", "gameIdx": 0, "hr/park": "", "pa": "42", "dt": "", "img": "https://www.mlbstatic.com/team-logos/137.svg", "team": "sf", "start": "", "in": "6", "result": "Strikeout", "evo": "", "la": "", "dist": ""}, {"player": "donovan walton", "game": "sd @ sf", "gameIdx": 0, "hr/park": "21/30", "pa": "41", "dt": "", "img": "https://www.mlbstatic.com/team-logos/137.svg", "team": "sf", "start": "", "in": "6", "result": "Home Run", "evo": "101.2", "la": "26", "dist": "408"}, {"player": "jackson merrill", "game": "sd @ sf", "gameIdx": 0, "hr/park": "", "pa": "40", "dt": "", "img": "https://www.mlbstatic.com/team-logos/135.svg", "team": "sd", "start": "", "in": "6", "result": "Strikeout", "evo": "", "la": "", "dist": ""}, {"player": "manny machado", "game": "sd @ sf", "gameIdx": 0, "hr/park": "0/30", "pa": "39", "dt": "", "img": "https://www.mlbstatic.com/team-logos/135.svg", "team": "sd", "start": "", "in": "6", "result": "Sac Fly", "evo": "95.2", "la": "34", "dist": "352"}, {"player": "jurickson profar", "game": "sd @ sf", "gameIdx": 0, "hr/park": "", "pa": "38", "dt": "", "img": "https://www.mlbstatic.com/team-logos/135.svg", "team": "sd", "start": "", "in": "6", "result": "Sac Bunt", "evo": "37.9", "la": "-40", "dist": "3"}, {"player": "donovan solano", "game": "sd @ sf", "gameIdx": 0, "hr/park": "", "pa": "37", "dt": "", "img": "https://www.mlbstatic.com/team-logos/135.svg", "team": "sd", "start": "", "in": "6", "result": "Field Error", "evo": "84.3", "la": "-14", "dist": "9"}, {"player": "luis arraez", "game": "sd @ sf", "gameIdx": 0, "hr/park": "", "pa": "36", "dt": "", "img": "https://www.mlbstatic.com/team-logos/135.svg", "team": "sd", "start": "", "in": "6", "result": "Single", "evo": "75.2", "la": "20", "dist": "209"}, {"player": "curt casali", "game": "sd @ sf", "gameIdx": 0, "hr/park": "", "pa": "35", "dt": "", "img": "https://www.mlbstatic.com/team-logos/137.svg", "team": "sf", "start": "", "in": "5", "result": "Groundout", "evo": "71.6", "la": "12", "dist": "113"}, {"player": "brett wisely", "game": "sd @ sf", "gameIdx": 0, "hr/park": "", "pa": "34", "dt": "", "img": "https://www.mlbstatic.com/team-logos/137.svg", "team": "sf", "start": "", "in": "5", "result": "Pop Out", "evo": "68.3", "la": "64", "dist": "129"}, {"player": "marco luciano", "game": "sd @ sf", "gameIdx": 0, "hr/park": "", "pa": "33", "dt": "", "img": "https://www.mlbstatic.com/team-logos/137.svg", "team": "sf", "start": "", "in": "5", "result": "Strikeout", "evo": "", "la": "", "dist": ""}, {"player": "mike yastrzemski", "game": "sd @ sf", "gameIdx": 0, "hr/park": "", "pa": "32", "dt": "", "img": "https://www.mlbstatic.com/team-logos/137.svg", "team": "sf", "start": "", "in": "5", "result": "Walk", "evo": "", "la": "", "dist": ""}, {"player": "elias diaz", "game": "sd @ sf", "gameIdx": 0, "hr/park": "", "pa": "31", "dt": "", "img": "https://www.mlbstatic.com/team-logos/135.svg", "team": "sd", "start": "", "in": "5", "result": "Strikeout", "evo": "", "la": "", "dist": ""}, {"player": "david peralta", "game": "sd @ sf", "gameIdx": 0, "hr/park": "", "pa": "30", "dt": "", "img": "https://www.mlbstatic.com/team-logos/135.svg", "team": "sd", "start": "", "in": "5", "result": "Groundout", "evo": "87.6", "la": "-14", "dist": "7"}, {"player": "jake cronenworth", "game": "sd @ sf", "gameIdx": 0, "hr/park": "", "pa": "29", "dt": "", "img": "https://www.mlbstatic.com/team-logos/135.svg", "team": "sd", "start": "", "in": "5", "result": "Walk", "evo": "", "la": "", "dist": ""}, {"player": "xander bogaerts", "game": "sd @ sf", "gameIdx": 0, "hr/park": "", "pa": "28", "dt": "", "img": "https://www.mlbstatic.com/team-logos/135.svg", "team": "sd", "start": "", "in": "5", "result": "Groundout", "evo": "102.5", "la": "-29", "dist": "6"}, {"player": "jerar encarnacion", "game": "sd @ sf", "gameIdx": 0, "hr/park": "", "pa": "27", "dt": "", "img": "https://www.mlbstatic.com/team-logos/137.svg", "team": "sf", "start": "", "in": "4", "result": "Groundout", "evo": "69.9", "la": "-20", "dist": "9"}, {"player": "matt chapman", "game": "sd @ sf", "gameIdx": 0, "hr/park": "0/30", "pa": "26", "dt": "", "img": "https://www.mlbstatic.com/team-logos/137.svg", "team": "sf", "start": "", "in": "4", "result": "Lineout", "evo": "105.8", "la": "14", "dist": "318"}, {"player": "heliot ramos", "game": "sd @ sf", "gameIdx": 0, "hr/park": "", "pa": "25", "dt": "", "img": "https://www.mlbstatic.com/team-logos/137.svg", "team": "sf", "start": "", "in": "4", "result": "Pop Out", "evo": "57.2", "la": "65", "dist": "112"}, {"player": "mark canha", "game": "sd @ sf", "gameIdx": 0, "hr/park": "", "pa": "24", "dt": "", "img": "https://www.mlbstatic.com/team-logos/137.svg", "team": "sf", "start": "", "in": "4", "result": "Single", "evo": "104.2", "la": "15", "dist": "286"}, {"player": "jackson merrill", "game": "sd @ sf", "gameIdx": 0, "hr/park": "0/30", "pa": "23", "dt": "", "img": "https://www.mlbstatic.com/team-logos/135.svg", "team": "sd", "start": "", "in": "4", "result": "Flyout", "evo": "95.7", "la": "46", "dist": "306"}, {"player": "manny machado", "game": "sd @ sf", "gameIdx": 0, "hr/park": "", "pa": "22", "dt": "", "img": "https://www.mlbstatic.com/team-logos/135.svg", "team": "sd", "start": "", "in": "4", "result": "Strikeout", "evo": "", "la": "", "dist": ""}, {"player": "jurickson profar", "game": "sd @ sf", "gameIdx": 0, "hr/park": "", "pa": "21", "dt": "", "img": "https://www.mlbstatic.com/team-logos/135.svg", "team": "sd", "start": "", "in": "4", "result": "Strikeout", "evo": "", "la": "", "dist": ""}, {"player": "donovan walton", "game": "sd @ sf", "gameIdx": 0, "hr/park": "", "pa": "20", "dt": "", "img": "https://www.mlbstatic.com/team-logos/137.svg", "team": "sf", "start": "", "in": "3", "result": "Groundout", "evo": "81.2", "la": "9", "dist": "123"}, {"player": "curt casali", "game": "sd @ sf", "gameIdx": 0, "hr/park": "1/30", "pa": "19", "dt": "", "img": "https://www.mlbstatic.com/team-logos/137.svg", "team": "sf", "start": "", "in": "3", "result": "Flyout", "evo": "95.6", "la": "46", "dist": "331"}, {"player": "brett wisely", "game": "sd @ sf", "gameIdx": 0, "hr/park": "", "pa": "18", "dt": "", "img": "https://www.mlbstatic.com/team-logos/137.svg", "team": "sf", "start": "", "in": "3", "result": "Strikeout", "evo": "", "la": "", "dist": ""}, {"player": "donovan solano", "game": "sd @ sf", "gameIdx": 0, "hr/park": "", "pa": "17", "dt": "", "img": "https://www.mlbstatic.com/team-logos/135.svg", "team": "sd", "start": "", "in": "3", "result": "Strikeout", "evo": "", "la": "", "dist": ""}, {"player": "luis arraez", "game": "sd @ sf", "gameIdx": 0, "hr/park": "", "pa": "16", "dt": "", "img": "https://www.mlbstatic.com/team-logos/135.svg", "team": "sd", "start": "", "in": "3", "result": "Walk", "evo": "", "la": "", "dist": ""}, {"player": "elias diaz", "game": "sd @ sf", "gameIdx": 0, "hr/park": "", "pa": "15", "dt": "", "img": "https://www.mlbstatic.com/team-logos/135.svg", "team": "sd", "start": "", "in": "3", "result": "GIDP", "evo": "98.3", "la": "", "dist": "53"}, {"player": "david peralta", "game": "sd @ sf", "gameIdx": 0, "hr/park": "", "pa": "14", "dt": "", "img": "https://www.mlbstatic.com/team-logos/135.svg", "team": "sd", "start": "", "in": "3", "result": "Single", "evo": "84.5", "la": "16", "dist": "222"}, {"player": "jake cronenworth", "game": "sd @ sf", "gameIdx": 0, "hr/park": "", "pa": "13", "dt": "", "img": "https://www.mlbstatic.com/team-logos/135.svg", "team": "sd", "start": "", "in": "3", "result": "Single", "evo": "80.3", "la": "15", "dist": "166"}, {"player": "marco luciano", "game": "sd @ sf", "gameIdx": 0, "hr/park": "", "pa": "12", "dt": "", "img": "https://www.mlbstatic.com/team-logos/137.svg", "team": "sf", "start": "", "in": "2", "result": "Lineout", "evo": "98.6", "la": "7", "dist": "160"}, {"player": "mike yastrzemski", "game": "sd @ sf", "gameIdx": 0, "hr/park": "", "pa": "11", "dt": "", "img": "https://www.mlbstatic.com/team-logos/137.svg", "team": "sf", "start": "", "in": "2", "result": "Flyout", "evo": "81.8", "la": "43", "dist": "270"}, {"player": "jerar encarnacion", "game": "sd @ sf", "gameIdx": 0, "hr/park": "", "pa": "10", "dt": "", "img": "https://www.mlbstatic.com/team-logos/137.svg", "team": "sf", "start": "", "in": "2", "result": "Groundout", "evo": "110.3", "la": "", "dist": "55"}, {"player": "xander bogaerts", "game": "sd @ sf", "gameIdx": 0, "hr/park": "", "pa": "9", "dt": "", "img": "https://www.mlbstatic.com/team-logos/135.svg", "team": "sd", "start": "", "in": "2", "result": "Flyout", "evo": "89.9", "la": "57", "dist": "230"}, {"player": "jackson merrill", "game": "sd @ sf", "gameIdx": 0, "hr/park": "", "pa": "8", "dt": "", "img": "https://www.mlbstatic.com/team-logos/135.svg", "team": "sd", "start": "", "in": "2", "result": "Groundout", "evo": "101.0", "la": "-5", "dist": "18"}, {"player": "manny machado", "game": "sd @ sf", "gameIdx": 0, "hr/park": "", "pa": "7", "dt": "", "img": "https://www.mlbstatic.com/team-logos/135.svg", "team": "sd", "start": "", "in": "2", "result": "Pop Out", "evo": "70.1", "la": "82", "dist": "37"}, {"player": "matt chapman", "game": "sd @ sf", "gameIdx": 0, "hr/park": "", "pa": "6", "dt": "", "img": "https://www.mlbstatic.com/team-logos/137.svg", "team": "sf", "start": "", "in": "1", "result": "Flyout", "evo": "96.4", "la": "60", "dist": "214"}, {"player": "heliot ramos", "game": "sd @ sf", "gameIdx": 0, "hr/park": "", "pa": "5", "dt": "", "img": "https://www.mlbstatic.com/team-logos/137.svg", "team": "sf", "start": "", "in": "1", "result": "Groundout", "evo": "98.2", "la": "2", "dist": "56"}, {"player": "mark canha", "game": "sd @ sf", "gameIdx": 0, "hr/park": "", "pa": "4", "dt": "", "img": "https://www.mlbstatic.com/team-logos/137.svg", "team": "sf", "start": "", "in": "1", "result": "Groundout", "evo": "84.4", "la": "-29", "dist": "6"}, {"player": "jurickson profar", "game": "sd @ sf", "gameIdx": 0, "hr/park": "", "pa": "3", "dt": "", "img": "https://www.mlbstatic.com/team-logos/135.svg", "team": "sd", "start": "", "in": "1", "result": "Flyout", "evo": "86.8", "la": "45", "dist": "270"}, {"player": "donovan solano", "game": "sd @ sf", "gameIdx": 0, "hr/park": "0/30", "pa": "2", "dt": "", "img": "https://www.mlbstatic.com/team-logos/135.svg", "team": "sd", "start": "", "in": "1", "result": "Lineout", "evo": "100.4", "la": "21", "dist": "334"}, {"player": "luis arraez", "game": "sd @ sf", "gameIdx": 0, "hr/park": "0/30", "pa": "1", "dt": "", "img": "https://www.mlbstatic.com/team-logos/135.svg", "team": "sd", "start": "", "in": "1", "result": "Lineout", "evo": "94.3", "la": "21", "dist": "305"}], "hou @ laa": [], "tex @ sea": [], "mil @ ari": [], "lad @ atl": []}