{"all": {"pitchers": "9", "batters": "21", "pitches": "289", "max velomax pitch velocity": "99.2", "min velomin pitch velocity": "78.2", "ff%fourseam fastball %": "33.9", "si%sinker %": "15.9", "fc%cutter %": "4.8", "fs%splitter %": "0.0", "ch%changeup %": "17.0", "sl%slider %": "21.8", "cu%curve %": "6.6", "max evmax exit velocity": "109.1", "hhhard hit": "22", "hh%hard hit %": "42.3", "brlbarrels": "1", "brl%barrel %": "1.9", "ab": "71", "avg": ".268", "h": "19", "1b": "11", "2b": "5", "3b": "1", "hr": "2", "so": "20", "bipballs in play": "52", "liveGames": 0, "totGames": 15}, "tb @ det": [], "cin @ cle": [], "chc @ phi": [], "mil @ pit": [], "kc @ wsh": [], "bal @ nyy": [], "bos @ tor": [], "nym @ atl": [], "laa @ chw": [], "mia @ min": [], "sea @ hou": [], "stl @ col": [{"player": "jake cave", "game": "stl @ col", "gameIdx": 0, "hr/park": "0/30", "pa": "76", "dt": "", "img": "https://www.mlbstatic.com/team-logos/115.svg", "team": "col", "start": "", "in": "9", "result": "Lineout", "evo": "96.0", "la": "23", "dist": "361"}, {"player": "jacob stallings", "game": "stl @ col", "gameIdx": 0, "hr/park": "0/30", "pa": "75", "dt": "", "img": "https://www.mlbstatic.com/team-logos/115.svg", "team": "col", "start": "", "in": "9", "result": "Double", "evo": "93.9", "la": "22", "dist": "334"}, {"player": "sam hilliard", "game": "stl @ col", "gameIdx": 0, "hr/park": "", "pa": "74", "dt": "", "img": "https://www.mlbstatic.com/team-logos/115.svg", "team": "col", "start": "", "in": "9", "result": "Strikeout", "evo": "", "la": "", "dist": ""}, {"player": "michael toglia", "game": "stl @ col", "gameIdx": 0, "hr/park": "", "pa": "73", "dt": "", "img": "https://www.mlbstatic.com/team-logos/115.svg", "team": "col", "start": "", "in": "9", "result": "Strikeout", "evo": "", "la": "", "dist": ""}, {"player": "brendan donovan", "game": "stl @ col", "gameIdx": 0, "hr/park": "", "pa": "72", "dt": "", "img": "https://www.mlbstatic.com/team-logos/138.svg", "team": "stl", "start": "", "in": "9", "result": "Groundout", "evo": "80.4", "la": "3", "dist": "67"}, {"player": "nolan arenado", "game": "stl @ col", "gameIdx": 0, "hr/park": "0/30", "pa": "71", "dt": "", "img": "https://www.mlbstatic.com/team-logos/138.svg", "team": "stl", "start": "", "in": "9", "result": "Lineout", "evo": "94.7", "la": "23", "dist": "354"}, {"player": "paul goldschmidt", "game": "stl @ col", "gameIdx": 0, "hr/park": "", "pa": "70", "dt": "", "img": "https://www.mlbstatic.com/team-logos/138.svg", "team": "stl", "start": "", "in": "9", "result": "Strikeout", "evo": "", "la": "", "dist": ""}, {"player": "ryan mcmahon", "game": "stl @ col", "gameIdx": 0, "hr/park": "", "pa": "69", "dt": "", "img": "https://www.mlbstatic.com/team-logos/115.svg", "team": "col", "start": "", "in": "8", "result": "GIDP", "evo": "103.6", "la": "-11", "dist": "10"}, {"player": "brenton doyle", "game": "stl @ col", "gameIdx": 0, "hr/park": "", "pa": "68", "dt": "", "img": "https://www.mlbstatic.com/team-logos/115.svg", "team": "col", "start": "", "in": "8", "result": "Flyout", "evo": "80.6", "la": "56", "dist": "223"}, {"player": "ezequiel tovar", "game": "stl @ col", "gameIdx": 0, "hr/park": "", "pa": "67", "dt": "", "img": "https://www.mlbstatic.com/team-logos/115.svg", "team": "col", "start": "", "in": "8", "result": "Single", "evo": "72.4", "la": "29", "dist": "239"}, {"player": "charlie blackmon", "game": "stl @ col", "gameIdx": 0, "hr/park": "0/30", "pa": "66", "dt": "", "img": "https://www.mlbstatic.com/team-logos/115.svg", "team": "col", "start": "", "in": "8", "result": "Double", "evo": "99.5", "la": "19", "dist": "335"}, {"player": "alec burleson", "game": "stl @ col", "gameIdx": 0, "hr/park": "", "pa": "65", "dt": "", "img": "https://www.mlbstatic.com/team-logos/138.svg", "team": "stl", "start": "", "in": "8", "result": "Flyout", "evo": "81.6", "la": "40", "dist": "261"}, {"player": "masyn winn", "game": "stl @ col", "gameIdx": 0, "hr/park": "", "pa": "64", "dt": "", "img": "https://www.mlbstatic.com/team-logos/138.svg", "team": "stl", "start": "", "in": "8", "result": "Double", "evo": "62.9", "la": "24", "dist": "174"}, {"player": "victor scott", "game": "stl @ col", "gameIdx": 0, "hr/park": "", "pa": "63", "dt": "", "img": "https://www.mlbstatic.com/team-logos/138.svg", "team": "stl", "start": "", "in": "8", "result": "Single", "evo": "99.5", "la": "-6", "dist": "17"}, {"player": "jordan walker", "game": "stl @ col", "gameIdx": 0, "hr/park": "", "pa": "62", "dt": "", "img": "https://www.mlbstatic.com/team-logos/138.svg", "team": "stl", "start": "", "in": "8", "result": "Single", "evo": "95.9", "la": "6", "dist": "119"}, {"player": "lars nootbaar", "game": "stl @ col", "gameIdx": 0, "hr/park": "", "pa": "61", "dt": "", "img": "https://www.mlbstatic.com/team-logos/138.svg", "team": "stl", "start": "", "in": "8", "result": "Walk", "evo": "", "la": "", "dist": ""}, {"player": "ivan herrera", "game": "stl @ col", "gameIdx": 0, "hr/park": "", "pa": "60", "dt": "", "img": "https://www.mlbstatic.com/team-logos/138.svg", "team": "stl", "start": "", "in": "8", "result": "Strikeout", "evo": "", "la": "", "dist": ""}, {"player": "brendan donovan", "game": "stl @ col", "gameIdx": 0, "hr/park": "16/30", "pa": "59", "dt": "", "img": "https://www.mlbstatic.com/team-logos/138.svg", "team": "stl", "start": "", "in": "8", "result": "Flyout", "evo": "92.4", "la": "31", "dist": "357"}, {"player": "nolan arenado", "game": "stl @ col", "gameIdx": 0, "hr/park": "", "pa": "58", "dt": "", "img": "https://www.mlbstatic.com/team-logos/138.svg", "team": "stl", "start": "", "in": "8", "result": "Single", "evo": "99.8", "la": "13", "dist": "286"}, {"player": "aaron schunk", "game": "stl @ col", "gameIdx": 0, "hr/park": "0/30", "pa": "57", "dt": "", "img": "https://www.mlbstatic.com/team-logos/115.svg", "team": "col", "start": "", "in": "7", "result": "Lineout", "evo": "87.5", "la": "26", "dist": "323"}, {"player": "jake cave", "game": "stl @ col", "gameIdx": 0, "hr/park": "", "pa": "56", "dt": "", "img": "https://www.mlbstatic.com/team-logos/115.svg", "team": "col", "start": "", "in": "7", "result": "Strikeout", "evo": "", "la": "", "dist": ""}, {"player": "jacob stallings", "game": "stl @ col", "gameIdx": 0, "hr/park": "", "pa": "55", "dt": "", "img": "https://www.mlbstatic.com/team-logos/115.svg", "team": "col", "start": "", "in": "7", "result": "Groundout", "evo": "80.7", "la": "-3", "dist": "25"}, {"player": "paul goldschmidt", "game": "stl @ col", "gameIdx": 0, "hr/park": "", "pa": "54", "dt": "", "img": "https://www.mlbstatic.com/team-logos/138.svg", "team": "stl", "start": "", "in": "7", "result": "Strikeout", "evo": "", "la": "", "dist": ""}, {"player": "alec burleson", "game": "stl @ col", "gameIdx": 0, "hr/park": "", "pa": "53", "dt": "", "img": "https://www.mlbstatic.com/team-logos/138.svg", "team": "stl", "start": "", "in": "7", "result": "Forceout", "evo": "93.7", "la": "-16", "dist": "9"}, {"player": "masyn winn", "game": "stl @ col", "gameIdx": 0, "hr/park": "", "pa": "52", "dt": "", "img": "https://www.mlbstatic.com/team-logos/138.svg", "team": "stl", "start": "", "in": "7", "result": "Fielders Choice", "evo": "89.5", "la": "-18", "dist": "10"}, {"player": "matt carpenter", "game": "stl @ col", "gameIdx": 0, "hr/park": "", "pa": "51", "dt": "", "img": "https://www.mlbstatic.com/team-logos/138.svg", "team": "stl", "start": "", "in": "7", "result": "Double", "evo": "100.7", "la": "19", "dist": "290"}, {"player": "jordan walker", "game": "stl @ col", "gameIdx": 0, "hr/park": "", "pa": "50", "dt": "", "img": "https://www.mlbstatic.com/team-logos/138.svg", "team": "stl", "start": "", "in": "7", "result": "Strikeout", "evo": "", "la": "", "dist": ""}, {"player": "lars nootbaar", "game": "stl @ col", "gameIdx": 0, "hr/park": "", "pa": "49", "dt": "", "img": "https://www.mlbstatic.com/team-logos/138.svg", "team": "stl", "start": "", "in": "7", "result": "Walk", "evo": "", "la": "", "dist": ""}, {"player": "sam hilliard", "game": "stl @ col", "gameIdx": 0, "hr/park": "", "pa": "48", "dt": "", "img": "https://www.mlbstatic.com/team-logos/115.svg", "team": "col", "start": "", "in": "6", "result": "Strikeout", "evo": "", "la": "", "dist": ""}, {"player": "michael toglia", "game": "stl @ col", "gameIdx": 0, "hr/park": "", "pa": "47", "dt": "", "img": "https://www.mlbstatic.com/team-logos/115.svg", "team": "col", "start": "", "in": "6", "result": "Single", "evo": "107.3", "la": "-7", "dist": "19"}, {"player": "ryan mcmahon", "game": "stl @ col", "gameIdx": 0, "hr/park": "", "pa": "46", "dt": "", "img": "https://www.mlbstatic.com/team-logos/115.svg", "team": "col", "start": "", "in": "6", "result": "Strikeout", "evo": "", "la": "", "dist": ""}, {"player": "brenton doyle", "game": "stl @ col", "gameIdx": 0, "hr/park": "", "pa": "45", "dt": "", "img": "https://www.mlbstatic.com/team-logos/115.svg", "team": "col", "start": "", "in": "6", "result": "Groundout", "evo": "65.5", "la": "-32", "dist": "3"}, {"player": "ivan herrera", "game": "stl @ col", "gameIdx": 0, "hr/park": "", "pa": "44", "dt": "", "img": "https://www.mlbstatic.com/team-logos/138.svg", "team": "stl", "start": "", "in": "6", "result": "Groundout", "evo": "88.3", "la": "", "dist": "36"}, {"player": "brendan donovan", "game": "stl @ col", "gameIdx": 0, "hr/park": "", "pa": "43", "dt": "", "img": "https://www.mlbstatic.com/team-logos/138.svg", "team": "stl", "start": "", "in": "6", "result": "Strikeout", "evo": "", "la": "", "dist": ""}, {"player": "nolan arenado", "game": "stl @ col", "gameIdx": 0, "hr/park": "0/30", "pa": "42", "dt": "", "img": "https://www.mlbstatic.com/team-logos/138.svg", "team": "stl", "start": "", "in": "6", "result": "Flyout", "evo": "96.3", "la": "29", "dist": "390"}, {"player": "ezequiel tovar", "game": "stl @ col", "gameIdx": 0, "hr/park": "", "pa": "41", "dt": "", "img": "https://www.mlbstatic.com/team-logos/115.svg", "team": "col", "start": "", "in": "5", "result": "Strikeout", "evo": "", "la": "", "dist": ""}, {"player": "charlie blackmon", "game": "stl @ col", "gameIdx": 0, "hr/park": "0/30", "pa": "40", "dt": "", "img": "https://www.mlbstatic.com/team-logos/115.svg", "team": "col", "start": "", "in": "5", "result": "Triple", "evo": "106.2", "la": "17", "dist": "351"}, {"player": "aaron schunk", "game": "stl @ col", "gameIdx": 0, "hr/park": "", "pa": "39", "dt": "", "img": "https://www.mlbstatic.com/team-logos/115.svg", "team": "col", "start": "", "in": "5", "result": "Single", "evo": "84.7", "la": "-52", "dist": "2"}, {"player": "jordan beck", "game": "stl @ col", "gameIdx": 0, "hr/park": "", "pa": "38", "dt": "", "img": "https://www.mlbstatic.com/team-logos/115.svg", "team": "col", "start": "", "in": "5", "result": "GIDP", "evo": "84.8", "la": "-22", "dist": "7"}, {"player": "jacob stallings", "game": "stl @ col", "gameIdx": 0, "hr/park": "", "pa": "37", "dt": "", "img": "https://www.mlbstatic.com/team-logos/115.svg", "team": "col", "start": "", "in": "5", "result": "Walk", "evo": "", "la": "", "dist": ""}, {"player": "sam hilliard", "game": "stl @ col", "gameIdx": 0, "hr/park": "", "pa": "36", "dt": "", "img": "https://www.mlbstatic.com/team-logos/115.svg", "team": "col", "start": "", "in": "5", "result": "Double", "evo": "97.7", "la": "5", "dist": "110"}, {"player": "paul goldschmidt", "game": "stl @ col", "gameIdx": 0, "hr/park": "", "pa": "35", "dt": "", "img": "https://www.mlbstatic.com/team-logos/138.svg", "team": "stl", "start": "", "in": "5", "result": "GIDP", "evo": "73.4", "la": "10", "dist": "103"}, {"player": "alec burleson", "game": "stl @ col", "gameIdx": 0, "hr/park": "", "pa": "34", "dt": "", "img": "https://www.mlbstatic.com/team-logos/138.svg", "team": "stl", "start": "", "in": "5", "result": "Single", "evo": "103.0", "la": "13", "dist": "258"}, {"player": "masyn winn", "game": "stl @ col", "gameIdx": 0, "hr/park": "", "pa": "33", "dt": "", "img": "https://www.mlbstatic.com/team-logos/138.svg", "team": "stl", "start": "", "in": "5", "result": "Strikeout", "evo": "", "la": "", "dist": ""}, {"player": "michael toglia", "game": "stl @ col", "gameIdx": 0, "hr/park": "", "pa": "32", "dt": "", "img": "https://www.mlbstatic.com/team-logos/115.svg", "team": "col", "start": "", "in": "4", "result": "Groundout", "evo": "106.3", "la": "-2", "dist": "35"}, {"player": "ryan mcmahon", "game": "stl @ col", "gameIdx": 0, "hr/park": "", "pa": "31", "dt": "", "img": "https://www.mlbstatic.com/team-logos/115.svg", "team": "col", "start": "", "in": "4", "result": "Strikeout", "evo": "", "la": "", "dist": ""}, {"player": "brenton doyle", "game": "stl @ col", "gameIdx": 0, "hr/park": "", "pa": "30", "dt": "", "img": "https://www.mlbstatic.com/team-logos/115.svg", "team": "col", "start": "", "in": "4", "result": "Groundout", "evo": "78.4", "la": "-28", "dist": "4"}, {"player": "michael siani", "game": "stl @ col", "gameIdx": 0, "hr/park": "", "pa": "29", "dt": "", "img": "https://www.mlbstatic.com/team-logos/138.svg", "team": "stl", "start": "", "in": "4", "result": "Groundout", "evo": "74.9", "la": "-47", "dist": "2"}, {"player": "jordan walker", "game": "stl @ col", "gameIdx": 0, "hr/park": "", "pa": "28", "dt": "", "img": "https://www.mlbstatic.com/team-logos/138.svg", "team": "stl", "start": "", "in": "4", "result": "Flyout", "evo": "82.3", "la": "60", "dist": "191"}, {"player": "lars nootbaar", "game": "stl @ col", "gameIdx": 0, "hr/park": "", "pa": "27", "dt": "", "img": "https://www.mlbstatic.com/team-logos/138.svg", "team": "stl", "start": "", "in": "4", "result": "Groundout", "evo": "97.4", "la": "-16", "dist": "8"}, {"player": "ezequiel tovar", "game": "stl @ col", "gameIdx": 0, "hr/park": "", "pa": "26", "dt": "", "img": "https://www.mlbstatic.com/team-logos/115.svg", "team": "col", "start": "", "in": "3", "result": "Strikeout", "evo": "", "la": "", "dist": ""}, {"player": "charlie blackmon", "game": "stl @ col", "gameIdx": 0, "hr/park": "0/30", "pa": "25", "dt": "", "img": "https://www.mlbstatic.com/team-logos/115.svg", "team": "col", "start": "", "in": "3", "result": "Flyout", "evo": "97.9", "la": "37", "dist": "393"}, {"player": "aaron schunk", "game": "stl @ col", "gameIdx": 0, "hr/park": "21/30", "pa": "24", "dt": "", "img": "https://www.mlbstatic.com/team-logos/115.svg", "team": "col", "start": "", "in": "3", "result": "Home Run", "evo": "101.6", "la": "24", "dist": "380"}, {"player": "jordan beck", "game": "stl @ col", "gameIdx": 0, "hr/park": "", "pa": "23", "dt": "", "img": "https://www.mlbstatic.com/team-logos/115.svg", "team": "col", "start": "", "in": "3", "result": "Groundout", "evo": "51.8", "la": "-70", "dist": "4"}, {"player": "ivan herrera", "game": "stl @ col", "gameIdx": 0, "hr/park": "", "pa": "22", "dt": "", "img": "https://www.mlbstatic.com/team-logos/138.svg", "team": "stl", "start": "", "in": "3", "result": "Lineout", "evo": "86.4", "la": "24", "dist": "289"}, {"player": "brendan donovan", "game": "stl @ col", "gameIdx": 0, "hr/park": "", "pa": "21", "dt": "", "img": "https://www.mlbstatic.com/team-logos/138.svg", "team": "stl", "start": "", "in": "3", "result": "Single", "evo": "88.4", "la": "13", "dist": "201"}, {"player": "nolan arenado", "game": "stl @ col", "gameIdx": 0, "hr/park": "", "pa": "20", "dt": "", "img": "https://www.mlbstatic.com/team-logos/138.svg", "team": "stl", "start": "", "in": "3", "result": "Strikeout", "evo": "", "la": "", "dist": ""}, {"player": "paul goldschmidt", "game": "stl @ col", "gameIdx": 0, "hr/park": "", "pa": "19", "dt": "", "img": "https://www.mlbstatic.com/team-logos/138.svg", "team": "stl", "start": "", "in": "3", "result": "Single", "evo": "109.1", "la": "11", "dist": "229"}, {"player": "alec burleson", "game": "stl @ col", "gameIdx": 0, "hr/park": "", "pa": "18", "dt": "", "img": "https://www.mlbstatic.com/team-logos/138.svg", "team": "stl", "start": "", "in": "3", "result": "Groundout", "evo": "98.4", "la": "-12", "dist": "12"}, {"player": "masyn winn", "game": "stl @ col", "gameIdx": 0, "hr/park": "29/30", "pa": "17", "dt": "", "img": "https://www.mlbstatic.com/team-logos/138.svg", "team": "stl", "start": "", "in": "3", "result": "Home Run", "evo": "97.8", "la": "25", "dist": "391"}, {"player": "michael siani", "game": "stl @ col", "gameIdx": 0, "hr/park": "", "pa": "16", "dt": "", "img": "https://www.mlbstatic.com/team-logos/138.svg", "team": "stl", "start": "", "in": "3", "result": "Single", "evo": "95.8", "la": "12", "dist": "209"}, {"player": "jacob stallings", "game": "stl @ col", "gameIdx": 0, "hr/park": "", "pa": "15", "dt": "", "img": "https://www.mlbstatic.com/team-logos/115.svg", "team": "col", "start": "", "in": "2", "result": "Groundout", "evo": "82.3", "la": "", "dist": "44"}, {"player": "sam hilliard", "game": "stl @ col", "gameIdx": 0, "hr/park": "", "pa": "14", "dt": "", "img": "https://www.mlbstatic.com/team-logos/115.svg", "team": "col", "start": "", "in": "2", "result": "Strikeout", "evo": "", "la": "", "dist": ""}, {"player": "michael toglia", "game": "stl @ col", "gameIdx": 0, "hr/park": "", "pa": "13", "dt": "", "img": "https://www.mlbstatic.com/team-logos/115.svg", "team": "col", "start": "", "in": "2", "result": "Groundout", "evo": "107.2", "la": "-1", "dist": "45"}, {"player": "jordan walker", "game": "stl @ col", "gameIdx": 0, "hr/park": "", "pa": "12", "dt": "", "img": "https://www.mlbstatic.com/team-logos/138.svg", "team": "stl", "start": "", "in": "2", "result": "Groundout", "evo": "74.2", "la": "8", "dist": "119"}, {"player": "lars nootbaar", "game": "stl @ col", "gameIdx": 0, "hr/park": "", "pa": "11", "dt": "", "img": "https://www.mlbstatic.com/team-logos/138.svg", "team": "stl", "start": "", "in": "2", "result": "Walk", "evo": "", "la": "", "dist": ""}, {"player": "ivan herrera", "game": "stl @ col", "gameIdx": 0, "hr/park": "", "pa": "10", "dt": "", "img": "https://www.mlbstatic.com/team-logos/138.svg", "team": "stl", "start": "", "in": "2", "result": "Single", "evo": "107.2", "la": "12", "dist": "280"}, {"player": "brendan donovan", "game": "stl @ col", "gameIdx": 0, "hr/park": "", "pa": "9", "dt": "", "img": "https://www.mlbstatic.com/team-logos/138.svg", "team": "stl", "start": "", "in": "2", "result": "Strikeout", "evo": "", "la": "", "dist": ""}, {"player": "nolan arenado", "game": "stl @ col", "gameIdx": 0, "hr/park": "", "pa": "8", "dt": "", "img": "https://www.mlbstatic.com/team-logos/138.svg", "team": "stl", "start": "", "in": "2", "result": "Strikeout", "evo": "", "la": "", "dist": ""}, {"player": "ryan mcmahon", "game": "stl @ col", "gameIdx": 0, "hr/park": "", "pa": "7", "dt": "", "img": "https://www.mlbstatic.com/team-logos/115.svg", "team": "col", "start": "", "in": "1", "result": "Strikeout", "evo": "", "la": "", "dist": ""}, {"player": "brenton doyle", "game": "stl @ col", "gameIdx": 0, "hr/park": "", "pa": "6", "dt": "", "img": "https://www.mlbstatic.com/team-logos/115.svg", "team": "col", "start": "", "in": "1", "result": "Forceout", "evo": "91.7", "la": "-34", "dist": "4"}, {"player": "ezequiel tovar", "game": "stl @ col", "gameIdx": 0, "hr/park": "", "pa": "5", "dt": "", "img": "https://www.mlbstatic.com/team-logos/115.svg", "team": "col", "start": "", "in": "1", "result": "Forceout", "evo": "80.6", "la": "-38", "dist": "3"}, {"player": "charlie blackmon", "game": "stl @ col", "gameIdx": 0, "hr/park": "", "pa": "4", "dt": "", "img": "https://www.mlbstatic.com/team-logos/115.svg", "team": "col", "start": "", "in": "1", "result": "Hit By Pitch", "evo": "", "la": "", "dist": ""}, {"player": "paul goldschmidt", "game": "stl @ col", "gameIdx": 0, "hr/park": "", "pa": "3", "dt": "", "img": "https://www.mlbstatic.com/team-logos/138.svg", "team": "stl", "start": "", "in": "1", "result": "Groundout", "evo": "69.0", "la": "-11", "dist": "13"}, {"player": "alec burleson", "game": "stl @ col", "gameIdx": 0, "hr/park": "", "pa": "2", "dt": "", "img": "https://www.mlbstatic.com/team-logos/138.svg", "team": "stl", "start": "", "in": "1", "result": "Groundout", "evo": "82.7", "la": "-5", "dist": "16"}, {"player": "masyn winn", "game": "stl @ col", "gameIdx": 0, "hr/park": "", "pa": "1", "dt": "", "img": "https://www.mlbstatic.com/team-logos/138.svg", "team": "stl", "start": "", "in": "1", "result": "Strikeout", "evo": "", "la": "", "dist": ""}], "sf @ ari": [], "tex @ ath": [], "sd @ lad": []}