{"all": {"pitchers": "14", "batters": "26", "pitches": "429", "max velomax pitch velocity": "98.0", "min velomin pitch velocity": "59.3", "ff%fourseam fastball %": "39.2", "si%sinker %": "26.6", "fc%cutter %": "1.9", "fs%splitter %": "0.2", "ch%changeup %": "9.1", "sl%slider %": "13.1", "cu%curve %": "8.2", "max evmax exit velocity": "104.8", "hhhard hit": "25", "hh%hard hit %": "29.8", "brlbarrels": "2", "brl%barrel %": "2.4", "ab": "99", "avg": ".212", "h": "21", "1b": "15", "2b": "5", "3b": "0", "hr": "1", "so": "15", "bipballs in play": "84", "liveGames": 0, "totGames": 18}, "wsh @ phi": [], "tex @ tor": [], "chw @ det": [], "cin @ nym": [{"player": "lucas duda", "game": "cin @ nym", "gameIdx": 0, "hr/park": "", "pa": "110", "dt": "", "img": "https://www.mlbstatic.com/team-logos/121.svg", "team": "nym", "start": "", "in": "13", "result": "Fielders Choice", "evo": "76.6", "la": "-39", "dist": "3"}, {"player": "ruben tejada", "game": "cin @ nym", "gameIdx": 0, "hr/park": "", "pa": "109", "dt": "", "img": "https://www.mlbstatic.com/team-logos/121.svg", "team": "nym", "start": "", "in": "13", "result": "Field Error", "evo": "94.3", "la": "-15", "dist": "9"}, {"player": "curtis granderson", "game": "cin @ nym", "gameIdx": 0, "hr/park": "", "pa": "108", "dt": "", "img": "https://www.mlbstatic.com/team-logos/121.svg", "team": "nym", "start": "", "in": "13", "result": "Single", "evo": "98.5", "la": "8", "dist": "160"}, {"player": "dilson herrera", "game": "cin @ nym", "gameIdx": 0, "hr/park": "", "pa": "107", "dt": "", "img": "https://www.mlbstatic.com/team-logos/121.svg", "team": "nym", "start": "", "in": "13", "result": "Walk", "evo": "", "la": "", "dist": ""}, {"player": "eugenio suarez", "game": "cin @ nym", "gameIdx": 0, "hr/park": "", "pa": "106", "dt": "", "img": "https://www.mlbstatic.com/team-logos/113.svg", "team": "cin", "start": "", "in": "13", "result": "Caught Stealing 2B", "evo": "", "la": "", "dist": ""}, {"player": "ivan de jesus", "game": "cin @ nym", "gameIdx": 0, "hr/park": "", "pa": "105", "dt": "", "img": "https://www.mlbstatic.com/team-logos/113.svg", "team": "cin", "start": "", "in": "13", "result": "Single", "evo": "85.1", "la": "-7", "dist": "21"}, {"player": "skip schumaker", "game": "cin @ nym", "gameIdx": 0, "hr/park": "0/30", "pa": "104", "dt": "", "img": "https://www.mlbstatic.com/team-logos/113.svg", "team": "cin", "start": "", "in": "13", "result": "Lineout", "evo": "97.5", "la": "17", "dist": "304"}, {"player": "marlon byrd", "game": "cin @ nym", "gameIdx": 0, "hr/park": "", "pa": "103", "dt": "", "img": "https://www.mlbstatic.com/team-logos/113.svg", "team": "cin", "start": "", "in": "13", "result": "Strikeout", "evo": "", "la": "", "dist": ""}, {"player": "eric campbell", "game": "cin @ nym", "gameIdx": 0, "hr/park": "0/30", "pa": "102", "dt": "", "img": "https://www.mlbstatic.com/team-logos/121.svg", "team": "nym", "start": "", "in": "12", "result": "Flyout", "evo": "92.1", "la": "28", "dist": "335"}, {"player": "kevin plawecki", "game": "cin @ nym", "gameIdx": 0, "hr/park": "", "pa": "101", "dt": "", "img": "https://www.mlbstatic.com/team-logos/121.svg", "team": "nym", "start": "", "in": "12", "result": "Pop Out", "evo": "", "la": "", "dist": ""}, {"player": "juan lagares", "game": "cin @ nym", "gameIdx": 0, "hr/park": "", "pa": "100", "dt": "", "img": "https://www.mlbstatic.com/team-logos/121.svg", "team": "nym", "start": "", "in": "12", "result": "Single", "evo": "", "la": "", "dist": ""}, {"player": "wilmer flores", "game": "cin @ nym", "gameIdx": 0, "hr/park": "", "pa": "99", "dt": "", "img": "https://www.mlbstatic.com/team-logos/121.svg", "team": "nym", "start": "", "in": "12", "result": "Flyout", "evo": "94.7", "la": "60", "dist": "241"}, {"player": "jay bruce", "game": "cin @ nym", "gameIdx": 0, "hr/park": "", "pa": "98", "dt": "", "img": "https://www.mlbstatic.com/team-logos/113.svg", "team": "cin", "start": "", "in": "12", "result": "Groundout", "evo": "71.5", "la": "9", "dist": "100"}, {"player": "todd frazier", "game": "cin @ nym", "gameIdx": 0, "hr/park": "", "pa": "97", "dt": "", "img": "https://www.mlbstatic.com/team-logos/113.svg", "team": "cin", "start": "", "in": "12", "result": "Single", "evo": "96.3", "la": "-11", "dist": "16"}, {"player": "joey votto", "game": "cin @ nym", "gameIdx": 0, "hr/park": "0/30", "pa": "96", "dt": "", "img": "https://www.mlbstatic.com/team-logos/113.svg", "team": "cin", "start": "", "in": "12", "result": "Lineout", "evo": "100.8", "la": "23", "dist": "357"}, {"player": "brandon phillips", "game": "cin @ nym", "gameIdx": 0, "hr/park": "0/30", "pa": "95", "dt": "", "img": "https://www.mlbstatic.com/team-logos/113.svg", "team": "cin", "start": "", "in": "12", "result": "Flyout", "evo": "95.5", "la": "29", "dist": "333"}, {"player": "michael cuddyer", "game": "cin @ nym", "gameIdx": 0, "hr/park": "", "pa": "94", "dt": "", "img": "https://www.mlbstatic.com/team-logos/121.svg", "team": "nym", "start": "", "in": "11", "result": "Strikeout", "evo": "", "la": "", "dist": ""}, {"player": "lucas duda", "game": "cin @ nym", "gameIdx": 0, "hr/park": "", "pa": "93", "dt": "", "img": "https://www.mlbstatic.com/team-logos/121.svg", "team": "nym", "start": "", "in": "11", "result": "Strikeout", "evo": "", "la": "", "dist": ""}, {"player": "ruben tejada", "game": "cin @ nym", "gameIdx": 0, "hr/park": "", "pa": "92", "dt": "", "img": "https://www.mlbstatic.com/team-logos/121.svg", "team": "nym", "start": "", "in": "11", "result": "Walk", "evo": "", "la": "", "dist": ""}, {"player": "curtis granderson", "game": "cin @ nym", "gameIdx": 0, "hr/park": "", "pa": "91", "dt": "", "img": "https://www.mlbstatic.com/team-logos/121.svg", "team": "nym", "start": "", "in": "11", "result": "Field Error", "evo": "95.0", "la": "2", "dist": "64"}, {"player": "dilson herrera", "game": "cin @ nym", "gameIdx": 0, "hr/park": "", "pa": "90", "dt": "", "img": "https://www.mlbstatic.com/team-logos/121.svg", "team": "nym", "start": "", "in": "11", "result": "Pop Out", "evo": "88.3", "la": "62", "dist": "194"}, {"player": "brayan pena", "game": "cin @ nym", "gameIdx": 0, "hr/park": "0/30", "pa": "89", "dt": "", "img": "https://www.mlbstatic.com/team-logos/113.svg", "team": "cin", "start": "", "in": "11", "result": "Lineout", "evo": "100.0", "la": "14", "dist": "311"}, {"player": "mike leake", "game": "cin @ nym", "gameIdx": 0, "hr/park": "", "pa": "88", "dt": "", "img": "https://www.mlbstatic.com/team-logos/113.svg", "team": "cin", "start": "", "in": "11", "result": "Groundout", "evo": "61.8", "la": "2", "dist": "43"}, {"player": "ivan de jesus", "game": "cin @ nym", "gameIdx": 0, "hr/park": "", "pa": "87", "dt": "", "img": "https://www.mlbstatic.com/team-logos/113.svg", "team": "cin", "start": "", "in": "11", "result": "Strikeout", "evo": "", "la": "", "dist": ""}, {"player": "john mayberry", "game": "cin @ nym", "gameIdx": 0, "hr/park": "", "pa": "86", "dt": "", "img": "https://www.mlbstatic.com/team-logos/121.svg", "team": "nym", "start": "", "in": "10", "result": "Strikeout", "evo": "", "la": "", "dist": ""}, {"player": "kevin plawecki", "game": "cin @ nym", "gameIdx": 0, "hr/park": "", "pa": "85", "dt": "", "img": "https://www.mlbstatic.com/team-logos/121.svg", "team": "nym", "start": "", "in": "10", "result": "Single", "evo": "101.0", "la": "-4", "dist": "39"}, {"player": "juan lagares", "game": "cin @ nym", "gameIdx": 0, "hr/park": "0/30", "pa": "84", "dt": "", "img": "https://www.mlbstatic.com/team-logos/121.svg", "team": "nym", "start": "", "in": "10", "result": "Flyout", "evo": "92.5", "la": "30", "dist": "343"}, {"player": "wilmer flores", "game": "cin @ nym", "gameIdx": 0, "hr/park": "", "pa": "83", "dt": "", "img": "https://www.mlbstatic.com/team-logos/121.svg", "team": "nym", "start": "", "in": "10", "result": "Groundout", "evo": "100.4", "la": "1", "dist": "62"}, {"player": "skip schumaker", "game": "cin @ nym", "gameIdx": 0, "hr/park": "", "pa": "82", "dt": "", "img": "https://www.mlbstatic.com/team-logos/113.svg", "team": "cin", "start": "", "in": "10", "result": "Lineout", "evo": "72.7", "la": "13", "dist": "138"}, {"player": "marlon byrd", "game": "cin @ nym", "gameIdx": 0, "hr/park": "", "pa": "81", "dt": "", "img": "https://www.mlbstatic.com/team-logos/113.svg", "team": "cin", "start": "", "in": "10", "result": "Single", "evo": "34.8", "la": "-18", "dist": "10"}, {"player": "jay bruce", "game": "cin @ nym", "gameIdx": 0, "hr/park": "", "pa": "80", "dt": "", "img": "https://www.mlbstatic.com/team-logos/113.svg", "team": "cin", "start": "", "in": "10", "result": "Forceout", "evo": "69.9", "la": "-16", "dist": "8"}, {"player": "todd frazier", "game": "cin @ nym", "gameIdx": 0, "hr/park": "", "pa": "79", "dt": "", "img": "https://www.mlbstatic.com/team-logos/113.svg", "team": "cin", "start": "", "in": "10", "result": "Strikeout", "evo": "", "la": "", "dist": ""}, {"player": "joey votto", "game": "cin @ nym", "gameIdx": 0, "hr/park": "", "pa": "78", "dt": "", "img": "https://www.mlbstatic.com/team-logos/113.svg", "team": "cin", "start": "", "in": "10", "result": "Walk", "evo": "", "la": "", "dist": ""}, {"player": "michael cuddyer", "game": "cin @ nym", "gameIdx": 0, "hr/park": "", "pa": "77", "dt": "", "img": "https://www.mlbstatic.com/team-logos/121.svg", "team": "nym", "start": "", "in": "9", "result": "Pop Out", "evo": "62.6", "la": "58", "dist": "146"}, {"player": "lucas duda", "game": "cin @ nym", "gameIdx": 0, "hr/park": "", "pa": "76", "dt": "", "img": "https://www.mlbstatic.com/team-logos/121.svg", "team": "nym", "start": "", "in": "9", "result": "Groundout", "evo": "71.5", "la": "-32", "dist": "5"}, {"player": "ruben tejada", "game": "cin @ nym", "gameIdx": 0, "hr/park": "", "pa": "75", "dt": "", "img": "https://www.mlbstatic.com/team-logos/121.svg", "team": "nym", "start": "", "in": "9", "result": "Walk", "evo": "", "la": "", "dist": ""}, {"player": "curtis granderson", "game": "cin @ nym", "gameIdx": 0, "hr/park": "", "pa": "74", "dt": "", "img": "https://www.mlbstatic.com/team-logos/121.svg", "team": "nym", "start": "", "in": "9", "result": "Walk", "evo": "", "la": "", "dist": ""}, {"player": "dilson herrera", "game": "cin @ nym", "gameIdx": 0, "hr/park": "", "pa": "73", "dt": "", "img": "https://www.mlbstatic.com/team-logos/121.svg", "team": "nym", "start": "", "in": "9", "result": "Flyout", "evo": "77.4", "la": "33", "dist": "283"}, {"player": "brandon phillips", "game": "cin @ nym", "gameIdx": 0, "hr/park": "", "pa": "72", "dt": "", "img": "https://www.mlbstatic.com/team-logos/113.svg", "team": "cin", "start": "", "in": "9", "result": "Groundout", "evo": "53.3", "la": "-73", "dist": "2"}, {"player": "brayan pena", "game": "cin @ nym", "gameIdx": 0, "hr/park": "", "pa": "71", "dt": "", "img": "https://www.mlbstatic.com/team-logos/113.svg", "team": "cin", "start": "", "in": "9", "result": "Single", "evo": "94.5", "la": "2", "dist": "81"}, {"player": "chris dominguez", "game": "cin @ nym", "gameIdx": 0, "hr/park": "", "pa": "70", "dt": "", "img": "https://www.mlbstatic.com/team-logos/113.svg", "team": "cin", "start": "", "in": "9", "result": "Strikeout", "evo": "", "la": "", "dist": ""}, {"player": "ivan de jesus", "game": "cin @ nym", "gameIdx": 0, "hr/park": "", "pa": "69", "dt": "", "img": "https://www.mlbstatic.com/team-logos/113.svg", "team": "cin", "start": "", "in": "9", "result": "Groundout", "evo": "60.2", "la": "-21", "dist": "10"}, {"player": "johnny monell", "game": "cin @ nym", "gameIdx": 0, "hr/park": "", "pa": "68", "dt": "", "img": "https://www.mlbstatic.com/team-logos/121.svg", "team": "nym", "start": "", "in": "8", "result": "Forceout", "evo": "96.3", "la": "-10", "dist": "18"}, {"player": "kevin plawecki", "game": "cin @ nym", "gameIdx": 0, "hr/park": "", "pa": "67", "dt": "", "img": "https://www.mlbstatic.com/team-logos/121.svg", "team": "nym", "start": "", "in": "8", "result": "Pop Out", "evo": "", "la": "", "dist": ""}, {"player": "juan lagares", "game": "cin @ nym", "gameIdx": 0, "hr/park": "", "pa": "66", "dt": "", "img": "https://www.mlbstatic.com/team-logos/121.svg", "team": "nym", "start": "", "in": "8", "result": "Bunt Pop Out", "evo": "", "la": "", "dist": ""}, {"player": "wilmer flores", "game": "cin @ nym", "gameIdx": 0, "hr/park": "", "pa": "65", "dt": "", "img": "https://www.mlbstatic.com/team-logos/121.svg", "team": "nym", "start": "", "in": "8", "result": "Single", "evo": "", "la": "", "dist": ""}, {"player": "skip schumaker", "game": "cin @ nym", "gameIdx": 0, "hr/park": "", "pa": "64", "dt": "", "img": "https://www.mlbstatic.com/team-logos/113.svg", "team": "cin", "start": "", "in": "8", "result": "Groundout", "evo": "48.4", "la": "-78", "dist": "2"}, {"player": "marlon byrd", "game": "cin @ nym", "gameIdx": 0, "hr/park": "", "pa": "63", "dt": "", "img": "https://www.mlbstatic.com/team-logos/113.svg", "team": "cin", "start": "", "in": "8", "result": "Flyout", "evo": "78.4", "la": "56", "dist": "215"}, {"player": "jay bruce", "game": "cin @ nym", "gameIdx": 0, "hr/park": "4/30", "pa": "62", "dt": "", "img": "https://www.mlbstatic.com/team-logos/113.svg", "team": "cin", "start": "", "in": "8", "result": "Flyout", "evo": "101.4", "la": "35", "dist": "385"}, {"player": "michael cuddyer", "game": "cin @ nym", "gameIdx": 0, "hr/park": "", "pa": "61", "dt": "", "img": "https://www.mlbstatic.com/team-logos/121.svg", "team": "nym", "start": "", "in": "7", "result": "Strikeout", "evo": "", "la": "", "dist": ""}, {"player": "lucas duda", "game": "cin @ nym", "gameIdx": 0, "hr/park": "", "pa": "60", "dt": "", "img": "https://www.mlbstatic.com/team-logos/121.svg", "team": "nym", "start": "", "in": "7", "result": "Single", "evo": "37.5", "la": "-37", "dist": "6"}, {"player": "ruben tejada", "game": "cin @ nym", "gameIdx": 0, "hr/park": "", "pa": "59", "dt": "", "img": "https://www.mlbstatic.com/team-logos/121.svg", "team": "nym", "start": "", "in": "7", "result": "Lineout", "evo": "", "la": "", "dist": ""}, {"player": "todd frazier", "game": "cin @ nym", "gameIdx": 0, "hr/park": "", "pa": "58", "dt": "", "img": "https://www.mlbstatic.com/team-logos/113.svg", "team": "cin", "start": "", "in": "7", "result": "Pop Out", "evo": "", "la": "", "dist": ""}, {"player": "joey votto", "game": "cin @ nym", "gameIdx": 0, "hr/park": "", "pa": "57", "dt": "", "img": "https://www.mlbstatic.com/team-logos/113.svg", "team": "cin", "start": "", "in": "7", "result": "Walk", "evo": "", "la": "", "dist": ""}, {"player": "brandon phillips", "game": "cin @ nym", "gameIdx": 0, "hr/park": "", "pa": "56", "dt": "", "img": "https://www.mlbstatic.com/team-logos/113.svg", "team": "cin", "start": "", "in": "7", "result": "Lineout", "evo": "82.4", "la": "4", "dist": "87"}, {"player": "brayan pena", "game": "cin @ nym", "gameIdx": 0, "hr/park": "", "pa": "55", "dt": "", "img": "https://www.mlbstatic.com/team-logos/113.svg", "team": "cin", "start": "", "in": "7", "result": "Single", "evo": "76.3", "la": "10", "dist": "130"}, {"player": "tucker barnhart", "game": "cin @ nym", "gameIdx": 0, "hr/park": "", "pa": "54", "dt": "", "img": "https://www.mlbstatic.com/team-logos/113.svg", "team": "cin", "start": "", "in": "7", "result": "Single", "evo": "89.7", "la": "17", "dist": "283"}, {"player": "ivan de jesus", "game": "cin @ nym", "gameIdx": 0, "hr/park": "", "pa": "53", "dt": "", "img": "https://www.mlbstatic.com/team-logos/113.svg", "team": "cin", "start": "", "in": "7", "result": "Groundout", "evo": "75.4", "la": "-6", "dist": "23"}, {"player": "curtis granderson", "game": "cin @ nym", "gameIdx": 0, "hr/park": "0/30", "pa": "52", "dt": "", "img": "https://www.mlbstatic.com/team-logos/121.svg", "team": "nym", "start": "", "in": "6", "result": "Flyout", "evo": "86.7", "la": "29", "dist": "324"}, {"player": "dilson herrera", "game": "cin @ nym", "gameIdx": 0, "hr/park": "", "pa": "51", "dt": "", "img": "https://www.mlbstatic.com/team-logos/121.svg", "team": "nym", "start": "", "in": "6", "result": "Walk", "evo": "", "la": "", "dist": ""}, {"player": "darrell ceciliani", "game": "cin @ nym", "gameIdx": 0, "hr/park": "", "pa": "50", "dt": "", "img": "https://www.mlbstatic.com/team-logos/121.svg", "team": "nym", "start": "", "in": "6", "result": "Walk", "evo": "", "la": "", "dist": ""}, {"player": "kevin plawecki", "game": "cin @ nym", "gameIdx": 0, "hr/park": "", "pa": "49", "dt": "", "img": "https://www.mlbstatic.com/team-logos/121.svg", "team": "nym", "start": "", "in": "6", "result": "Groundout", "evo": "", "la": "", "dist": ""}, {"player": "juan lagares", "game": "cin @ nym", "gameIdx": 0, "hr/park": "", "pa": "48", "dt": "", "img": "https://www.mlbstatic.com/team-logos/121.svg", "team": "nym", "start": "", "in": "6", "result": "Forceout", "evo": "", "la": "", "dist": ""}, {"player": "wilmer flores", "game": "cin @ nym", "gameIdx": 0, "hr/park": "", "pa": "47", "dt": "", "img": "https://www.mlbstatic.com/team-logos/121.svg", "team": "nym", "start": "", "in": "6", "result": "Single", "evo": "88.6", "la": "10", "dist": "205"}, {"player": "skip schumaker", "game": "cin @ nym", "gameIdx": 0, "hr/park": "", "pa": "46", "dt": "", "img": "https://www.mlbstatic.com/team-logos/113.svg", "team": "cin", "start": "", "in": "6", "result": "Lineout", "evo": "83.1", "la": "28", "dist": "282"}, {"player": "marlon byrd", "game": "cin @ nym", "gameIdx": 0, "hr/park": "", "pa": "45", "dt": "", "img": "https://www.mlbstatic.com/team-logos/113.svg", "team": "cin", "start": "", "in": "6", "result": "GIDP", "evo": "96.1", "la": "-8", "dist": "20"}, {"player": "jay bruce", "game": "cin @ nym", "gameIdx": 0, "hr/park": "", "pa": "44", "dt": "", "img": "https://www.mlbstatic.com/team-logos/113.svg", "team": "cin", "start": "", "in": "6", "result": "Single", "evo": "85.1", "la": "25", "dist": "279"}, {"player": "michael cuddyer", "game": "cin @ nym", "gameIdx": 0, "hr/park": "", "pa": "43", "dt": "", "img": "https://www.mlbstatic.com/team-logos/121.svg", "team": "nym", "start": "", "in": "5", "result": "Forceout", "evo": "81.0", "la": "-9", "dist": "12"}, {"player": "lucas duda", "game": "cin @ nym", "gameIdx": 0, "hr/park": "", "pa": "42", "dt": "", "img": "https://www.mlbstatic.com/team-logos/121.svg", "team": "nym", "start": "", "in": "5", "result": "Single", "evo": "97.2", "la": "11", "dist": "252"}, {"player": "ruben tejada", "game": "cin @ nym", "gameIdx": 0, "hr/park": "", "pa": "41", "dt": "", "img": "https://www.mlbstatic.com/team-logos/121.svg", "team": "nym", "start": "", "in": "5", "result": "Lineout", "evo": "84.9", "la": "9", "dist": "137"}, {"player": "curtis granderson", "game": "cin @ nym", "gameIdx": 0, "hr/park": "", "pa": "40", "dt": "", "img": "https://www.mlbstatic.com/team-logos/121.svg", "team": "nym", "start": "", "in": "5", "result": "Walk", "evo": "", "la": "", "dist": ""}, {"player": "dilson herrera", "game": "cin @ nym", "gameIdx": 0, "hr/park": "", "pa": "39", "dt": "", "img": "https://www.mlbstatic.com/team-logos/121.svg", "team": "nym", "start": "", "in": "5", "result": "Strikeout", "evo": "", "la": "", "dist": ""}, {"player": "todd frazier", "game": "cin @ nym", "gameIdx": 0, "hr/park": "", "pa": "38", "dt": "", "img": "https://www.mlbstatic.com/team-logos/113.svg", "team": "cin", "start": "", "in": "5", "result": "Strikeout", "evo": "", "la": "", "dist": ""}, {"player": "joey votto", "game": "cin @ nym", "gameIdx": 0, "hr/park": "", "pa": "37", "dt": "", "img": "https://www.mlbstatic.com/team-logos/113.svg", "team": "cin", "start": "", "in": "5", "result": "Strikeout", "evo": "", "la": "", "dist": ""}, {"player": "brandon phillips", "game": "cin @ nym", "gameIdx": 0, "hr/park": "", "pa": "36", "dt": "", "img": "https://www.mlbstatic.com/team-logos/113.svg", "team": "cin", "start": "", "in": "5", "result": "Double", "evo": "101.5", "la": "7", "dist": "225"}, {"player": "michael lorenzen", "game": "cin @ nym", "gameIdx": 0, "hr/park": "", "pa": "35", "dt": "", "img": "https://www.mlbstatic.com/team-logos/113.svg", "team": "cin", "start": "", "in": "5", "result": "Sac Bunt", "evo": "", "la": "", "dist": ""}, {"player": "tucker barnhart", "game": "cin @ nym", "gameIdx": 0, "hr/park": "", "pa": "34", "dt": "", "img": "https://www.mlbstatic.com/team-logos/113.svg", "team": "cin", "start": "", "in": "5", "result": "Field Error", "evo": "76.2", "la": "46", "dist": "239"}, {"player": "matt harvey", "game": "cin @ nym", "gameIdx": 0, "hr/park": "", "pa": "33", "dt": "", "img": "https://www.mlbstatic.com/team-logos/121.svg", "team": "nym", "start": "", "in": "4", "result": "Strikeout", "evo": "", "la": "", "dist": ""}, {"player": "kevin plawecki", "game": "cin @ nym", "gameIdx": 0, "hr/park": "", "pa": "32", "dt": "", "img": "https://www.mlbstatic.com/team-logos/121.svg", "team": "nym", "start": "", "in": "4", "result": "Intent Walk", "evo": "", "la": "", "dist": ""}, {"player": "juan lagares", "game": "cin @ nym", "gameIdx": 0, "hr/park": "", "pa": "31", "dt": "", "img": "https://www.mlbstatic.com/team-logos/121.svg", "team": "nym", "start": "", "in": "4", "result": "Groundout", "evo": "100.0", "la": "1", "dist": "77"}, {"player": "wilmer flores", "game": "cin @ nym", "gameIdx": 0, "hr/park": "", "pa": "30", "dt": "", "img": "https://www.mlbstatic.com/team-logos/121.svg", "team": "nym", "start": "", "in": "4", "result": "Strikeout", "evo": "", "la": "", "dist": ""}, {"player": "michael cuddyer", "game": "cin @ nym", "gameIdx": 0, "hr/park": "", "pa": "29", "dt": "", "img": "https://www.mlbstatic.com/team-logos/121.svg", "team": "nym", "start": "", "in": "4", "result": "Double", "evo": "96.0", "la": "-5", "dist": "22"}, {"player": "ivan de jesus", "game": "cin @ nym", "gameIdx": 0, "hr/park": "0/30", "pa": "28", "dt": "", "img": "https://www.mlbstatic.com/team-logos/113.svg", "team": "cin", "start": "", "in": "4", "result": "Flyout", "evo": "93.4", "la": "27", "dist": "317"}, {"player": "skip schumaker", "game": "cin @ nym", "gameIdx": 0, "hr/park": "", "pa": "27", "dt": "", "img": "https://www.mlbstatic.com/team-logos/113.svg", "team": "cin", "start": "", "in": "4", "result": "Walk", "evo": "", "la": "", "dist": ""}, {"player": "marlon byrd", "game": "cin @ nym", "gameIdx": 0, "hr/park": "0/30", "pa": "26", "dt": "", "img": "https://www.mlbstatic.com/team-logos/113.svg", "team": "cin", "start": "", "in": "4", "result": "Lineout", "evo": "101.7", "la": "17", "dist": "321"}, {"player": "jay bruce", "game": "cin @ nym", "gameIdx": 0, "hr/park": "", "pa": "25", "dt": "", "img": "https://www.mlbstatic.com/team-logos/113.svg", "team": "cin", "start": "", "in": "4", "result": "Groundout", "evo": "79.0", "la": "-29", "dist": "7"}, {"player": "lucas duda", "game": "cin @ nym", "gameIdx": 0, "hr/park": "", "pa": "24", "dt": "", "img": "https://www.mlbstatic.com/team-logos/121.svg", "team": "nym", "start": "", "in": "3", "result": "Flyout", "evo": "90.3", "la": "49", "dist": "286"}, {"player": "ruben tejada", "game": "cin @ nym", "gameIdx": 0, "hr/park": "7/30", "pa": "23", "dt": "", "img": "https://www.mlbstatic.com/team-logos/121.svg", "team": "nym", "start": "", "in": "3", "result": "Double", "evo": "99.0", "la": "24", "dist": "407"}, {"player": "curtis granderson", "game": "cin @ nym", "gameIdx": 0, "hr/park": "2/30", "pa": "22", "dt": "", "img": "https://www.mlbstatic.com/team-logos/121.svg", "team": "nym", "start": "", "in": "3", "result": "Home Run", "evo": "101.9", "la": "32", "dist": "360"}, {"player": "dilson herrera", "game": "cin @ nym", "gameIdx": 0, "hr/park": "0/30", "pa": "21", "dt": "", "img": "https://www.mlbstatic.com/team-logos/121.svg", "team": "nym", "start": "", "in": "3", "result": "Lineout", "evo": "84.9", "la": "24", "dist": "305"}, {"player": "matt harvey", "game": "cin @ nym", "gameIdx": 0, "hr/park": "0/30", "pa": "20", "dt": "", "img": "https://www.mlbstatic.com/team-logos/121.svg", "team": "nym", "start": "", "in": "3", "result": "Lineout", "evo": "104.8", "la": "14", "dist": "343"}, {"player": "todd frazier", "game": "cin @ nym", "gameIdx": 0, "hr/park": "", "pa": "19", "dt": "", "img": "https://www.mlbstatic.com/team-logos/113.svg", "team": "cin", "start": "", "in": "3", "result": "Groundout", "evo": "97.6", "la": "3", "dist": "93"}, {"player": "joey votto", "game": "cin @ nym", "gameIdx": 0, "hr/park": "", "pa": "18", "dt": "", "img": "https://www.mlbstatic.com/team-logos/113.svg", "team": "cin", "start": "", "in": "3", "result": "Strikeout", "evo": "", "la": "", "dist": ""}, {"player": "brandon phillips", "game": "cin @ nym", "gameIdx": 0, "hr/park": "", "pa": "17", "dt": "", "img": "https://www.mlbstatic.com/team-logos/113.svg", "team": "cin", "start": "", "in": "3", "result": "Groundout", "evo": "70.6", "la": "-46", "dist": "4"}, {"player": "kevin plawecki", "game": "cin @ nym", "gameIdx": 0, "hr/park": "", "pa": "16", "dt": "", "img": "https://www.mlbstatic.com/team-logos/121.svg", "team": "nym", "start": "", "in": "2", "result": "Flyout", "evo": "87.6", "la": "49", "dist": "258"}, {"player": "juan lagares", "game": "cin @ nym", "gameIdx": 0, "hr/park": "", "pa": "15", "dt": "", "img": "https://www.mlbstatic.com/team-logos/121.svg", "team": "nym", "start": "", "in": "2", "result": "Groundout", "evo": "78.9", "la": "-31", "dist": "4"}, {"player": "wilmer flores", "game": "cin @ nym", "gameIdx": 0, "hr/park": "", "pa": "14", "dt": "", "img": "https://www.mlbstatic.com/team-logos/121.svg", "team": "nym", "start": "", "in": "2", "result": "Pop Out", "evo": "", "la": "", "dist": ""}, {"player": "michael lorenzen", "game": "cin @ nym", "gameIdx": 0, "hr/park": "0/30", "pa": "13", "dt": "", "img": "https://www.mlbstatic.com/team-logos/113.svg", "team": "cin", "start": "", "in": "2", "result": "Flyout", "evo": "98.7", "la": "33", "dist": "347"}, {"player": "tucker barnhart", "game": "cin @ nym", "gameIdx": 0, "hr/park": "", "pa": "12", "dt": "", "img": "https://www.mlbstatic.com/team-logos/113.svg", "team": "cin", "start": "", "in": "2", "result": "Intent Walk", "evo": "", "la": "", "dist": ""}, {"player": "ivan de jesus", "game": "cin @ nym", "gameIdx": 0, "hr/park": "", "pa": "11", "dt": "", "img": "https://www.mlbstatic.com/team-logos/113.svg", "team": "cin", "start": "", "in": "2", "result": "Lineout", "evo": "98.4", "la": "11", "dist": "250"}, {"player": "skip schumaker", "game": "cin @ nym", "gameIdx": 0, "hr/park": "0/30", "pa": "10", "dt": "", "img": "https://www.mlbstatic.com/team-logos/113.svg", "team": "cin", "start": "", "in": "2", "result": "Double", "evo": "101.9", "la": "20", "dist": "375"}, {"player": "marlon byrd", "game": "cin @ nym", "gameIdx": 0, "hr/park": "", "pa": "9", "dt": "", "img": "https://www.mlbstatic.com/team-logos/113.svg", "team": "cin", "start": "", "in": "2", "result": "Single", "evo": "82.9", "la": "11", "dist": "136"}, {"player": "jay bruce", "game": "cin @ nym", "gameIdx": 0, "hr/park": "0/30", "pa": "8", "dt": "", "img": "https://www.mlbstatic.com/team-logos/113.svg", "team": "cin", "start": "", "in": "2", "result": "Flyout", "evo": "90.3", "la": "28", "dist": "349"}, {"player": "michael cuddyer", "game": "cin @ nym", "gameIdx": 0, "hr/park": "", "pa": "7", "dt": "", "img": "https://www.mlbstatic.com/team-logos/121.svg", "team": "nym", "start": "", "in": "1", "result": "Lineout", "evo": "100.5", "la": "15", "dist": "286"}, {"player": "lucas duda", "game": "cin @ nym", "gameIdx": 0, "hr/park": "", "pa": "6", "dt": "", "img": "https://www.mlbstatic.com/team-logos/121.svg", "team": "nym", "start": "", "in": "1", "result": "Strikeout", "evo": "", "la": "", "dist": ""}, {"player": "ruben tejada", "game": "cin @ nym", "gameIdx": 0, "hr/park": "", "pa": "5", "dt": "", "img": "https://www.mlbstatic.com/team-logos/121.svg", "team": "nym", "start": "", "in": "1", "result": "Groundout", "evo": "84.8", "la": "-8", "dist": "19"}, {"player": "curtis granderson", "game": "cin @ nym", "gameIdx": 0, "hr/park": "", "pa": "4", "dt": "", "img": "https://www.mlbstatic.com/team-logos/121.svg", "team": "nym", "start": "", "in": "1", "result": "Double", "evo": "89.0", "la": "17", "dist": "294"}, {"player": "todd frazier", "game": "cin @ nym", "gameIdx": 0, "hr/park": "", "pa": "3", "dt": "", "img": "https://www.mlbstatic.com/team-logos/113.svg", "team": "cin", "start": "", "in": "1", "result": "Flyout", "evo": "91.7", "la": "54", "dist": "279"}, {"player": "joey votto", "game": "cin @ nym", "gameIdx": 0, "hr/park": "", "pa": "2", "dt": "", "img": "https://www.mlbstatic.com/team-logos/113.svg", "team": "cin", "start": "", "in": "1", "result": "Lineout", "evo": "91.1", "la": "23", "dist": "299"}, {"player": "brandon phillips", "game": "cin @ nym", "gameIdx": 0, "hr/park": "", "pa": "1", "dt": "", "img": "https://www.mlbstatic.com/team-logos/113.svg", "team": "cin", "start": "", "in": "1", "result": "Pop Out", "evo": "", "la": "", "dist": ""}], "bos @ tb": [], "lad @ mia": [], "cle @ bal": [], "atl @ pit": [], "nyy @ hou": [], "min @ mil": [], "sea @ laa": [], "kc @ ath": [], "col @ sf": [], "ari @ sd": [], "chc @ stl": []}