{"all": {"pitchers": "9", "batters": "25", "pitches": "293", "max velomax pitch velocity": "", "min velomin pitch velocity": "", "ff%fourseam fastball %": "0.0", "si%sinker %": "0.0", "fc%cutter %": "0.0", "fs%splitter %": "0.0", "ch%changeup %": "0.0", "sl%slider %": "0.0", "cu%curve %": "0.0", "max evmax exit velocity": "", "hhhard hit": "", "hh%hard hit %": "", "brlbarrels": "", "brl%barrel %": "", "ab": "70", "avg": ".286", "h": "20", "1b": "13", "2b": "5", "3b": "0", "hr": "2", "so": "16", "bipballs in play": "57", "liveGames": 0, "totGames": 15}, "det @ bal": [], "atl @ phi": [], "kc @ tor": [], "wsh @ nym": [], "pit @ cin": [], "tb @ bos": [], "sd @ mia": [], "sf @ tex": [], "ari @ hou": [], "sea @ min": [], "nyy @ chw": [], "chc @ mil": [], "col @ stl": [{"player": "brandon barnes", "game": "col @ stl", "gameIdx": 0, "hr/park": "", "pa": "77", "dt": "", "img": "https://www.mlbstatic.com/team-logos/115.svg", "team": "col", "start": "", "in": "9", "result": "Pop Out", "evo": "", "la": "", "dist": ""}, {"player": "nick hundley", "game": "col @ stl", "gameIdx": 0, "hr/park": "", "pa": "76", "dt": "", "img": "https://www.mlbstatic.com/team-logos/115.svg", "team": "col", "start": "", "in": "9", "result": "Strikeout", "evo": "", "la": "", "dist": ""}, {"player": "ben paulsen", "game": "col @ stl", "gameIdx": 0, "hr/park": "", "pa": "75", "dt": "", "img": "https://www.mlbstatic.com/team-logos/115.svg", "team": "col", "start": "", "in": "9", "result": "Single", "evo": "", "la": "", "dist": ""}, {"player": "drew stubbs", "game": "col @ stl", "gameIdx": 0, "hr/park": "", "pa": "74", "dt": "", "img": "https://www.mlbstatic.com/team-logos/115.svg", "team": "col", "start": "", "in": "9", "result": "Strikeout", "evo": "", "la": "", "dist": ""}, {"player": "nolan arenado", "game": "col @ stl", "gameIdx": 0, "hr/park": "", "pa": "73", "dt": "", "img": "https://www.mlbstatic.com/team-logos/115.svg", "team": "col", "start": "", "in": "9", "result": "Field Error", "evo": "", "la": "", "dist": ""}, {"player": "pete kozma", "game": "col @ stl", "gameIdx": 0, "hr/park": "", "pa": "72", "dt": "", "img": "https://www.mlbstatic.com/team-logos/138.svg", "team": "stl", "start": "", "in": "8", "result": "Lineout", "evo": "", "la": "", "dist": ""}, {"player": "peter bourjos", "game": "col @ stl", "gameIdx": 0, "hr/park": "", "pa": "71", "dt": "", "img": "https://www.mlbstatic.com/team-logos/138.svg", "team": "stl", "start": "", "in": "8", "result": "Strikeout", "evo": "", "la": "", "dist": ""}, {"player": "tony cruz", "game": "col @ stl", "gameIdx": 0, "hr/park": "", "pa": "70", "dt": "", "img": "https://www.mlbstatic.com/team-logos/138.svg", "team": "stl", "start": "", "in": "8", "result": "Strikeout", "evo": "", "la": "", "dist": ""}, {"player": "carlos gonzalez", "game": "col @ stl", "gameIdx": 0, "hr/park": "", "pa": "69", "dt": "", "img": "https://www.mlbstatic.com/team-logos/115.svg", "team": "col", "start": "", "in": "8", "result": "Groundout", "evo": "", "la": "", "dist": ""}, {"player": "jose reyes", "game": "col @ stl", "gameIdx": 0, "hr/park": "", "pa": "68", "dt": "", "img": "https://www.mlbstatic.com/team-logos/115.svg", "team": "col", "start": "", "in": "8", "result": "Groundout", "evo": "", "la": "", "dist": ""}, {"player": "charlie blackmon", "game": "col @ stl", "gameIdx": 0, "hr/park": "", "pa": "67", "dt": "", "img": "https://www.mlbstatic.com/team-logos/115.svg", "team": "col", "start": "", "in": "8", "result": "Forceout", "evo": "", "la": "", "dist": ""}, {"player": "daniel descalso", "game": "col @ stl", "gameIdx": 0, "hr/park": "", "pa": "66", "dt": "", "img": "https://www.mlbstatic.com/team-logos/115.svg", "team": "col", "start": "", "in": "8", "result": "Single", "evo": "", "la": "", "dist": ""}, {"player": "kolten wong", "game": "col @ stl", "gameIdx": 0, "hr/park": "", "pa": "65", "dt": "", "img": "https://www.mlbstatic.com/team-logos/138.svg", "team": "stl", "start": "", "in": "7", "result": "Strikeout", "evo": "", "la": "", "dist": ""}, {"player": "stephen piscotty", "game": "col @ stl", "gameIdx": 0, "hr/park": "", "pa": "64", "dt": "", "img": "https://www.mlbstatic.com/team-logos/138.svg", "team": "stl", "start": "", "in": "7", "result": "Walk", "evo": "", "la": "", "dist": ""}, {"player": "matt carpenter", "game": "col @ stl", "gameIdx": 0, "hr/park": "", "pa": "63", "dt": "", "img": "https://www.mlbstatic.com/team-logos/138.svg", "team": "stl", "start": "", "in": "7", "result": "Groundout", "evo": "", "la": "", "dist": ""}, {"player": "greg garcia", "game": "col @ stl", "gameIdx": 0, "hr/park": "", "pa": "62", "dt": "", "img": "https://www.mlbstatic.com/team-logos/138.svg", "team": "stl", "start": "", "in": "7", "result": "Double", "evo": "", "la": "", "dist": ""}, {"player": "randal grichuk", "game": "col @ stl", "gameIdx": 0, "hr/park": "", "pa": "61", "dt": "", "img": "https://www.mlbstatic.com/team-logos/138.svg", "team": "stl", "start": "", "in": "7", "result": "Strikeout", "evo": "", "la": "", "dist": ""}, {"player": "brandon barnes", "game": "col @ stl", "gameIdx": 0, "hr/park": "", "pa": "60", "dt": "", "img": "https://www.mlbstatic.com/team-logos/115.svg", "team": "col", "start": "", "in": "7", "result": "Strikeout", "evo": "", "la": "", "dist": ""}, {"player": "nick hundley", "game": "col @ stl", "gameIdx": 0, "hr/park": "", "pa": "59", "dt": "", "img": "https://www.mlbstatic.com/team-logos/115.svg", "team": "col", "start": "", "in": "7", "result": "Pop Out", "evo": "", "la": "", "dist": ""}, {"player": "ben paulsen", "game": "col @ stl", "gameIdx": 0, "hr/park": "", "pa": "58", "dt": "", "img": "https://www.mlbstatic.com/team-logos/115.svg", "team": "col", "start": "", "in": "7", "result": "Strikeout", "evo": "", "la": "", "dist": ""}, {"player": "brandon moss", "game": "col @ stl", "gameIdx": 0, "hr/park": "", "pa": "57", "dt": "", "img": "https://www.mlbstatic.com/team-logos/138.svg", "team": "stl", "start": "", "in": "6", "result": "Groundout", "evo": "", "la": "", "dist": ""}, {"player": "yadier molina", "game": "col @ stl", "gameIdx": 0, "hr/park": "", "pa": "56", "dt": "", "img": "https://www.mlbstatic.com/team-logos/138.svg", "team": "stl", "start": "", "in": "6", "result": "Walk", "evo": "", "la": "", "dist": ""}, {"player": "jason heyward", "game": "col @ stl", "gameIdx": 0, "hr/park": "", "pa": "55", "dt": "", "img": "https://www.mlbstatic.com/team-logos/138.svg", "team": "stl", "start": "", "in": "6", "result": "Single", "evo": "", "la": "", "dist": ""}, {"player": "jhonny peralta", "game": "col @ stl", "gameIdx": 0, "hr/park": "", "pa": "54", "dt": "", "img": "https://www.mlbstatic.com/team-logos/138.svg", "team": "stl", "start": "", "in": "6", "result": "Home Run", "evo": "", "la": "", "dist": ""}, {"player": "kolten wong", "game": "col @ stl", "gameIdx": 0, "hr/park": "", "pa": "53", "dt": "", "img": "https://www.mlbstatic.com/team-logos/138.svg", "team": "stl", "start": "", "in": "6", "result": "Single", "evo": "", "la": "", "dist": ""}, {"player": "stephen piscotty", "game": "col @ stl", "gameIdx": 0, "hr/park": "", "pa": "52", "dt": "", "img": "https://www.mlbstatic.com/team-logos/138.svg", "team": "stl", "start": "", "in": "6", "result": "Double", "evo": "", "la": "", "dist": ""}, {"player": "matt carpenter", "game": "col @ stl", "gameIdx": 0, "hr/park": "", "pa": "51", "dt": "", "img": "https://www.mlbstatic.com/team-logos/138.svg", "team": "stl", "start": "", "in": "6", "result": "Groundout", "evo": "", "la": "", "dist": ""}, {"player": "michael wacha", "game": "col @ stl", "gameIdx": 0, "hr/park": "", "pa": "50", "dt": "", "img": "https://www.mlbstatic.com/team-logos/138.svg", "team": "stl", "start": "", "in": "6", "result": "Walk", "evo": "", "la": "", "dist": ""}, {"player": "randal grichuk", "game": "col @ stl", "gameIdx": 0, "hr/park": "", "pa": "49", "dt": "", "img": "https://www.mlbstatic.com/team-logos/138.svg", "team": "stl", "start": "", "in": "6", "result": "Double", "evo": "", "la": "", "dist": ""}, {"player": "brandon moss", "game": "col @ stl", "gameIdx": 0, "hr/park": "", "pa": "48", "dt": "", "img": "https://www.mlbstatic.com/team-logos/138.svg", "team": "stl", "start": "", "in": "6", "result": "Lineout", "evo": "", "la": "", "dist": ""}, {"player": "dj lemahieu", "game": "col @ stl", "gameIdx": 0, "hr/park": "", "pa": "47", "dt": "", "img": "https://www.mlbstatic.com/team-logos/115.svg", "team": "col", "start": "", "in": "6", "result": "Lineout", "evo": "", "la": "", "dist": ""}, {"player": "nolan arenado", "game": "col @ stl", "gameIdx": 0, "hr/park": "", "pa": "46", "dt": "", "img": "https://www.mlbstatic.com/team-logos/115.svg", "team": "col", "start": "", "in": "6", "result": "Flyout", "evo": "", "la": "", "dist": ""}, {"player": "carlos gonzalez", "game": "col @ stl", "gameIdx": 0, "hr/park": "", "pa": "45", "dt": "", "img": "https://www.mlbstatic.com/team-logos/115.svg", "team": "col", "start": "", "in": "6", "result": "Walk", "evo": "", "la": "", "dist": ""}, {"player": "jose reyes", "game": "col @ stl", "gameIdx": 0, "hr/park": "", "pa": "44", "dt": "", "img": "https://www.mlbstatic.com/team-logos/115.svg", "team": "col", "start": "", "in": "6", "result": "Strikeout", "evo": "", "la": "", "dist": ""}, {"player": "yadier molina", "game": "col @ stl", "gameIdx": 0, "hr/park": "", "pa": "43", "dt": "", "img": "https://www.mlbstatic.com/team-logos/138.svg", "team": "stl", "start": "", "in": "5", "result": "Strikeout", "evo": "", "la": "", "dist": ""}, {"player": "jason heyward", "game": "col @ stl", "gameIdx": 0, "hr/park": "", "pa": "42", "dt": "", "img": "https://www.mlbstatic.com/team-logos/138.svg", "team": "stl", "start": "", "in": "5", "result": "Single", "evo": "", "la": "", "dist": ""}, {"player": "jhonny peralta", "game": "col @ stl", "gameIdx": 0, "hr/park": "", "pa": "41", "dt": "", "img": "https://www.mlbstatic.com/team-logos/138.svg", "team": "stl", "start": "", "in": "5", "result": "Groundout", "evo": "", "la": "", "dist": ""}, {"player": "kolten wong", "game": "col @ stl", "gameIdx": 0, "hr/park": "", "pa": "40", "dt": "", "img": "https://www.mlbstatic.com/team-logos/138.svg", "team": "stl", "start": "", "in": "5", "result": "Lineout", "evo": "", "la": "", "dist": ""}, {"player": "charlie blackmon", "game": "col @ stl", "gameIdx": 0, "hr/park": "", "pa": "39", "dt": "", "img": "https://www.mlbstatic.com/team-logos/115.svg", "team": "col", "start": "", "in": "5", "result": "Groundout", "evo": "", "la": "", "dist": ""}, {"player": "chris rusin", "game": "col @ stl", "gameIdx": 0, "hr/park": "", "pa": "38", "dt": "", "img": "https://www.mlbstatic.com/team-logos/115.svg", "team": "col", "start": "", "in": "5", "result": "Sac Bunt", "evo": "", "la": "", "dist": ""}, {"player": "brandon barnes", "game": "col @ stl", "gameIdx": 0, "hr/park": "", "pa": "37", "dt": "", "img": "https://www.mlbstatic.com/team-logos/115.svg", "team": "col", "start": "", "in": "5", "result": "Single", "evo": "", "la": "", "dist": ""}, {"player": "nick hundley", "game": "col @ stl", "gameIdx": 0, "hr/park": "", "pa": "36", "dt": "", "img": "https://www.mlbstatic.com/team-logos/115.svg", "team": "col", "start": "", "in": "5", "result": "Strikeout", "evo": "", "la": "", "dist": ""}, {"player": "stephen piscotty", "game": "col @ stl", "gameIdx": 0, "hr/park": "", "pa": "35", "dt": "", "img": "https://www.mlbstatic.com/team-logos/138.svg", "team": "stl", "start": "", "in": "4", "result": "Strikeout", "evo": "", "la": "", "dist": ""}, {"player": "matt carpenter", "game": "col @ stl", "gameIdx": 0, "hr/park": "", "pa": "34", "dt": "", "img": "https://www.mlbstatic.com/team-logos/138.svg", "team": "stl", "start": "", "in": "4", "result": "Intent Walk", "evo": "", "la": "", "dist": ""}, {"player": "michael wacha", "game": "col @ stl", "gameIdx": 0, "hr/park": "", "pa": "33", "dt": "", "img": "https://www.mlbstatic.com/team-logos/138.svg", "team": "stl", "start": "", "in": "4", "result": "Sac Bunt", "evo": "", "la": "", "dist": ""}, {"player": "randal grichuk", "game": "col @ stl", "gameIdx": 0, "hr/park": "", "pa": "32", "dt": "", "img": "https://www.mlbstatic.com/team-logos/138.svg", "team": "stl", "start": "", "in": "4", "result": "Single", "evo": "", "la": "", "dist": ""}, {"player": "brandon moss", "game": "col @ stl", "gameIdx": 0, "hr/park": "", "pa": "31", "dt": "", "img": "https://www.mlbstatic.com/team-logos/138.svg", "team": "stl", "start": "", "in": "4", "result": "Lineout", "evo": "", "la": "", "dist": ""}, {"player": "yadier molina", "game": "col @ stl", "gameIdx": 0, "hr/park": "", "pa": "30", "dt": "", "img": "https://www.mlbstatic.com/team-logos/138.svg", "team": "stl", "start": "", "in": "4", "result": "Single", "evo": "", "la": "", "dist": ""}, {"player": "ben paulsen", "game": "col @ stl", "gameIdx": 0, "hr/park": "", "pa": "29", "dt": "", "img": "https://www.mlbstatic.com/team-logos/115.svg", "team": "col", "start": "", "in": "4", "result": "Strikeout", "evo": "", "la": "", "dist": ""}, {"player": "dj lemahieu", "game": "col @ stl", "gameIdx": 0, "hr/park": "", "pa": "28", "dt": "", "img": "https://www.mlbstatic.com/team-logos/115.svg", "team": "col", "start": "", "in": "4", "result": "Strikeout", "evo": "", "la": "", "dist": ""}, {"player": "nolan arenado", "game": "col @ stl", "gameIdx": 0, "hr/park": "", "pa": "27", "dt": "", "img": "https://www.mlbstatic.com/team-logos/115.svg", "team": "col", "start": "", "in": "4", "result": "Pop Out", "evo": "", "la": "", "dist": ""}, {"player": "jason heyward", "game": "col @ stl", "gameIdx": 0, "hr/park": "", "pa": "26", "dt": "", "img": "https://www.mlbstatic.com/team-logos/138.svg", "team": "stl", "start": "", "in": "3", "result": "Flyout", "evo": "", "la": "", "dist": ""}, {"player": "jhonny peralta", "game": "col @ stl", "gameIdx": 0, "hr/park": "", "pa": "25", "dt": "", "img": "https://www.mlbstatic.com/team-logos/138.svg", "team": "stl", "start": "", "in": "3", "result": "Groundout", "evo": "", "la": "", "dist": ""}, {"player": "kolten wong", "game": "col @ stl", "gameIdx": 0, "hr/park": "", "pa": "24", "dt": "", "img": "https://www.mlbstatic.com/team-logos/138.svg", "team": "stl", "start": "", "in": "3", "result": "Lineout", "evo": "", "la": "", "dist": ""}, {"player": "carlos gonzalez", "game": "col @ stl", "gameIdx": 0, "hr/park": "", "pa": "23", "dt": "", "img": "https://www.mlbstatic.com/team-logos/115.svg", "team": "col", "start": "", "in": "3", "result": "Groundout", "evo": "", "la": "", "dist": ""}, {"player": "jose reyes", "game": "col @ stl", "gameIdx": 0, "hr/park": "", "pa": "22", "dt": "", "img": "https://www.mlbstatic.com/team-logos/115.svg", "team": "col", "start": "", "in": "3", "result": "Groundout", "evo": "", "la": "", "dist": ""}, {"player": "charlie blackmon", "game": "col @ stl", "gameIdx": 0, "hr/park": "", "pa": "21", "dt": "", "img": "https://www.mlbstatic.com/team-logos/115.svg", "team": "col", "start": "", "in": "3", "result": "Groundout", "evo": "", "la": "", "dist": ""}, {"player": "aaron laffey", "game": "col @ stl", "gameIdx": 0, "hr/park": "", "pa": "20", "dt": "", "img": "https://www.mlbstatic.com/team-logos/115.svg", "team": "col", "start": "", "in": "3", "result": "Single", "evo": "", "la": "", "dist": ""}, {"player": "stephen piscotty", "game": "col @ stl", "gameIdx": 0, "hr/park": "", "pa": "19", "dt": "", "img": "https://www.mlbstatic.com/team-logos/138.svg", "team": "stl", "start": "", "in": "2", "result": "Strikeout", "evo": "", "la": "", "dist": ""}, {"player": "matt carpenter", "game": "col @ stl", "gameIdx": 0, "hr/park": "", "pa": "18", "dt": "", "img": "https://www.mlbstatic.com/team-logos/138.svg", "team": "stl", "start": "", "in": "2", "result": "Double", "evo": "", "la": "", "dist": ""}, {"player": "michael wacha", "game": "col @ stl", "gameIdx": 0, "hr/park": "", "pa": "17", "dt": "", "img": "https://www.mlbstatic.com/team-logos/138.svg", "team": "stl", "start": "", "in": "2", "result": "Groundout", "evo": "", "la": "", "dist": ""}, {"player": "randal grichuk", "game": "col @ stl", "gameIdx": 0, "hr/park": "", "pa": "16", "dt": "", "img": "https://www.mlbstatic.com/team-logos/138.svg", "team": "stl", "start": "", "in": "2", "result": "Flyout", "evo": "", "la": "", "dist": ""}, {"player": "brandon barnes", "game": "col @ stl", "gameIdx": 0, "hr/park": "", "pa": "15", "dt": "", "img": "https://www.mlbstatic.com/team-logos/115.svg", "team": "col", "start": "", "in": "2", "result": "Groundout", "evo": "", "la": "", "dist": ""}, {"player": "nick hundley", "game": "col @ stl", "gameIdx": 0, "hr/park": "", "pa": "14", "dt": "", "img": "https://www.mlbstatic.com/team-logos/115.svg", "team": "col", "start": "", "in": "2", "result": "Flyout", "evo": "", "la": "", "dist": ""}, {"player": "ben paulsen", "game": "col @ stl", "gameIdx": 0, "hr/park": "", "pa": "13", "dt": "", "img": "https://www.mlbstatic.com/team-logos/115.svg", "team": "col", "start": "", "in": "2", "result": "Strikeout", "evo": "", "la": "", "dist": ""}, {"player": "dj lemahieu", "game": "col @ stl", "gameIdx": 0, "hr/park": "", "pa": "12", "dt": "", "img": "https://www.mlbstatic.com/team-logos/115.svg", "team": "col", "start": "", "in": "2", "result": "Single", "evo": "", "la": "", "dist": ""}, {"player": "brandon moss", "game": "col @ stl", "gameIdx": 0, "hr/park": "", "pa": "11", "dt": "", "img": "https://www.mlbstatic.com/team-logos/138.svg", "team": "stl", "start": "", "in": "1", "result": "Lineout", "evo": "", "la": "", "dist": ""}, {"player": "yadier molina", "game": "col @ stl", "gameIdx": 0, "hr/park": "", "pa": "10", "dt": "", "img": "https://www.mlbstatic.com/team-logos/138.svg", "team": "stl", "start": "", "in": "1", "result": "Single", "evo": "", "la": "", "dist": ""}, {"player": "jason heyward", "game": "col @ stl", "gameIdx": 0, "hr/park": "", "pa": "9", "dt": "", "img": "https://www.mlbstatic.com/team-logos/138.svg", "team": "stl", "start": "", "in": "1", "result": "Sac Fly", "evo": "", "la": "", "dist": ""}, {"player": "jhonny peralta", "game": "col @ stl", "gameIdx": 0, "hr/park": "", "pa": "8", "dt": "", "img": "https://www.mlbstatic.com/team-logos/138.svg", "team": "stl", "start": "", "in": "1", "result": "Single", "evo": "", "la": "", "dist": ""}, {"player": "kolten wong", "game": "col @ stl", "gameIdx": 0, "hr/park": "", "pa": "7", "dt": "", "img": "https://www.mlbstatic.com/team-logos/138.svg", "team": "stl", "start": "", "in": "1", "result": "Single", "evo": "", "la": "", "dist": ""}, {"player": "stephen piscotty", "game": "col @ stl", "gameIdx": 0, "hr/park": "", "pa": "6", "dt": "", "img": "https://www.mlbstatic.com/team-logos/138.svg", "team": "stl", "start": "", "in": "1", "result": "Pop Out", "evo": "", "la": "", "dist": ""}, {"player": "matt carpenter", "game": "col @ stl", "gameIdx": 0, "hr/park": "", "pa": "5", "dt": "", "img": "https://www.mlbstatic.com/team-logos/138.svg", "team": "stl", "start": "", "in": "1", "result": "Home Run", "evo": "", "la": "", "dist": ""}, {"player": "nolan arenado", "game": "col @ stl", "gameIdx": 0, "hr/park": "", "pa": "4", "dt": "", "img": "https://www.mlbstatic.com/team-logos/115.svg", "team": "col", "start": "", "in": "1", "result": "Groundout", "evo": "", "la": "", "dist": ""}, {"player": "carlos gonzalez", "game": "col @ stl", "gameIdx": 0, "hr/park": "", "pa": "3", "dt": "", "img": "https://www.mlbstatic.com/team-logos/115.svg", "team": "col", "start": "", "in": "1", "result": "Double", "evo": "", "la": "", "dist": ""}, {"player": "jose reyes", "game": "col @ stl", "gameIdx": 0, "hr/park": "", "pa": "2", "dt": "", "img": "https://www.mlbstatic.com/team-logos/115.svg", "team": "col", "start": "", "in": "1", "result": "Lineout", "evo": "", "la": "", "dist": ""}, {"player": "charlie blackmon", "game": "col @ stl", "gameIdx": 0, "hr/park": "", "pa": "1", "dt": "", "img": "https://www.mlbstatic.com/team-logos/115.svg", "team": "col", "start": "", "in": "1", "result": "Lineout", "evo": "", "la": "", "dist": ""}], "cle @ ath": [], "laa @ lad": []}