{"all": {"pitchers": "8", "batters": "22", "pitches": "253", "max velomax pitch velocity": "98.5", "min velomin pitch velocity": "72.5", "ff%fourseam fastball %": "30.0", "si%sinker %": "29.6", "fc%cutter %": "6.3", "fs%splitter %": "0.0", "ch%changeup %": "22.5", "sl%slider %": "4.3", "cu%curve %": "7.1", "max evmax exit velocity": "108.0", "hhhard hit": "24", "hh%hard hit %": "38.7", "brlbarrels": "6", "brl%barrel %": "9.7", "ab": "69", "avg": ".319", "h": "22", "1b": "12", "2b": "2", "3b": "0", "hr": "8", "so": "10", "bipballs in play": "62", "liveGames": 0, "totGames": 15}, "cin @ pit": [], "atl @ wsh": [], "phi @ nyy": [], "bal @ bos": [], "det @ cle": [], "tor @ tb": [], "stl @ mia": [], "lad @ chc": [], "ath @ tex": [], "chw @ min": [], "nym @ mil": [], "ari @ col": [{"player": "paul goldschmidt", "game": "ari @ col", "gameIdx": 0, "hr/park": "", "pa": "75", "dt": "", "img": "https://www.mlbstatic.com/team-logos/109.svg", "team": "ari", "start": "", "in": "9", "result": "Groundout", "evo": "101.7", "la": "-10", "dist": "13"}, {"player": "jake lamb", "game": "ari @ col", "gameIdx": 0, "hr/park": "", "pa": "74", "dt": "", "img": "https://www.mlbstatic.com/team-logos/109.svg", "team": "ari", "start": "", "in": "9", "result": "Strikeout", "evo": "", "la": "", "dist": ""}, {"player": "aj pollock", "game": "ari @ col", "gameIdx": 0, "hr/park": "", "pa": "73", "dt": "", "img": "https://www.mlbstatic.com/team-logos/109.svg", "team": "ari", "start": "", "in": "9", "result": "Single", "evo": "105.3", "la": "-14", "dist": "9"}, {"player": "cliff pennington", "game": "ari @ col", "gameIdx": 0, "hr/park": "", "pa": "72", "dt": "", "img": "https://www.mlbstatic.com/team-logos/109.svg", "team": "ari", "start": "", "in": "9", "result": "Single", "evo": "100.6", "la": "-5", "dist": "27"}, {"player": "nick ahmed", "game": "ari @ col", "gameIdx": 0, "hr/park": "", "pa": "71", "dt": "", "img": "https://www.mlbstatic.com/team-logos/109.svg", "team": "ari", "start": "", "in": "9", "result": "Groundout", "evo": "103.5", "la": "3", "dist": "96"}, {"player": "daniel descalso", "game": "ari @ col", "gameIdx": 0, "hr/park": "", "pa": "70", "dt": "", "img": "https://www.mlbstatic.com/team-logos/115.svg", "team": "col", "start": "", "in": "8", "result": "Pop Out", "evo": "56.1", "la": "30", "dist": "170"}, {"player": "brandon barnes", "game": "ari @ col", "gameIdx": 0, "hr/park": "30/30", "pa": "69", "dt": "", "img": "https://www.mlbstatic.com/team-logos/115.svg", "team": "col", "start": "", "in": "8", "result": "Home Run", "evo": "100.0", "la": "35", "dist": "426"}, {"player": "nick hundley", "game": "ari @ col", "gameIdx": 0, "hr/park": "0/30", "pa": "68", "dt": "", "img": "https://www.mlbstatic.com/team-logos/115.svg", "team": "col", "start": "", "in": "8", "result": "Lineout", "evo": "90.6", "la": "28", "dist": "372"}, {"player": "rafael ynoa", "game": "ari @ col", "gameIdx": 0, "hr/park": "", "pa": "67", "dt": "", "img": "https://www.mlbstatic.com/team-logos/115.svg", "team": "col", "start": "", "in": "8", "result": "Flyout", "evo": "77.5", "la": "44", "dist": "268"}, {"player": "welington castillo", "game": "ari @ col", "gameIdx": 0, "hr/park": "", "pa": "66", "dt": "", "img": "https://www.mlbstatic.com/team-logos/109.svg", "team": "ari", "start": "", "in": "8", "result": "Strikeout", "evo": "", "la": "", "dist": ""}, {"player": "danny dorn", "game": "ari @ col", "gameIdx": 0, "hr/park": "", "pa": "65", "dt": "", "img": "https://www.mlbstatic.com/team-logos/109.svg", "team": "ari", "start": "", "in": "8", "result": "Groundout", "evo": "82.2", "la": "-28", "dist": "4"}, {"player": "aaron hill", "game": "ari @ col", "gameIdx": 0, "hr/park": "", "pa": "64", "dt": "", "img": "https://www.mlbstatic.com/team-logos/109.svg", "team": "ari", "start": "", "in": "8", "result": "Forceout", "evo": "", "la": "", "dist": ""}, {"player": "david peralta", "game": "ari @ col", "gameIdx": 0, "hr/park": "", "pa": "63", "dt": "", "img": "https://www.mlbstatic.com/team-logos/109.svg", "team": "ari", "start": "", "in": "8", "result": "Single", "evo": "103.3", "la": "-21", "dist": "7"}, {"player": "paul goldschmidt", "game": "ari @ col", "gameIdx": 0, "hr/park": "", "pa": "62", "dt": "", "img": "https://www.mlbstatic.com/team-logos/109.svg", "team": "ari", "start": "", "in": "8", "result": "Walk", "evo": "", "la": "", "dist": ""}, {"player": "ben paulsen", "game": "ari @ col", "gameIdx": 0, "hr/park": "", "pa": "61", "dt": "", "img": "https://www.mlbstatic.com/team-logos/115.svg", "team": "col", "start": "", "in": "7", "result": "Groundout", "evo": "78.1", "la": "-18", "dist": "6"}, {"player": "nolan arenado", "game": "ari @ col", "gameIdx": 0, "hr/park": "", "pa": "60", "dt": "", "img": "https://www.mlbstatic.com/team-logos/115.svg", "team": "col", "start": "", "in": "7", "result": "GIDP", "evo": "101.3", "la": "-14", "dist": "8"}, {"player": "troy tulowitzki", "game": "ari @ col", "gameIdx": 0, "hr/park": "", "pa": "59", "dt": "", "img": "https://www.mlbstatic.com/team-logos/115.svg", "team": "col", "start": "", "in": "7", "result": "Single", "evo": "63.7", "la": "41", "dist": "216"}, {"player": "dj lemahieu", "game": "ari @ col", "gameIdx": 0, "hr/park": "30/30", "pa": "58", "dt": "", "img": "https://www.mlbstatic.com/team-logos/115.svg", "team": "col", "start": "", "in": "7", "result": "Home Run", "evo": "103.9", "la": "20", "dist": "423"}, {"player": "jake lamb", "game": "ari @ col", "gameIdx": 0, "hr/park": "0/30", "pa": "57", "dt": "", "img": "https://www.mlbstatic.com/team-logos/109.svg", "team": "ari", "start": "", "in": "7", "result": "Lineout", "evo": "94.2", "la": "19", "dist": "332"}, {"player": "aj pollock", "game": "ari @ col", "gameIdx": 0, "hr/park": "", "pa": "56", "dt": "", "img": "https://www.mlbstatic.com/team-logos/109.svg", "team": "ari", "start": "", "in": "7", "result": "Pop Out", "evo": "", "la": "", "dist": ""}, {"player": "chris owings", "game": "ari @ col", "gameIdx": 0, "hr/park": "", "pa": "55", "dt": "", "img": "https://www.mlbstatic.com/team-logos/109.svg", "team": "ari", "start": "", "in": "7", "result": "Groundout", "evo": "80.7", "la": "7", "dist": "101"}, {"player": "charlie blackmon", "game": "ari @ col", "gameIdx": 0, "hr/park": "", "pa": "54", "dt": "", "img": "https://www.mlbstatic.com/team-logos/115.svg", "team": "col", "start": "", "in": "6", "result": "Groundout", "evo": "100.7", "la": "-4", "dist": "23"}, {"player": "kyle kendrick", "game": "ari @ col", "gameIdx": 0, "hr/park": "", "pa": "53", "dt": "", "img": "https://www.mlbstatic.com/team-logos/115.svg", "team": "col", "start": "", "in": "6", "result": "Strikeout", "evo": "", "la": "", "dist": ""}, {"player": "brandon barnes", "game": "ari @ col", "gameIdx": 0, "hr/park": "", "pa": "52", "dt": "", "img": "https://www.mlbstatic.com/team-logos/115.svg", "team": "col", "start": "", "in": "6", "result": "Strikeout", "evo": "", "la": "", "dist": ""}, {"player": "nick ahmed", "game": "ari @ col", "gameIdx": 0, "hr/park": "", "pa": "51", "dt": "", "img": "https://www.mlbstatic.com/team-logos/109.svg", "team": "ari", "start": "", "in": "6", "result": "Groundout", "evo": "78.8", "la": "-28", "dist": "4"}, {"player": "welington castillo", "game": "ari @ col", "gameIdx": 0, "hr/park": "", "pa": "50", "dt": "", "img": "https://www.mlbstatic.com/team-logos/109.svg", "team": "ari", "start": "", "in": "6", "result": "Walk", "evo": "", "la": "", "dist": ""}, {"player": "danny dorn", "game": "ari @ col", "gameIdx": 0, "hr/park": "0/30", "pa": "49", "dt": "", "img": "https://www.mlbstatic.com/team-logos/109.svg", "team": "ari", "start": "", "in": "6", "result": "Flyout", "evo": "96.9", "la": "48", "dist": "362"}, {"player": "aaron hill", "game": "ari @ col", "gameIdx": 0, "hr/park": "", "pa": "48", "dt": "", "img": "https://www.mlbstatic.com/team-logos/109.svg", "team": "ari", "start": "", "in": "6", "result": "Strikeout", "evo": "", "la": "", "dist": ""}, {"player": "nick hundley", "game": "ari @ col", "gameIdx": 0, "hr/park": "1/30", "pa": "47", "dt": "", "img": "https://www.mlbstatic.com/team-logos/115.svg", "team": "col", "start": "", "in": "5", "result": "Flyout", "evo": "92.6", "la": "37", "dist": "376"}, {"player": "wilin rosario", "game": "ari @ col", "gameIdx": 0, "hr/park": "30/30", "pa": "46", "dt": "", "img": "https://www.mlbstatic.com/team-logos/115.svg", "team": "col", "start": "", "in": "5", "result": "Home Run", "evo": "102.6", "la": "36", "dist": "433"}, {"player": "ben paulsen", "game": "ari @ col", "gameIdx": 0, "hr/park": "0/30", "pa": "45", "dt": "", "img": "https://www.mlbstatic.com/team-logos/115.svg", "team": "col", "start": "", "in": "5", "result": "Lineout", "evo": "87.2", "la": "26", "dist": "349"}, {"player": "nolan arenado", "game": "ari @ col", "gameIdx": 0, "hr/park": "30/30", "pa": "44", "dt": "", "img": "https://www.mlbstatic.com/team-logos/115.svg", "team": "col", "start": "", "in": "5", "result": "Home Run", "evo": "102.0", "la": "35", "dist": "433"}, {"player": "troy tulowitzki", "game": "ari @ col", "gameIdx": 0, "hr/park": "", "pa": "43", "dt": "", "img": "https://www.mlbstatic.com/team-logos/115.svg", "team": "col", "start": "", "in": "5", "result": "Single", "evo": "103.7", "la": "7", "dist": "141"}, {"player": "dj lemahieu", "game": "ari @ col", "gameIdx": 0, "hr/park": "", "pa": "42", "dt": "", "img": "https://www.mlbstatic.com/team-logos/115.svg", "team": "col", "start": "", "in": "5", "result": "Walk", "evo": "", "la": "", "dist": ""}, {"player": "charlie blackmon", "game": "ari @ col", "gameIdx": 0, "hr/park": "", "pa": "41", "dt": "", "img": "https://www.mlbstatic.com/team-logos/115.svg", "team": "col", "start": "", "in": "5", "result": "Double", "evo": "75.5", "la": "40", "dist": "258"}, {"player": "kyle kendrick", "game": "ari @ col", "gameIdx": 0, "hr/park": "", "pa": "40", "dt": "", "img": "https://www.mlbstatic.com/team-logos/115.svg", "team": "col", "start": "", "in": "5", "result": "Sac Bunt", "evo": "40.3", "la": "-53", "dist": "5"}, {"player": "brandon barnes", "game": "ari @ col", "gameIdx": 0, "hr/park": "", "pa": "39", "dt": "", "img": "https://www.mlbstatic.com/team-logos/115.svg", "team": "col", "start": "", "in": "5", "result": "Single", "evo": "93.7", "la": "5", "dist": "105"}, {"player": "david peralta", "game": "ari @ col", "gameIdx": 0, "hr/park": "", "pa": "38", "dt": "", "img": "https://www.mlbstatic.com/team-logos/109.svg", "team": "ari", "start": "", "in": "5", "result": "Groundout", "evo": "74.3", "la": "-10", "dist": "12"}, {"player": "paul goldschmidt", "game": "ari @ col", "gameIdx": 0, "hr/park": "2/30", "pa": "37", "dt": "", "img": "https://www.mlbstatic.com/team-logos/109.svg", "team": "ari", "start": "", "in": "5", "result": "Lineout", "evo": "92.9", "la": "29", "dist": "345"}, {"player": "jake lamb", "game": "ari @ col", "gameIdx": 0, "hr/park": "", "pa": "36", "dt": "", "img": "https://www.mlbstatic.com/team-logos/109.svg", "team": "ari", "start": "", "in": "5", "result": "Single", "evo": "86.9", "la": "7", "dist": "118"}, {"player": "aj pollock", "game": "ari @ col", "gameIdx": 0, "hr/park": "29/30", "pa": "35", "dt": "", "img": "https://www.mlbstatic.com/team-logos/109.svg", "team": "ari", "start": "", "in": "5", "result": "Home Run", "evo": "98.3", "la": "29", "dist": "409"}, {"player": "chase anderson", "game": "ari @ col", "gameIdx": 0, "hr/park": "", "pa": "34", "dt": "", "img": "https://www.mlbstatic.com/team-logos/109.svg", "team": "ari", "start": "", "in": "5", "result": "Strikeout", "evo": "", "la": "", "dist": ""}, {"player": "nick hundley", "game": "ari @ col", "gameIdx": 0, "hr/park": "", "pa": "33", "dt": "", "img": "https://www.mlbstatic.com/team-logos/115.svg", "team": "col", "start": "", "in": "4", "result": "Pop Out", "evo": "", "la": "", "dist": ""}, {"player": "wilin rosario", "game": "ari @ col", "gameIdx": 0, "hr/park": "", "pa": "32", "dt": "", "img": "https://www.mlbstatic.com/team-logos/115.svg", "team": "col", "start": "", "in": "4", "result": "Groundout", "evo": "", "la": "", "dist": ""}, {"player": "ben paulsen", "game": "ari @ col", "gameIdx": 0, "hr/park": "", "pa": "31", "dt": "", "img": "https://www.mlbstatic.com/team-logos/115.svg", "team": "col", "start": "", "in": "4", "result": "Groundout", "evo": "81.8", "la": "-29", "dist": "4"}, {"player": "nolan arenado", "game": "ari @ col", "gameIdx": 0, "hr/park": "30/30", "pa": "30", "dt": "", "img": "https://www.mlbstatic.com/team-logos/115.svg", "team": "col", "start": "", "in": "4", "result": "Home Run", "evo": "104.0", "la": "42", "dist": "444"}, {"player": "nick ahmed", "game": "ari @ col", "gameIdx": 0, "hr/park": "", "pa": "29", "dt": "", "img": "https://www.mlbstatic.com/team-logos/109.svg", "team": "ari", "start": "", "in": "4", "result": "Groundout", "evo": "87.3", "la": "-15", "dist": "9"}, {"player": "welington castillo", "game": "ari @ col", "gameIdx": 0, "hr/park": "", "pa": "28", "dt": "", "img": "https://www.mlbstatic.com/team-logos/109.svg", "team": "ari", "start": "", "in": "4", "result": "Groundout", "evo": "", "la": "", "dist": ""}, {"player": "danny dorn", "game": "ari @ col", "gameIdx": 0, "hr/park": "", "pa": "27", "dt": "", "img": "https://www.mlbstatic.com/team-logos/109.svg", "team": "ari", "start": "", "in": "4", "result": "Groundout", "evo": "47.6", "la": "-67", "dist": "4"}, {"player": "troy tulowitzki", "game": "ari @ col", "gameIdx": 0, "hr/park": "", "pa": "26", "dt": "", "img": "https://www.mlbstatic.com/team-logos/115.svg", "team": "col", "start": "", "in": "3", "result": "GIDP", "evo": "92.0", "la": "-19", "dist": "7"}, {"player": "dj lemahieu", "game": "ari @ col", "gameIdx": 0, "hr/park": "0/30", "pa": "25", "dt": "", "img": "https://www.mlbstatic.com/team-logos/115.svg", "team": "col", "start": "", "in": "3", "result": "Lineout", "evo": "83.5", "la": "33", "dist": "328"}, {"player": "charlie blackmon", "game": "ari @ col", "gameIdx": 0, "hr/park": "", "pa": "24", "dt": "", "img": "https://www.mlbstatic.com/team-logos/115.svg", "team": "col", "start": "", "in": "3", "result": "Walk", "evo": "", "la": "", "dist": ""}, {"player": "aaron hill", "game": "ari @ col", "gameIdx": 0, "hr/park": "", "pa": "23", "dt": "", "img": "https://www.mlbstatic.com/team-logos/109.svg", "team": "ari", "start": "", "in": "3", "result": "Pop Out", "evo": "", "la": "", "dist": ""}, {"player": "david peralta", "game": "ari @ col", "gameIdx": 0, "hr/park": "", "pa": "22", "dt": "", "img": "https://www.mlbstatic.com/team-logos/109.svg", "team": "ari", "start": "", "in": "3", "result": "Single", "evo": "96.5", "la": "14", "dist": "258"}, {"player": "paul goldschmidt", "game": "ari @ col", "gameIdx": 0, "hr/park": "", "pa": "21", "dt": "", "img": "https://www.mlbstatic.com/team-logos/109.svg", "team": "ari", "start": "", "in": "3", "result": "Single", "evo": "96.0", "la": "9", "dist": "192"}, {"player": "jake lamb", "game": "ari @ col", "gameIdx": 0, "hr/park": "", "pa": "20", "dt": "", "img": "https://www.mlbstatic.com/team-logos/109.svg", "team": "ari", "start": "", "in": "3", "result": "Double Play", "evo": "98.5", "la": "2", "dist": "85"}, {"player": "aj pollock", "game": "ari @ col", "gameIdx": 0, "hr/park": "", "pa": "19", "dt": "", "img": "https://www.mlbstatic.com/team-logos/109.svg", "team": "ari", "start": "", "in": "3", "result": "Single", "evo": "99.4", "la": "-22", "dist": "6"}, {"player": "kyle kendrick", "game": "ari @ col", "gameIdx": 0, "hr/park": "", "pa": "18", "dt": "", "img": "https://www.mlbstatic.com/team-logos/115.svg", "team": "col", "start": "", "in": "2", "result": "Strikeout", "evo": "", "la": "", "dist": ""}, {"player": "brandon barnes", "game": "ari @ col", "gameIdx": 0, "hr/park": "", "pa": "17", "dt": "", "img": "https://www.mlbstatic.com/team-logos/115.svg", "team": "col", "start": "", "in": "2", "result": "Groundout", "evo": "", "la": "", "dist": ""}, {"player": "nick hundley", "game": "ari @ col", "gameIdx": 0, "hr/park": "", "pa": "16", "dt": "", "img": "https://www.mlbstatic.com/team-logos/115.svg", "team": "col", "start": "", "in": "2", "result": "Single", "evo": "85.8", "la": "9", "dist": "193"}, {"player": "wilin rosario", "game": "ari @ col", "gameIdx": 0, "hr/park": "1/30", "pa": "15", "dt": "", "img": "https://www.mlbstatic.com/team-logos/115.svg", "team": "col", "start": "", "in": "2", "result": "Double", "evo": "94.4", "la": "23", "dist": "323"}, {"player": "ben paulsen", "game": "ari @ col", "gameIdx": 0, "hr/park": "", "pa": "14", "dt": "", "img": "https://www.mlbstatic.com/team-logos/115.svg", "team": "col", "start": "", "in": "2", "result": "Groundout", "evo": "54.3", "la": "-61", "dist": "3"}, {"player": "chase anderson", "game": "ari @ col", "gameIdx": 0, "hr/park": "", "pa": "13", "dt": "", "img": "https://www.mlbstatic.com/team-logos/109.svg", "team": "ari", "start": "", "in": "2", "result": "Groundout", "evo": "92.4", "la": "-23", "dist": "8"}, {"player": "nick ahmed", "game": "ari @ col", "gameIdx": 0, "hr/park": "30/30", "pa": "12", "dt": "", "img": "https://www.mlbstatic.com/team-logos/109.svg", "team": "ari", "start": "", "in": "2", "result": "Home Run", "evo": "98.8", "la": "27", "dist": "402"}, {"player": "welington castillo", "game": "ari @ col", "gameIdx": 0, "hr/park": "30/30", "pa": "11", "dt": "", "img": "https://www.mlbstatic.com/team-logos/109.svg", "team": "ari", "start": "", "in": "2", "result": "Home Run", "evo": "108.0", "la": "24", "dist": "458"}, {"player": "danny dorn", "game": "ari @ col", "gameIdx": 0, "hr/park": "", "pa": "10", "dt": "", "img": "https://www.mlbstatic.com/team-logos/109.svg", "team": "ari", "start": "", "in": "2", "result": "Flyout", "evo": "97.7", "la": "56", "dist": "264"}, {"player": "aaron hill", "game": "ari @ col", "gameIdx": 0, "hr/park": "1/30", "pa": "9", "dt": "", "img": "https://www.mlbstatic.com/team-logos/109.svg", "team": "ari", "start": "", "in": "2", "result": "Lineout", "evo": "93.2", "la": "22", "dist": "372"}, {"player": "david peralta", "game": "ari @ col", "gameIdx": 0, "hr/park": "", "pa": "8", "dt": "", "img": "https://www.mlbstatic.com/team-logos/109.svg", "team": "ari", "start": "", "in": "2", "result": "Single", "evo": "88.8", "la": "-10", "dist": "16"}, {"player": "nolan arenado", "game": "ari @ col", "gameIdx": 0, "hr/park": "0/30", "pa": "7", "dt": "", "img": "https://www.mlbstatic.com/team-logos/115.svg", "team": "col", "start": "", "in": "1", "result": "Flyout", "evo": "98.2", "la": "49", "dist": "356"}, {"player": "troy tulowitzki", "game": "ari @ col", "gameIdx": 0, "hr/park": "", "pa": "6", "dt": "", "img": "https://www.mlbstatic.com/team-logos/115.svg", "team": "col", "start": "", "in": "1", "result": "Strikeout", "evo": "", "la": "", "dist": ""}, {"player": "dj lemahieu", "game": "ari @ col", "gameIdx": 0, "hr/park": "", "pa": "5", "dt": "", "img": "https://www.mlbstatic.com/team-logos/115.svg", "team": "col", "start": "", "in": "1", "result": "Strikeout", "evo": "", "la": "", "dist": ""}, {"player": "charlie blackmon", "game": "ari @ col", "gameIdx": 0, "hr/park": "", "pa": "4", "dt": "", "img": "https://www.mlbstatic.com/team-logos/115.svg", "team": "col", "start": "", "in": "1", "result": "Walk", "evo": "", "la": "", "dist": ""}, {"player": "paul goldschmidt", "game": "ari @ col", "gameIdx": 0, "hr/park": "0/30", "pa": "3", "dt": "", "img": "https://www.mlbstatic.com/team-logos/109.svg", "team": "ari", "start": "", "in": "1", "result": "Lineout", "evo": "107.9", "la": "18", "dist": "369"}, {"player": "jake lamb", "game": "ari @ col", "gameIdx": 0, "hr/park": "", "pa": "2", "dt": "", "img": "https://www.mlbstatic.com/team-logos/109.svg", "team": "ari", "start": "", "in": "1", "result": "Strikeout", "evo": "", "la": "", "dist": ""}, {"player": "aj pollock", "game": "ari @ col", "gameIdx": 0, "hr/park": "", "pa": "1", "dt": "", "img": "https://www.mlbstatic.com/team-logos/109.svg", "team": "ari", "start": "", "in": "1", "result": "Lineout", "evo": "82.0", "la": "21", "dist": "279"}], "hou @ laa": [], "kc @ sea": [], "sd @ sf": []}