{"all": {"pitchers": "4", "batters": "20", "pitches": "229", "max velomax pitch velocity": "98.6", "min velomin pitch velocity": "73.7", "ff%fourseam fastball %": "29.3", "si%sinker %": "40.6", "fc%cutter %": "0.0", "fs%splitter %": "2.2", "ch%changeup %": "9.6", "sl%slider %": "13.5", "cu%curve %": "4.8", "max evmax exit velocity": "109.4", "hhhard hit": "13", "hh%hard hit %": "28.9", "brlbarrels": "2", "brl%barrel %": "4.4", "ab": "58", "avg": ".172", "h": "10", "1b": "8", "2b": "0", "3b": "0", "hr": "2", "so": "14", "bipballs in play": "45", "liveGames": 0, "totGames": 12}, "tb @ bal": [], "cle @ tor": [], "phi @ nym": [{"player": "andres blanco", "game": "phi @ nym", "gameIdx": 0, "hr/park": "", "pa": "62", "dt": "", "img": "https://www.mlbstatic.com/team-logos/143.svg", "team": "phi", "start": "", "in": "9", "result": "Strikeout", "evo": "", "la": "", "dist": ""}, {"player": "jeff francoeur", "game": "phi @ nym", "gameIdx": 0, "hr/park": "", "pa": "61", "dt": "", "img": "https://www.mlbstatic.com/team-logos/143.svg", "team": "phi", "start": "", "in": "9", "result": "GIDP", "evo": "", "la": "", "dist": ""}, {"player": "ryan howard", "game": "phi @ nym", "gameIdx": 0, "hr/park": "", "pa": "60", "dt": "", "img": "https://www.mlbstatic.com/team-logos/143.svg", "team": "phi", "start": "", "in": "9", "result": "Walk", "evo": "", "la": "", "dist": ""}, {"player": "aaron altherr", "game": "phi @ nym", "gameIdx": 0, "hr/park": "", "pa": "59", "dt": "", "img": "https://www.mlbstatic.com/team-logos/143.svg", "team": "phi", "start": "", "in": "9", "result": "Single", "evo": "85.1", "la": "13", "dist": "224"}, {"player": "cesar hernandez", "game": "phi @ nym", "gameIdx": 0, "hr/park": "", "pa": "58", "dt": "", "img": "https://www.mlbstatic.com/team-logos/143.svg", "team": "phi", "start": "", "in": "9", "result": "Single", "evo": "80.3", "la": "", "dist": "38"}, {"player": "yoenis cespedes", "game": "phi @ nym", "gameIdx": 0, "hr/park": "", "pa": "57", "dt": "", "img": "https://www.mlbstatic.com/team-logos/121.svg", "team": "nym", "start": "", "in": "8", "result": "Groundout", "evo": "", "la": "", "dist": ""}, {"player": "curtis granderson", "game": "phi @ nym", "gameIdx": 0, "hr/park": "0/30", "pa": "56", "dt": "", "img": "https://www.mlbstatic.com/team-logos/121.svg", "team": "nym", "start": "", "in": "8", "result": "Flyout", "evo": "86.8", "la": "33", "dist": "323"}, {"player": "juan lagares", "game": "phi @ nym", "gameIdx": 0, "hr/park": "", "pa": "55", "dt": "", "img": "https://www.mlbstatic.com/team-logos/121.svg", "team": "nym", "start": "", "in": "8", "result": "Groundout", "evo": "93.9", "la": "-1", "dist": "38"}, {"player": "odubel herrera", "game": "phi @ nym", "gameIdx": 0, "hr/park": "", "pa": "54", "dt": "", "img": "https://www.mlbstatic.com/team-logos/143.svg", "team": "phi", "start": "", "in": "8", "result": "Groundout", "evo": "75.4", "la": "-16", "dist": "9"}, {"player": "domonic brown", "game": "phi @ nym", "gameIdx": 0, "hr/park": "", "pa": "53", "dt": "", "img": "https://www.mlbstatic.com/team-logos/143.svg", "team": "phi", "start": "", "in": "8", "result": "Strikeout", "evo": "", "la": "", "dist": ""}, {"player": "freddy galvis", "game": "phi @ nym", "gameIdx": 0, "hr/park": "1/30", "pa": "52", "dt": "", "img": "https://www.mlbstatic.com/team-logos/143.svg", "team": "phi", "start": "", "in": "8", "result": "Flyout", "evo": "93.0", "la": "36", "dist": "348"}, {"player": "wilmer flores", "game": "phi @ nym", "gameIdx": 0, "hr/park": "", "pa": "51", "dt": "", "img": "https://www.mlbstatic.com/team-logos/121.svg", "team": "nym", "start": "", "in": "7", "result": "Flyout", "evo": "82.2", "la": "43", "dist": "271"}, {"player": "michael conforto", "game": "phi @ nym", "gameIdx": 0, "hr/park": "", "pa": "50", "dt": "", "img": "https://www.mlbstatic.com/team-logos/121.svg", "team": "nym", "start": "", "in": "7", "result": "Walk", "evo": "", "la": "", "dist": ""}, {"player": "travis darnaud", "game": "phi @ nym", "gameIdx": 0, "hr/park": "", "pa": "49", "dt": "", "img": "https://www.mlbstatic.com/team-logos/121.svg", "team": "nym", "start": "", "in": "7", "result": "Strikeout", "evo": "", "la": "", "dist": ""}, {"player": "cameron rupp", "game": "phi @ nym", "gameIdx": 0, "hr/park": "", "pa": "48", "dt": "", "img": "https://www.mlbstatic.com/team-logos/143.svg", "team": "phi", "start": "", "in": "7", "result": "Strikeout", "evo": "", "la": "", "dist": ""}, {"player": "andres blanco", "game": "phi @ nym", "gameIdx": 0, "hr/park": "", "pa": "47", "dt": "", "img": "https://www.mlbstatic.com/team-logos/143.svg", "team": "phi", "start": "", "in": "7", "result": "Strikeout", "evo": "", "la": "", "dist": ""}, {"player": "jeff francoeur", "game": "phi @ nym", "gameIdx": 0, "hr/park": "", "pa": "46", "dt": "", "img": "https://www.mlbstatic.com/team-logos/143.svg", "team": "phi", "start": "", "in": "7", "result": "Strikeout", "evo": "", "la": "", "dist": ""}, {"player": "kelly johnson", "game": "phi @ nym", "gameIdx": 0, "hr/park": "", "pa": "45", "dt": "", "img": "https://www.mlbstatic.com/team-logos/121.svg", "team": "nym", "start": "", "in": "6", "result": "Groundout", "evo": "74.4", "la": "-28", "dist": "4"}, {"player": "david wright", "game": "phi @ nym", "gameIdx": 0, "hr/park": "0/30", "pa": "44", "dt": "", "img": "https://www.mlbstatic.com/team-logos/121.svg", "team": "nym", "start": "", "in": "6", "result": "Lineout", "evo": "100.5", "la": "20", "dist": "329"}, {"player": "daniel murphy", "game": "phi @ nym", "gameIdx": 0, "hr/park": "0/30", "pa": "43", "dt": "", "img": "https://www.mlbstatic.com/team-logos/121.svg", "team": "nym", "start": "", "in": "6", "result": "Flyout", "evo": "95.9", "la": "38", "dist": "341"}, {"player": "ryan howard", "game": "phi @ nym", "gameIdx": 0, "hr/park": "", "pa": "42", "dt": "", "img": "https://www.mlbstatic.com/team-logos/143.svg", "team": "phi", "start": "", "in": "6", "result": "Strikeout", "evo": "", "la": "", "dist": ""}, {"player": "aaron altherr", "game": "phi @ nym", "gameIdx": 0, "hr/park": "", "pa": "41", "dt": "", "img": "https://www.mlbstatic.com/team-logos/143.svg", "team": "phi", "start": "", "in": "6", "result": "Flyout", "evo": "", "la": "", "dist": ""}, {"player": "cesar hernandez", "game": "phi @ nym", "gameIdx": 0, "hr/park": "", "pa": "40", "dt": "", "img": "https://www.mlbstatic.com/team-logos/143.svg", "team": "phi", "start": "", "in": "6", "result": "Strikeout", "evo": "", "la": "", "dist": ""}, {"player": "yoenis cespedes", "game": "phi @ nym", "gameIdx": 0, "hr/park": "", "pa": "39", "dt": "", "img": "https://www.mlbstatic.com/team-logos/121.svg", "team": "nym", "start": "", "in": "5", "result": "Flyout", "evo": "81.6", "la": "38", "dist": "289"}, {"player": "curtis granderson", "game": "phi @ nym", "gameIdx": 0, "hr/park": "30/30", "pa": "38", "dt": "", "img": "https://www.mlbstatic.com/team-logos/121.svg", "team": "nym", "start": "", "in": "5", "result": "Home Run", "evo": "104.9", "la": "32", "dist": "400"}, {"player": "bartolo colon", "game": "phi @ nym", "gameIdx": 0, "hr/park": "", "pa": "37", "dt": "", "img": "https://www.mlbstatic.com/team-logos/121.svg", "team": "nym", "start": "", "in": "5", "result": "Single", "evo": "", "la": "", "dist": ""}, {"player": "wilmer flores", "game": "phi @ nym", "gameIdx": 0, "hr/park": "", "pa": "36", "dt": "", "img": "https://www.mlbstatic.com/team-logos/121.svg", "team": "nym", "start": "", "in": "5", "result": "Strikeout", "evo": "", "la": "", "dist": ""}, {"player": "michael conforto", "game": "phi @ nym", "gameIdx": 0, "hr/park": "4/30", "pa": "35", "dt": "", "img": "https://www.mlbstatic.com/team-logos/121.svg", "team": "nym", "start": "", "in": "5", "result": "Home Run", "evo": "109.4", "la": "19", "dist": "386"}, {"player": "travis darnaud", "game": "phi @ nym", "gameIdx": 0, "hr/park": "", "pa": "34", "dt": "", "img": "https://www.mlbstatic.com/team-logos/121.svg", "team": "nym", "start": "", "in": "5", "result": "Flyout", "evo": "89.9", "la": "46", "dist": "286"}, {"player": "odubel herrera", "game": "phi @ nym", "gameIdx": 0, "hr/park": "", "pa": "33", "dt": "", "img": "https://www.mlbstatic.com/team-logos/143.svg", "team": "phi", "start": "", "in": "5", "result": "Groundout", "evo": "77.5", "la": "-8", "dist": "14"}, {"player": "jerad eickhoff", "game": "phi @ nym", "gameIdx": 0, "hr/park": "", "pa": "32", "dt": "", "img": "https://www.mlbstatic.com/team-logos/143.svg", "team": "phi", "start": "", "in": "5", "result": "Single", "evo": "97.2", "la": "4", "dist": "126"}, {"player": "freddy galvis", "game": "phi @ nym", "gameIdx": 0, "hr/park": "", "pa": "31", "dt": "", "img": "https://www.mlbstatic.com/team-logos/143.svg", "team": "phi", "start": "", "in": "5", "result": "Single", "evo": "100.1", "la": "13", "dist": "213"}, {"player": "cameron rupp", "game": "phi @ nym", "gameIdx": 0, "hr/park": "", "pa": "30", "dt": "", "img": "https://www.mlbstatic.com/team-logos/143.svg", "team": "phi", "start": "", "in": "5", "result": "Groundout", "evo": "55.5", "la": "-36", "dist": "3"}, {"player": "andres blanco", "game": "phi @ nym", "gameIdx": 0, "hr/park": "", "pa": "29", "dt": "", "img": "https://www.mlbstatic.com/team-logos/143.svg", "team": "phi", "start": "", "in": "5", "result": "Strikeout", "evo": "", "la": "", "dist": ""}, {"player": "kelly johnson", "game": "phi @ nym", "gameIdx": 0, "hr/park": "", "pa": "28", "dt": "", "img": "https://www.mlbstatic.com/team-logos/121.svg", "team": "nym", "start": "", "in": "4", "result": "Groundout", "evo": "66.0", "la": "-12", "dist": "10"}, {"player": "david wright", "game": "phi @ nym", "gameIdx": 0, "hr/park": "0/30", "pa": "27", "dt": "", "img": "https://www.mlbstatic.com/team-logos/121.svg", "team": "nym", "start": "", "in": "4", "result": "Flyout", "evo": "99.1", "la": "37", "dist": "363"}, {"player": "daniel murphy", "game": "phi @ nym", "gameIdx": 0, "hr/park": "", "pa": "26", "dt": "", "img": "https://www.mlbstatic.com/team-logos/121.svg", "team": "nym", "start": "", "in": "4", "result": "Pop Out", "evo": "88.2", "la": "60", "dist": "200"}, {"player": "jeff francoeur", "game": "phi @ nym", "gameIdx": 0, "hr/park": "", "pa": "25", "dt": "", "img": "https://www.mlbstatic.com/team-logos/143.svg", "team": "phi", "start": "", "in": "4", "result": "Groundout", "evo": "77.3", "la": "-19", "dist": "6"}, {"player": "ryan howard", "game": "phi @ nym", "gameIdx": 0, "hr/park": "", "pa": "24", "dt": "", "img": "https://www.mlbstatic.com/team-logos/143.svg", "team": "phi", "start": "", "in": "4", "result": "Walk", "evo": "", "la": "", "dist": ""}, {"player": "aaron altherr", "game": "phi @ nym", "gameIdx": 0, "hr/park": "", "pa": "23", "dt": "", "img": "https://www.mlbstatic.com/team-logos/143.svg", "team": "phi", "start": "", "in": "4", "result": "GIDP", "evo": "99.4", "la": "-10", "dist": "16"}, {"player": "cesar hernandez", "game": "phi @ nym", "gameIdx": 0, "hr/park": "", "pa": "22", "dt": "", "img": "https://www.mlbstatic.com/team-logos/143.svg", "team": "phi", "start": "", "in": "4", "result": "Single", "evo": "96.3", "la": "-6", "dist": "20"}, {"player": "yoenis cespedes", "game": "phi @ nym", "gameIdx": 0, "hr/park": "", "pa": "21", "dt": "", "img": "https://www.mlbstatic.com/team-logos/121.svg", "team": "nym", "start": "", "in": "3", "result": "Strikeout", "evo": "", "la": "", "dist": ""}, {"player": "curtis granderson", "game": "phi @ nym", "gameIdx": 0, "hr/park": "", "pa": "20", "dt": "", "img": "https://www.mlbstatic.com/team-logos/121.svg", "team": "nym", "start": "", "in": "3", "result": "Walk", "evo": "", "la": "", "dist": ""}, {"player": "bartolo colon", "game": "phi @ nym", "gameIdx": 0, "hr/park": "", "pa": "19", "dt": "", "img": "https://www.mlbstatic.com/team-logos/121.svg", "team": "nym", "start": "", "in": "3", "result": "Strikeout", "evo": "", "la": "", "dist": ""}, {"player": "wilmer flores", "game": "phi @ nym", "gameIdx": 0, "hr/park": "", "pa": "18", "dt": "", "img": "https://www.mlbstatic.com/team-logos/121.svg", "team": "nym", "start": "", "in": "3", "result": "Groundout", "evo": "47.9", "la": "-39", "dist": "6"}, {"player": "michael conforto", "game": "phi @ nym", "gameIdx": 0, "hr/park": "", "pa": "17", "dt": "", "img": "https://www.mlbstatic.com/team-logos/121.svg", "team": "nym", "start": "", "in": "3", "result": "Single", "evo": "95.7", "la": "11", "dist": "165"}, {"player": "odubel herrera", "game": "phi @ nym", "gameIdx": 0, "hr/park": "", "pa": "16", "dt": "", "img": "https://www.mlbstatic.com/team-logos/143.svg", "team": "phi", "start": "", "in": "3", "result": "Groundout", "evo": "101.2", "la": "-11", "dist": "10"}, {"player": "jerad eickhoff", "game": "phi @ nym", "gameIdx": 0, "hr/park": "", "pa": "15", "dt": "", "img": "https://www.mlbstatic.com/team-logos/143.svg", "team": "phi", "start": "", "in": "3", "result": "Groundout", "evo": "", "la": "", "dist": ""}, {"player": "freddy galvis", "game": "phi @ nym", "gameIdx": 0, "hr/park": "", "pa": "14", "dt": "", "img": "https://www.mlbstatic.com/team-logos/143.svg", "team": "phi", "start": "", "in": "3", "result": "Groundout", "evo": "81.9", "la": "9", "dist": "112"}, {"player": "travis darnaud", "game": "phi @ nym", "gameIdx": 0, "hr/park": "", "pa": "13", "dt": "", "img": "https://www.mlbstatic.com/team-logos/121.svg", "team": "nym", "start": "", "in": "2", "result": "Flyout", "evo": "81.2", "la": "52", "dist": "230"}, {"player": "kelly johnson", "game": "phi @ nym", "gameIdx": 0, "hr/park": "", "pa": "12", "dt": "", "img": "https://www.mlbstatic.com/team-logos/121.svg", "team": "nym", "start": "", "in": "2", "result": "Pop Out", "evo": "", "la": "", "dist": ""}, {"player": "david wright", "game": "phi @ nym", "gameIdx": 0, "hr/park": "", "pa": "11", "dt": "", "img": "https://www.mlbstatic.com/team-logos/121.svg", "team": "nym", "start": "", "in": "2", "result": "Lineout", "evo": "71.7", "la": "10", "dist": "102"}, {"player": "cameron rupp", "game": "phi @ nym", "gameIdx": 0, "hr/park": "", "pa": "10", "dt": "", "img": "https://www.mlbstatic.com/team-logos/143.svg", "team": "phi", "start": "", "in": "2", "result": "Forceout", "evo": "85.2", "la": "-35", "dist": "3"}, {"player": "andres blanco", "game": "phi @ nym", "gameIdx": 0, "hr/park": "", "pa": "9", "dt": "", "img": "https://www.mlbstatic.com/team-logos/143.svg", "team": "phi", "start": "", "in": "2", "result": "Single", "evo": "97.5", "la": "13", "dist": "245"}, {"player": "jeff francoeur", "game": "phi @ nym", "gameIdx": 0, "hr/park": "", "pa": "8", "dt": "", "img": "https://www.mlbstatic.com/team-logos/143.svg", "team": "phi", "start": "", "in": "2", "result": "Groundout", "evo": "94.4", "la": "-14", "dist": "12"}, {"player": "ryan howard", "game": "phi @ nym", "gameIdx": 0, "hr/park": "0/30", "pa": "7", "dt": "", "img": "https://www.mlbstatic.com/team-logos/143.svg", "team": "phi", "start": "", "in": "2", "result": "Flyout", "evo": "88.1", "la": "33", "dist": "308"}, {"player": "daniel murphy", "game": "phi @ nym", "gameIdx": 0, "hr/park": "", "pa": "6", "dt": "", "img": "https://www.mlbstatic.com/team-logos/121.svg", "team": "nym", "start": "", "in": "1", "result": "Groundout", "evo": "80.0", "la": "-31", "dist": "6"}, {"player": "yoenis cespedes", "game": "phi @ nym", "gameIdx": 0, "hr/park": "", "pa": "5", "dt": "", "img": "https://www.mlbstatic.com/team-logos/121.svg", "team": "nym", "start": "", "in": "1", "result": "Pop Out", "evo": "80.7", "la": "51", "dist": "231"}, {"player": "curtis granderson", "game": "phi @ nym", "gameIdx": 0, "hr/park": "0/30", "pa": "4", "dt": "", "img": "https://www.mlbstatic.com/team-logos/121.svg", "team": "nym", "start": "", "in": "1", "result": "Lineout", "evo": "85.5", "la": "28", "dist": "313"}, {"player": "aaron altherr", "game": "phi @ nym", "gameIdx": 0, "hr/park": "", "pa": "3", "dt": "", "img": "https://www.mlbstatic.com/team-logos/143.svg", "team": "phi", "start": "", "in": "1", "result": "Groundout", "evo": "98.0", "la": "-10", "dist": "16"}, {"player": "cesar hernandez", "game": "phi @ nym", "gameIdx": 0, "hr/park": "", "pa": "2", "dt": "", "img": "https://www.mlbstatic.com/team-logos/143.svg", "team": "phi", "start": "", "in": "1", "result": "Strikeout", "evo": "", "la": "", "dist": ""}, {"player": "odubel herrera", "game": "phi @ nym", "gameIdx": 0, "hr/park": "", "pa": "1", "dt": "", "img": "https://www.mlbstatic.com/team-logos/143.svg", "team": "phi", "start": "", "in": "1", "result": "Strikeout", "evo": "", "la": "", "dist": ""}], "mia @ atl": [], "nyy @ bos": [], "cin @ chc": [], "sea @ hou": [], "wsh @ stl": [], "ari @ col": [], "laa @ ath": [], "sf @ lad": [], "tex @ sd": []}