{"all": {"pitchers": "24", "batters": "64", "pitches": "846", "max velomax pitch velocity": "99.0", "min velomin pitch velocity": "61.1", "ff%fourseam fastball %": "35.3", "si%sinker %": "24.5", "fc%cutter %": "2.8", "fs%splitter %": "0.0", "ch%changeup %": "13.1", "sl%slider %": "16.4", "cu%curve %": "7.3", "max evmax exit velocity": "114.6", "hhhard hit": "44", "hh%hard hit %": "25.1", "brlbarrels": "6", "brl%barrel %": "3.4", "ab": "206", "avg": ".214", "h": "44", "1b": "32", "2b": "6", "3b": "1", "hr": "5", "so": "40", "bipballs in play": "175", "liveGames": 0, "totGames": 9}, "sea @ cle": [], "sd @ atl": [{"player": "jonny gomes", "game": "sd @ atl", "gameIdx": 0, "hr/park": "", "pa": "93", "dt": "", "img": "https://www.mlbstatic.com/team-logos/144.svg", "team": "atl", "start": "", "in": "11", "result": "Strikeout", "evo": "", "la": "", "dist": ""}, {"player": "christian bethancourt", "game": "sd @ atl", "gameIdx": 0, "hr/park": "", "pa": "92", "dt": "", "img": "https://www.mlbstatic.com/team-logos/144.svg", "team": "atl", "start": "", "in": "11", "result": "Strikeout", "evo": "", "la": "", "dist": ""}, {"player": "andrelton simmons", "game": "sd @ atl", "gameIdx": 0, "hr/park": "", "pa": "91", "dt": "", "img": "https://www.mlbstatic.com/team-logos/144.svg", "team": "atl", "start": "", "in": "11", "result": "Groundout", "evo": "", "la": "", "dist": ""}, {"player": "justin upton", "game": "sd @ atl", "gameIdx": 0, "hr/park": "", "pa": "90", "dt": "", "img": "https://www.mlbstatic.com/team-logos/135.svg", "team": "sd", "start": "", "in": "11", "result": "Strikeout", "evo": "", "la": "", "dist": ""}, {"player": "wil myers", "game": "sd @ atl", "gameIdx": 0, "hr/park": "", "pa": "89", "dt": "", "img": "https://www.mlbstatic.com/team-logos/135.svg", "team": "sd", "start": "", "in": "11", "result": "Strikeout", "evo": "", "la": "", "dist": ""}, {"player": "yangervis solarte", "game": "sd @ atl", "gameIdx": 0, "hr/park": "", "pa": "88", "dt": "", "img": "https://www.mlbstatic.com/team-logos/135.svg", "team": "sd", "start": "", "in": "11", "result": "Single", "evo": "88.1", "la": "9", "dist": "152"}, {"player": "alexi amarista", "game": "sd @ atl", "gameIdx": 0, "hr/park": "", "pa": "87", "dt": "", "img": "https://www.mlbstatic.com/team-logos/135.svg", "team": "sd", "start": "", "in": "11", "result": "Single", "evo": "", "la": "", "dist": ""}, {"player": "bj upton", "game": "sd @ atl", "gameIdx": 0, "hr/park": "", "pa": "86", "dt": "", "img": "https://www.mlbstatic.com/team-logos/135.svg", "team": "sd", "start": "", "in": "11", "result": "Forceout", "evo": "", "la": "", "dist": ""}, {"player": "cory spangenberg", "game": "sd @ atl", "gameIdx": 0, "hr/park": "", "pa": "85", "dt": "", "img": "https://www.mlbstatic.com/team-logos/135.svg", "team": "sd", "start": "", "in": "11", "result": "Single", "evo": "35.9", "la": "-51", "dist": "5"}, {"player": "derek norris", "game": "sd @ atl", "gameIdx": 0, "hr/park": "", "pa": "84", "dt": "", "img": "https://www.mlbstatic.com/team-logos/135.svg", "team": "sd", "start": "", "in": "11", "result": "Walk", "evo": "", "la": "", "dist": ""}, {"player": "todd cunningham", "game": "sd @ atl", "gameIdx": 0, "hr/park": "", "pa": "83", "dt": "", "img": "https://www.mlbstatic.com/team-logos/144.svg", "team": "atl", "start": "", "in": "10", "result": "Groundout", "evo": "67.3", "la": "-15", "dist": "10"}, {"player": "juan uribe", "game": "sd @ atl", "gameIdx": 0, "hr/park": "", "pa": "82", "dt": "", "img": "https://www.mlbstatic.com/team-logos/144.svg", "team": "atl", "start": "", "in": "10", "result": "Flyout", "evo": "84.4", "la": "38", "dist": "286"}, {"player": "nick markakis", "game": "sd @ atl", "gameIdx": 0, "hr/park": "", "pa": "81", "dt": "", "img": "https://www.mlbstatic.com/team-logos/144.svg", "team": "atl", "start": "", "in": "10", "result": "Intent Walk", "evo": "", "la": "", "dist": ""}, {"player": "freddie freeman", "game": "sd @ atl", "gameIdx": 0, "hr/park": "", "pa": "80", "dt": "", "img": "https://www.mlbstatic.com/team-logos/144.svg", "team": "atl", "start": "", "in": "10", "result": "Double", "evo": "103.3", "la": "12", "dist": "193"}, {"player": "cameron maybin", "game": "sd @ atl", "gameIdx": 0, "hr/park": "", "pa": "79", "dt": "", "img": "https://www.mlbstatic.com/team-logos/144.svg", "team": "atl", "start": "", "in": "10", "result": "Groundout", "evo": "104.3", "la": "-7", "dist": "22"}, {"player": "yonder alonso", "game": "sd @ atl", "gameIdx": 0, "hr/park": "", "pa": "78", "dt": "", "img": "https://www.mlbstatic.com/team-logos/135.svg", "team": "sd", "start": "", "in": "10", "result": "Groundout", "evo": "46.2", "la": "21", "dist": "84"}, {"player": "matt kemp", "game": "sd @ atl", "gameIdx": 0, "hr/park": "", "pa": "77", "dt": "", "img": "https://www.mlbstatic.com/team-logos/135.svg", "team": "sd", "start": "", "in": "10", "result": "GIDP", "evo": "84.5", "la": "6", "dist": "104"}, {"player": "justin upton", "game": "sd @ atl", "gameIdx": 0, "hr/park": "", "pa": "76", "dt": "", "img": "https://www.mlbstatic.com/team-logos/135.svg", "team": "sd", "start": "", "in": "10", "result": "Walk", "evo": "", "la": "", "dist": ""}, {"player": "jace peterson", "game": "sd @ atl", "gameIdx": 0, "hr/park": "", "pa": "75", "dt": "", "img": "https://www.mlbstatic.com/team-logos/144.svg", "team": "atl", "start": "", "in": "9", "result": "Strikeout", "evo": "", "la": "", "dist": ""}, {"player": "aj pierzynski", "game": "sd @ atl", "gameIdx": 0, "hr/park": "", "pa": "74", "dt": "", "img": "https://www.mlbstatic.com/team-logos/144.svg", "team": "atl", "start": "", "in": "9", "result": "Walk", "evo": "", "la": "", "dist": ""}, {"player": "christian bethancourt", "game": "sd @ atl", "gameIdx": 0, "hr/park": "", "pa": "73", "dt": "", "img": "https://www.mlbstatic.com/team-logos/144.svg", "team": "atl", "start": "", "in": "9", "result": "Pop Out", "evo": "", "la": "", "dist": ""}, {"player": "andrelton simmons", "game": "sd @ atl", "gameIdx": 0, "hr/park": "", "pa": "72", "dt": "", "img": "https://www.mlbstatic.com/team-logos/144.svg", "team": "atl", "start": "", "in": "9", "result": "Field Error", "evo": "71.5", "la": "-14", "dist": "9"}, {"player": "todd cunningham", "game": "sd @ atl", "gameIdx": 0, "hr/park": "", "pa": "71", "dt": "", "img": "https://www.mlbstatic.com/team-logos/144.svg", "team": "atl", "start": "", "in": "9", "result": "Pop Out", "evo": "", "la": "", "dist": ""}, {"player": "wil myers", "game": "sd @ atl", "gameIdx": 0, "hr/park": "0/30", "pa": "70", "dt": "", "img": "https://www.mlbstatic.com/team-logos/135.svg", "team": "sd", "start": "", "in": "9", "result": "Flyout", "evo": "93.9", "la": "30", "dist": "326"}, {"player": "yangervis solarte", "game": "sd @ atl", "gameIdx": 0, "hr/park": "", "pa": "69", "dt": "", "img": "https://www.mlbstatic.com/team-logos/135.svg", "team": "sd", "start": "", "in": "9", "result": "Flyout", "evo": "67.4", "la": "37", "dist": "228"}, {"player": "alexi amarista", "game": "sd @ atl", "gameIdx": 0, "hr/park": "", "pa": "68", "dt": "", "img": "https://www.mlbstatic.com/team-logos/135.svg", "team": "sd", "start": "", "in": "9", "result": "Strikeout", "evo": "", "la": "", "dist": ""}, {"player": "juan uribe", "game": "sd @ atl", "gameIdx": 0, "hr/park": "", "pa": "67", "dt": "", "img": "https://www.mlbstatic.com/team-logos/144.svg", "team": "atl", "start": "", "in": "8", "result": "Groundout", "evo": "", "la": "", "dist": ""}, {"player": "nick markakis", "game": "sd @ atl", "gameIdx": 0, "hr/park": "", "pa": "66", "dt": "", "img": "https://www.mlbstatic.com/team-logos/144.svg", "team": "atl", "start": "", "in": "8", "result": "Strikeout", "evo": "", "la": "", "dist": ""}, {"player": "freddie freeman", "game": "sd @ atl", "gameIdx": 0, "hr/park": "", "pa": "65", "dt": "", "img": "https://www.mlbstatic.com/team-logos/144.svg", "team": "atl", "start": "", "in": "8", "result": "Pop Out", "evo": "", "la": "", "dist": ""}, {"player": "will middlebrooks", "game": "sd @ atl", "gameIdx": 0, "hr/park": "", "pa": "64", "dt": "", "img": "https://www.mlbstatic.com/team-logos/135.svg", "team": "sd", "start": "", "in": "8", "result": "Forceout", "evo": "92.9", "la": "-16", "dist": "9"}, {"player": "cory spangenberg", "game": "sd @ atl", "gameIdx": 0, "hr/park": "", "pa": "63", "dt": "", "img": "https://www.mlbstatic.com/team-logos/135.svg", "team": "sd", "start": "", "in": "8", "result": "Catcher Interference", "evo": "", "la": "", "dist": ""}, {"player": "derek norris", "game": "sd @ atl", "gameIdx": 0, "hr/park": "", "pa": "62", "dt": "", "img": "https://www.mlbstatic.com/team-logos/135.svg", "team": "sd", "start": "", "in": "8", "result": "Strikeout", "evo": "", "la": "", "dist": ""}, {"player": "yonder alonso", "game": "sd @ atl", "gameIdx": 0, "hr/park": "", "pa": "61", "dt": "", "img": "https://www.mlbstatic.com/team-logos/135.svg", "team": "sd", "start": "", "in": "8", "result": "Walk", "evo": "", "la": "", "dist": ""}, {"player": "matt kemp", "game": "sd @ atl", "gameIdx": 0, "hr/park": "", "pa": "60", "dt": "", "img": "https://www.mlbstatic.com/team-logos/135.svg", "team": "sd", "start": "", "in": "8", "result": "Strikeout", "evo": "", "la": "", "dist": ""}, {"player": "justin upton", "game": "sd @ atl", "gameIdx": 0, "hr/park": "", "pa": "59", "dt": "", "img": "https://www.mlbstatic.com/team-logos/135.svg", "team": "sd", "start": "", "in": "8", "result": "Walk", "evo": "", "la": "", "dist": ""}, {"player": "wil myers", "game": "sd @ atl", "gameIdx": 0, "hr/park": "", "pa": "58", "dt": "", "img": "https://www.mlbstatic.com/team-logos/135.svg", "team": "sd", "start": "", "in": "8", "result": "Walk", "evo": "", "la": "", "dist": ""}, {"player": "yangervis solarte", "game": "sd @ atl", "gameIdx": 0, "hr/park": "", "pa": "57", "dt": "", "img": "https://www.mlbstatic.com/team-logos/135.svg", "team": "sd", "start": "", "in": "8", "result": "Single", "evo": "97.1", "la": "8", "dist": "211"}, {"player": "alexi amarista", "game": "sd @ atl", "gameIdx": 0, "hr/park": "", "pa": "56", "dt": "", "img": "https://www.mlbstatic.com/team-logos/135.svg", "team": "sd", "start": "", "in": "8", "result": "Single", "evo": "102.3", "la": "6", "dist": "126"}, {"player": "freddie freeman", "game": "sd @ atl", "gameIdx": 0, "hr/park": "", "pa": "55", "dt": "", "img": "https://www.mlbstatic.com/team-logos/144.svg", "team": "atl", "start": "", "in": "7", "result": "Pickoff Caught Stealing 2B", "evo": "", "la": "", "dist": ""}, {"player": "cameron maybin", "game": "sd @ atl", "gameIdx": 0, "hr/park": "0/30", "pa": "54", "dt": "", "img": "https://www.mlbstatic.com/team-logos/144.svg", "team": "atl", "start": "", "in": "7", "result": "Sac Fly", "evo": "94.6", "la": "24", "dist": "338"}, {"player": "jace peterson", "game": "sd @ atl", "gameIdx": 0, "hr/park": "", "pa": "53", "dt": "", "img": "https://www.mlbstatic.com/team-logos/144.svg", "team": "atl", "start": "", "in": "7", "result": "Single", "evo": "", "la": "", "dist": ""}, {"player": "julio teheran", "game": "sd @ atl", "gameIdx": 0, "hr/park": "", "pa": "52", "dt": "", "img": "https://www.mlbstatic.com/team-logos/144.svg", "team": "atl", "start": "", "in": "7", "result": "Sac Bunt", "evo": "", "la": "", "dist": ""}, {"player": "christian bethancourt", "game": "sd @ atl", "gameIdx": 0, "hr/park": "", "pa": "51", "dt": "", "img": "https://www.mlbstatic.com/team-logos/144.svg", "team": "atl", "start": "", "in": "7", "result": "Fielders Choice", "evo": "83.2", "la": "-14", "dist": "8"}, {"player": "andrelton simmons", "game": "sd @ atl", "gameIdx": 0, "hr/park": "", "pa": "50", "dt": "", "img": "https://www.mlbstatic.com/team-logos/144.svg", "team": "atl", "start": "", "in": "7", "result": "Single", "evo": "", "la": "", "dist": ""}, {"player": "will middlebrooks", "game": "sd @ atl", "gameIdx": 0, "hr/park": "", "pa": "49", "dt": "", "img": "https://www.mlbstatic.com/team-logos/135.svg", "team": "sd", "start": "", "in": "7", "result": "GIDP", "evo": "81.3", "la": "-2", "dist": "44"}, {"player": "cory spangenberg", "game": "sd @ atl", "gameIdx": 0, "hr/park": "0/30", "pa": "48", "dt": "", "img": "https://www.mlbstatic.com/team-logos/135.svg", "team": "sd", "start": "", "in": "7", "result": "Flyout", "evo": "85.2", "la": "34", "dist": "324"}, {"player": "derek norris", "game": "sd @ atl", "gameIdx": 0, "hr/park": "", "pa": "47", "dt": "", "img": "https://www.mlbstatic.com/team-logos/135.svg", "team": "sd", "start": "", "in": "7", "result": "Walk", "evo": "", "la": "", "dist": ""}, {"player": "kelly johnson", "game": "sd @ atl", "gameIdx": 0, "hr/park": "", "pa": "46", "dt": "", "img": "https://www.mlbstatic.com/team-logos/144.svg", "team": "atl", "start": "", "in": "6", "result": "Strikeout", "evo": "", "la": "", "dist": ""}, {"player": "juan uribe", "game": "sd @ atl", "gameIdx": 0, "hr/park": "", "pa": "45", "dt": "", "img": "https://www.mlbstatic.com/team-logos/144.svg", "team": "atl", "start": "", "in": "6", "result": "GIDP", "evo": "67.4", "la": "", "dist": "43"}, {"player": "nick markakis", "game": "sd @ atl", "gameIdx": 0, "hr/park": "", "pa": "44", "dt": "", "img": "https://www.mlbstatic.com/team-logos/144.svg", "team": "atl", "start": "", "in": "6", "result": "Walk", "evo": "", "la": "", "dist": ""}, {"player": "freddie freeman", "game": "sd @ atl", "gameIdx": 0, "hr/park": "3/30", "pa": "43", "dt": "", "img": "https://www.mlbstatic.com/team-logos/144.svg", "team": "atl", "start": "", "in": "6", "result": "Home Run", "evo": "102.8", "la": "38", "dist": "350"}, {"player": "yonder alonso", "game": "sd @ atl", "gameIdx": 0, "hr/park": "", "pa": "42", "dt": "", "img": "https://www.mlbstatic.com/team-logos/135.svg", "team": "sd", "start": "", "in": "6", "result": "Groundout", "evo": "70.1", "la": "", "dist": "37"}, {"player": "matt kemp", "game": "sd @ atl", "gameIdx": 0, "hr/park": "1/30", "pa": "41", "dt": "", "img": "https://www.mlbstatic.com/team-logos/135.svg", "team": "sd", "start": "", "in": "6", "result": "Flyout", "evo": "100.5", "la": "34", "dist": "349"}, {"player": "will venable", "game": "sd @ atl", "gameIdx": 0, "hr/park": "", "pa": "40", "dt": "", "img": "https://www.mlbstatic.com/team-logos/135.svg", "team": "sd", "start": "", "in": "6", "result": "Strikeout", "evo": "", "la": "", "dist": ""}, {"player": "cameron maybin", "game": "sd @ atl", "gameIdx": 0, "hr/park": "", "pa": "39", "dt": "", "img": "https://www.mlbstatic.com/team-logos/144.svg", "team": "atl", "start": "", "in": "5", "result": "GIDP", "evo": "96.0", "la": "-17", "dist": "11"}, {"player": "jace peterson", "game": "sd @ atl", "gameIdx": 0, "hr/park": "", "pa": "38", "dt": "", "img": "https://www.mlbstatic.com/team-logos/144.svg", "team": "atl", "start": "", "in": "5", "result": "Walk", "evo": "", "la": "", "dist": ""}, {"player": "julio teheran", "game": "sd @ atl", "gameIdx": 0, "hr/park": "", "pa": "37", "dt": "", "img": "https://www.mlbstatic.com/team-logos/144.svg", "team": "atl", "start": "", "in": "5", "result": "Groundout", "evo": "60.0", "la": "34", "dist": "210"}, {"player": "wil myers", "game": "sd @ atl", "gameIdx": 0, "hr/park": "1/30", "pa": "36", "dt": "", "img": "https://www.mlbstatic.com/team-logos/135.svg", "team": "sd", "start": "", "in": "5", "result": "Flyout", "evo": "95.8", "la": "26", "dist": "356"}, {"player": "andrew cashner", "game": "sd @ atl", "gameIdx": 0, "hr/park": "", "pa": "35", "dt": "", "img": "https://www.mlbstatic.com/team-logos/135.svg", "team": "sd", "start": "", "in": "5", "result": "Strikeout", "evo": "", "la": "", "dist": ""}, {"player": "alexi amarista", "game": "sd @ atl", "gameIdx": 0, "hr/park": "", "pa": "34", "dt": "", "img": "https://www.mlbstatic.com/team-logos/135.svg", "team": "sd", "start": "", "in": "5", "result": "Lineout", "evo": "89.8", "la": "17", "dist": "282"}, {"player": "christian bethancourt", "game": "sd @ atl", "gameIdx": 0, "hr/park": "", "pa": "33", "dt": "", "img": "https://www.mlbstatic.com/team-logos/144.svg", "team": "atl", "start": "", "in": "4", "result": "Groundout", "evo": "107.0", "la": "-6", "dist": "22"}, {"player": "andrelton simmons", "game": "sd @ atl", "gameIdx": 0, "hr/park": "", "pa": "32", "dt": "", "img": "https://www.mlbstatic.com/team-logos/144.svg", "team": "atl", "start": "", "in": "4", "result": "Groundout", "evo": "75.2", "la": "-8", "dist": "18"}, {"player": "kelly johnson", "game": "sd @ atl", "gameIdx": 0, "hr/park": "", "pa": "31", "dt": "", "img": "https://www.mlbstatic.com/team-logos/144.svg", "team": "atl", "start": "", "in": "4", "result": "Groundout", "evo": "65.9", "la": "-12", "dist": "8"}, {"player": "will middlebrooks", "game": "sd @ atl", "gameIdx": 0, "hr/park": "0/30", "pa": "30", "dt": "", "img": "https://www.mlbstatic.com/team-logos/135.svg", "team": "sd", "start": "", "in": "4", "result": "Flyout", "evo": "84.6", "la": "33", "dist": "310"}, {"player": "cory spangenberg", "game": "sd @ atl", "gameIdx": 0, "hr/park": "", "pa": "29", "dt": "", "img": "https://www.mlbstatic.com/team-logos/135.svg", "team": "sd", "start": "", "in": "4", "result": "Lineout", "evo": "85.1", "la": "10", "dist": "168"}, {"player": "derek norris", "game": "sd @ atl", "gameIdx": 0, "hr/park": "0/30", "pa": "28", "dt": "", "img": "https://www.mlbstatic.com/team-logos/135.svg", "team": "sd", "start": "", "in": "4", "result": "Flyout", "evo": "94.4", "la": "30", "dist": "367"}, {"player": "juan uribe", "game": "sd @ atl", "gameIdx": 0, "hr/park": "0/30", "pa": "27", "dt": "", "img": "https://www.mlbstatic.com/team-logos/144.svg", "team": "atl", "start": "", "in": "3", "result": "Flyout", "evo": "83.5", "la": "41", "dist": "324"}, {"player": "nick markakis", "game": "sd @ atl", "gameIdx": 0, "hr/park": "", "pa": "26", "dt": "", "img": "https://www.mlbstatic.com/team-logos/144.svg", "team": "atl", "start": "", "in": "3", "result": "Pop Out", "evo": "", "la": "", "dist": ""}, {"player": "freddie freeman", "game": "sd @ atl", "gameIdx": 0, "hr/park": "", "pa": "25", "dt": "", "img": "https://www.mlbstatic.com/team-logos/144.svg", "team": "atl", "start": "", "in": "3", "result": "Groundout", "evo": "70.5", "la": "-33", "dist": "7"}, {"player": "yonder alonso", "game": "sd @ atl", "gameIdx": 0, "hr/park": "", "pa": "24", "dt": "", "img": "https://www.mlbstatic.com/team-logos/135.svg", "team": "sd", "start": "", "in": "3", "result": "Strikeout", "evo": "", "la": "", "dist": ""}, {"player": "matt kemp", "game": "sd @ atl", "gameIdx": 0, "hr/park": "", "pa": "23", "dt": "", "img": "https://www.mlbstatic.com/team-logos/135.svg", "team": "sd", "start": "", "in": "3", "result": "Single", "evo": "", "la": "", "dist": ""}, {"player": "will venable", "game": "sd @ atl", "gameIdx": 0, "hr/park": "", "pa": "22", "dt": "", "img": "https://www.mlbstatic.com/team-logos/135.svg", "team": "sd", "start": "", "in": "3", "result": "Groundout", "evo": "", "la": "", "dist": ""}, {"player": "wil myers", "game": "sd @ atl", "gameIdx": 0, "hr/park": "", "pa": "21", "dt": "", "img": "https://www.mlbstatic.com/team-logos/135.svg", "team": "sd", "start": "", "in": "3", "result": "Groundout", "evo": "100.4", "la": "-21", "dist": "11"}, {"player": "cameron maybin", "game": "sd @ atl", "gameIdx": 0, "hr/park": "", "pa": "20", "dt": "", "img": "https://www.mlbstatic.com/team-logos/144.svg", "team": "atl", "start": "", "in": "2", "result": "Forceout", "evo": "90.9", "la": "-23", "dist": "7"}, {"player": "jace peterson", "game": "sd @ atl", "gameIdx": 0, "hr/park": "", "pa": "19", "dt": "", "img": "https://www.mlbstatic.com/team-logos/144.svg", "team": "atl", "start": "", "in": "2", "result": "Single", "evo": "62.9", "la": "29", "dist": "183"}, {"player": "julio teheran", "game": "sd @ atl", "gameIdx": 0, "hr/park": "", "pa": "18", "dt": "", "img": "https://www.mlbstatic.com/team-logos/144.svg", "team": "atl", "start": "", "in": "2", "result": "Forceout", "evo": "93.6", "la": "-28", "dist": "6"}, {"player": "christian bethancourt", "game": "sd @ atl", "gameIdx": 0, "hr/park": "", "pa": "17", "dt": "", "img": "https://www.mlbstatic.com/team-logos/144.svg", "team": "atl", "start": "", "in": "2", "result": "Single", "evo": "66.9", "la": "21", "dist": "200"}, {"player": "andrelton simmons", "game": "sd @ atl", "gameIdx": 0, "hr/park": "0/30", "pa": "16", "dt": "", "img": "https://www.mlbstatic.com/team-logos/144.svg", "team": "atl", "start": "", "in": "2", "result": "Flyout", "evo": "90.3", "la": "36", "dist": "330"}, {"player": "andrew cashner", "game": "sd @ atl", "gameIdx": 0, "hr/park": "", "pa": "15", "dt": "", "img": "https://www.mlbstatic.com/team-logos/135.svg", "team": "sd", "start": "", "in": "2", "result": "Strikeout", "evo": "", "la": "", "dist": ""}, {"player": "alexi amarista", "game": "sd @ atl", "gameIdx": 0, "hr/park": "", "pa": "14", "dt": "", "img": "https://www.mlbstatic.com/team-logos/135.svg", "team": "sd", "start": "", "in": "2", "result": "Strikeout", "evo": "", "la": "", "dist": ""}, {"player": "will middlebrooks", "game": "sd @ atl", "gameIdx": 0, "hr/park": "", "pa": "13", "dt": "", "img": "https://www.mlbstatic.com/team-logos/135.svg", "team": "sd", "start": "", "in": "2", "result": "Strikeout", "evo": "", "la": "", "dist": ""}, {"player": "kelly johnson", "game": "sd @ atl", "gameIdx": 0, "hr/park": "", "pa": "12", "dt": "", "img": "https://www.mlbstatic.com/team-logos/144.svg", "team": "atl", "start": "", "in": "1", "result": "Groundout", "evo": "68.0", "la": "-4", "dist": "18"}, {"player": "juan uribe", "game": "sd @ atl", "gameIdx": 0, "hr/park": "", "pa": "11", "dt": "", "img": "https://www.mlbstatic.com/team-logos/144.svg", "team": "atl", "start": "", "in": "1", "result": "Flyout", "evo": "81.2", "la": "39", "dist": "293"}, {"player": "nick markakis", "game": "sd @ atl", "gameIdx": 0, "hr/park": "", "pa": "10", "dt": "", "img": "https://www.mlbstatic.com/team-logos/144.svg", "team": "atl", "start": "", "in": "1", "result": "Walk", "evo": "", "la": "", "dist": ""}, {"player": "freddie freeman", "game": "sd @ atl", "gameIdx": 0, "hr/park": "8/30", "pa": "9", "dt": "", "img": "https://www.mlbstatic.com/team-logos/144.svg", "team": "atl", "start": "", "in": "1", "result": "Double", "evo": "103.3", "la": "21", "dist": "369"}, {"player": "cameron maybin", "game": "sd @ atl", "gameIdx": 0, "hr/park": "", "pa": "8", "dt": "", "img": "https://www.mlbstatic.com/team-logos/144.svg", "team": "atl", "start": "", "in": "1", "result": "Walk", "evo": "", "la": "", "dist": ""}, {"player": "jace peterson", "game": "sd @ atl", "gameIdx": 0, "hr/park": "", "pa": "7", "dt": "", "img": "https://www.mlbstatic.com/team-logos/144.svg", "team": "atl", "start": "", "in": "1", "result": "Groundout", "evo": "", "la": "", "dist": ""}, {"player": "cory spangenberg", "game": "sd @ atl", "gameIdx": 0, "hr/park": "", "pa": "6", "dt": "", "img": "https://www.mlbstatic.com/team-logos/135.svg", "team": "sd", "start": "", "in": "1", "result": "Groundout", "evo": "90.2", "la": "", "dist": "59"}, {"player": "derek norris", "game": "sd @ atl", "gameIdx": 0, "hr/park": "", "pa": "5", "dt": "", "img": "https://www.mlbstatic.com/team-logos/135.svg", "team": "sd", "start": "", "in": "1", "result": "Single", "evo": "68.4", "la": "21", "dist": "196"}, {"player": "yonder alonso", "game": "sd @ atl", "gameIdx": 0, "hr/park": "", "pa": "4", "dt": "", "img": "https://www.mlbstatic.com/team-logos/135.svg", "team": "sd", "start": "", "in": "1", "result": "Walk", "evo": "", "la": "", "dist": ""}, {"player": "matt kemp", "game": "sd @ atl", "gameIdx": 0, "hr/park": "", "pa": "3", "dt": "", "img": "https://www.mlbstatic.com/team-logos/135.svg", "team": "sd", "start": "", "in": "1", "result": "Hit By Pitch", "evo": "", "la": "", "dist": ""}, {"player": "will venable", "game": "sd @ atl", "gameIdx": 0, "hr/park": "", "pa": "2", "dt": "", "img": "https://www.mlbstatic.com/team-logos/135.svg", "team": "sd", "start": "", "in": "1", "result": "Groundout", "evo": "82.8", "la": "-15", "dist": "9"}, {"player": "wil myers", "game": "sd @ atl", "gameIdx": 0, "hr/park": "", "pa": "1", "dt": "", "img": "https://www.mlbstatic.com/team-logos/135.svg", "team": "sd", "start": "", "in": "1", "result": "Strikeout", "evo": "", "la": "", "dist": ""}], "tex @ ath": [{"player": "shin soo choo", "game": "tex @ ath", "gameIdx": 0, "hr/park": "", "pa": "69", "dt": "", "img": "https://www.mlbstatic.com/team-logos/140.svg", "team": "tex", "start": "", "in": "9", "result": "Lineout", "evo": "97.7", "la": "10", "dist": "145"}, {"player": "delino deshields", "game": "tex @ ath", "gameIdx": 0, "hr/park": "0/30", "pa": "68", "dt": "", "img": "https://www.mlbstatic.com/team-logos/140.svg", "team": "tex", "start": "", "in": "9", "result": "Lineout", "evo": "96.5", "la": "21", "dist": "357"}, {"player": "hanser alberto", "game": "tex @ ath", "gameIdx": 0, "hr/park": "0/30", "pa": "67", "dt": "", "img": "https://www.mlbstatic.com/team-logos/140.svg", "team": "tex", "start": "", "in": "9", "result": "Flyout", "evo": "87.9", "la": "38", "dist": "319"}, {"player": "ben zobrist", "game": "tex @ ath", "gameIdx": 0, "hr/park": "", "pa": "66", "dt": "", "img": "https://www.mlbstatic.com/team-logos/133.svg", "team": "ath", "start": "", "in": "8", "result": "Flyout", "evo": "86.3", "la": "39", "dist": "286"}, {"player": "josh reddick", "game": "tex @ ath", "gameIdx": 0, "hr/park": "23/30", "pa": "65", "dt": "", "img": "https://www.mlbstatic.com/team-logos/133.svg", "team": "ath", "start": "", "in": "8", "result": "Home Run", "evo": "98.9", "la": "30", "dist": "396"}, {"player": "andy parrino", "game": "tex @ ath", "gameIdx": 0, "hr/park": "", "pa": "64", "dt": "", "img": "https://www.mlbstatic.com/team-logos/133.svg", "team": "ath", "start": "", "in": "8", "result": "Walk", "evo": "", "la": "", "dist": ""}, {"player": "billy burns", "game": "tex @ ath", "gameIdx": 0, "hr/park": "", "pa": "63", "dt": "", "img": "https://www.mlbstatic.com/team-logos/133.svg", "team": "ath", "start": "", "in": "8", "result": "Sac Fly", "evo": "83.3", "la": "30", "dist": "293"}, {"player": "sam fuld", "game": "tex @ ath", "gameIdx": 0, "hr/park": "0/30", "pa": "62", "dt": "", "img": "https://www.mlbstatic.com/team-logos/133.svg", "team": "ath", "start": "", "in": "8", "result": "Double", "evo": "88.6", "la": "22", "dist": "304"}, {"player": "josh phegley", "game": "tex @ ath", "gameIdx": 0, "hr/park": "", "pa": "61", "dt": "", "img": "https://www.mlbstatic.com/team-logos/133.svg", "team": "ath", "start": "", "in": "8", "result": "Walk", "evo": "", "la": "", "dist": ""}, {"player": "mark canha", "game": "tex @ ath", "gameIdx": 0, "hr/park": "30/30", "pa": "60", "dt": "", "img": "https://www.mlbstatic.com/team-logos/133.svg", "team": "ath", "start": "", "in": "8", "result": "Home Run", "evo": "103.3", "la": "26", "dist": "406"}, {"player": "brett lawrie", "game": "tex @ ath", "gameIdx": 0, "hr/park": "", "pa": "59", "dt": "", "img": "https://www.mlbstatic.com/team-logos/133.svg", "team": "ath", "start": "", "in": "8", "result": "Pop Out", "evo": "83.4", "la": "58", "dist": "203"}, {"player": "stephen vogt", "game": "tex @ ath", "gameIdx": 0, "hr/park": "", "pa": "58", "dt": "", "img": "https://www.mlbstatic.com/team-logos/133.svg", "team": "ath", "start": "", "in": "8", "result": "Walk", "evo": "", "la": "", "dist": ""}, {"player": "carlos corporan", "game": "tex @ ath", "gameIdx": 0, "hr/park": "2/30", "pa": "57", "dt": "", "img": "https://www.mlbstatic.com/team-logos/140.svg", "team": "tex", "start": "", "in": "8", "result": "Lineout", "evo": "98.6", "la": "24", "dist": "404"}, {"player": "leonys martin", "game": "tex @ ath", "gameIdx": 0, "hr/park": "", "pa": "56", "dt": "", "img": "https://www.mlbstatic.com/team-logos/140.svg", "team": "tex", "start": "", "in": "8", "result": "Strikeout", "evo": "", "la": "", "dist": ""}, {"player": "elvis andrus", "game": "tex @ ath", "gameIdx": 0, "hr/park": "", "pa": "55", "dt": "", "img": "https://www.mlbstatic.com/team-logos/140.svg", "team": "tex", "start": "", "in": "8", "result": "Flyout", "evo": "82.9", "la": "36", "dist": "285"}, {"player": "ben zobrist", "game": "tex @ ath", "gameIdx": 0, "hr/park": "", "pa": "54", "dt": "", "img": "https://www.mlbstatic.com/team-logos/133.svg", "team": "ath", "start": "", "in": "7", "result": "Strikeout", "evo": "", "la": "", "dist": ""}, {"player": "josh reddick", "game": "tex @ ath", "gameIdx": 0, "hr/park": "", "pa": "53", "dt": "", "img": "https://www.mlbstatic.com/team-logos/133.svg", "team": "ath", "start": "", "in": "7", "result": "Walk", "evo": "", "la": "", "dist": ""}, {"player": "marcus semien", "game": "tex @ ath", "gameIdx": 0, "hr/park": "", "pa": "52", "dt": "", "img": "https://www.mlbstatic.com/team-logos/133.svg", "team": "ath", "start": "", "in": "7", "result": "Strikeout", "evo": "", "la": "", "dist": ""}, {"player": "billy burns", "game": "tex @ ath", "gameIdx": 0, "hr/park": "", "pa": "51", "dt": "", "img": "https://www.mlbstatic.com/team-logos/133.svg", "team": "ath", "start": "", "in": "7", "result": "Lineout", "evo": "83.8", "la": "25", "dist": "288"}, {"player": "sam fuld", "game": "tex @ ath", "gameIdx": 0, "hr/park": "", "pa": "50", "dt": "", "img": "https://www.mlbstatic.com/team-logos/133.svg", "team": "ath", "start": "", "in": "7", "result": "Single", "evo": "98.9", "la": "11", "dist": "237"}, {"player": "adam rosales", "game": "tex @ ath", "gameIdx": 0, "hr/park": "", "pa": "49", "dt": "", "img": "https://www.mlbstatic.com/team-logos/140.svg", "team": "tex", "start": "", "in": "7", "result": "GIDP", "evo": "98.3", "la": "4", "dist": "103"}, {"player": "kyle blanks", "game": "tex @ ath", "gameIdx": 0, "hr/park": "", "pa": "48", "dt": "", "img": "https://www.mlbstatic.com/team-logos/140.svg", "team": "tex", "start": "", "in": "7", "result": "Strikeout", "evo": "", "la": "", "dist": ""}, {"player": "prince fielder", "game": "tex @ ath", "gameIdx": 0, "hr/park": "", "pa": "47", "dt": "", "img": "https://www.mlbstatic.com/team-logos/140.svg", "team": "tex", "start": "", "in": "7", "result": "Walk", "evo": "", "la": "", "dist": ""}, {"player": "josh phegley", "game": "tex @ ath", "gameIdx": 0, "hr/park": "", "pa": "46", "dt": "", "img": "https://www.mlbstatic.com/team-logos/133.svg", "team": "ath", "start": "", "in": "6", "result": "Forceout", "evo": "86.9", "la": "-2", "dist": "43"}, {"player": "mark canha", "game": "tex @ ath", "gameIdx": 0, "hr/park": "", "pa": "45", "dt": "", "img": "https://www.mlbstatic.com/team-logos/133.svg", "team": "ath", "start": "", "in": "6", "result": "Single", "evo": "93.7", "la": "-19", "dist": "7"}, {"player": "brett lawrie", "game": "tex @ ath", "gameIdx": 0, "hr/park": "", "pa": "44", "dt": "", "img": "https://www.mlbstatic.com/team-logos/133.svg", "team": "ath", "start": "", "in": "6", "result": "Hit By Pitch", "evo": "", "la": "", "dist": ""}, {"player": "stephen vogt", "game": "tex @ ath", "gameIdx": 0, "hr/park": "", "pa": "43", "dt": "", "img": "https://www.mlbstatic.com/team-logos/133.svg", "team": "ath", "start": "", "in": "6", "result": "Strikeout", "evo": "", "la": "", "dist": ""}, {"player": "ben zobrist", "game": "tex @ ath", "gameIdx": 0, "hr/park": "", "pa": "42", "dt": "", "img": "https://www.mlbstatic.com/team-logos/133.svg", "team": "ath", "start": "", "in": "6", "result": "Groundout", "evo": "83.8", "la": "-4", "dist": "30"}, {"player": "shin soo choo", "game": "tex @ ath", "gameIdx": 0, "hr/park": "0/30", "pa": "41", "dt": "", "img": "https://www.mlbstatic.com/team-logos/140.svg", "team": "tex", "start": "", "in": "6", "result": "Lineout", "evo": "97.7", "la": "19", "dist": "319"}, {"player": "delino deshields", "game": "tex @ ath", "gameIdx": 0, "hr/park": "0/30", "pa": "40", "dt": "", "img": "https://www.mlbstatic.com/team-logos/140.svg", "team": "tex", "start": "", "in": "6", "result": "Lineout", "evo": "89.6", "la": "24", "dist": "348"}, {"player": "hanser alberto", "game": "tex @ ath", "gameIdx": 0, "hr/park": "", "pa": "39", "dt": "", "img": "https://www.mlbstatic.com/team-logos/140.svg", "team": "tex", "start": "", "in": "6", "result": "Strikeout", "evo": "", "la": "", "dist": ""}, {"player": "josh reddick", "game": "tex @ ath", "gameIdx": 0, "hr/park": "", "pa": "38", "dt": "", "img": "https://www.mlbstatic.com/team-logos/133.svg", "team": "ath", "start": "", "in": "5", "result": "Double Play", "evo": "85.2", "la": "53", "dist": "273"}, {"player": "marcus semien", "game": "tex @ ath", "gameIdx": 0, "hr/park": "0/30", "pa": "37", "dt": "", "img": "https://www.mlbstatic.com/team-logos/133.svg", "team": "ath", "start": "", "in": "5", "result": "Lineout", "evo": "96.3", "la": "21", "dist": "320"}, {"player": "billy burns", "game": "tex @ ath", "gameIdx": 0, "hr/park": "", "pa": "36", "dt": "", "img": "https://www.mlbstatic.com/team-logos/133.svg", "team": "ath", "start": "", "in": "5", "result": "Single", "evo": "79.2", "la": "-4", "dist": "18"}, {"player": "sam fuld", "game": "tex @ ath", "gameIdx": 0, "hr/park": "", "pa": "35", "dt": "", "img": "https://www.mlbstatic.com/team-logos/133.svg", "team": "ath", "start": "", "in": "5", "result": "Single", "evo": "83.1", "la": "8", "dist": "156"}, {"player": "carlos corporan", "game": "tex @ ath", "gameIdx": 0, "hr/park": "", "pa": "34", "dt": "", "img": "https://www.mlbstatic.com/team-logos/140.svg", "team": "tex", "start": "", "in": "5", "result": "Strikeout", "evo": "", "la": "", "dist": ""}, {"player": "leonys martin", "game": "tex @ ath", "gameIdx": 0, "hr/park": "", "pa": "33", "dt": "", "img": "https://www.mlbstatic.com/team-logos/140.svg", "team": "tex", "start": "", "in": "5", "result": "Flyout", "evo": "", "la": "", "dist": ""}, {"player": "elvis andrus", "game": "tex @ ath", "gameIdx": 0, "hr/park": "", "pa": "32", "dt": "", "img": "https://www.mlbstatic.com/team-logos/140.svg", "team": "tex", "start": "", "in": "5", "result": "Single", "evo": "98.0", "la": "8", "dist": "189"}, {"player": "adam rosales", "game": "tex @ ath", "gameIdx": 0, "hr/park": "", "pa": "31", "dt": "", "img": "https://www.mlbstatic.com/team-logos/140.svg", "team": "tex", "start": "", "in": "5", "result": "Flyout", "evo": "83.2", "la": "55", "dist": "224"}, {"player": "josh phegley", "game": "tex @ ath", "gameIdx": 0, "hr/park": "", "pa": "30", "dt": "", "img": "https://www.mlbstatic.com/team-logos/133.svg", "team": "ath", "start": "", "in": "4", "result": "Groundout", "evo": "54.2", "la": "-20", "dist": "7"}, {"player": "mark canha", "game": "tex @ ath", "gameIdx": 0, "hr/park": "0/30", "pa": "29", "dt": "", "img": "https://www.mlbstatic.com/team-logos/133.svg", "team": "ath", "start": "", "in": "4", "result": "Lineout", "evo": "91.6", "la": "25", "dist": "341"}, {"player": "brett lawrie", "game": "tex @ ath", "gameIdx": 0, "hr/park": "0/30", "pa": "28", "dt": "", "img": "https://www.mlbstatic.com/team-logos/133.svg", "team": "ath", "start": "", "in": "4", "result": "Lineout", "evo": "93.4", "la": "27", "dist": "336"}, {"player": "kyle blanks", "game": "tex @ ath", "gameIdx": 0, "hr/park": "", "pa": "27", "dt": "", "img": "https://www.mlbstatic.com/team-logos/140.svg", "team": "tex", "start": "", "in": "4", "result": "Flyout", "evo": "85.3", "la": "51", "dist": "255"}, {"player": "prince fielder", "game": "tex @ ath", "gameIdx": 0, "hr/park": "0/30", "pa": "26", "dt": "", "img": "https://www.mlbstatic.com/team-logos/140.svg", "team": "tex", "start": "", "in": "4", "result": "Flyout", "evo": "89.4", "la": "34", "dist": "315"}, {"player": "shin soo choo", "game": "tex @ ath", "gameIdx": 0, "hr/park": "", "pa": "25", "dt": "", "img": "https://www.mlbstatic.com/team-logos/140.svg", "team": "tex", "start": "", "in": "4", "result": "Strikeout", "evo": "", "la": "", "dist": ""}, {"player": "stephen vogt", "game": "tex @ ath", "gameIdx": 0, "hr/park": "", "pa": "24", "dt": "", "img": "https://www.mlbstatic.com/team-logos/133.svg", "team": "ath", "start": "", "in": "3", "result": "Lineout", "evo": "93.9", "la": "8", "dist": "178"}, {"player": "ben zobrist", "game": "tex @ ath", "gameIdx": 0, "hr/park": "", "pa": "23", "dt": "", "img": "https://www.mlbstatic.com/team-logos/133.svg", "team": "ath", "start": "", "in": "3", "result": "Lineout", "evo": "80.7", "la": "12", "dist": "159"}, {"player": "josh reddick", "game": "tex @ ath", "gameIdx": 0, "hr/park": "", "pa": "22", "dt": "", "img": "https://www.mlbstatic.com/team-logos/133.svg", "team": "ath", "start": "", "in": "3", "result": "Flyout", "evo": "82.3", "la": "49", "dist": "263"}, {"player": "marcus semien", "game": "tex @ ath", "gameIdx": 0, "hr/park": "", "pa": "21", "dt": "", "img": "https://www.mlbstatic.com/team-logos/133.svg", "team": "ath", "start": "", "in": "3", "result": "Single", "evo": "76.5", "la": "23", "dist": "234"}, {"player": "billy burns", "game": "tex @ ath", "gameIdx": 0, "hr/park": "", "pa": "20", "dt": "", "img": "https://www.mlbstatic.com/team-logos/133.svg", "team": "ath", "start": "", "in": "3", "result": "Single", "evo": "91.2", "la": "-15", "dist": "9"}, {"player": "delino deshields", "game": "tex @ ath", "gameIdx": 0, "hr/park": "", "pa": "19", "dt": "", "img": "https://www.mlbstatic.com/team-logos/140.svg", "team": "tex", "start": "", "in": "3", "result": "Lineout", "evo": "85.2", "la": "11", "dist": "159"}, {"player": "hanser alberto", "game": "tex @ ath", "gameIdx": 0, "hr/park": "", "pa": "18", "dt": "", "img": "https://www.mlbstatic.com/team-logos/140.svg", "team": "tex", "start": "", "in": "3", "result": "Groundout", "evo": "72.5", "la": "-6", "dist": "16"}, {"player": "carlos corporan", "game": "tex @ ath", "gameIdx": 0, "hr/park": "", "pa": "17", "dt": "", "img": "https://www.mlbstatic.com/team-logos/140.svg", "team": "tex", "start": "", "in": "3", "result": "Groundout", "evo": "96.2", "la": "-13", "dist": "10"}, {"player": "sam fuld", "game": "tex @ ath", "gameIdx": 0, "hr/park": "", "pa": "16", "dt": "", "img": "https://www.mlbstatic.com/team-logos/133.svg", "team": "ath", "start": "", "in": "2", "result": "Groundout", "evo": "93.6", "la": "-12", "dist": "11"}, {"player": "josh phegley", "game": "tex @ ath", "gameIdx": 0, "hr/park": "0/30", "pa": "15", "dt": "", "img": "https://www.mlbstatic.com/team-logos/133.svg", "team": "ath", "start": "", "in": "2", "result": "Lineout", "evo": "91.3", "la": "20", "dist": "307"}, {"player": "mark canha", "game": "tex @ ath", "gameIdx": 0, "hr/park": "0/30", "pa": "14", "dt": "", "img": "https://www.mlbstatic.com/team-logos/133.svg", "team": "ath", "start": "", "in": "2", "result": "Lineout", "evo": "99.3", "la": "18", "dist": "348"}, {"player": "leonys martin", "game": "tex @ ath", "gameIdx": 0, "hr/park": "", "pa": "13", "dt": "", "img": "https://www.mlbstatic.com/team-logos/140.svg", "team": "tex", "start": "", "in": "2", "result": "Lineout", "evo": "75.6", "la": "13", "dist": "173"}, {"player": "elvis andrus", "game": "tex @ ath", "gameIdx": 0, "hr/park": "", "pa": "12", "dt": "", "img": "https://www.mlbstatic.com/team-logos/140.svg", "team": "tex", "start": "", "in": "2", "result": "Forceout", "evo": "81.5", "la": "-3", "dist": "30"}, {"player": "adam rosales", "game": "tex @ ath", "gameIdx": 0, "hr/park": "", "pa": "11", "dt": "", "img": "https://www.mlbstatic.com/team-logos/140.svg", "team": "tex", "start": "", "in": "2", "result": "Walk", "evo": "", "la": "", "dist": ""}, {"player": "kyle blanks", "game": "tex @ ath", "gameIdx": 0, "hr/park": "", "pa": "10", "dt": "", "img": "https://www.mlbstatic.com/team-logos/140.svg", "team": "tex", "start": "", "in": "2", "result": "Strikeout", "evo": "", "la": "", "dist": ""}, {"player": "brett lawrie", "game": "tex @ ath", "gameIdx": 0, "hr/park": "", "pa": "9", "dt": "", "img": "https://www.mlbstatic.com/team-logos/133.svg", "team": "ath", "start": "", "in": "1", "result": "GIDP", "evo": "94.7", "la": "5", "dist": "113"}, {"player": "stephen vogt", "game": "tex @ ath", "gameIdx": 0, "hr/park": "", "pa": "8", "dt": "", "img": "https://www.mlbstatic.com/team-logos/133.svg", "team": "ath", "start": "", "in": "1", "result": "Walk", "evo": "", "la": "", "dist": ""}, {"player": "ben zobrist", "game": "tex @ ath", "gameIdx": 0, "hr/park": "", "pa": "7", "dt": "", "img": "https://www.mlbstatic.com/team-logos/133.svg", "team": "ath", "start": "", "in": "1", "result": "Single", "evo": "99.4", "la": "-1", "dist": "57"}, {"player": "josh reddick", "game": "tex @ ath", "gameIdx": 0, "hr/park": "", "pa": "6", "dt": "", "img": "https://www.mlbstatic.com/team-logos/133.svg", "team": "ath", "start": "", "in": "1", "result": "Single", "evo": "", "la": "", "dist": ""}, {"player": "marcus semien", "game": "tex @ ath", "gameIdx": 0, "hr/park": "", "pa": "5", "dt": "", "img": "https://www.mlbstatic.com/team-logos/133.svg", "team": "ath", "start": "", "in": "1", "result": "Strikeout", "evo": "", "la": "", "dist": ""}, {"player": "billy burns", "game": "tex @ ath", "gameIdx": 0, "hr/park": "", "pa": "4", "dt": "", "img": "https://www.mlbstatic.com/team-logos/133.svg", "team": "ath", "start": "", "in": "1", "result": "Walk", "evo": "", "la": "", "dist": ""}, {"player": "prince fielder", "game": "tex @ ath", "gameIdx": 0, "hr/park": "", "pa": "3", "dt": "", "img": "https://www.mlbstatic.com/team-logos/140.svg", "team": "tex", "start": "", "in": "1", "result": "Pop Out", "evo": "67.5", "la": "47", "dist": "195"}, {"player": "shin soo choo", "game": "tex @ ath", "gameIdx": 0, "hr/park": "0/30", "pa": "2", "dt": "", "img": "https://www.mlbstatic.com/team-logos/140.svg", "team": "tex", "start": "", "in": "1", "result": "Flyout", "evo": "99.2", "la": "36", "dist": "372"}, {"player": "delino deshields", "game": "tex @ ath", "gameIdx": 0, "hr/park": "0/30", "pa": "1", "dt": "", "img": "https://www.mlbstatic.com/team-logos/140.svg", "team": "tex", "start": "", "in": "1", "result": "Flyout", "evo": "94.0", "la": "37", "dist": "339"}], "bos @ bal": [], "sf @ nym": [], "laa @ tb": [], "col @ mia": [{"player": "ben paulsen", "game": "col @ mia", "gameIdx": 0, "hr/park": "", "pa": "74", "dt": "", "img": "https://www.mlbstatic.com/team-logos/115.svg", "team": "col", "start": "", "in": "9", "result": "Strikeout", "evo": "", "la": "", "dist": ""}, {"player": "corey dickerson", "game": "col @ mia", "gameIdx": 0, "hr/park": "", "pa": "73", "dt": "", "img": "https://www.mlbstatic.com/team-logos/115.svg", "team": "col", "start": "", "in": "9", "result": "Single", "evo": "90.6", "la": "4", "dist": "119"}, {"player": "nolan arenado", "game": "col @ mia", "gameIdx": 0, "hr/park": "", "pa": "72", "dt": "", "img": "https://www.mlbstatic.com/team-logos/115.svg", "team": "col", "start": "", "in": "9", "result": "Lineout", "evo": "96.1", "la": "7", "dist": "156"}, {"player": "carlos gonzalez", "game": "col @ mia", "gameIdx": 0, "hr/park": "", "pa": "71", "dt": "", "img": "https://www.mlbstatic.com/team-logos/115.svg", "team": "col", "start": "", "in": "9", "result": "Strikeout", "evo": "", "la": "", "dist": ""}, {"player": "giancarlo stanton", "game": "col @ mia", "gameIdx": 0, "hr/park": "0/30", "pa": "70", "dt": "", "img": "https://www.mlbstatic.com/team-logos/146.svg", "team": "mia", "start": "", "in": "8", "result": "Flyout", "evo": "103.5", "la": "41", "dist": "369"}, {"player": "christian yelich", "game": "col @ mia", "gameIdx": 0, "hr/park": "", "pa": "69", "dt": "", "img": "https://www.mlbstatic.com/team-logos/146.svg", "team": "mia", "start": "", "in": "8", "result": "Strikeout", "evo": "", "la": "", "dist": ""}, {"player": "martin prado", "game": "col @ mia", "gameIdx": 0, "hr/park": "", "pa": "68", "dt": "", "img": "https://www.mlbstatic.com/team-logos/146.svg", "team": "mia", "start": "", "in": "8", "result": "Lineout", "evo": "86.0", "la": "19", "dist": "262"}, {"player": "adeiny hechavarria", "game": "col @ mia", "gameIdx": 0, "hr/park": "", "pa": "67", "dt": "", "img": "https://www.mlbstatic.com/team-logos/146.svg", "team": "mia", "start": "", "in": "8", "result": "Single", "evo": "103.5", "la": "9", "dist": "226"}, {"player": "ichiro suzuki", "game": "col @ mia", "gameIdx": 0, "hr/park": "", "pa": "66", "dt": "", "img": "https://www.mlbstatic.com/team-logos/146.svg", "team": "mia", "start": "", "in": "8", "result": "Single", "evo": "89.4", "la": "2", "dist": "85"}, {"player": "troy tulowitzki", "game": "col @ mia", "gameIdx": 0, "hr/park": "0/30", "pa": "65", "dt": "", "img": "https://www.mlbstatic.com/team-logos/115.svg", "team": "col", "start": "", "in": "8", "result": "Flyout", "evo": "89.5", "la": "43", "dist": "300"}, {"player": "dj lemahieu", "game": "col @ mia", "gameIdx": 0, "hr/park": "", "pa": "64", "dt": "", "img": "https://www.mlbstatic.com/team-logos/115.svg", "team": "col", "start": "", "in": "8", "result": "Single", "evo": "82.5", "la": "", "dist": "49"}, {"player": "charlie blackmon", "game": "col @ mia", "gameIdx": 0, "hr/park": "", "pa": "63", "dt": "", "img": "https://www.mlbstatic.com/team-logos/115.svg", "team": "col", "start": "", "in": "8", "result": "Hit By Pitch", "evo": "", "la": "", "dist": ""}, {"player": "daniel descalso", "game": "col @ mia", "gameIdx": 0, "hr/park": "", "pa": "62", "dt": "", "img": "https://www.mlbstatic.com/team-logos/115.svg", "team": "col", "start": "", "in": "8", "result": "Strikeout", "evo": "", "la": "", "dist": ""}, {"player": "nick hundley", "game": "col @ mia", "gameIdx": 0, "hr/park": "", "pa": "61", "dt": "", "img": "https://www.mlbstatic.com/team-logos/115.svg", "team": "col", "start": "", "in": "8", "result": "Pop Out", "evo": "", "la": "", "dist": ""}, {"player": "donovan solano", "game": "col @ mia", "gameIdx": 0, "hr/park": "", "pa": "60", "dt": "", "img": "https://www.mlbstatic.com/team-logos/146.svg", "team": "mia", "start": "", "in": "7", "result": "GIDP", "evo": "80.9", "la": "-13", "dist": "8"}, {"player": "jt realmuto", "game": "col @ mia", "gameIdx": 0, "hr/park": "", "pa": "59", "dt": "", "img": "https://www.mlbstatic.com/team-logos/146.svg", "team": "mia", "start": "", "in": "7", "result": "Walk", "evo": "", "la": "", "dist": ""}, {"player": "jeff baker", "game": "col @ mia", "gameIdx": 0, "hr/park": "", "pa": "58", "dt": "", "img": "https://www.mlbstatic.com/team-logos/146.svg", "team": "mia", "start": "", "in": "7", "result": "Strikeout", "evo": "", "la": "", "dist": ""}, {"player": "wilin rosario", "game": "col @ mia", "gameIdx": 0, "hr/park": "", "pa": "57", "dt": "", "img": "https://www.mlbstatic.com/team-logos/115.svg", "team": "col", "start": "", "in": "7", "result": "Groundout", "evo": "100.9", "la": "-9", "dist": "18"}, {"player": "corey dickerson", "game": "col @ mia", "gameIdx": 0, "hr/park": "3/30", "pa": "56", "dt": "", "img": "https://www.mlbstatic.com/team-logos/115.svg", "team": "col", "start": "", "in": "7", "result": "Double", "evo": "98.8", "la": "23", "dist": "389"}, {"player": "nolan arenado", "game": "col @ mia", "gameIdx": 0, "hr/park": "", "pa": "55", "dt": "", "img": "https://www.mlbstatic.com/team-logos/115.svg", "team": "col", "start": "", "in": "7", "result": "Groundout", "evo": "69.3", "la": "11", "dist": "124"}, {"player": "carlos gonzalez", "game": "col @ mia", "gameIdx": 0, "hr/park": "", "pa": "54", "dt": "", "img": "https://www.mlbstatic.com/team-logos/115.svg", "team": "col", "start": "", "in": "7", "result": "Lineout", "evo": "76.9", "la": "28", "dist": "287"}, {"player": "marcell ozuna", "game": "col @ mia", "gameIdx": 0, "hr/park": "", "pa": "53", "dt": "", "img": "https://www.mlbstatic.com/team-logos/146.svg", "team": "mia", "start": "", "in": "6", "result": "Strikeout", "evo": "", "la": "", "dist": ""}, {"player": "giancarlo stanton", "game": "col @ mia", "gameIdx": 0, "hr/park": "", "pa": "52", "dt": "", "img": "https://www.mlbstatic.com/team-logos/146.svg", "team": "mia", "start": "", "in": "6", "result": "Strikeout", "evo": "", "la": "", "dist": ""}, {"player": "christian yelich", "game": "col @ mia", "gameIdx": 0, "hr/park": "", "pa": "51", "dt": "", "img": "https://www.mlbstatic.com/team-logos/146.svg", "team": "mia", "start": "", "in": "6", "result": "Single", "evo": "62.0", "la": "27", "dist": "187"}, {"player": "martin prado", "game": "col @ mia", "gameIdx": 0, "hr/park": "", "pa": "50", "dt": "", "img": "https://www.mlbstatic.com/team-logos/146.svg", "team": "mia", "start": "", "in": "6", "result": "Pop Out", "evo": "", "la": "", "dist": ""}, {"player": "adeiny hechavarria", "game": "col @ mia", "gameIdx": 0, "hr/park": "", "pa": "49", "dt": "", "img": "https://www.mlbstatic.com/team-logos/146.svg", "team": "mia", "start": "", "in": "6", "result": "Single", "evo": "", "la": "", "dist": ""}, {"player": "troy tulowitzki", "game": "col @ mia", "gameIdx": 0, "hr/park": "", "pa": "48", "dt": "", "img": "https://www.mlbstatic.com/team-logos/115.svg", "team": "col", "start": "", "in": "6", "result": "Groundout", "evo": "89.1", "la": "-29", "dist": "6"}, {"player": "dj lemahieu", "game": "col @ mia", "gameIdx": 0, "hr/park": "0/30", "pa": "47", "dt": "", "img": "https://www.mlbstatic.com/team-logos/115.svg", "team": "col", "start": "", "in": "6", "result": "Lineout", "evo": "100.6", "la": "24", "dist": "402"}, {"player": "charlie blackmon", "game": "col @ mia", "gameIdx": 0, "hr/park": "", "pa": "46", "dt": "", "img": "https://www.mlbstatic.com/team-logos/115.svg", "team": "col", "start": "", "in": "6", "result": "Strikeout", "evo": "", "la": "", "dist": ""}, {"player": "david phelps", "game": "col @ mia", "gameIdx": 0, "hr/park": "", "pa": "45", "dt": "", "img": "https://www.mlbstatic.com/team-logos/146.svg", "team": "mia", "start": "", "in": "5", "result": "Groundout", "evo": "84.3", "la": "-9", "dist": "15"}, {"player": "donovan solano", "game": "col @ mia", "gameIdx": 0, "hr/park": "", "pa": "44", "dt": "", "img": "https://www.mlbstatic.com/team-logos/146.svg", "team": "mia", "start": "", "in": "5", "result": "Flyout", "evo": "86.5", "la": "46", "dist": "299"}, {"player": "jt realmuto", "game": "col @ mia", "gameIdx": 0, "hr/park": "", "pa": "43", "dt": "", "img": "https://www.mlbstatic.com/team-logos/146.svg", "team": "mia", "start": "", "in": "5", "result": "Double", "evo": "90.9", "la": "14", "dist": "224"}, {"player": "jeff baker", "game": "col @ mia", "gameIdx": 0, "hr/park": "30/30", "pa": "42", "dt": "", "img": "https://www.mlbstatic.com/team-logos/146.svg", "team": "mia", "start": "", "in": "5", "result": "Home Run", "evo": "106.4", "la": "22", "dist": "423"}, {"player": "marcell ozuna", "game": "col @ mia", "gameIdx": 0, "hr/park": "0/30", "pa": "41", "dt": "", "img": "https://www.mlbstatic.com/team-logos/146.svg", "team": "mia", "start": "", "in": "5", "result": "Lineout", "evo": "97.9", "la": "21", "dist": "332"}, {"player": "chris rusin", "game": "col @ mia", "gameIdx": 0, "hr/park": "", "pa": "40", "dt": "", "img": "https://www.mlbstatic.com/team-logos/115.svg", "team": "col", "start": "", "in": "5", "result": "Groundout", "evo": "76.7", "la": "-54", "dist": "4"}, {"player": "nick hundley", "game": "col @ mia", "gameIdx": 0, "hr/park": "", "pa": "39", "dt": "", "img": "https://www.mlbstatic.com/team-logos/115.svg", "team": "col", "start": "", "in": "5", "result": "Walk", "evo": "", "la": "", "dist": ""}, {"player": "wilin rosario", "game": "col @ mia", "gameIdx": 0, "hr/park": "", "pa": "38", "dt": "", "img": "https://www.mlbstatic.com/team-logos/115.svg", "team": "col", "start": "", "in": "5", "result": "Groundout", "evo": "70.3", "la": "-12", "dist": "15"}, {"player": "corey dickerson", "game": "col @ mia", "gameIdx": 0, "hr/park": "", "pa": "37", "dt": "", "img": "https://www.mlbstatic.com/team-logos/115.svg", "team": "col", "start": "", "in": "5", "result": "Strikeout", "evo": "", "la": "", "dist": ""}, {"player": "giancarlo stanton", "game": "col @ mia", "gameIdx": 0, "hr/park": "", "pa": "36", "dt": "", "img": "https://www.mlbstatic.com/team-logos/146.svg", "team": "mia", "start": "", "in": "4", "result": "Strikeout", "evo": "", "la": "", "dist": ""}, {"player": "christian yelich", "game": "col @ mia", "gameIdx": 0, "hr/park": "", "pa": "35", "dt": "", "img": "https://www.mlbstatic.com/team-logos/146.svg", "team": "mia", "start": "", "in": "4", "result": "Groundout", "evo": "103.5", "la": "-2", "dist": "40"}, {"player": "martin prado", "game": "col @ mia", "gameIdx": 0, "hr/park": "", "pa": "34", "dt": "", "img": "https://www.mlbstatic.com/team-logos/146.svg", "team": "mia", "start": "", "in": "4", "result": "Lineout", "evo": "84.8", "la": "20", "dist": "279"}, {"player": "nolan arenado", "game": "col @ mia", "gameIdx": 0, "hr/park": "", "pa": "33", "dt": "", "img": "https://www.mlbstatic.com/team-logos/115.svg", "team": "col", "start": "", "in": "4", "result": "Groundout", "evo": "77.8", "la": "-27", "dist": "5"}, {"player": "carlos gonzalez", "game": "col @ mia", "gameIdx": 0, "hr/park": "", "pa": "32", "dt": "", "img": "https://www.mlbstatic.com/team-logos/115.svg", "team": "col", "start": "", "in": "4", "result": "Flyout", "evo": "77.3", "la": "42", "dist": "266"}, {"player": "troy tulowitzki", "game": "col @ mia", "gameIdx": 0, "hr/park": "", "pa": "31", "dt": "", "img": "https://www.mlbstatic.com/team-logos/115.svg", "team": "col", "start": "", "in": "4", "result": "Single", "evo": "105.1", "la": "-10", "dist": "18"}, {"player": "dj lemahieu", "game": "col @ mia", "gameIdx": 0, "hr/park": "", "pa": "30", "dt": "", "img": "https://www.mlbstatic.com/team-logos/115.svg", "team": "col", "start": "", "in": "4", "result": "Groundout", "evo": "95.3", "la": "5", "dist": "125"}, {"player": "adeiny hechavarria", "game": "col @ mia", "gameIdx": 0, "hr/park": "", "pa": "29", "dt": "", "img": "https://www.mlbstatic.com/team-logos/146.svg", "team": "mia", "start": "", "in": "3", "result": "Groundout", "evo": "99.7", "la": "-3", "dist": "38"}, {"player": "david phelps", "game": "col @ mia", "gameIdx": 0, "hr/park": "", "pa": "28", "dt": "", "img": "https://www.mlbstatic.com/team-logos/146.svg", "team": "mia", "start": "", "in": "3", "result": "Groundout", "evo": "71.3", "la": "-53", "dist": "5"}, {"player": "donovan solano", "game": "col @ mia", "gameIdx": 0, "hr/park": "0/30", "pa": "27", "dt": "", "img": "https://www.mlbstatic.com/team-logos/146.svg", "team": "mia", "start": "", "in": "3", "result": "Field Error", "evo": "92.1", "la": "28", "dist": "344"}, {"player": "jt realmuto", "game": "col @ mia", "gameIdx": 0, "hr/park": "", "pa": "26", "dt": "", "img": "https://www.mlbstatic.com/team-logos/146.svg", "team": "mia", "start": "", "in": "3", "result": "Groundout", "evo": "74.3", "la": "2", "dist": "54"}, {"player": "charlie blackmon", "game": "col @ mia", "gameIdx": 0, "hr/park": "", "pa": "25", "dt": "", "img": "https://www.mlbstatic.com/team-logos/115.svg", "team": "col", "start": "", "in": "3", "result": "Strikeout", "evo": "", "la": "", "dist": ""}, {"player": "chris rusin", "game": "col @ mia", "gameIdx": 0, "hr/park": "", "pa": "24", "dt": "", "img": "https://www.mlbstatic.com/team-logos/115.svg", "team": "col", "start": "", "in": "3", "result": "Groundout", "evo": "97.1", "la": "-9", "dist": "24"}, {"player": "nick hundley", "game": "col @ mia", "gameIdx": 0, "hr/park": "", "pa": "23", "dt": "", "img": "https://www.mlbstatic.com/team-logos/115.svg", "team": "col", "start": "", "in": "3", "result": "Groundout", "evo": "100.1", "la": "-12", "dist": "14"}, {"player": "jeff baker", "game": "col @ mia", "gameIdx": 0, "hr/park": "", "pa": "22", "dt": "", "img": "https://www.mlbstatic.com/team-logos/146.svg", "team": "mia", "start": "", "in": "2", "result": "Forceout", "evo": "92.2", "la": "3", "dist": "76"}, {"player": "marcell ozuna", "game": "col @ mia", "gameIdx": 0, "hr/park": "", "pa": "21", "dt": "", "img": "https://www.mlbstatic.com/team-logos/146.svg", "team": "mia", "start": "", "in": "2", "result": "Single", "evo": "105.9", "la": "-18", "dist": "8"}, {"player": "giancarlo stanton", "game": "col @ mia", "gameIdx": 0, "hr/park": "", "pa": "20", "dt": "", "img": "https://www.mlbstatic.com/team-logos/146.svg", "team": "mia", "start": "", "in": "2", "result": "Single", "evo": "", "la": "", "dist": ""}, {"player": "christian yelich", "game": "col @ mia", "gameIdx": 0, "hr/park": "", "pa": "19", "dt": "", "img": "https://www.mlbstatic.com/team-logos/146.svg", "team": "mia", "start": "", "in": "2", "result": "Triple", "evo": "93.0", "la": "11", "dist": "166"}, {"player": "martin prado", "game": "col @ mia", "gameIdx": 0, "hr/park": "", "pa": "18", "dt": "", "img": "https://www.mlbstatic.com/team-logos/146.svg", "team": "mia", "start": "", "in": "2", "result": "Groundout", "evo": "88.7", "la": "-13", "dist": "8"}, {"player": "adeiny hechavarria", "game": "col @ mia", "gameIdx": 0, "hr/park": "", "pa": "17", "dt": "", "img": "https://www.mlbstatic.com/team-logos/146.svg", "team": "mia", "start": "", "in": "2", "result": "Single", "evo": "95.4", "la": "11", "dist": "249"}, {"player": "david phelps", "game": "col @ mia", "gameIdx": 0, "hr/park": "", "pa": "16", "dt": "", "img": "https://www.mlbstatic.com/team-logos/146.svg", "team": "mia", "start": "", "in": "2", "result": "Groundout", "evo": "76.2", "la": "-3", "dist": "25"}, {"player": "wilin rosario", "game": "col @ mia", "gameIdx": 0, "hr/park": "", "pa": "15", "dt": "", "img": "https://www.mlbstatic.com/team-logos/115.svg", "team": "col", "start": "", "in": "2", "result": "Strikeout", "evo": "", "la": "", "dist": ""}, {"player": "corey dickerson", "game": "col @ mia", "gameIdx": 0, "hr/park": "", "pa": "14", "dt": "", "img": "https://www.mlbstatic.com/team-logos/115.svg", "team": "col", "start": "", "in": "2", "result": "Groundout", "evo": "86.9", "la": "-25", "dist": "8"}, {"player": "nolan arenado", "game": "col @ mia", "gameIdx": 0, "hr/park": "5/30", "pa": "13", "dt": "", "img": "https://www.mlbstatic.com/team-logos/115.svg", "team": "col", "start": "", "in": "2", "result": "Lineout", "evo": "103.9", "la": "19", "dist": "357"}, {"player": "donovan solano", "game": "col @ mia", "gameIdx": 0, "hr/park": "", "pa": "12", "dt": "", "img": "https://www.mlbstatic.com/team-logos/146.svg", "team": "mia", "start": "", "in": "1", "result": "Groundout", "evo": "94.5", "la": "-17", "dist": "10"}, {"player": "jt realmuto", "game": "col @ mia", "gameIdx": 0, "hr/park": "", "pa": "11", "dt": "", "img": "https://www.mlbstatic.com/team-logos/146.svg", "team": "mia", "start": "", "in": "1", "result": "Single", "evo": "", "la": "", "dist": ""}, {"player": "jeff baker", "game": "col @ mia", "gameIdx": 0, "hr/park": "", "pa": "10", "dt": "", "img": "https://www.mlbstatic.com/team-logos/146.svg", "team": "mia", "start": "", "in": "1", "result": "Forceout", "evo": "90.3", "la": "-20", "dist": "9"}, {"player": "marcell ozuna", "game": "col @ mia", "gameIdx": 0, "hr/park": "", "pa": "9", "dt": "", "img": "https://www.mlbstatic.com/team-logos/146.svg", "team": "mia", "start": "", "in": "1", "result": "Walk", "evo": "", "la": "", "dist": ""}, {"player": "giancarlo stanton", "game": "col @ mia", "gameIdx": 0, "hr/park": "29/30", "pa": "8", "dt": "", "img": "https://www.mlbstatic.com/team-logos/146.svg", "team": "mia", "start": "", "in": "1", "result": "Home Run", "evo": "114.6", "la": "15", "dist": "385"}, {"player": "christian yelich", "game": "col @ mia", "gameIdx": 0, "hr/park": "", "pa": "7", "dt": "", "img": "https://www.mlbstatic.com/team-logos/146.svg", "team": "mia", "start": "", "in": "1", "result": "Walk", "evo": "", "la": "", "dist": ""}, {"player": "martin prado", "game": "col @ mia", "gameIdx": 0, "hr/park": "", "pa": "6", "dt": "", "img": "https://www.mlbstatic.com/team-logos/146.svg", "team": "mia", "start": "", "in": "1", "result": "Double", "evo": "78.8", "la": "19", "dist": "223"}, {"player": "adeiny hechavarria", "game": "col @ mia", "gameIdx": 0, "hr/park": "", "pa": "5", "dt": "", "img": "https://www.mlbstatic.com/team-logos/146.svg", "team": "mia", "start": "", "in": "1", "result": "Groundout", "evo": "85.7", "la": "-31", "dist": "6"}, {"player": "carlos gonzalez", "game": "col @ mia", "gameIdx": 0, "hr/park": "", "pa": "4", "dt": "", "img": "https://www.mlbstatic.com/team-logos/115.svg", "team": "col", "start": "", "in": "1", "result": "Strikeout", "evo": "", "la": "", "dist": ""}, {"player": "troy tulowitzki", "game": "col @ mia", "gameIdx": 0, "hr/park": "", "pa": "3", "dt": "", "img": "https://www.mlbstatic.com/team-logos/115.svg", "team": "col", "start": "", "in": "1", "result": "Flyout", "evo": "", "la": "", "dist": ""}, {"player": "dj lemahieu", "game": "col @ mia", "gameIdx": 0, "hr/park": "", "pa": "2", "dt": "", "img": "https://www.mlbstatic.com/team-logos/115.svg", "team": "col", "start": "", "in": "1", "result": "Single", "evo": "83.1", "la": "16", "dist": "228"}, {"player": "charlie blackmon", "game": "col @ mia", "gameIdx": 0, "hr/park": "", "pa": "1", "dt": "", "img": "https://www.mlbstatic.com/team-logos/115.svg", "team": "col", "start": "", "in": "1", "result": "Groundout", "evo": "96.6", "la": "-5", "dist": "28"}], "cin @ chc": [], "wsh @ mil": []}