{"all": {"pitchers": "28", "batters": "80", "pitches": "998", "max velomax pitch velocity": "101.3", "min velomin pitch velocity": "67.1", "ff%fourseam fastball %": "25.4", "si%sinker %": "17.6", "fc%cutter %": "11.7", "fs%splitter %": "4.0", "ch%changeup %": "15.4", "sl%slider %": "10.8", "cu%curve %": "13.8", "max evmax exit velocity": "109.6", "hhhard hit": "59", "hh%hard hit %": "31.2", "brlbarrels": "14", "brl%barrel %": "7.4", "ab": "237", "avg": ".181", "h": "43", "1b": "24", "2b": "9", "3b": "1", "hr": "9", "so": "52", "bipballs in play": "189", "liveGames": 0, "totGames": 13}, "stl @ chc": [{"player": "albert almora", "game": "stl @ chc", "gameIdx": 0, "hr/park": "", "pa": "52", "dt": "", "img": "https://www.mlbstatic.com/team-logos/112.svg", "team": "chc", "start": "", "in": "7", "result": "Groundout", "evo": "86.1", "la": "3", "dist": "75"}, {"player": "josh phegley", "game": "stl @ chc", "gameIdx": 0, "hr/park": "", "pa": "51", "dt": "", "img": "https://www.mlbstatic.com/team-logos/112.svg", "team": "chc", "start": "", "in": "7", "result": "Groundout", "evo": "75.3", "la": "8", "dist": "95"}, {"player": "kyle schwarber", "game": "stl @ chc", "gameIdx": 0, "hr/park": "", "pa": "50", "dt": "", "img": "https://www.mlbstatic.com/team-logos/112.svg", "team": "chc", "start": "", "in": "7", "result": "Strikeout", "evo": "", "la": "", "dist": ""}, {"player": "dexter fowler", "game": "stl @ chc", "gameIdx": 0, "hr/park": "", "pa": "49", "dt": "", "img": "https://www.mlbstatic.com/team-logos/138.svg", "team": "stl", "start": "", "in": "7", "result": "Flyout", "evo": "78.0", "la": "39", "dist": "268"}, {"player": "brad miller", "game": "stl @ chc", "gameIdx": 0, "hr/park": "0/30", "pa": "48", "dt": "", "img": "https://www.mlbstatic.com/team-logos/138.svg", "team": "stl", "start": "", "in": "7", "result": "Double", "evo": "95.5", "la": "20", "dist": "352"}, {"player": "dylan carlson", "game": "stl @ chc", "gameIdx": 0, "hr/park": "", "pa": "47", "dt": "", "img": "https://www.mlbstatic.com/team-logos/138.svg", "team": "stl", "start": "", "in": "7", "result": "Forceout", "evo": "89.8", "la": "3", "dist": "74"}, {"player": "matt carpenter", "game": "stl @ chc", "gameIdx": 0, "hr/park": "", "pa": "46", "dt": "", "img": "https://www.mlbstatic.com/team-logos/138.svg", "team": "stl", "start": "", "in": "7", "result": "Single", "evo": "97.9", "la": "19", "dist": "239"}, {"player": "tyler oneill", "game": "stl @ chc", "gameIdx": 0, "hr/park": "", "pa": "45", "dt": "", "img": "https://www.mlbstatic.com/team-logos/138.svg", "team": "stl", "start": "", "in": "7", "result": "Walk", "evo": "", "la": "", "dist": ""}, {"player": "paul goldschmidt", "game": "stl @ chc", "gameIdx": 0, "hr/park": "", "pa": "44", "dt": "", "img": "https://www.mlbstatic.com/team-logos/138.svg", "team": "stl", "start": "", "in": "7", "result": "Double", "evo": "107.6", "la": "10", "dist": "245"}, {"player": "ian happ", "game": "stl @ chc", "gameIdx": 0, "hr/park": "", "pa": "43", "dt": "", "img": "https://www.mlbstatic.com/team-logos/112.svg", "team": "chc", "start": "", "in": "6", "result": "Strikeout", "evo": "", "la": "", "dist": ""}, {"player": "willson contreras", "game": "stl @ chc", "gameIdx": 0, "hr/park": "", "pa": "42", "dt": "", "img": "https://www.mlbstatic.com/team-logos/112.svg", "team": "chc", "start": "", "in": "6", "result": "Groundout", "evo": "96.9", "la": "-2", "dist": "38"}, {"player": "javier baez", "game": "stl @ chc", "gameIdx": 0, "hr/park": "", "pa": "41", "dt": "", "img": "https://www.mlbstatic.com/team-logos/112.svg", "team": "chc", "start": "", "in": "6", "result": "Strikeout", "evo": "", "la": "", "dist": ""}, {"player": "tommy edman", "game": "stl @ chc", "gameIdx": 0, "hr/park": "", "pa": "40", "dt": "", "img": "https://www.mlbstatic.com/team-logos/138.svg", "team": "stl", "start": "", "in": "6", "result": "Groundout", "evo": "78.7", "la": "-4", "dist": "29"}, {"player": "kolten wong", "game": "stl @ chc", "gameIdx": 0, "hr/park": "", "pa": "39", "dt": "", "img": "https://www.mlbstatic.com/team-logos/138.svg", "team": "stl", "start": "", "in": "6", "result": "Lineout", "evo": "80.3", "la": "12", "dist": "148"}, {"player": "matt wieters", "game": "stl @ chc", "gameIdx": 0, "hr/park": "", "pa": "38", "dt": "", "img": "https://www.mlbstatic.com/team-logos/138.svg", "team": "stl", "start": "", "in": "6", "result": "Groundout", "evo": "61.4", "la": "-16", "dist": "7"}, {"player": "anthony rizzo", "game": "stl @ chc", "gameIdx": 0, "hr/park": "", "pa": "37", "dt": "", "img": "https://www.mlbstatic.com/team-logos/112.svg", "team": "chc", "start": "", "in": "5", "result": "Strikeout", "evo": "", "la": "", "dist": ""}, {"player": "kris bryant", "game": "stl @ chc", "gameIdx": 0, "hr/park": "", "pa": "36", "dt": "", "img": "https://www.mlbstatic.com/team-logos/112.svg", "team": "chc", "start": "", "in": "5", "result": "Groundout", "evo": "65.6", "la": "9", "dist": "79"}, {"player": "nico hoerner", "game": "stl @ chc", "gameIdx": 0, "hr/park": "", "pa": "35", "dt": "", "img": "https://www.mlbstatic.com/team-logos/112.svg", "team": "chc", "start": "", "in": "5", "result": "Strikeout", "evo": "", "la": "", "dist": ""}, {"player": "dexter fowler", "game": "stl @ chc", "gameIdx": 0, "hr/park": "0/30", "pa": "34", "dt": "", "img": "https://www.mlbstatic.com/team-logos/138.svg", "team": "stl", "start": "", "in": "5", "result": "Flyout", "evo": "95.6", "la": "30", "dist": "354"}, {"player": "brad miller", "game": "stl @ chc", "gameIdx": 0, "hr/park": "", "pa": "33", "dt": "", "img": "https://www.mlbstatic.com/team-logos/138.svg", "team": "stl", "start": "", "in": "5", "result": "Field Error", "evo": "65.7", "la": "-23", "dist": "7"}, {"player": "dylan carlson", "game": "stl @ chc", "gameIdx": 0, "hr/park": "", "pa": "32", "dt": "", "img": "https://www.mlbstatic.com/team-logos/138.svg", "team": "stl", "start": "", "in": "5", "result": "Strikeout", "evo": "", "la": "", "dist": ""}, {"player": "matt carpenter", "game": "stl @ chc", "gameIdx": 0, "hr/park": "", "pa": "31", "dt": "", "img": "https://www.mlbstatic.com/team-logos/138.svg", "team": "stl", "start": "", "in": "5", "result": "Groundout", "evo": "", "la": "", "dist": ""}, {"player": "albert almora", "game": "stl @ chc", "gameIdx": 0, "hr/park": "", "pa": "30", "dt": "", "img": "https://www.mlbstatic.com/team-logos/112.svg", "team": "chc", "start": "", "in": "4", "result": "Strikeout", "evo": "", "la": "", "dist": ""}, {"player": "josh phegley", "game": "stl @ chc", "gameIdx": 0, "hr/park": "", "pa": "29", "dt": "", "img": "https://www.mlbstatic.com/team-logos/112.svg", "team": "chc", "start": "", "in": "4", "result": "Groundout", "evo": "66.5", "la": "1", "dist": "37"}, {"player": "david bote", "game": "stl @ chc", "gameIdx": 0, "hr/park": "", "pa": "28", "dt": "", "img": "https://www.mlbstatic.com/team-logos/112.svg", "team": "chc", "start": "", "in": "4", "result": "Groundout", "evo": "89.7", "la": "-27", "dist": "4"}, {"player": "ian happ", "game": "stl @ chc", "gameIdx": 0, "hr/park": "16/30", "pa": "27", "dt": "", "img": "https://www.mlbstatic.com/team-logos/112.svg", "team": "chc", "start": "", "in": "4", "result": "Home Run", "evo": "91.0", "la": "31", "dist": "373"}, {"player": "tyler oneill", "game": "stl @ chc", "gameIdx": 0, "hr/park": "", "pa": "26", "dt": "", "img": "https://www.mlbstatic.com/team-logos/138.svg", "team": "stl", "start": "", "in": "4", "result": "Strikeout", "evo": "", "la": "", "dist": ""}, {"player": "paul goldschmidt", "game": "stl @ chc", "gameIdx": 0, "hr/park": "0/30", "pa": "25", "dt": "", "img": "https://www.mlbstatic.com/team-logos/138.svg", "team": "stl", "start": "", "in": "4", "result": "Flyout", "evo": "101.9", "la": "32", "dist": "363"}, {"player": "tommy edman", "game": "stl @ chc", "gameIdx": 0, "hr/park": "", "pa": "24", "dt": "", "img": "https://www.mlbstatic.com/team-logos/138.svg", "team": "stl", "start": "", "in": "4", "result": "Flyout", "evo": "70.6", "la": "38", "dist": "238"}, {"player": "willson contreras", "game": "stl @ chc", "gameIdx": 0, "hr/park": "", "pa": "23", "dt": "", "img": "https://www.mlbstatic.com/team-logos/112.svg", "team": "chc", "start": "", "in": "3", "result": "Lineout", "evo": "82.6", "la": "8", "dist": "127"}, {"player": "javier baez", "game": "stl @ chc", "gameIdx": 0, "hr/park": "", "pa": "22", "dt": "", "img": "https://www.mlbstatic.com/team-logos/112.svg", "team": "chc", "start": "", "in": "3", "result": "GIDP", "evo": "92.3", "la": "-10", "dist": "13"}, {"player": "anthony rizzo", "game": "stl @ chc", "gameIdx": 0, "hr/park": "", "pa": "21", "dt": "", "img": "https://www.mlbstatic.com/team-logos/112.svg", "team": "chc", "start": "", "in": "3", "result": "Walk", "evo": "", "la": "", "dist": ""}, {"player": "kris bryant", "game": "stl @ chc", "gameIdx": 0, "hr/park": "", "pa": "20", "dt": "", "img": "https://www.mlbstatic.com/team-logos/112.svg", "team": "chc", "start": "", "in": "3", "result": "Single", "evo": "102.7", "la": "3", "dist": "77"}, {"player": "kolten wong", "game": "stl @ chc", "gameIdx": 0, "hr/park": "0/30", "pa": "19", "dt": "", "img": "https://www.mlbstatic.com/team-logos/138.svg", "team": "stl", "start": "", "in": "3", "result": "Flyout", "evo": "97.1", "la": "40", "dist": "362"}, {"player": "matt wieters", "game": "stl @ chc", "gameIdx": 0, "hr/park": "", "pa": "18", "dt": "", "img": "https://www.mlbstatic.com/team-logos/138.svg", "team": "stl", "start": "", "in": "3", "result": "Strikeout", "evo": "", "la": "", "dist": ""}, {"player": "dexter fowler", "game": "stl @ chc", "gameIdx": 0, "hr/park": "21/30", "pa": "17", "dt": "", "img": "https://www.mlbstatic.com/team-logos/138.svg", "team": "stl", "start": "", "in": "3", "result": "Home Run", "evo": "105.0", "la": "35", "dist": "386"}, {"player": "brad miller", "game": "stl @ chc", "gameIdx": 0, "hr/park": "", "pa": "16", "dt": "", "img": "https://www.mlbstatic.com/team-logos/138.svg", "team": "stl", "start": "", "in": "3", "result": "Lineout", "evo": "108.4", "la": "13", "dist": "298"}, {"player": "nico hoerner", "game": "stl @ chc", "gameIdx": 0, "hr/park": "0/30", "pa": "15", "dt": "", "img": "https://www.mlbstatic.com/team-logos/112.svg", "team": "chc", "start": "", "in": "2", "result": "Lineout", "evo": "93.4", "la": "20", "dist": "339"}, {"player": "albert almora", "game": "stl @ chc", "gameIdx": 0, "hr/park": "", "pa": "14", "dt": "", "img": "https://www.mlbstatic.com/team-logos/112.svg", "team": "chc", "start": "", "in": "2", "result": "Pop Out", "evo": "73.6", "la": "70", "dist": "94"}, {"player": "josh phegley", "game": "stl @ chc", "gameIdx": 0, "hr/park": "", "pa": "13", "dt": "", "img": "https://www.mlbstatic.com/team-logos/112.svg", "team": "chc", "start": "", "in": "2", "result": "Groundout", "evo": "87.6", "la": "-17", "dist": "7"}, {"player": "dylan carlson", "game": "stl @ chc", "gameIdx": 0, "hr/park": "", "pa": "12", "dt": "", "img": "https://www.mlbstatic.com/team-logos/138.svg", "team": "stl", "start": "", "in": "2", "result": "Groundout", "evo": "73.2", "la": "-7", "dist": "17"}, {"player": "matt carpenter", "game": "stl @ chc", "gameIdx": 0, "hr/park": "", "pa": "11", "dt": "", "img": "https://www.mlbstatic.com/team-logos/138.svg", "team": "stl", "start": "", "in": "2", "result": "Groundout", "evo": "81.8", "la": "-5", "dist": "29"}, {"player": "tyler oneill", "game": "stl @ chc", "gameIdx": 0, "hr/park": "", "pa": "10", "dt": "", "img": "https://www.mlbstatic.com/team-logos/138.svg", "team": "stl", "start": "", "in": "2", "result": "Strikeout", "evo": "", "la": "", "dist": ""}, {"player": "david bote", "game": "stl @ chc", "gameIdx": 0, "hr/park": "", "pa": "9", "dt": "", "img": "https://www.mlbstatic.com/team-logos/112.svg", "team": "chc", "start": "", "in": "1", "result": "Groundout", "evo": "88.1", "la": "-32", "dist": "4"}, {"player": "ian happ", "game": "stl @ chc", "gameIdx": 0, "hr/park": "", "pa": "8", "dt": "", "img": "https://www.mlbstatic.com/team-logos/112.svg", "team": "chc", "start": "", "in": "1", "result": "Strikeout", "evo": "", "la": "", "dist": ""}, {"player": "willson contreras", "game": "stl @ chc", "gameIdx": 0, "hr/park": "", "pa": "7", "dt": "", "img": "https://www.mlbstatic.com/team-logos/112.svg", "team": "chc", "start": "", "in": "1", "result": "Intent Walk", "evo": "", "la": "", "dist": ""}, {"player": "javier baez", "game": "stl @ chc", "gameIdx": 0, "hr/park": "", "pa": "6", "dt": "", "img": "https://www.mlbstatic.com/team-logos/112.svg", "team": "chc", "start": "", "in": "1", "result": "Double", "evo": "107.2", "la": "14", "dist": "233"}, {"player": "anthony rizzo", "game": "stl @ chc", "gameIdx": 0, "hr/park": "", "pa": "5", "dt": "", "img": "https://www.mlbstatic.com/team-logos/112.svg", "team": "chc", "start": "", "in": "1", "result": "Walk", "evo": "", "la": "", "dist": ""}, {"player": "kris bryant", "game": "stl @ chc", "gameIdx": 0, "hr/park": "", "pa": "4", "dt": "", "img": "https://www.mlbstatic.com/team-logos/112.svg", "team": "chc", "start": "", "in": "1", "result": "Pop Out", "evo": "54.0", "la": "47", "dist": "148"}, {"player": "paul goldschmidt", "game": "stl @ chc", "gameIdx": 0, "hr/park": "", "pa": "3", "dt": "", "img": "https://www.mlbstatic.com/team-logos/138.svg", "team": "stl", "start": "", "in": "1", "result": "Groundout", "evo": "101.3", "la": "-22", "dist": "6"}, {"player": "tommy edman", "game": "stl @ chc", "gameIdx": 0, "hr/park": "", "pa": "2", "dt": "", "img": "https://www.mlbstatic.com/team-logos/138.svg", "team": "stl", "start": "", "in": "1", "result": "Pop Out", "evo": "84.8", "la": "58", "dist": "189"}, {"player": "kolten wong", "game": "stl @ chc", "gameIdx": 0, "hr/park": "", "pa": "1", "dt": "", "img": "https://www.mlbstatic.com/team-logos/138.svg", "team": "stl", "start": "", "in": "1", "result": "Strikeout", "evo": "", "la": "", "dist": ""}], "chc @ stl": [], "bos @ nyy": [{"player": "rafael devers", "game": "bos @ nyy", "gameIdx": 0, "hr/park": "", "pa": "73", "dt": "", "img": "https://www.mlbstatic.com/team-logos/111.svg", "team": "bos", "start": "", "in": "9", "result": "Strikeout", "evo": "", "la": "", "dist": ""}, {"player": "kevin pillar", "game": "bos @ nyy", "gameIdx": 0, "hr/park": "", "pa": "72", "dt": "", "img": "https://www.mlbstatic.com/team-logos/111.svg", "team": "bos", "start": "", "in": "9", "result": "Strikeout", "evo": "", "la": "", "dist": ""}, {"player": "jonathan arauz", "game": "bos @ nyy", "gameIdx": 0, "hr/park": "", "pa": "71", "dt": "", "img": "https://www.mlbstatic.com/team-logos/111.svg", "team": "bos", "start": "", "in": "9", "result": "Double", "evo": "71.5", "la": "20", "dist": "212"}, {"player": "jose peraza", "game": "bos @ nyy", "gameIdx": 0, "hr/park": "18/30", "pa": "70", "dt": "", "img": "https://www.mlbstatic.com/team-logos/111.svg", "team": "bos", "start": "", "in": "9", "result": "Triple", "evo": "100.9", "la": "32", "dist": "408"}, {"player": "alex verdugo", "game": "bos @ nyy", "gameIdx": 0, "hr/park": "", "pa": "69", "dt": "", "img": "https://www.mlbstatic.com/team-logos/111.svg", "team": "bos", "start": "", "in": "9", "result": "Pop Out", "evo": "55.4", "la": "39", "dist": "166"}, {"player": "thairo estrada", "game": "bos @ nyy", "gameIdx": 0, "hr/park": "", "pa": "68", "dt": "", "img": "https://www.mlbstatic.com/team-logos/147.svg", "team": "nyy", "start": "", "in": "8", "result": "Strikeout", "evo": "", "la": "", "dist": ""}, {"player": "mike tauchman", "game": "bos @ nyy", "gameIdx": 0, "hr/park": "", "pa": "67", "dt": "", "img": "https://www.mlbstatic.com/team-logos/147.svg", "team": "nyy", "start": "", "in": "8", "result": "Strikeout", "evo": "", "la": "", "dist": ""}, {"player": "gary sanchez", "game": "bos @ nyy", "gameIdx": 0, "hr/park": "", "pa": "66", "dt": "", "img": "https://www.mlbstatic.com/team-logos/147.svg", "team": "nyy", "start": "", "in": "8", "result": "Pop Out", "evo": "87.1", "la": "83", "dist": "20"}, {"player": "michael chavis", "game": "bos @ nyy", "gameIdx": 0, "hr/park": "", "pa": "65", "dt": "", "img": "https://www.mlbstatic.com/team-logos/111.svg", "team": "bos", "start": "", "in": "8", "result": "Strikeout", "evo": "", "la": "", "dist": ""}, {"player": "kevin plawecki", "game": "bos @ nyy", "gameIdx": 0, "hr/park": "", "pa": "64", "dt": "", "img": "https://www.mlbstatic.com/team-logos/111.svg", "team": "bos", "start": "", "in": "8", "result": "Groundout", "evo": "98.9", "la": "-5", "dist": "23"}, {"player": "xander bogaerts", "game": "bos @ nyy", "gameIdx": 0, "hr/park": "", "pa": "63", "dt": "", "img": "https://www.mlbstatic.com/team-logos/111.svg", "team": "bos", "start": "", "in": "8", "result": "Groundout", "evo": "96.6", "la": "-28", "dist": "4"}, {"player": "gary sanchez", "game": "bos @ nyy", "gameIdx": 0, "hr/park": "", "pa": "62", "dt": "", "img": "https://www.mlbstatic.com/team-logos/147.svg", "team": "nyy", "start": "", "in": "7", "result": "Pickoff 1B", "evo": "", "la": "", "dist": ""}, {"player": "gleyber torres", "game": "bos @ nyy", "gameIdx": 0, "hr/park": "", "pa": "61", "dt": "", "img": "https://www.mlbstatic.com/team-logos/147.svg", "team": "nyy", "start": "", "in": "7", "result": "Walk", "evo": "", "la": "", "dist": ""}, {"player": "clint frazier", "game": "bos @ nyy", "gameIdx": 0, "hr/park": "0/30", "pa": "60", "dt": "", "img": "https://www.mlbstatic.com/team-logos/147.svg", "team": "nyy", "start": "", "in": "7", "result": "Lineout", "evo": "100.6", "la": "16", "dist": "308"}, {"player": "luke voit", "game": "bos @ nyy", "gameIdx": 0, "hr/park": "", "pa": "59", "dt": "", "img": "https://www.mlbstatic.com/team-logos/147.svg", "team": "nyy", "start": "", "in": "7", "result": "Flyout", "evo": "75.1", "la": "42", "dist": "274"}, {"player": "aaron hicks", "game": "bos @ nyy", "gameIdx": 0, "hr/park": "30/30", "pa": "58", "dt": "", "img": "https://www.mlbstatic.com/team-logos/147.svg", "team": "nyy", "start": "", "in": "7", "result": "Home Run", "evo": "102.4", "la": "25", "dist": "378"}, {"player": "jd martinez", "game": "bos @ nyy", "gameIdx": 0, "hr/park": "0/30", "pa": "57", "dt": "", "img": "https://www.mlbstatic.com/team-logos/111.svg", "team": "bos", "start": "", "in": "7", "result": "Flyout", "evo": "93.5", "la": "26", "dist": "355"}, {"player": "rafael devers", "game": "bos @ nyy", "gameIdx": 0, "hr/park": "", "pa": "56", "dt": "", "img": "https://www.mlbstatic.com/team-logos/111.svg", "team": "bos", "start": "", "in": "7", "result": "Single", "evo": "68.1", "la": "33", "dist": "219"}, {"player": "kevin pillar", "game": "bos @ nyy", "gameIdx": 0, "hr/park": "0/30", "pa": "55", "dt": "", "img": "https://www.mlbstatic.com/team-logos/111.svg", "team": "bos", "start": "", "in": "7", "result": "Flyout", "evo": "86.1", "la": "36", "dist": "313"}, {"player": "jonathan arauz", "game": "bos @ nyy", "gameIdx": 0, "hr/park": "", "pa": "54", "dt": "", "img": "https://www.mlbstatic.com/team-logos/111.svg", "team": "bos", "start": "", "in": "7", "result": "Lineout", "evo": "94.2", "la": "11", "dist": "181"}, {"player": "tyler wade", "game": "bos @ nyy", "gameIdx": 0, "hr/park": "0/30", "pa": "53", "dt": "", "img": "https://www.mlbstatic.com/team-logos/147.svg", "team": "nyy", "start": "", "in": "6", "result": "Lineout", "evo": "97.6", "la": "18", "dist": "311"}, {"player": "erik kratz", "game": "bos @ nyy", "gameIdx": 0, "hr/park": "", "pa": "52", "dt": "", "img": "https://www.mlbstatic.com/team-logos/147.svg", "team": "nyy", "start": "", "in": "6", "result": "Flyout", "evo": "77.6", "la": "40", "dist": "260"}, {"player": "thairo estrada", "game": "bos @ nyy", "gameIdx": 0, "hr/park": "", "pa": "51", "dt": "", "img": "https://www.mlbstatic.com/team-logos/147.svg", "team": "nyy", "start": "", "in": "6", "result": "Strikeout", "evo": "", "la": "", "dist": ""}, {"player": "jose peraza", "game": "bos @ nyy", "gameIdx": 0, "hr/park": "", "pa": "50", "dt": "", "img": "https://www.mlbstatic.com/team-logos/111.svg", "team": "bos", "start": "", "in": "6", "result": "Lineout", "evo": "56.6", "la": "23", "dist": "152"}, {"player": "alex verdugo", "game": "bos @ nyy", "gameIdx": 0, "hr/park": "0/30", "pa": "49", "dt": "", "img": "https://www.mlbstatic.com/team-logos/111.svg", "team": "bos", "start": "", "in": "6", "result": "Double", "evo": "100.1", "la": "23", "dist": "346"}, {"player": "michael chavis", "game": "bos @ nyy", "gameIdx": 0, "hr/park": "", "pa": "48", "dt": "", "img": "https://www.mlbstatic.com/team-logos/111.svg", "team": "bos", "start": "", "in": "6", "result": "Hit By Pitch", "evo": "", "la": "", "dist": ""}, {"player": "christian vazquez", "game": "bos @ nyy", "gameIdx": 0, "hr/park": "", "pa": "47", "dt": "", "img": "https://www.mlbstatic.com/team-logos/111.svg", "team": "bos", "start": "", "in": "6", "result": "Single", "evo": "102.2", "la": "-4", "dist": "29"}, {"player": "xander bogaerts", "game": "bos @ nyy", "gameIdx": 0, "hr/park": "", "pa": "46", "dt": "", "img": "https://www.mlbstatic.com/team-logos/111.svg", "team": "bos", "start": "", "in": "6", "result": "Groundout", "evo": "82.8", "la": "-15", "dist": "14"}, {"player": "jd martinez", "game": "bos @ nyy", "gameIdx": 0, "hr/park": "", "pa": "45", "dt": "", "img": "https://www.mlbstatic.com/team-logos/111.svg", "team": "bos", "start": "", "in": "6", "result": "Strikeout", "evo": "", "la": "", "dist": ""}, {"player": "miguel andujar", "game": "bos @ nyy", "gameIdx": 0, "hr/park": "", "pa": "44", "dt": "", "img": "https://www.mlbstatic.com/team-logos/147.svg", "team": "nyy", "start": "", "in": "5", "result": "Lineout", "evo": "96.8", "la": "7", "dist": "160"}, {"player": "gary sanchez", "game": "bos @ nyy", "gameIdx": 0, "hr/park": "", "pa": "43", "dt": "", "img": "https://www.mlbstatic.com/team-logos/147.svg", "team": "nyy", "start": "", "in": "5", "result": "Walk", "evo": "", "la": "", "dist": ""}, {"player": "gleyber torres", "game": "bos @ nyy", "gameIdx": 0, "hr/park": "", "pa": "42", "dt": "", "img": "https://www.mlbstatic.com/team-logos/147.svg", "team": "nyy", "start": "", "in": "5", "result": "Flyout", "evo": "75.1", "la": "30", "dist": "253"}, {"player": "clint frazier", "game": "bos @ nyy", "gameIdx": 0, "hr/park": "", "pa": "41", "dt": "", "img": "https://www.mlbstatic.com/team-logos/147.svg", "team": "nyy", "start": "", "in": "5", "result": "Groundout", "evo": "93.9", "la": "-11", "dist": "11"}, {"player": "luke voit", "game": "bos @ nyy", "gameIdx": 0, "hr/park": "29/30", "pa": "40", "dt": "", "img": "https://www.mlbstatic.com/team-logos/147.svg", "team": "nyy", "start": "", "in": "5", "result": "Home Run", "evo": "101.4", "la": "28", "dist": "380"}, {"player": "rafael devers", "game": "bos @ nyy", "gameIdx": 0, "hr/park": "", "pa": "39", "dt": "", "img": "https://www.mlbstatic.com/team-logos/111.svg", "team": "bos", "start": "", "in": "5", "result": "GIDP", "evo": "98.5", "la": "5", "dist": "108"}, {"player": "kevin pillar", "game": "bos @ nyy", "gameIdx": 0, "hr/park": "", "pa": "38", "dt": "", "img": "https://www.mlbstatic.com/team-logos/111.svg", "team": "bos", "start": "", "in": "5", "result": "Walk", "evo": "", "la": "", "dist": ""}, {"player": "jonathan arauz", "game": "bos @ nyy", "gameIdx": 0, "hr/park": "", "pa": "37", "dt": "", "img": "https://www.mlbstatic.com/team-logos/111.svg", "team": "bos", "start": "", "in": "5", "result": "Flyout", "evo": "77.9", "la": "42", "dist": "265"}, {"player": "jose peraza", "game": "bos @ nyy", "gameIdx": 0, "hr/park": "", "pa": "36", "dt": "", "img": "https://www.mlbstatic.com/team-logos/111.svg", "team": "bos", "start": "", "in": "5", "result": "Field Error", "evo": "91.2", "la": "", "dist": "38"}, {"player": "aaron hicks", "game": "bos @ nyy", "gameIdx": 0, "hr/park": "", "pa": "35", "dt": "", "img": "https://www.mlbstatic.com/team-logos/147.svg", "team": "nyy", "start": "", "in": "4", "result": "Groundout", "evo": "59.0", "la": "-69", "dist": "3"}, {"player": "tyler wade", "game": "bos @ nyy", "gameIdx": 0, "hr/park": "", "pa": "34", "dt": "", "img": "https://www.mlbstatic.com/team-logos/147.svg", "team": "nyy", "start": "", "in": "4", "result": "Strikeout", "evo": "", "la": "", "dist": ""}, {"player": "erik kratz", "game": "bos @ nyy", "gameIdx": 0, "hr/park": "", "pa": "33", "dt": "", "img": "https://www.mlbstatic.com/team-logos/147.svg", "team": "nyy", "start": "", "in": "4", "result": "Strikeout", "evo": "", "la": "", "dist": ""}, {"player": "thairo estrada", "game": "bos @ nyy", "gameIdx": 0, "hr/park": "30/30", "pa": "32", "dt": "", "img": "https://www.mlbstatic.com/team-logos/147.svg", "team": "nyy", "start": "", "in": "4", "result": "Home Run", "evo": "102.5", "la": "25", "dist": "411"}, {"player": "alex verdugo", "game": "bos @ nyy", "gameIdx": 0, "hr/park": "", "pa": "31", "dt": "", "img": "https://www.mlbstatic.com/team-logos/111.svg", "team": "bos", "start": "", "in": "4", "result": "Strikeout", "evo": "", "la": "", "dist": ""}, {"player": "michael chavis", "game": "bos @ nyy", "gameIdx": 0, "hr/park": "", "pa": "30", "dt": "", "img": "https://www.mlbstatic.com/team-logos/111.svg", "team": "bos", "start": "", "in": "4", "result": "Walk", "evo": "", "la": "", "dist": ""}, {"player": "christian vazquez", "game": "bos @ nyy", "gameIdx": 0, "hr/park": "", "pa": "29", "dt": "", "img": "https://www.mlbstatic.com/team-logos/111.svg", "team": "bos", "start": "", "in": "4", "result": "Single", "evo": "62.2", "la": "36", "dist": "208"}, {"player": "xander bogaerts", "game": "bos @ nyy", "gameIdx": 0, "hr/park": "", "pa": "28", "dt": "", "img": "https://www.mlbstatic.com/team-logos/111.svg", "team": "bos", "start": "", "in": "4", "result": "Single", "evo": "100.2", "la": "10", "dist": "220"}, {"player": "jd martinez", "game": "bos @ nyy", "gameIdx": 0, "hr/park": "", "pa": "27", "dt": "", "img": "https://www.mlbstatic.com/team-logos/111.svg", "team": "bos", "start": "", "in": "4", "result": "Single", "evo": "101.5", "la": "8", "dist": "145"}, {"player": "rafael devers", "game": "bos @ nyy", "gameIdx": 0, "hr/park": "", "pa": "26", "dt": "", "img": "https://www.mlbstatic.com/team-logos/111.svg", "team": "bos", "start": "", "in": "4", "result": "Lineout", "evo": "61.7", "la": "29", "dist": "195"}, {"player": "kevin pillar", "game": "bos @ nyy", "gameIdx": 0, "hr/park": "", "pa": "25", "dt": "", "img": "https://www.mlbstatic.com/team-logos/111.svg", "team": "bos", "start": "", "in": "4", "result": "Strikeout", "evo": "", "la": "", "dist": ""}, {"player": "miguel andujar", "game": "bos @ nyy", "gameIdx": 0, "hr/park": "", "pa": "24", "dt": "", "img": "https://www.mlbstatic.com/team-logos/147.svg", "team": "nyy", "start": "", "in": "3", "result": "Pop Out", "evo": "72.7", "la": "75", "dist": "73"}, {"player": "gary sanchez", "game": "bos @ nyy", "gameIdx": 0, "hr/park": "", "pa": "23", "dt": "", "img": "https://www.mlbstatic.com/team-logos/147.svg", "team": "nyy", "start": "", "in": "3", "result": "Strikeout", "evo": "", "la": "", "dist": ""}, {"player": "gleyber torres", "game": "bos @ nyy", "gameIdx": 0, "hr/park": "", "pa": "22", "dt": "", "img": "https://www.mlbstatic.com/team-logos/147.svg", "team": "nyy", "start": "", "in": "3", "result": "Lineout", "evo": "100.0", "la": "16", "dist": "292"}, {"player": "jonathan arauz", "game": "bos @ nyy", "gameIdx": 0, "hr/park": "", "pa": "21", "dt": "", "img": "https://www.mlbstatic.com/team-logos/111.svg", "team": "bos", "start": "", "in": "3", "result": "Strikeout", "evo": "", "la": "", "dist": ""}, {"player": "jose peraza", "game": "bos @ nyy", "gameIdx": 0, "hr/park": "", "pa": "20", "dt": "", "img": "https://www.mlbstatic.com/team-logos/111.svg", "team": "bos", "start": "", "in": "3", "result": "Groundout", "evo": "59.3", "la": "-42", "dist": "5"}, {"player": "alex verdugo", "game": "bos @ nyy", "gameIdx": 0, "hr/park": "", "pa": "19", "dt": "", "img": "https://www.mlbstatic.com/team-logos/111.svg", "team": "bos", "start": "", "in": "3", "result": "Groundout", "evo": "72.8", "la": "-34", "dist": "4"}, {"player": "clint frazier", "game": "bos @ nyy", "gameIdx": 0, "hr/park": "0/30", "pa": "18", "dt": "", "img": "https://www.mlbstatic.com/team-logos/147.svg", "team": "nyy", "start": "", "in": "2", "result": "Flyout", "evo": "99.7", "la": "32", "dist": "386"}, {"player": "luke voit", "game": "bos @ nyy", "gameIdx": 0, "hr/park": "29/30", "pa": "17", "dt": "", "img": "https://www.mlbstatic.com/team-logos/147.svg", "team": "nyy", "start": "", "in": "2", "result": "Home Run", "evo": "107.5", "la": "34", "dist": "428"}, {"player": "aaron hicks", "game": "bos @ nyy", "gameIdx": 0, "hr/park": "0/30", "pa": "16", "dt": "", "img": "https://www.mlbstatic.com/team-logos/147.svg", "team": "nyy", "start": "", "in": "2", "result": "Double", "evo": "98.5", "la": "19", "dist": "353"}, {"player": "tyler wade", "game": "bos @ nyy", "gameIdx": 0, "hr/park": "", "pa": "15", "dt": "", "img": "https://www.mlbstatic.com/team-logos/147.svg", "team": "nyy", "start": "", "in": "2", "result": "Hit By Pitch", "evo": "", "la": "", "dist": ""}, {"player": "erik kratz", "game": "bos @ nyy", "gameIdx": 0, "hr/park": "", "pa": "14", "dt": "", "img": "https://www.mlbstatic.com/team-logos/147.svg", "team": "nyy", "start": "", "in": "2", "result": "Lineout", "evo": "90.0", "la": "20", "dist": "285"}, {"player": "thairo estrada", "game": "bos @ nyy", "gameIdx": 0, "hr/park": "0/30", "pa": "13", "dt": "", "img": "https://www.mlbstatic.com/team-logos/147.svg", "team": "nyy", "start": "", "in": "2", "result": "Flyout", "evo": "98.3", "la": "38", "dist": "354"}, {"player": "michael chavis", "game": "bos @ nyy", "gameIdx": 0, "hr/park": "", "pa": "12", "dt": "", "img": "https://www.mlbstatic.com/team-logos/111.svg", "team": "bos", "start": "", "in": "2", "result": "Lineout", "evo": "89.5", "la": "11", "dist": "169"}, {"player": "christian vazquez", "game": "bos @ nyy", "gameIdx": 0, "hr/park": "", "pa": "11", "dt": "", "img": "https://www.mlbstatic.com/team-logos/111.svg", "team": "bos", "start": "", "in": "2", "result": "Strikeout", "evo": "", "la": "", "dist": ""}, {"player": "xander bogaerts", "game": "bos @ nyy", "gameIdx": 0, "hr/park": "", "pa": "10", "dt": "", "img": "https://www.mlbstatic.com/team-logos/111.svg", "team": "bos", "start": "", "in": "2", "result": "Strikeout", "evo": "", "la": "", "dist": ""}, {"player": "miguel andujar", "game": "bos @ nyy", "gameIdx": 0, "hr/park": "19/30", "pa": "9", "dt": "", "img": "https://www.mlbstatic.com/team-logos/147.svg", "team": "nyy", "start": "", "in": "1", "result": "Flyout", "evo": "100.9", "la": "38", "dist": "381"}, {"player": "gary sanchez", "game": "bos @ nyy", "gameIdx": 0, "hr/park": "", "pa": "8", "dt": "", "img": "https://www.mlbstatic.com/team-logos/147.svg", "team": "nyy", "start": "", "in": "1", "result": "Walk", "evo": "", "la": "", "dist": ""}, {"player": "gleyber torres", "game": "bos @ nyy", "gameIdx": 0, "hr/park": "", "pa": "7", "dt": "", "img": "https://www.mlbstatic.com/team-logos/147.svg", "team": "nyy", "start": "", "in": "1", "result": "Walk", "evo": "", "la": "", "dist": ""}, {"player": "clint frazier", "game": "bos @ nyy", "gameIdx": 0, "hr/park": "", "pa": "6", "dt": "", "img": "https://www.mlbstatic.com/team-logos/147.svg", "team": "nyy", "start": "", "in": "1", "result": "Walk", "evo": "", "la": "", "dist": ""}, {"player": "luke voit", "game": "bos @ nyy", "gameIdx": 0, "hr/park": "", "pa": "5", "dt": "", "img": "https://www.mlbstatic.com/team-logos/147.svg", "team": "nyy", "start": "", "in": "1", "result": "Groundout", "evo": "82.9", "la": "-24", "dist": "4"}, {"player": "aaron hicks", "game": "bos @ nyy", "gameIdx": 0, "hr/park": "", "pa": "4", "dt": "", "img": "https://www.mlbstatic.com/team-logos/147.svg", "team": "nyy", "start": "", "in": "1", "result": "Groundout", "evo": "81.0", "la": "4", "dist": "70"}, {"player": "jd martinez", "game": "bos @ nyy", "gameIdx": 0, "hr/park": "", "pa": "3", "dt": "", "img": "https://www.mlbstatic.com/team-logos/111.svg", "team": "bos", "start": "", "in": "1", "result": "GIDP", "evo": "74.1", "la": "-18", "dist": "10"}, {"player": "rafael devers", "game": "bos @ nyy", "gameIdx": 0, "hr/park": "0/30", "pa": "2", "dt": "", "img": "https://www.mlbstatic.com/team-logos/111.svg", "team": "bos", "start": "", "in": "1", "result": "Flyout", "evo": "91.3", "la": "37", "dist": "325"}, {"player": "kevin pillar", "game": "bos @ nyy", "gameIdx": 0, "hr/park": "", "pa": "1", "dt": "", "img": "https://www.mlbstatic.com/team-logos/111.svg", "team": "bos", "start": "", "in": "1", "result": "Field Error", "evo": "65.5", "la": "-15", "dist": "9"}], "wsh @ atl": [], "nym @ mia": [], "tor @ bal": [{"player": "pedro severino", "game": "tor @ bal", "gameIdx": 0, "hr/park": "", "pa": "69", "dt": "", "img": "https://www.mlbstatic.com/team-logos/110.svg", "team": "bal", "start": "", "in": "9", "result": "Lineout", "evo": "91.2", "la": "9", "dist": "164"}, {"player": "renato nunez", "game": "tor @ bal", "gameIdx": 0, "hr/park": "", "pa": "68", "dt": "", "img": "https://www.mlbstatic.com/team-logos/110.svg", "team": "bal", "start": "", "in": "9", "result": "Single", "evo": "70.6", "la": "48", "dist": "220"}, {"player": "anthony santander", "game": "tor @ bal", "gameIdx": 0, "hr/park": "0/30", "pa": "67", "dt": "", "img": "https://www.mlbstatic.com/team-logos/110.svg", "team": "bal", "start": "", "in": "9", "result": "Lineout", "evo": "85.4", "la": "24", "dist": "301"}, {"player": "hanser alberto", "game": "tor @ bal", "gameIdx": 0, "hr/park": "", "pa": "66", "dt": "", "img": "https://www.mlbstatic.com/team-logos/110.svg", "team": "bal", "start": "", "in": "9", "result": "Strikeout", "evo": "", "la": "", "dist": ""}, {"player": "cedric mullins", "game": "tor @ bal", "gameIdx": 0, "hr/park": "", "pa": "65", "dt": "", "img": "https://www.mlbstatic.com/team-logos/110.svg", "team": "bal", "start": "", "in": "9", "result": "Walk", "evo": "", "la": "", "dist": ""}, {"player": "randal grichuk", "game": "tor @ bal", "gameIdx": 0, "hr/park": "", "pa": "64", "dt": "", "img": "https://www.mlbstatic.com/team-logos/141.svg", "team": "tor", "start": "", "in": "9", "result": "Groundout", "evo": "99.0", "la": "-14", "dist": "10"}, {"player": "cavan biggio", "game": "tor @ bal", "gameIdx": 0, "hr/park": "12/30", "pa": "63", "dt": "", "img": "https://www.mlbstatic.com/team-logos/141.svg", "team": "tor", "start": "", "in": "9", "result": "Home Run", "evo": "99.2", "la": "31", "dist": "381"}, {"player": "danny jansen", "game": "tor @ bal", "gameIdx": 0, "hr/park": "", "pa": "62", "dt": "", "img": "https://www.mlbstatic.com/team-logos/141.svg", "team": "tor", "start": "", "in": "9", "result": "Strikeout", "evo": "", "la": "", "dist": ""}, {"player": "joe panik", "game": "tor @ bal", "gameIdx": 0, "hr/park": "", "pa": "61", "dt": "", "img": "https://www.mlbstatic.com/team-logos/141.svg", "team": "tor", "start": "", "in": "9", "result": "Walk", "evo": "", "la": "", "dist": ""}, {"player": "lourdes gurriel", "game": "tor @ bal", "gameIdx": 0, "hr/park": "", "pa": "60", "dt": "", "img": "https://www.mlbstatic.com/team-logos/141.svg", "team": "tor", "start": "", "in": "9", "result": "Lineout", "evo": "52.5", "la": "32", "dist": "146"}, {"player": "dwight smith", "game": "tor @ bal", "gameIdx": 0, "hr/park": "", "pa": "59", "dt": "", "img": "https://www.mlbstatic.com/team-logos/110.svg", "team": "bal", "start": "", "in": "8", "result": "Strikeout", "evo": "", "la": "", "dist": ""}, {"player": "chance sisco", "game": "tor @ bal", "gameIdx": 0, "hr/park": "", "pa": "58", "dt": "", "img": "https://www.mlbstatic.com/team-logos/110.svg", "team": "bal", "start": "", "in": "8", "result": "Strikeout", "evo": "", "la": "", "dist": ""}, {"player": "rio ruiz", "game": "tor @ bal", "gameIdx": 0, "hr/park": "0/30", "pa": "57", "dt": "", "img": "https://www.mlbstatic.com/team-logos/110.svg", "team": "bal", "start": "", "in": "8", "result": "Lineout", "evo": "98.5", "la": "22", "dist": "380"}, {"player": "vladimir guerrero", "game": "tor @ bal", "gameIdx": 0, "hr/park": "", "pa": "56", "dt": "", "img": "https://www.mlbstatic.com/team-logos/141.svg", "team": "tor", "start": "", "in": "8", "result": "Strikeout", "evo": "", "la": "", "dist": ""}, {"player": "brandon drury", "game": "tor @ bal", "gameIdx": 0, "hr/park": "", "pa": "55", "dt": "", "img": "https://www.mlbstatic.com/team-logos/141.svg", "team": "tor", "start": "", "in": "8", "result": "Groundout", "evo": "78.3", "la": "9", "dist": "108"}, {"player": "teoscar hernandez", "game": "tor @ bal", "gameIdx": 0, "hr/park": "0/30", "pa": "54", "dt": "", "img": "https://www.mlbstatic.com/team-logos/141.svg", "team": "tor", "start": "", "in": "8", "result": "Flyout", "evo": "93.3", "la": "41", "dist": "349"}, {"player": "pat valaika", "game": "tor @ bal", "gameIdx": 0, "hr/park": "", "pa": "53", "dt": "", "img": "https://www.mlbstatic.com/team-logos/110.svg", "team": "bal", "start": "", "in": "7", "result": "Groundout", "evo": "99.4", "la": "-10", "dist": "13"}, {"player": "pedro severino", "game": "tor @ bal", "gameIdx": 0, "hr/park": "", "pa": "52", "dt": "", "img": "https://www.mlbstatic.com/team-logos/110.svg", "team": "bal", "start": "", "in": "7", "result": "Groundout", "evo": "65.9", "la": "-3", "dist": "29"}, {"player": "renato nunez", "game": "tor @ bal", "gameIdx": 0, "hr/park": "", "pa": "51", "dt": "", "img": "https://www.mlbstatic.com/team-logos/110.svg", "team": "bal", "start": "", "in": "7", "result": "Groundout", "evo": "91.3", "la": "-4", "dist": "17"}, {"player": "travis shaw", "game": "tor @ bal", "gameIdx": 0, "hr/park": "8/30", "pa": "50", "dt": "", "img": "https://www.mlbstatic.com/team-logos/141.svg", "team": "tor", "start": "", "in": "7", "result": "Flyout", "evo": "102.9", "la": "30", "dist": "404"}, {"player": "randal grichuk", "game": "tor @ bal", "gameIdx": 0, "hr/park": "", "pa": "49", "dt": "", "img": "https://www.mlbstatic.com/team-logos/141.svg", "team": "tor", "start": "", "in": "7", "result": "Single", "evo": "65.3", "la": "36", "dist": "202"}, {"player": "cavan biggio", "game": "tor @ bal", "gameIdx": 0, "hr/park": "", "pa": "48", "dt": "", "img": "https://www.mlbstatic.com/team-logos/141.svg", "team": "tor", "start": "", "in": "7", "result": "Single", "evo": "93.5", "la": "7", "dist": "103"}, {"player": "danny jansen", "game": "tor @ bal", "gameIdx": 0, "hr/park": "", "pa": "47", "dt": "", "img": "https://www.mlbstatic.com/team-logos/141.svg", "team": "tor", "start": "", "in": "7", "result": "Walk", "evo": "", "la": "", "dist": ""}, {"player": "joe panik", "game": "tor @ bal", "gameIdx": 0, "hr/park": "", "pa": "46", "dt": "", "img": "https://www.mlbstatic.com/team-logos/141.svg", "team": "tor", "start": "", "in": "7", "result": "Groundout", "evo": "73.2", "la": "-6", "dist": "16"}, {"player": "lourdes gurriel", "game": "tor @ bal", "gameIdx": 0, "hr/park": "", "pa": "45", "dt": "", "img": "https://www.mlbstatic.com/team-logos/141.svg", "team": "tor", "start": "", "in": "7", "result": "Lineout", "evo": "91.4", "la": "20", "dist": "293"}, {"player": "anthony santander", "game": "tor @ bal", "gameIdx": 0, "hr/park": "", "pa": "44", "dt": "", "img": "https://www.mlbstatic.com/team-logos/110.svg", "team": "bal", "start": "", "in": "6", "result": "GIDP", "evo": "84.6", "la": "-8", "dist": "14"}, {"player": "hanser alberto", "game": "tor @ bal", "gameIdx": 0, "hr/park": "", "pa": "43", "dt": "", "img": "https://www.mlbstatic.com/team-logos/110.svg", "team": "bal", "start": "", "in": "6", "result": "Strikeout", "evo": "", "la": "", "dist": ""}, {"player": "cedric mullins", "game": "tor @ bal", "gameIdx": 0, "hr/park": "", "pa": "42", "dt": "", "img": "https://www.mlbstatic.com/team-logos/110.svg", "team": "bal", "start": "", "in": "6", "result": "Single", "evo": "91.7", "la": "-13", "dist": "12"}, {"player": "vladimir guerrero", "game": "tor @ bal", "gameIdx": 0, "hr/park": "", "pa": "41", "dt": "", "img": "https://www.mlbstatic.com/team-logos/141.svg", "team": "tor", "start": "", "in": "6", "result": "Groundout", "evo": "80.6", "la": "-9", "dist": "16"}, {"player": "rowdy tellez", "game": "tor @ bal", "gameIdx": 0, "hr/park": "", "pa": "40", "dt": "", "img": "https://www.mlbstatic.com/team-logos/141.svg", "team": "tor", "start": "", "in": "6", "result": "Groundout", "evo": "47.1", "la": "23", "dist": "3"}, {"player": "teoscar hernandez", "game": "tor @ bal", "gameIdx": 0, "hr/park": "", "pa": "39", "dt": "", "img": "https://www.mlbstatic.com/team-logos/141.svg", "team": "tor", "start": "", "in": "6", "result": "Lineout", "evo": "102.8", "la": "11", "dist": "167"}, {"player": "andrew velazquez", "game": "tor @ bal", "gameIdx": 0, "hr/park": "", "pa": "38", "dt": "", "img": "https://www.mlbstatic.com/team-logos/110.svg", "team": "bal", "start": "", "in": "5", "result": "Bunt Groundout", "evo": "42.7", "la": "-66", "dist": "2"}, {"player": "bryan holaday", "game": "tor @ bal", "gameIdx": 0, "hr/park": "", "pa": "37", "dt": "", "img": "https://www.mlbstatic.com/team-logos/110.svg", "team": "bal", "start": "", "in": "5", "result": "Lineout", "evo": "84.1", "la": "8", "dist": "118"}, {"player": "rio ruiz", "game": "tor @ bal", "gameIdx": 0, "hr/park": "", "pa": "36", "dt": "", "img": "https://www.mlbstatic.com/team-logos/110.svg", "team": "bal", "start": "", "in": "5", "result": "Groundout", "evo": "88.9", "la": "5", "dist": "85"}, {"player": "travis shaw", "game": "tor @ bal", "gameIdx": 0, "hr/park": "", "pa": "35", "dt": "", "img": "https://www.mlbstatic.com/team-logos/141.svg", "team": "tor", "start": "", "in": "5", "result": "Strikeout", "evo": "", "la": "", "dist": ""}, {"player": "randal grichuk", "game": "tor @ bal", "gameIdx": 0, "hr/park": "", "pa": "34", "dt": "", "img": "https://www.mlbstatic.com/team-logos/141.svg", "team": "tor", "start": "", "in": "5", "result": "Groundout", "evo": "85.2", "la": "-31", "dist": "7"}, {"player": "cavan biggio", "game": "tor @ bal", "gameIdx": 0, "hr/park": "", "pa": "33", "dt": "", "img": "https://www.mlbstatic.com/team-logos/141.svg", "team": "tor", "start": "", "in": "5", "result": "Strikeout", "evo": "", "la": "", "dist": ""}, {"player": "pat valaika", "game": "tor @ bal", "gameIdx": 0, "hr/park": "", "pa": "32", "dt": "", "img": "https://www.mlbstatic.com/team-logos/110.svg", "team": "bal", "start": "", "in": "4", "result": "GIDP", "evo": "90.5", "la": "-4", "dist": "17"}, {"player": "pedro severino", "game": "tor @ bal", "gameIdx": 0, "hr/park": "", "pa": "31", "dt": "", "img": "https://www.mlbstatic.com/team-logos/110.svg", "team": "bal", "start": "", "in": "4", "result": "Single", "evo": "109.6", "la": "9", "dist": "224"}, {"player": "renato nunez", "game": "tor @ bal", "gameIdx": 0, "hr/park": "", "pa": "30", "dt": "", "img": "https://www.mlbstatic.com/team-logos/110.svg", "team": "bal", "start": "", "in": "4", "result": "Groundout", "evo": "81.3", "la": "1", "dist": "47"}, {"player": "anthony santander", "game": "tor @ bal", "gameIdx": 0, "hr/park": "", "pa": "29", "dt": "", "img": "https://www.mlbstatic.com/team-logos/110.svg", "team": "bal", "start": "", "in": "4", "result": "Double", "evo": "93.4", "la": "14", "dist": "229"}, {"player": "danny jansen", "game": "tor @ bal", "gameIdx": 0, "hr/park": "0/30", "pa": "28", "dt": "", "img": "https://www.mlbstatic.com/team-logos/141.svg", "team": "tor", "start": "", "in": "4", "result": "Lineout", "evo": "103.1", "la": "14", "dist": "301"}, {"player": "joe panik", "game": "tor @ bal", "gameIdx": 0, "hr/park": "", "pa": "27", "dt": "", "img": "https://www.mlbstatic.com/team-logos/141.svg", "team": "tor", "start": "", "in": "4", "result": "Strikeout", "evo": "", "la": "", "dist": ""}, {"player": "lourdes gurriel", "game": "tor @ bal", "gameIdx": 0, "hr/park": "", "pa": "26", "dt": "", "img": "https://www.mlbstatic.com/team-logos/141.svg", "team": "tor", "start": "", "in": "4", "result": "Groundout", "evo": "78.2", "la": "-19", "dist": "6"}, {"player": "hanser alberto", "game": "tor @ bal", "gameIdx": 0, "hr/park": "", "pa": "25", "dt": "", "img": "https://www.mlbstatic.com/team-logos/110.svg", "team": "bal", "start": "", "in": "3", "result": "Strikeout", "evo": "", "la": "", "dist": ""}, {"player": "cedric mullins", "game": "tor @ bal", "gameIdx": 0, "hr/park": "", "pa": "24", "dt": "", "img": "https://www.mlbstatic.com/team-logos/110.svg", "team": "bal", "start": "", "in": "3", "result": "Groundout", "evo": "86.6", "la": "-12", "dist": "10"}, {"player": "andrew velazquez", "game": "tor @ bal", "gameIdx": 0, "hr/park": "", "pa": "23", "dt": "", "img": "https://www.mlbstatic.com/team-logos/110.svg", "team": "bal", "start": "", "in": "3", "result": "Strikeout", "evo": "", "la": "", "dist": ""}, {"player": "vladimir guerrero", "game": "tor @ bal", "gameIdx": 0, "hr/park": "", "pa": "22", "dt": "", "img": "https://www.mlbstatic.com/team-logos/141.svg", "team": "tor", "start": "", "in": "3", "result": "Forceout", "evo": "105.5", "la": "-21", "dist": "8"}, {"player": "rowdy tellez", "game": "tor @ bal", "gameIdx": 0, "hr/park": "", "pa": "21", "dt": "", "img": "https://www.mlbstatic.com/team-logos/141.svg", "team": "tor", "start": "", "in": "3", "result": "Lineout", "evo": "75.7", "la": "23", "dist": "285"}, {"player": "teoscar hernandez", "game": "tor @ bal", "gameIdx": 0, "hr/park": "", "pa": "20", "dt": "", "img": "https://www.mlbstatic.com/team-logos/141.svg", "team": "tor", "start": "", "in": "3", "result": "Single", "evo": "102.4", "la": "10", "dist": "158"}, {"player": "travis shaw", "game": "tor @ bal", "gameIdx": 0, "hr/park": "", "pa": "19", "dt": "", "img": "https://www.mlbstatic.com/team-logos/141.svg", "team": "tor", "start": "", "in": "3", "result": "Single", "evo": "106.4", "la": "7", "dist": "206"}, {"player": "randal grichuk", "game": "tor @ bal", "gameIdx": 0, "hr/park": "28/30", "pa": "18", "dt": "", "img": "https://www.mlbstatic.com/team-logos/141.svg", "team": "tor", "start": "", "in": "3", "result": "Home Run", "evo": "106.6", "la": "24", "dist": "428"}, {"player": "cavan biggio", "game": "tor @ bal", "gameIdx": 0, "hr/park": "", "pa": "17", "dt": "", "img": "https://www.mlbstatic.com/team-logos/141.svg", "team": "tor", "start": "", "in": "3", "result": "Single", "evo": "47.4", "la": "-57", "dist": "2"}, {"player": "danny jansen", "game": "tor @ bal", "gameIdx": 0, "hr/park": "", "pa": "16", "dt": "", "img": "https://www.mlbstatic.com/team-logos/141.svg", "team": "tor", "start": "", "in": "3", "result": "Groundout", "evo": "100.9", "la": "-4", "dist": "27"}, {"player": "joe panik", "game": "tor @ bal", "gameIdx": 0, "hr/park": "", "pa": "15", "dt": "", "img": "https://www.mlbstatic.com/team-logos/141.svg", "team": "tor", "start": "", "in": "3", "result": "Single", "evo": "84.1", "la": "7", "dist": "125"}, {"player": "lourdes gurriel", "game": "tor @ bal", "gameIdx": 0, "hr/park": "", "pa": "14", "dt": "", "img": "https://www.mlbstatic.com/team-logos/141.svg", "team": "tor", "start": "", "in": "3", "result": "Single", "evo": "91.2", "la": "-17", "dist": "7"}, {"player": "bryan holaday", "game": "tor @ bal", "gameIdx": 0, "hr/park": "", "pa": "13", "dt": "", "img": "https://www.mlbstatic.com/team-logos/110.svg", "team": "bal", "start": "", "in": "2", "result": "Groundout", "evo": "89.5", "la": "3", "dist": "68"}, {"player": "rio ruiz", "game": "tor @ bal", "gameIdx": 0, "hr/park": "", "pa": "12", "dt": "", "img": "https://www.mlbstatic.com/team-logos/110.svg", "team": "bal", "start": "", "in": "2", "result": "Pop Out", "evo": "72.9", "la": "62", "dist": "152"}, {"player": "pat valaika", "game": "tor @ bal", "gameIdx": 0, "hr/park": "", "pa": "11", "dt": "", "img": "https://www.mlbstatic.com/team-logos/110.svg", "team": "bal", "start": "", "in": "2", "result": "Groundout", "evo": "54.0", "la": "-7", "dist": "15"}, {"player": "vladimir guerrero", "game": "tor @ bal", "gameIdx": 0, "hr/park": "0/30", "pa": "10", "dt": "", "img": "https://www.mlbstatic.com/team-logos/141.svg", "team": "tor", "start": "", "in": "2", "result": "Lineout", "evo": "86.0", "la": "27", "dist": "330"}, {"player": "rowdy tellez", "game": "tor @ bal", "gameIdx": 0, "hr/park": "", "pa": "9", "dt": "", "img": "https://www.mlbstatic.com/team-logos/141.svg", "team": "tor", "start": "", "in": "2", "result": "Groundout", "evo": "101.2", "la": "-6", "dist": "25"}, {"player": "teoscar hernandez", "game": "tor @ bal", "gameIdx": 0, "hr/park": "", "pa": "8", "dt": "", "img": "https://www.mlbstatic.com/team-logos/141.svg", "team": "tor", "start": "", "in": "2", "result": "Strikeout", "evo": "", "la": "", "dist": ""}, {"player": "pedro severino", "game": "tor @ bal", "gameIdx": 0, "hr/park": "", "pa": "7", "dt": "", "img": "https://www.mlbstatic.com/team-logos/110.svg", "team": "bal", "start": "", "in": "1", "result": "Groundout", "evo": "71.4", "la": "-17", "dist": "7"}, {"player": "renato nunez", "game": "tor @ bal", "gameIdx": 0, "hr/park": "", "pa": "6", "dt": "", "img": "https://www.mlbstatic.com/team-logos/110.svg", "team": "bal", "start": "", "in": "1", "result": "Groundout", "evo": "48.6", "la": "-54", "dist": "5"}, {"player": "anthony santander", "game": "tor @ bal", "gameIdx": 0, "hr/park": "", "pa": "5", "dt": "", "img": "https://www.mlbstatic.com/team-logos/110.svg", "team": "bal", "start": "", "in": "1", "result": "Single", "evo": "90.5", "la": "13", "dist": "213"}, {"player": "hanser alberto", "game": "tor @ bal", "gameIdx": 0, "hr/park": "", "pa": "4", "dt": "", "img": "https://www.mlbstatic.com/team-logos/110.svg", "team": "bal", "start": "", "in": "1", "result": "Groundout", "evo": "75.9", "la": "-12", "dist": "10"}, {"player": "travis shaw", "game": "tor @ bal", "gameIdx": 0, "hr/park": "1/30", "pa": "3", "dt": "", "img": "https://www.mlbstatic.com/team-logos/141.svg", "team": "tor", "start": "", "in": "1", "result": "Flyout", "evo": "97.6", "la": "43", "dist": "328"}, {"player": "randal grichuk", "game": "tor @ bal", "gameIdx": 0, "hr/park": "", "pa": "2", "dt": "", "img": "https://www.mlbstatic.com/team-logos/141.svg", "team": "tor", "start": "", "in": "1", "result": "Groundout", "evo": "87.6", "la": "4", "dist": "71"}, {"player": "cavan biggio", "game": "tor @ bal", "gameIdx": 0, "hr/park": "", "pa": "1", "dt": "", "img": "https://www.mlbstatic.com/team-logos/141.svg", "team": "tor", "start": "", "in": "1", "result": "Flyout", "evo": "99.8", "la": "56", "dist": "254"}], "kc @ min": [], "det @ chw": [], "sd @ tex": [], "col @ hou": [{"player": "raimel tapia", "game": "col @ hou", "gameIdx": 0, "hr/park": "0/30", "pa": "66", "dt": "", "img": "https://www.mlbstatic.com/team-logos/115.svg", "team": "col", "start": "", "in": "9", "result": "Flyout", "evo": "90.0", "la": "33", "dist": "339"}, {"player": "daniel murphy", "game": "col @ hou", "gameIdx": 0, "hr/park": "0/30", "pa": "65", "dt": "", "img": "https://www.mlbstatic.com/team-logos/115.svg", "team": "col", "start": "", "in": "9", "result": "Flyout", "evo": "98.0", "la": "26", "dist": "387"}, {"player": "nolan arenado", "game": "col @ hou", "gameIdx": 0, "hr/park": "0/30", "pa": "64", "dt": "", "img": "https://www.mlbstatic.com/team-logos/115.svg", "team": "col", "start": "", "in": "9", "result": "Lineout", "evo": "97.2", "la": "24", "dist": "371"}, {"player": "charlie blackmon", "game": "col @ hou", "gameIdx": 0, "hr/park": "", "pa": "63", "dt": "", "img": "https://www.mlbstatic.com/team-logos/115.svg", "team": "col", "start": "", "in": "9", "result": "Single", "evo": "", "la": "", "dist": ""}, {"player": "jose altuve", "game": "col @ hou", "gameIdx": 0, "hr/park": "", "pa": "62", "dt": "", "img": "https://www.mlbstatic.com/team-logos/117.svg", "team": "hou", "start": "", "in": "8", "result": "Pop Out", "evo": "74.2", "la": "72", "dist": "94"}, {"player": "carlos correa", "game": "col @ hou", "gameIdx": 0, "hr/park": "", "pa": "61", "dt": "", "img": "https://www.mlbstatic.com/team-logos/117.svg", "team": "hou", "start": "", "in": "8", "result": "Groundout", "evo": "78.7", "la": "-38", "dist": "5"}, {"player": "yuli gurriel", "game": "col @ hou", "gameIdx": 0, "hr/park": "", "pa": "60", "dt": "", "img": "https://www.mlbstatic.com/team-logos/117.svg", "team": "hou", "start": "", "in": "8", "result": "Groundout", "evo": "86.1", "la": "-20", "dist": "8"}, {"player": "trevor story", "game": "col @ hou", "gameIdx": 0, "hr/park": "", "pa": "59", "dt": "", "img": "https://www.mlbstatic.com/team-logos/115.svg", "team": "col", "start": "", "in": "8", "result": "Strikeout", "evo": "", "la": "", "dist": ""}, {"player": "garrett hampson", "game": "col @ hou", "gameIdx": 0, "hr/park": "", "pa": "58", "dt": "", "img": "https://www.mlbstatic.com/team-logos/115.svg", "team": "col", "start": "", "in": "8", "result": "Walk", "evo": "", "la": "", "dist": ""}, {"player": "chris owings", "game": "col @ hou", "gameIdx": 0, "hr/park": "", "pa": "57", "dt": "", "img": "https://www.mlbstatic.com/team-logos/115.svg", "team": "col", "start": "", "in": "8", "result": "Flyout", "evo": "85.7", "la": "47", "dist": "270"}, {"player": "matt kemp", "game": "col @ hou", "gameIdx": 0, "hr/park": "", "pa": "56", "dt": "", "img": "https://www.mlbstatic.com/team-logos/115.svg", "team": "col", "start": "", "in": "8", "result": "Strikeout", "evo": "", "la": "", "dist": ""}, {"player": "alex bregman", "game": "col @ hou", "gameIdx": 0, "hr/park": "7/30", "pa": "55", "dt": "", "img": "https://www.mlbstatic.com/team-logos/117.svg", "team": "hou", "start": "", "in": "7", "result": "Flyout", "evo": "100.6", "la": "30", "dist": "400"}, {"player": "abraham toro", "game": "col @ hou", "gameIdx": 0, "hr/park": "", "pa": "54", "dt": "", "img": "https://www.mlbstatic.com/team-logos/117.svg", "team": "hou", "start": "", "in": "7", "result": "Strikeout", "evo": "", "la": "", "dist": ""}, {"player": "george springer", "game": "col @ hou", "gameIdx": 0, "hr/park": "", "pa": "53", "dt": "", "img": "https://www.mlbstatic.com/team-logos/117.svg", "team": "hou", "start": "", "in": "7", "result": "Walk", "evo": "", "la": "", "dist": ""}, {"player": "dustin garneau", "game": "col @ hou", "gameIdx": 0, "hr/park": "", "pa": "52", "dt": "", "img": "https://www.mlbstatic.com/team-logos/117.svg", "team": "hou", "start": "", "in": "7", "result": "Sac Bunt", "evo": "33.6", "la": "-63", "dist": "3"}, {"player": "myles straw", "game": "col @ hou", "gameIdx": 0, "hr/park": "", "pa": "51", "dt": "", "img": "https://www.mlbstatic.com/team-logos/117.svg", "team": "hou", "start": "", "in": "7", "result": "Walk", "evo": "", "la": "", "dist": ""}, {"player": "ryan mcmahon", "game": "col @ hou", "gameIdx": 0, "hr/park": "", "pa": "50", "dt": "", "img": "https://www.mlbstatic.com/team-logos/115.svg", "team": "col", "start": "", "in": "7", "result": "Groundout", "evo": "75.2", "la": "-11", "dist": "10"}, {"player": "raimel tapia", "game": "col @ hou", "gameIdx": 0, "hr/park": "", "pa": "49", "dt": "", "img": "https://www.mlbstatic.com/team-logos/115.svg", "team": "col", "start": "", "in": "7", "result": "Pop Out", "evo": "38.8", "la": "60", "dist": "68"}, {"player": "daniel murphy", "game": "col @ hou", "gameIdx": 0, "hr/park": "", "pa": "48", "dt": "", "img": "https://www.mlbstatic.com/team-logos/115.svg", "team": "col", "start": "", "in": "7", "result": "Strikeout", "evo": "", "la": "", "dist": ""}, {"player": "kyle tucker", "game": "col @ hou", "gameIdx": 0, "hr/park": "0/30", "pa": "47", "dt": "", "img": "https://www.mlbstatic.com/team-logos/117.svg", "team": "hou", "start": "", "in": "6", "result": "Lineout", "evo": "94.6", "la": "19", "dist": "328"}, {"player": "jose altuve", "game": "col @ hou", "gameIdx": 0, "hr/park": "", "pa": "46", "dt": "", "img": "https://www.mlbstatic.com/team-logos/117.svg", "team": "hou", "start": "", "in": "6", "result": "Strikeout", "evo": "", "la": "", "dist": ""}, {"player": "carlos correa", "game": "col @ hou", "gameIdx": 0, "hr/park": "", "pa": "45", "dt": "", "img": "https://www.mlbstatic.com/team-logos/117.svg", "team": "hou", "start": "", "in": "6", "result": "Single", "evo": "101.4", "la": "11", "dist": "248"}, {"player": "yuli gurriel", "game": "col @ hou", "gameIdx": 0, "hr/park": "", "pa": "44", "dt": "", "img": "https://www.mlbstatic.com/team-logos/117.svg", "team": "hou", "start": "", "in": "6", "result": "Flyout", "evo": "86.4", "la": "55", "dist": "218"}, {"player": "nolan arenado", "game": "col @ hou", "gameIdx": 0, "hr/park": "", "pa": "43", "dt": "", "img": "https://www.mlbstatic.com/team-logos/115.svg", "team": "col", "start": "", "in": "6", "result": "GIDP", "evo": "72.9", "la": "-9", "dist": "14"}, {"player": "charlie blackmon", "game": "col @ hou", "gameIdx": 0, "hr/park": "0/30", "pa": "42", "dt": "", "img": "https://www.mlbstatic.com/team-logos/115.svg", "team": "col", "start": "", "in": "6", "result": "Flyout", "evo": "91.7", "la": "35", "dist": "323"}, {"player": "trevor story", "game": "col @ hou", "gameIdx": 0, "hr/park": "", "pa": "41", "dt": "", "img": "https://www.mlbstatic.com/team-logos/115.svg", "team": "col", "start": "", "in": "6", "result": "Walk", "evo": "", "la": "", "dist": ""}, {"player": "alex bregman", "game": "col @ hou", "gameIdx": 0, "hr/park": "", "pa": "40", "dt": "", "img": "https://www.mlbstatic.com/team-logos/117.svg", "team": "hou", "start": "", "in": "5", "result": "Strikeout", "evo": "", "la": "", "dist": ""}, {"player": "abraham toro", "game": "col @ hou", "gameIdx": 0, "hr/park": "", "pa": "39", "dt": "", "img": "https://www.mlbstatic.com/team-logos/117.svg", "team": "hou", "start": "", "in": "5", "result": "Groundout", "evo": "96.1", "la": "8", "dist": "152"}, {"player": "george springer", "game": "col @ hou", "gameIdx": 0, "hr/park": "", "pa": "38", "dt": "", "img": "https://www.mlbstatic.com/team-logos/117.svg", "team": "hou", "start": "", "in": "5", "result": "Strikeout", "evo": "", "la": "", "dist": ""}, {"player": "garrett hampson", "game": "col @ hou", "gameIdx": 0, "hr/park": "", "pa": "37", "dt": "", "img": "https://www.mlbstatic.com/team-logos/115.svg", "team": "col", "start": "", "in": "5", "result": "Groundout", "evo": "76.6", "la": "-9", "dist": "13"}, {"player": "tony wolters", "game": "col @ hou", "gameIdx": 0, "hr/park": "0/30", "pa": "36", "dt": "", "img": "https://www.mlbstatic.com/team-logos/115.svg", "team": "col", "start": "", "in": "5", "result": "Flyout", "evo": "93.7", "la": "28", "dist": "372"}, {"player": "david dahl", "game": "col @ hou", "gameIdx": 0, "hr/park": "", "pa": "35", "dt": "", "img": "https://www.mlbstatic.com/team-logos/115.svg", "team": "col", "start": "", "in": "5", "result": "Pop Out", "evo": "89.5", "la": "70", "dist": "152"}, {"player": "ryan mcmahon", "game": "col @ hou", "gameIdx": 0, "hr/park": "", "pa": "34", "dt": "", "img": "https://www.mlbstatic.com/team-logos/115.svg", "team": "col", "start": "", "in": "5", "result": "Walk", "evo": "", "la": "", "dist": ""}, {"player": "dustin garneau", "game": "col @ hou", "gameIdx": 0, "hr/park": "", "pa": "33", "dt": "", "img": "https://www.mlbstatic.com/team-logos/117.svg", "team": "hou", "start": "", "in": "4", "result": "GIDP", "evo": "74.0", "la": "-7", "dist": "12"}, {"player": "myles straw", "game": "col @ hou", "gameIdx": 0, "hr/park": "", "pa": "32", "dt": "", "img": "https://www.mlbstatic.com/team-logos/117.svg", "team": "hou", "start": "", "in": "4", "result": "Fielders Choice", "evo": "38.6", "la": "", "dist": "24"}, {"player": "kyle tucker", "game": "col @ hou", "gameIdx": 0, "hr/park": "", "pa": "31", "dt": "", "img": "https://www.mlbstatic.com/team-logos/117.svg", "team": "hou", "start": "", "in": "4", "result": "Single", "evo": "100.0", "la": "-3", "dist": "21"}, {"player": "jose altuve", "game": "col @ hou", "gameIdx": 0, "hr/park": "", "pa": "30", "dt": "", "img": "https://www.mlbstatic.com/team-logos/117.svg", "team": "hou", "start": "", "in": "4", "result": "Bunt Groundout", "evo": "41.0", "la": "-57", "dist": "6"}, {"player": "raimel tapia", "game": "col @ hou", "gameIdx": 0, "hr/park": "", "pa": "29", "dt": "", "img": "https://www.mlbstatic.com/team-logos/115.svg", "team": "col", "start": "", "in": "4", "result": "Groundout", "evo": "89.8", "la": "-13", "dist": "7"}, {"player": "daniel murphy", "game": "col @ hou", "gameIdx": 0, "hr/park": "0/30", "pa": "28", "dt": "", "img": "https://www.mlbstatic.com/team-logos/115.svg", "team": "col", "start": "", "in": "4", "result": "Flyout", "evo": "86.6", "la": "31", "dist": "320"}, {"player": "nolan arenado", "game": "col @ hou", "gameIdx": 0, "hr/park": "0/30", "pa": "27", "dt": "", "img": "https://www.mlbstatic.com/team-logos/115.svg", "team": "col", "start": "", "in": "4", "result": "Flyout", "evo": "93.4", "la": "34", "dist": "334"}, {"player": "carlos correa", "game": "col @ hou", "gameIdx": 0, "hr/park": "", "pa": "26", "dt": "", "img": "https://www.mlbstatic.com/team-logos/117.svg", "team": "hou", "start": "", "in": "3", "result": "Groundout", "evo": "97.4", "la": "-19", "dist": "8"}, {"player": "yuli gurriel", "game": "col @ hou", "gameIdx": 0, "hr/park": "", "pa": "25", "dt": "", "img": "https://www.mlbstatic.com/team-logos/117.svg", "team": "hou", "start": "", "in": "3", "result": "Single", "evo": "97.8", "la": "-12", "dist": "15"}, {"player": "alex bregman", "game": "col @ hou", "gameIdx": 0, "hr/park": "", "pa": "24", "dt": "", "img": "https://www.mlbstatic.com/team-logos/117.svg", "team": "hou", "start": "", "in": "3", "result": "Double", "evo": "101.9", "la": "10", "dist": "257"}, {"player": "abraham toro", "game": "col @ hou", "gameIdx": 0, "hr/park": "", "pa": "23", "dt": "", "img": "https://www.mlbstatic.com/team-logos/117.svg", "team": "hou", "start": "", "in": "3", "result": "Groundout", "evo": "71.6", "la": "-9", "dist": "14"}, {"player": "george springer", "game": "col @ hou", "gameIdx": 0, "hr/park": "", "pa": "22", "dt": "", "img": "https://www.mlbstatic.com/team-logos/117.svg", "team": "hou", "start": "", "in": "3", "result": "Groundout", "evo": "63.8", "la": "5", "dist": "66"}, {"player": "charlie blackmon", "game": "col @ hou", "gameIdx": 0, "hr/park": "", "pa": "21", "dt": "", "img": "https://www.mlbstatic.com/team-logos/115.svg", "team": "col", "start": "", "in": "3", "result": "Strikeout", "evo": "", "la": "", "dist": ""}, {"player": "trevor story", "game": "col @ hou", "gameIdx": 0, "hr/park": "30/30", "pa": "20", "dt": "", "img": "https://www.mlbstatic.com/team-logos/115.svg", "team": "col", "start": "", "in": "3", "result": "Home Run", "evo": "106.4", "la": "26", "dist": "429"}, {"player": "garrett hampson", "game": "col @ hou", "gameIdx": 0, "hr/park": "", "pa": "19", "dt": "", "img": "https://www.mlbstatic.com/team-logos/115.svg", "team": "col", "start": "", "in": "3", "result": "Groundout", "evo": "92.7", "la": "5", "dist": "101"}, {"player": "tony wolters", "game": "col @ hou", "gameIdx": 0, "hr/park": "", "pa": "18", "dt": "", "img": "https://www.mlbstatic.com/team-logos/115.svg", "team": "col", "start": "", "in": "3", "result": "Strikeout", "evo": "", "la": "", "dist": ""}, {"player": "dustin garneau", "game": "col @ hou", "gameIdx": 0, "hr/park": "", "pa": "17", "dt": "", "img": "https://www.mlbstatic.com/team-logos/117.svg", "team": "hou", "start": "", "in": "2", "result": "Lineout", "evo": "85.3", "la": "22", "dist": "260"}, {"player": "myles straw", "game": "col @ hou", "gameIdx": 0, "hr/park": "", "pa": "16", "dt": "", "img": "https://www.mlbstatic.com/team-logos/117.svg", "team": "hou", "start": "", "in": "2", "result": "Strikeout", "evo": "", "la": "", "dist": ""}, {"player": "kyle tucker", "game": "col @ hou", "gameIdx": 0, "hr/park": "", "pa": "15", "dt": "", "img": "https://www.mlbstatic.com/team-logos/117.svg", "team": "hou", "start": "", "in": "2", "result": "Strikeout", "evo": "", "la": "", "dist": ""}, {"player": "david dahl", "game": "col @ hou", "gameIdx": 0, "hr/park": "", "pa": "14", "dt": "", "img": "https://www.mlbstatic.com/team-logos/115.svg", "team": "col", "start": "", "in": "2", "result": "Strikeout", "evo": "", "la": "", "dist": ""}, {"player": "ryan mcmahon", "game": "col @ hou", "gameIdx": 0, "hr/park": "", "pa": "13", "dt": "", "img": "https://www.mlbstatic.com/team-logos/115.svg", "team": "col", "start": "", "in": "2", "result": "Flyout", "evo": "74.3", "la": "47", "dist": "228"}, {"player": "raimel tapia", "game": "col @ hou", "gameIdx": 0, "hr/park": "", "pa": "12", "dt": "", "img": "https://www.mlbstatic.com/team-logos/115.svg", "team": "col", "start": "", "in": "2", "result": "Walk", "evo": "", "la": "", "dist": ""}, {"player": "daniel murphy", "game": "col @ hou", "gameIdx": 0, "hr/park": "", "pa": "11", "dt": "", "img": "https://www.mlbstatic.com/team-logos/115.svg", "team": "col", "start": "", "in": "2", "result": "Flyout", "evo": "84.4", "la": "40", "dist": "286"}, {"player": "jose altuve", "game": "col @ hou", "gameIdx": 0, "hr/park": "", "pa": "10", "dt": "", "img": "https://www.mlbstatic.com/team-logos/117.svg", "team": "hou", "start": "", "in": "1", "result": "Groundout", "evo": "70.7", "la": "-45", "dist": "4"}, {"player": "carlos correa", "game": "col @ hou", "gameIdx": 0, "hr/park": "", "pa": "9", "dt": "", "img": "https://www.mlbstatic.com/team-logos/117.svg", "team": "hou", "start": "", "in": "1", "result": "Double", "evo": "105.4", "la": "3", "dist": "83"}, {"player": "yuli gurriel", "game": "col @ hou", "gameIdx": 0, "hr/park": "", "pa": "8", "dt": "", "img": "https://www.mlbstatic.com/team-logos/117.svg", "team": "hou", "start": "", "in": "1", "result": "Single", "evo": "93.8", "la": "7", "dist": "192"}, {"player": "alex bregman", "game": "col @ hou", "gameIdx": 0, "hr/park": "", "pa": "7", "dt": "", "img": "https://www.mlbstatic.com/team-logos/117.svg", "team": "hou", "start": "", "in": "1", "result": "Forceout", "evo": "85.8", "la": "-22", "dist": "6"}, {"player": "abraham toro", "game": "col @ hou", "gameIdx": 0, "hr/park": "", "pa": "6", "dt": "", "img": "https://www.mlbstatic.com/team-logos/117.svg", "team": "hou", "start": "", "in": "1", "result": "Lineout", "evo": "90.8", "la": "8", "dist": "116"}, {"player": "george springer", "game": "col @ hou", "gameIdx": 0, "hr/park": "", "pa": "5", "dt": "", "img": "https://www.mlbstatic.com/team-logos/117.svg", "team": "hou", "start": "", "in": "1", "result": "Single", "evo": "86.1", "la": "17", "dist": "230"}, {"player": "nolan arenado", "game": "col @ hou", "gameIdx": 0, "hr/park": "", "pa": "4", "dt": "", "img": "https://www.mlbstatic.com/team-logos/115.svg", "team": "col", "start": "", "in": "1", "result": "Groundout", "evo": "49.3", "la": "-26", "dist": "8"}, {"player": "charlie blackmon", "game": "col @ hou", "gameIdx": 0, "hr/park": "0/30", "pa": "3", "dt": "", "img": "https://www.mlbstatic.com/team-logos/115.svg", "team": "col", "start": "", "in": "1", "result": "Flyout", "evo": "82.3", "la": "37", "dist": "310"}, {"player": "trevor story", "game": "col @ hou", "gameIdx": 0, "hr/park": "", "pa": "2", "dt": "", "img": "https://www.mlbstatic.com/team-logos/115.svg", "team": "col", "start": "", "in": "1", "result": "Strikeout", "evo": "", "la": "", "dist": ""}, {"player": "garrett hampson", "game": "col @ hou", "gameIdx": 0, "hr/park": "", "pa": "1", "dt": "", "img": "https://www.mlbstatic.com/team-logos/115.svg", "team": "col", "start": "", "in": "1", "result": "Walk", "evo": "", "la": "", "dist": ""}], "ath @ ari": [], "sea @ lad": [], "sf @ laa": []}