{"all": {"pitchers": "7", "batters": "18", "pitches": "246", "max velomax pitch velocity": "96.3", "min velomin pitch velocity": "75.3", "ff%fourseam fastball %": "25.6", "si%sinker %": "8.5", "fc%cutter %": "0.8", "fs%splitter %": "9.8", "ch%changeup %": "8.9", "sl%slider %": "42.3", "cu%curve %": "4.1", "max evmax exit velocity": "110.6", "hhhard hit": "19", "hh%hard hit %": "45.2", "brlbarrels": "3", "brl%barrel %": "7.1", "ab": "57", "avg": ".140", "h": "8", "1b": "5", "2b": "0", "3b": "0", "hr": "3", "so": "17", "bipballs in play": "42", "liveGames": 0, "totGames": 16}, "chw @ kc": [], "hou @ laa": [], "bos @ nyy": [], "cle @ min": [{"player": "franmil reyes", "game": "cle @ min", "gameIdx": 0, "hr/park": "", "pa": "63", "dt": "", "img": "https://www.mlbstatic.com/team-logos/114.svg", "team": "cle", "start": "", "in": "9", "result": "Strikeout", "evo": "", "la": "", "dist": ""}, {"player": "carlos santana", "game": "cle @ min", "gameIdx": 0, "hr/park": "", "pa": "62", "dt": "", "img": "https://www.mlbstatic.com/team-logos/114.svg", "team": "cle", "start": "", "in": "9", "result": "Strikeout", "evo": "", "la": "", "dist": ""}, {"player": "francisco lindor", "game": "cle @ min", "gameIdx": 0, "hr/park": "", "pa": "61", "dt": "", "img": "https://www.mlbstatic.com/team-logos/114.svg", "team": "cle", "start": "", "in": "9", "result": "Lineout", "evo": "104.5", "la": "6", "dist": "121"}, {"player": "eddie rosario", "game": "cle @ min", "gameIdx": 0, "hr/park": "0/30", "pa": "60", "dt": "", "img": "https://www.mlbstatic.com/team-logos/142.svg", "team": "min", "start": "", "in": "8", "result": "Flyout", "evo": "96.4", "la": "42", "dist": "344"}, {"player": "nelson cruz", "game": "cle @ min", "gameIdx": 0, "hr/park": "", "pa": "59", "dt": "", "img": "https://www.mlbstatic.com/team-logos/142.svg", "team": "min", "start": "", "in": "8", "result": "Hit By Pitch", "evo": "", "la": "", "dist": ""}, {"player": "jorge polanco", "game": "cle @ min", "gameIdx": 0, "hr/park": "", "pa": "58", "dt": "", "img": "https://www.mlbstatic.com/team-logos/142.svg", "team": "min", "start": "", "in": "8", "result": "Groundout", "evo": "80.1", "la": "-34", "dist": "5"}, {"player": "max kepler", "game": "cle @ min", "gameIdx": 0, "hr/park": "3/30", "pa": "57", "dt": "", "img": "https://www.mlbstatic.com/team-logos/142.svg", "team": "min", "start": "", "in": "8", "result": "Flyout", "evo": "97.6", "la": "36", "dist": "375"}, {"player": "jose ramirez", "game": "cle @ min", "gameIdx": 0, "hr/park": "", "pa": "56", "dt": "", "img": "https://www.mlbstatic.com/team-logos/114.svg", "team": "cle", "start": "", "in": "8", "result": "Strikeout", "evo": "", "la": "", "dist": ""}, {"player": "cesar hernandez", "game": "cle @ min", "gameIdx": 0, "hr/park": "", "pa": "55", "dt": "", "img": "https://www.mlbstatic.com/team-logos/114.svg", "team": "cle", "start": "", "in": "8", "result": "Walk", "evo": "", "la": "", "dist": ""}, {"player": "daniel johnson", "game": "cle @ min", "gameIdx": 0, "hr/park": "", "pa": "54", "dt": "", "img": "https://www.mlbstatic.com/team-logos/114.svg", "team": "cle", "start": "", "in": "8", "result": "Pop Out", "evo": "75.7", "la": "73", "dist": "100"}, {"player": "sandy leon", "game": "cle @ min", "gameIdx": 0, "hr/park": "", "pa": "53", "dt": "", "img": "https://www.mlbstatic.com/team-logos/114.svg", "team": "cle", "start": "", "in": "8", "result": "Strikeout", "evo": "", "la": "", "dist": ""}, {"player": "byron buxton", "game": "cle @ min", "gameIdx": 0, "hr/park": "", "pa": "52", "dt": "", "img": "https://www.mlbstatic.com/team-logos/142.svg", "team": "min", "start": "", "in": "7", "result": "Groundout", "evo": "84.5", "la": "-16", "dist": "8"}, {"player": "marwin gonzalez", "game": "cle @ min", "gameIdx": 0, "hr/park": "", "pa": "51", "dt": "", "img": "https://www.mlbstatic.com/team-logos/142.svg", "team": "min", "start": "", "in": "7", "result": "Strikeout", "evo": "", "la": "", "dist": ""}, {"player": "miguel sano", "game": "cle @ min", "gameIdx": 0, "hr/park": "", "pa": "50", "dt": "", "img": "https://www.mlbstatic.com/team-logos/142.svg", "team": "min", "start": "", "in": "7", "result": "Pop Out", "evo": "88.0", "la": "56", "dist": "219"}, {"player": "domingo santana", "game": "cle @ min", "gameIdx": 0, "hr/park": "", "pa": "49", "dt": "", "img": "https://www.mlbstatic.com/team-logos/114.svg", "team": "cle", "start": "", "in": "7", "result": "Groundout", "evo": "60.1", "la": "-74", "dist": "1"}, {"player": "bradley zimmer", "game": "cle @ min", "gameIdx": 0, "hr/park": "", "pa": "48", "dt": "", "img": "https://www.mlbstatic.com/team-logos/114.svg", "team": "cle", "start": "", "in": "7", "result": "Walk", "evo": "", "la": "", "dist": ""}, {"player": "franmil reyes", "game": "cle @ min", "gameIdx": 0, "hr/park": "", "pa": "47", "dt": "", "img": "https://www.mlbstatic.com/team-logos/114.svg", "team": "cle", "start": "", "in": "7", "result": "Groundout", "evo": "98.9", "la": "-10", "dist": "16"}, {"player": "carlos santana", "game": "cle @ min", "gameIdx": 0, "hr/park": "", "pa": "46", "dt": "", "img": "https://www.mlbstatic.com/team-logos/114.svg", "team": "cle", "start": "", "in": "7", "result": "Strikeout", "evo": "", "la": "", "dist": ""}, {"player": "francisco lindor", "game": "cle @ min", "gameIdx": 0, "hr/park": "", "pa": "45", "dt": "", "img": "https://www.mlbstatic.com/team-logos/114.svg", "team": "cle", "start": "", "in": "7", "result": "Single", "evo": "93.8", "la": "", "dist": "37"}, {"player": "luis arraez", "game": "cle @ min", "gameIdx": 0, "hr/park": "", "pa": "44", "dt": "", "img": "https://www.mlbstatic.com/team-logos/142.svg", "team": "min", "start": "", "in": "6", "result": "Strikeout", "evo": "", "la": "", "dist": ""}, {"player": "mitch garver", "game": "cle @ min", "gameIdx": 0, "hr/park": "", "pa": "43", "dt": "", "img": "https://www.mlbstatic.com/team-logos/142.svg", "team": "min", "start": "", "in": "6", "result": "Pop Out", "evo": "97.3", "la": "62", "dist": "191"}, {"player": "eddie rosario", "game": "cle @ min", "gameIdx": 0, "hr/park": "", "pa": "42", "dt": "", "img": "https://www.mlbstatic.com/team-logos/142.svg", "team": "min", "start": "", "in": "6", "result": "Walk", "evo": "", "la": "", "dist": ""}, {"player": "nelson cruz", "game": "cle @ min", "gameIdx": 0, "hr/park": "", "pa": "41", "dt": "", "img": "https://www.mlbstatic.com/team-logos/142.svg", "team": "min", "start": "", "in": "6", "result": "Single", "evo": "109.4", "la": "-7", "dist": "14"}, {"player": "jorge polanco", "game": "cle @ min", "gameIdx": 0, "hr/park": "0/30", "pa": "40", "dt": "", "img": "https://www.mlbstatic.com/team-logos/142.svg", "team": "min", "start": "", "in": "6", "result": "Lineout", "evo": "94.4", "la": "20", "dist": "303"}, {"player": "jose ramirez", "game": "cle @ min", "gameIdx": 0, "hr/park": "", "pa": "39", "dt": "", "img": "https://www.mlbstatic.com/team-logos/114.svg", "team": "cle", "start": "", "in": "6", "result": "Pop Out", "evo": "88.2", "la": "56", "dist": "223"}, {"player": "cesar hernandez", "game": "cle @ min", "gameIdx": 0, "hr/park": "", "pa": "38", "dt": "", "img": "https://www.mlbstatic.com/team-logos/114.svg", "team": "cle", "start": "", "in": "6", "result": "Groundout", "evo": "96.2", "la": "-22", "dist": "6"}, {"player": "daniel johnson", "game": "cle @ min", "gameIdx": 0, "hr/park": "", "pa": "37", "dt": "", "img": "https://www.mlbstatic.com/team-logos/114.svg", "team": "cle", "start": "", "in": "6", "result": "Groundout", "evo": "82.6", "la": "-8", "dist": "18"}, {"player": "max kepler", "game": "cle @ min", "gameIdx": 0, "hr/park": "", "pa": "36", "dt": "", "img": "https://www.mlbstatic.com/team-logos/142.svg", "team": "min", "start": "", "in": "5", "result": "Strikeout", "evo": "", "la": "", "dist": ""}, {"player": "byron buxton", "game": "cle @ min", "gameIdx": 0, "hr/park": "", "pa": "35", "dt": "", "img": "https://www.mlbstatic.com/team-logos/142.svg", "team": "min", "start": "", "in": "5", "result": "Forceout", "evo": "", "la": "", "dist": ""}, {"player": "marwin gonzalez", "game": "cle @ min", "gameIdx": 0, "hr/park": "", "pa": "34", "dt": "", "img": "https://www.mlbstatic.com/team-logos/142.svg", "team": "min", "start": "", "in": "5", "result": "Single", "evo": "102.3", "la": "-14", "dist": "8"}, {"player": "miguel sano", "game": "cle @ min", "gameIdx": 0, "hr/park": "27/30", "pa": "33", "dt": "", "img": "https://www.mlbstatic.com/team-logos/142.svg", "team": "min", "start": "", "in": "5", "result": "Home Run", "evo": "110.5", "la": "20", "dist": "365"}, {"player": "sandy leon", "game": "cle @ min", "gameIdx": 0, "hr/park": "", "pa": "32", "dt": "", "img": "https://www.mlbstatic.com/team-logos/114.svg", "team": "cle", "start": "", "in": "5", "result": "Groundout", "evo": "108.1", "la": "-17", "dist": "5"}, {"player": "domingo santana", "game": "cle @ min", "gameIdx": 0, "hr/park": "", "pa": "31", "dt": "", "img": "https://www.mlbstatic.com/team-logos/114.svg", "team": "cle", "start": "", "in": "5", "result": "Strikeout", "evo": "", "la": "", "dist": ""}, {"player": "bradley zimmer", "game": "cle @ min", "gameIdx": 0, "hr/park": "", "pa": "30", "dt": "", "img": "https://www.mlbstatic.com/team-logos/114.svg", "team": "cle", "start": "", "in": "5", "result": "Single", "evo": "40.5", "la": "29", "dist": "93"}, {"player": "franmil reyes", "game": "cle @ min", "gameIdx": 0, "hr/park": "", "pa": "29", "dt": "", "img": "https://www.mlbstatic.com/team-logos/114.svg", "team": "cle", "start": "", "in": "5", "result": "Strikeout", "evo": "", "la": "", "dist": ""}, {"player": "luis arraez", "game": "cle @ min", "gameIdx": 0, "hr/park": "0/30", "pa": "28", "dt": "", "img": "https://www.mlbstatic.com/team-logos/142.svg", "team": "min", "start": "", "in": "4", "result": "Lineout", "evo": "98.2", "la": "22", "dist": "342"}, {"player": "mitch garver", "game": "cle @ min", "gameIdx": 0, "hr/park": "", "pa": "27", "dt": "", "img": "https://www.mlbstatic.com/team-logos/142.svg", "team": "min", "start": "", "in": "4", "result": "Hit By Pitch", "evo": "", "la": "", "dist": ""}, {"player": "eddie rosario", "game": "cle @ min", "gameIdx": 0, "hr/park": "12/30", "pa": "26", "dt": "", "img": "https://www.mlbstatic.com/team-logos/142.svg", "team": "min", "start": "", "in": "4", "result": "Home Run", "evo": "96.9", "la": "31", "dist": "359"}, {"player": "nelson cruz", "game": "cle @ min", "gameIdx": 0, "hr/park": "", "pa": "25", "dt": "", "img": "https://www.mlbstatic.com/team-logos/142.svg", "team": "min", "start": "", "in": "4", "result": "Strikeout", "evo": "", "la": "", "dist": ""}, {"player": "jorge polanco", "game": "cle @ min", "gameIdx": 0, "hr/park": "", "pa": "24", "dt": "", "img": "https://www.mlbstatic.com/team-logos/142.svg", "team": "min", "start": "", "in": "4", "result": "Groundout", "evo": "89.4", "la": "-20", "dist": "3"}, {"player": "carlos santana", "game": "cle @ min", "gameIdx": 0, "hr/park": "", "pa": "23", "dt": "", "img": "https://www.mlbstatic.com/team-logos/114.svg", "team": "cle", "start": "", "in": "4", "result": "Strikeout", "evo": "", "la": "", "dist": ""}, {"player": "francisco lindor", "game": "cle @ min", "gameIdx": 0, "hr/park": "", "pa": "22", "dt": "", "img": "https://www.mlbstatic.com/team-logos/114.svg", "team": "cle", "start": "", "in": "4", "result": "Lineout", "evo": "100.9", "la": "11", "dist": "171"}, {"player": "jose ramirez", "game": "cle @ min", "gameIdx": 0, "hr/park": "", "pa": "21", "dt": "", "img": "https://www.mlbstatic.com/team-logos/114.svg", "team": "cle", "start": "", "in": "4", "result": "Pop Out", "evo": "60.7", "la": "48", "dist": "184"}, {"player": "max kepler", "game": "cle @ min", "gameIdx": 0, "hr/park": "", "pa": "20", "dt": "", "img": "https://www.mlbstatic.com/team-logos/142.svg", "team": "min", "start": "", "in": "3", "result": "GIDP", "evo": "80.8", "la": "-19", "dist": "7"}, {"player": "byron buxton", "game": "cle @ min", "gameIdx": 0, "hr/park": "0/30", "pa": "19", "dt": "", "img": "https://www.mlbstatic.com/team-logos/142.svg", "team": "min", "start": "", "in": "3", "result": "Lineout", "evo": "96.3", "la": "16", "dist": "320"}, {"player": "marwin gonzalez", "game": "cle @ min", "gameIdx": 0, "hr/park": "", "pa": "18", "dt": "", "img": "https://www.mlbstatic.com/team-logos/142.svg", "team": "min", "start": "", "in": "3", "result": "Single", "evo": "80.9", "la": "16", "dist": "219"}, {"player": "miguel sano", "game": "cle @ min", "gameIdx": 0, "hr/park": "28/30", "pa": "17", "dt": "", "img": "https://www.mlbstatic.com/team-logos/142.svg", "team": "min", "start": "", "in": "3", "result": "Home Run", "evo": "110.6", "la": "20", "dist": "427"}, {"player": "cesar hernandez", "game": "cle @ min", "gameIdx": 0, "hr/park": "", "pa": "16", "dt": "", "img": "https://www.mlbstatic.com/team-logos/114.svg", "team": "cle", "start": "", "in": "3", "result": "Strikeout", "evo": "", "la": "", "dist": ""}, {"player": "daniel johnson", "game": "cle @ min", "gameIdx": 0, "hr/park": "", "pa": "15", "dt": "", "img": "https://www.mlbstatic.com/team-logos/114.svg", "team": "cle", "start": "", "in": "3", "result": "Strikeout", "evo": "", "la": "", "dist": ""}, {"player": "sandy leon", "game": "cle @ min", "gameIdx": 0, "hr/park": "", "pa": "14", "dt": "", "img": "https://www.mlbstatic.com/team-logos/114.svg", "team": "cle", "start": "", "in": "3", "result": "Strikeout", "evo": "", "la": "", "dist": ""}, {"player": "luis arraez", "game": "cle @ min", "gameIdx": 0, "hr/park": "", "pa": "13", "dt": "", "img": "https://www.mlbstatic.com/team-logos/142.svg", "team": "min", "start": "", "in": "2", "result": "Groundout", "evo": "91.1", "la": "-3", "dist": "26"}, {"player": "mitch garver", "game": "cle @ min", "gameIdx": 0, "hr/park": "", "pa": "12", "dt": "", "img": "https://www.mlbstatic.com/team-logos/142.svg", "team": "min", "start": "", "in": "2", "result": "Strikeout", "evo": "", "la": "", "dist": ""}, {"player": "eddie rosario", "game": "cle @ min", "gameIdx": 0, "hr/park": "", "pa": "11", "dt": "", "img": "https://www.mlbstatic.com/team-logos/142.svg", "team": "min", "start": "", "in": "2", "result": "Groundout", "evo": "76.9", "la": "-18", "dist": "8"}, {"player": "domingo santana", "game": "cle @ min", "gameIdx": 0, "hr/park": "", "pa": "10", "dt": "", "img": "https://www.mlbstatic.com/team-logos/114.svg", "team": "cle", "start": "", "in": "2", "result": "Groundout", "evo": "62.6", "la": "-12", "dist": "9"}, {"player": "bradley zimmer", "game": "cle @ min", "gameIdx": 0, "hr/park": "0/30", "pa": "9", "dt": "", "img": "https://www.mlbstatic.com/team-logos/114.svg", "team": "cle", "start": "", "in": "2", "result": "Lineout", "evo": "92.4", "la": "25", "dist": "325"}, {"player": "franmil reyes", "game": "cle @ min", "gameIdx": 0, "hr/park": "0/30", "pa": "8", "dt": "", "img": "https://www.mlbstatic.com/team-logos/114.svg", "team": "cle", "start": "", "in": "2", "result": "Flyout", "evo": "100.3", "la": "28", "dist": "396"}, {"player": "nelson cruz", "game": "cle @ min", "gameIdx": 0, "hr/park": "", "pa": "7", "dt": "", "img": "https://www.mlbstatic.com/team-logos/142.svg", "team": "min", "start": "", "in": "1", "result": "Groundout", "evo": "101.4", "la": "1", "dist": "56"}, {"player": "jorge polanco", "game": "cle @ min", "gameIdx": 0, "hr/park": "", "pa": "6", "dt": "", "img": "https://www.mlbstatic.com/team-logos/142.svg", "team": "min", "start": "", "in": "1", "result": "Groundout", "evo": "92.6", "la": "-13", "dist": "11"}, {"player": "max kepler", "game": "cle @ min", "gameIdx": 0, "hr/park": "", "pa": "5", "dt": "", "img": "https://www.mlbstatic.com/team-logos/142.svg", "team": "min", "start": "", "in": "1", "result": "Strikeout", "evo": "", "la": "", "dist": ""}, {"player": "carlos santana", "game": "cle @ min", "gameIdx": 0, "hr/park": "0/30", "pa": "4", "dt": "", "img": "https://www.mlbstatic.com/team-logos/114.svg", "team": "cle", "start": "", "in": "1", "result": "Flyout", "evo": "100.4", "la": "42", "dist": "351"}, {"player": "francisco lindor", "game": "cle @ min", "gameIdx": 0, "hr/park": "", "pa": "3", "dt": "", "img": "https://www.mlbstatic.com/team-logos/114.svg", "team": "cle", "start": "", "in": "1", "result": "Walk", "evo": "", "la": "", "dist": ""}, {"player": "jose ramirez", "game": "cle @ min", "gameIdx": 0, "hr/park": "", "pa": "2", "dt": "", "img": "https://www.mlbstatic.com/team-logos/114.svg", "team": "cle", "start": "", "in": "1", "result": "Groundout", "evo": "79.2", "la": "", "dist": "31"}, {"player": "cesar hernandez", "game": "cle @ min", "gameIdx": 0, "hr/park": "", "pa": "1", "dt": "", "img": "https://www.mlbstatic.com/team-logos/114.svg", "team": "cle", "start": "", "in": "1", "result": "Groundout", "evo": "98.2", "la": "1", "dist": "54"}], "nym @ atl": [], "tb @ bal": [], "lad @ ari": [], "sd @ col": [], "pit @ chc": [], "ath @ sea": [], "tex @ sf": [], "cin @ det": [], "phi @ tor": [], "wsh @ mia": [], "stl @ mil": []}