{"all": {"pitchers": "8", "batters": "21", "pitches": "304", "max velomax pitch velocity": "99.4", "min velomin pitch velocity": "69.8", "ff%fourseam fastball %": "37.5", "si%sinker %": "18.4", "fc%cutter %": "11.2", "fs%splitter %": "0.0", "ch%changeup %": "7.6", "sl%slider %": "18.1", "cu%curve %": "7.2", "max evmax exit velocity": "111.9", "hhhard hit": "18", "hh%hard hit %": "34.6", "brlbarrels": "4", "brl%barrel %": "7.7", "ab": "68", "avg": ".235", "h": "16", "1b": "11", "2b": "2", "3b": "1", "hr": "2", "so": "19", "bipballs in play": "52", "liveGames": 0, "totGames": 12}, "kc @ tb": [], "min @ cle": [], "stl @ cin": [], "sf @ phi": [], "chw @ det": [], "ath @ laa": [], "tex @ bal": [], "nym @ nyy": [], "pit @ atl": [], "tor @ hou": [], "lad @ col": [{"player": "cristhian adames", "game": "lad @ col", "gameIdx": 0, "hr/park": "", "pa": "74", "dt": "", "img": "https://www.mlbstatic.com/team-logos/115.svg", "team": "col", "start": "", "in": "9", "result": "Strikeout", "evo": "", "la": "", "dist": ""}, {"player": "rafael ynoa", "game": "lad @ col", "gameIdx": 0, "hr/park": "", "pa": "73", "dt": "", "img": "https://www.mlbstatic.com/team-logos/115.svg", "team": "col", "start": "", "in": "9", "result": "Groundout", "evo": "74.8", "la": "-27", "dist": "4"}, {"player": "mark reynolds", "game": "lad @ col", "gameIdx": 0, "hr/park": "", "pa": "72", "dt": "", "img": "https://www.mlbstatic.com/team-logos/115.svg", "team": "col", "start": "", "in": "9", "result": "Strikeout", "evo": "", "la": "", "dist": ""}, {"player": "josh reddick", "game": "lad @ col", "gameIdx": 0, "hr/park": "", "pa": "71", "dt": "", "img": "https://www.mlbstatic.com/team-logos/119.svg", "team": "lad", "start": "", "in": "9", "result": "Flyout", "evo": "89.4", "la": "50", "dist": "292"}, {"player": "justin turner", "game": "lad @ col", "gameIdx": 0, "hr/park": "", "pa": "70", "dt": "", "img": "https://www.mlbstatic.com/team-logos/119.svg", "team": "lad", "start": "", "in": "9", "result": "Strikeout", "evo": "", "la": "", "dist": ""}, {"player": "corey seager", "game": "lad @ col", "gameIdx": 0, "hr/park": "", "pa": "69", "dt": "", "img": "https://www.mlbstatic.com/team-logos/119.svg", "team": "lad", "start": "", "in": "9", "result": "Strikeout", "evo": "", "la": "", "dist": ""}, {"player": "david dahl", "game": "lad @ col", "gameIdx": 0, "hr/park": "", "pa": "68", "dt": "", "img": "https://www.mlbstatic.com/team-logos/115.svg", "team": "col", "start": "", "in": "8", "result": "Groundout", "evo": "", "la": "", "dist": ""}, {"player": "nolan arenado", "game": "lad @ col", "gameIdx": 0, "hr/park": "", "pa": "67", "dt": "", "img": "https://www.mlbstatic.com/team-logos/115.svg", "team": "col", "start": "", "in": "8", "result": "Flyout", "evo": "79.0", "la": "47", "dist": "258"}, {"player": "dj lemahieu", "game": "lad @ col", "gameIdx": 0, "hr/park": "", "pa": "66", "dt": "", "img": "https://www.mlbstatic.com/team-logos/115.svg", "team": "col", "start": "", "in": "8", "result": "Groundout", "evo": "105.4", "la": "1", "dist": "67"}, {"player": "chase utley", "game": "lad @ col", "gameIdx": 0, "hr/park": "", "pa": "65", "dt": "", "img": "https://www.mlbstatic.com/team-logos/119.svg", "team": "lad", "start": "", "in": "8", "result": "Strikeout", "evo": "", "la": "", "dist": ""}, {"player": "scott van slyke", "game": "lad @ col", "gameIdx": 0, "hr/park": "", "pa": "64", "dt": "", "img": "https://www.mlbstatic.com/team-logos/119.svg", "team": "lad", "start": "", "in": "8", "result": "Strikeout", "evo": "", "la": "", "dist": ""}, {"player": "joc pederson", "game": "lad @ col", "gameIdx": 0, "hr/park": "", "pa": "63", "dt": "", "img": "https://www.mlbstatic.com/team-logos/119.svg", "team": "lad", "start": "", "in": "8", "result": "Single", "evo": "106.4", "la": "-1", "dist": "45"}, {"player": "howie kendrick", "game": "lad @ col", "gameIdx": 0, "hr/park": "", "pa": "62", "dt": "", "img": "https://www.mlbstatic.com/team-logos/119.svg", "team": "lad", "start": "", "in": "8", "result": "Single", "evo": "106.8", "la": "-7", "dist": "25"}, {"player": "charlie blackmon", "game": "lad @ col", "gameIdx": 0, "hr/park": "9/30", "pa": "61", "dt": "", "img": "https://www.mlbstatic.com/team-logos/115.svg", "team": "col", "start": "", "in": "7", "result": "Flyout", "evo": "94.3", "la": "35", "dist": "359"}, {"player": "ryan raburn", "game": "lad @ col", "gameIdx": 0, "hr/park": "", "pa": "60", "dt": "", "img": "https://www.mlbstatic.com/team-logos/115.svg", "team": "col", "start": "", "in": "7", "result": "Single", "evo": "96.2", "la": "1", "dist": "51"}, {"player": "tony wolters", "game": "lad @ col", "gameIdx": 0, "hr/park": "", "pa": "59", "dt": "", "img": "https://www.mlbstatic.com/team-logos/115.svg", "team": "col", "start": "", "in": "7", "result": "Groundout", "evo": "97.4", "la": "-5", "dist": "28"}, {"player": "cristhian adames", "game": "lad @ col", "gameIdx": 0, "hr/park": "", "pa": "58", "dt": "", "img": "https://www.mlbstatic.com/team-logos/115.svg", "team": "col", "start": "", "in": "7", "result": "Strikeout", "evo": "", "la": "", "dist": ""}, {"player": "yasmani grandal", "game": "lad @ col", "gameIdx": 0, "hr/park": "", "pa": "57", "dt": "", "img": "https://www.mlbstatic.com/team-logos/119.svg", "team": "lad", "start": "", "in": "7", "result": "Strikeout", "evo": "", "la": "", "dist": ""}, {"player": "adrian gonzalez", "game": "lad @ col", "gameIdx": 0, "hr/park": "0/30", "pa": "56", "dt": "", "img": "https://www.mlbstatic.com/team-logos/119.svg", "team": "lad", "start": "", "in": "7", "result": "Field Error", "evo": "87.4", "la": "32", "dist": "318"}, {"player": "josh reddick", "game": "lad @ col", "gameIdx": 0, "hr/park": "", "pa": "55", "dt": "", "img": "https://www.mlbstatic.com/team-logos/119.svg", "team": "lad", "start": "", "in": "7", "result": "Groundout", "evo": "66.4", "la": "5", "dist": "62"}, {"player": "justin turner", "game": "lad @ col", "gameIdx": 0, "hr/park": "0/30", "pa": "54", "dt": "", "img": "https://www.mlbstatic.com/team-logos/119.svg", "team": "lad", "start": "", "in": "7", "result": "Lineout", "evo": "90.7", "la": "21", "dist": "340"}, {"player": "rafael ynoa", "game": "lad @ col", "gameIdx": 0, "hr/park": "0/30", "pa": "53", "dt": "", "img": "https://www.mlbstatic.com/team-logos/115.svg", "team": "col", "start": "", "in": "6", "result": "Lineout", "evo": "90.3", "la": "25", "dist": "318"}, {"player": "mark reynolds", "game": "lad @ col", "gameIdx": 0, "hr/park": "", "pa": "52", "dt": "", "img": "https://www.mlbstatic.com/team-logos/115.svg", "team": "col", "start": "", "in": "6", "result": "Single", "evo": "95.8", "la": "12", "dist": "225"}, {"player": "david dahl", "game": "lad @ col", "gameIdx": 0, "hr/park": "", "pa": "51", "dt": "", "img": "https://www.mlbstatic.com/team-logos/115.svg", "team": "col", "start": "", "in": "6", "result": "Groundout", "evo": "94.1", "la": "", "dist": "41"}, {"player": "nolan arenado", "game": "lad @ col", "gameIdx": 0, "hr/park": "", "pa": "50", "dt": "", "img": "https://www.mlbstatic.com/team-logos/115.svg", "team": "col", "start": "", "in": "6", "result": "Flyout", "evo": "78.0", "la": "49", "dist": "269"}, {"player": "corey seager", "game": "lad @ col", "gameIdx": 0, "hr/park": "0/30", "pa": "49", "dt": "", "img": "https://www.mlbstatic.com/team-logos/119.svg", "team": "lad", "start": "", "in": "6", "result": "Flyout", "evo": "96.2", "la": "37", "dist": "385"}, {"player": "chase utley", "game": "lad @ col", "gameIdx": 0, "hr/park": "", "pa": "48", "dt": "", "img": "https://www.mlbstatic.com/team-logos/119.svg", "team": "lad", "start": "", "in": "6", "result": "Strikeout", "evo": "", "la": "", "dist": ""}, {"player": "kenta maeda", "game": "lad @ col", "gameIdx": 0, "hr/park": "", "pa": "47", "dt": "", "img": "https://www.mlbstatic.com/team-logos/119.svg", "team": "lad", "start": "", "in": "6", "result": "Walk", "evo": "", "la": "", "dist": ""}, {"player": "joc pederson", "game": "lad @ col", "gameIdx": 0, "hr/park": "", "pa": "46", "dt": "", "img": "https://www.mlbstatic.com/team-logos/119.svg", "team": "lad", "start": "", "in": "6", "result": "Strikeout", "evo": "", "la": "", "dist": ""}, {"player": "dj lemahieu", "game": "lad @ col", "gameIdx": 0, "hr/park": "", "pa": "45", "dt": "", "img": "https://www.mlbstatic.com/team-logos/115.svg", "team": "col", "start": "", "in": "5", "result": "Groundout", "evo": "96.1", "la": "1", "dist": "58"}, {"player": "charlie blackmon", "game": "lad @ col", "gameIdx": 0, "hr/park": "", "pa": "44", "dt": "", "img": "https://www.mlbstatic.com/team-logos/115.svg", "team": "col", "start": "", "in": "5", "result": "Groundout", "evo": "71.9", "la": "-23", "dist": "7"}, {"player": "tyler chatwood", "game": "lad @ col", "gameIdx": 0, "hr/park": "", "pa": "43", "dt": "", "img": "https://www.mlbstatic.com/team-logos/115.svg", "team": "col", "start": "", "in": "5", "result": "Groundout", "evo": "61.1", "la": "-3", "dist": "30"}, {"player": "howie kendrick", "game": "lad @ col", "gameIdx": 0, "hr/park": "", "pa": "42", "dt": "", "img": "https://www.mlbstatic.com/team-logos/119.svg", "team": "lad", "start": "", "in": "5", "result": "Groundout", "evo": "106.1", "la": "-8", "dist": "18"}, {"player": "yasmani grandal", "game": "lad @ col", "gameIdx": 0, "hr/park": "0/30", "pa": "41", "dt": "", "img": "https://www.mlbstatic.com/team-logos/119.svg", "team": "lad", "start": "", "in": "5", "result": "Triple", "evo": "109.8", "la": "15", "dist": "334"}, {"player": "adrian gonzalez", "game": "lad @ col", "gameIdx": 0, "hr/park": "", "pa": "40", "dt": "", "img": "https://www.mlbstatic.com/team-logos/119.svg", "team": "lad", "start": "", "in": "5", "result": "Single", "evo": "99.5", "la": "-6", "dist": "19"}, {"player": "josh reddick", "game": "lad @ col", "gameIdx": 0, "hr/park": "", "pa": "39", "dt": "", "img": "https://www.mlbstatic.com/team-logos/119.svg", "team": "lad", "start": "", "in": "5", "result": "Flyout", "evo": "81.5", "la": "51", "dist": "255"}, {"player": "justin turner", "game": "lad @ col", "gameIdx": 0, "hr/park": "27/30", "pa": "38", "dt": "", "img": "https://www.mlbstatic.com/team-logos/119.svg", "team": "lad", "start": "", "in": "5", "result": "Double", "evo": "100.9", "la": "34", "dist": "429"}, {"player": "corey seager", "game": "lad @ col", "gameIdx": 0, "hr/park": "30/30", "pa": "37", "dt": "", "img": "https://www.mlbstatic.com/team-logos/119.svg", "team": "lad", "start": "", "in": "5", "result": "Home Run", "evo": "108.3", "la": "23", "dist": "449"}, {"player": "chase utley", "game": "lad @ col", "gameIdx": 0, "hr/park": "", "pa": "36", "dt": "", "img": "https://www.mlbstatic.com/team-logos/119.svg", "team": "lad", "start": "", "in": "5", "result": "Groundout", "evo": "67.3", "la": "11", "dist": "103"}, {"player": "tony wolters", "game": "lad @ col", "gameIdx": 0, "hr/park": "", "pa": "35", "dt": "", "img": "https://www.mlbstatic.com/team-logos/115.svg", "team": "col", "start": "", "in": "4", "result": "Strikeout", "evo": "", "la": "", "dist": ""}, {"player": "cristhian adames", "game": "lad @ col", "gameIdx": 0, "hr/park": "", "pa": "34", "dt": "", "img": "https://www.mlbstatic.com/team-logos/115.svg", "team": "col", "start": "", "in": "4", "result": "Hit By Pitch", "evo": "", "la": "", "dist": ""}, {"player": "rafael ynoa", "game": "lad @ col", "gameIdx": 0, "hr/park": "", "pa": "33", "dt": "", "img": "https://www.mlbstatic.com/team-logos/115.svg", "team": "col", "start": "", "in": "4", "result": "Strikeout", "evo": "", "la": "", "dist": ""}, {"player": "mark reynolds", "game": "lad @ col", "gameIdx": 0, "hr/park": "", "pa": "32", "dt": "", "img": "https://www.mlbstatic.com/team-logos/115.svg", "team": "col", "start": "", "in": "4", "result": "Strikeout", "evo": "", "la": "", "dist": ""}, {"player": "david dahl", "game": "lad @ col", "gameIdx": 0, "hr/park": "30/30", "pa": "31", "dt": "", "img": "https://www.mlbstatic.com/team-logos/115.svg", "team": "col", "start": "", "in": "4", "result": "Home Run", "evo": "101.2", "la": "29", "dist": "428"}, {"player": "nolan arenado", "game": "lad @ col", "gameIdx": 0, "hr/park": "", "pa": "30", "dt": "", "img": "https://www.mlbstatic.com/team-logos/115.svg", "team": "col", "start": "", "in": "4", "result": "Single", "evo": "81.7", "la": "4", "dist": "75"}, {"player": "kenta maeda", "game": "lad @ col", "gameIdx": 0, "hr/park": "", "pa": "29", "dt": "", "img": "https://www.mlbstatic.com/team-logos/119.svg", "team": "lad", "start": "", "in": "4", "result": "GIDP", "evo": "72.3", "la": "-20", "dist": "6"}, {"player": "joc pederson", "game": "lad @ col", "gameIdx": 0, "hr/park": "", "pa": "28", "dt": "", "img": "https://www.mlbstatic.com/team-logos/119.svg", "team": "lad", "start": "", "in": "4", "result": "Walk", "evo": "", "la": "", "dist": ""}, {"player": "howie kendrick", "game": "lad @ col", "gameIdx": 0, "hr/park": "", "pa": "27", "dt": "", "img": "https://www.mlbstatic.com/team-logos/119.svg", "team": "lad", "start": "", "in": "4", "result": "Single", "evo": "95.1", "la": "-8", "dist": "16"}, {"player": "yasmani grandal", "game": "lad @ col", "gameIdx": 0, "hr/park": "", "pa": "26", "dt": "", "img": "https://www.mlbstatic.com/team-logos/119.svg", "team": "lad", "start": "", "in": "4", "result": "Strikeout", "evo": "", "la": "", "dist": ""}, {"player": "adrian gonzalez", "game": "lad @ col", "gameIdx": 0, "hr/park": "", "pa": "25", "dt": "", "img": "https://www.mlbstatic.com/team-logos/119.svg", "team": "lad", "start": "", "in": "4", "result": "Single", "evo": "89.5", "la": "-2", "dist": "33"}, {"player": "josh reddick", "game": "lad @ col", "gameIdx": 0, "hr/park": "", "pa": "24", "dt": "", "img": "https://www.mlbstatic.com/team-logos/119.svg", "team": "lad", "start": "", "in": "4", "result": "Walk", "evo": "", "la": "", "dist": ""}, {"player": "dj lemahieu", "game": "lad @ col", "gameIdx": 0, "hr/park": "", "pa": "23", "dt": "", "img": "https://www.mlbstatic.com/team-logos/115.svg", "team": "col", "start": "", "in": "3", "result": "Lineout", "evo": "64.1", "la": "24", "dist": "190"}, {"player": "charlie blackmon", "game": "lad @ col", "gameIdx": 0, "hr/park": "", "pa": "22", "dt": "", "img": "https://www.mlbstatic.com/team-logos/115.svg", "team": "col", "start": "", "in": "3", "result": "Hit By Pitch", "evo": "", "la": "", "dist": ""}, {"player": "tyler chatwood", "game": "lad @ col", "gameIdx": 0, "hr/park": "", "pa": "21", "dt": "", "img": "https://www.mlbstatic.com/team-logos/115.svg", "team": "col", "start": "", "in": "3", "result": "Strikeout", "evo": "", "la": "", "dist": ""}, {"player": "tony wolters", "game": "lad @ col", "gameIdx": 0, "hr/park": "", "pa": "20", "dt": "", "img": "https://www.mlbstatic.com/team-logos/115.svg", "team": "col", "start": "", "in": "3", "result": "Groundout", "evo": "54.9", "la": "-30", "dist": "3"}, {"player": "justin turner", "game": "lad @ col", "gameIdx": 0, "hr/park": "", "pa": "19", "dt": "", "img": "https://www.mlbstatic.com/team-logos/119.svg", "team": "lad", "start": "", "in": "3", "result": "GIDP", "evo": "104.1", "la": "3", "dist": "85"}, {"player": "corey seager", "game": "lad @ col", "gameIdx": 0, "hr/park": "19/30", "pa": "18", "dt": "", "img": "https://www.mlbstatic.com/team-logos/119.svg", "team": "lad", "start": "", "in": "3", "result": "Flyout", "evo": "94.0", "la": "31", "dist": "376"}, {"player": "chase utley", "game": "lad @ col", "gameIdx": 0, "hr/park": "", "pa": "17", "dt": "", "img": "https://www.mlbstatic.com/team-logos/119.svg", "team": "lad", "start": "", "in": "3", "result": "Hit By Pitch", "evo": "", "la": "", "dist": ""}, {"player": "cristhian adames", "game": "lad @ col", "gameIdx": 0, "hr/park": "", "pa": "16", "dt": "", "img": "https://www.mlbstatic.com/team-logos/115.svg", "team": "col", "start": "", "in": "2", "result": "Groundout", "evo": "71.7", "la": "-8", "dist": "13"}, {"player": "daniel descalso", "game": "lad @ col", "gameIdx": 0, "hr/park": "", "pa": "15", "dt": "", "img": "https://www.mlbstatic.com/team-logos/115.svg", "team": "col", "start": "", "in": "2", "result": "Groundout", "evo": "97.2", "la": "4", "dist": "96"}, {"player": "mark reynolds", "game": "lad @ col", "gameIdx": 0, "hr/park": "", "pa": "14", "dt": "", "img": "https://www.mlbstatic.com/team-logos/115.svg", "team": "col", "start": "", "in": "2", "result": "Flyout", "evo": "79.4", "la": "35", "dist": "298"}, {"player": "kenta maeda", "game": "lad @ col", "gameIdx": 0, "hr/park": "", "pa": "13", "dt": "", "img": "https://www.mlbstatic.com/team-logos/119.svg", "team": "lad", "start": "", "in": "2", "result": "Flyout", "evo": "73.1", "la": "32", "dist": "249"}, {"player": "joc pederson", "game": "lad @ col", "gameIdx": 0, "hr/park": "", "pa": "12", "dt": "", "img": "https://www.mlbstatic.com/team-logos/119.svg", "team": "lad", "start": "", "in": "2", "result": "Double", "evo": "111.9", "la": "-1", "dist": "45"}, {"player": "howie kendrick", "game": "lad @ col", "gameIdx": 0, "hr/park": "", "pa": "11", "dt": "", "img": "https://www.mlbstatic.com/team-logos/119.svg", "team": "lad", "start": "", "in": "2", "result": "Strikeout", "evo": "", "la": "", "dist": ""}, {"player": "yasmani grandal", "game": "lad @ col", "gameIdx": 0, "hr/park": "", "pa": "10", "dt": "", "img": "https://www.mlbstatic.com/team-logos/119.svg", "team": "lad", "start": "", "in": "2", "result": "Single", "evo": "89.1", "la": "14", "dist": "240"}, {"player": "adrian gonzalez", "game": "lad @ col", "gameIdx": 0, "hr/park": "0/30", "pa": "9", "dt": "", "img": "https://www.mlbstatic.com/team-logos/119.svg", "team": "lad", "start": "", "in": "2", "result": "Lineout", "evo": "81.6", "la": "27", "dist": "320"}, {"player": "david dahl", "game": "lad @ col", "gameIdx": 0, "hr/park": "", "pa": "8", "dt": "", "img": "https://www.mlbstatic.com/team-logos/115.svg", "team": "col", "start": "", "in": "1", "result": "Strikeout", "evo": "", "la": "", "dist": ""}, {"player": "nolan arenado", "game": "lad @ col", "gameIdx": 0, "hr/park": "", "pa": "7", "dt": "", "img": "https://www.mlbstatic.com/team-logos/115.svg", "team": "col", "start": "", "in": "1", "result": "Single", "evo": "65.4", "la": "19", "dist": "181"}, {"player": "dj lemahieu", "game": "lad @ col", "gameIdx": 0, "hr/park": "", "pa": "6", "dt": "", "img": "https://www.mlbstatic.com/team-logos/115.svg", "team": "col", "start": "", "in": "1", "result": "Groundout", "evo": "75.1", "la": "-7", "dist": "14"}, {"player": "charlie blackmon", "game": "lad @ col", "gameIdx": 0, "hr/park": "", "pa": "5", "dt": "", "img": "https://www.mlbstatic.com/team-logos/115.svg", "team": "col", "start": "", "in": "1", "result": "Lineout", "evo": "87.9", "la": "18", "dist": "299"}, {"player": "josh reddick", "game": "lad @ col", "gameIdx": 0, "hr/park": "", "pa": "4", "dt": "", "img": "https://www.mlbstatic.com/team-logos/119.svg", "team": "lad", "start": "", "in": "1", "result": "Groundout", "evo": "71.2", "la": "5", "dist": "85"}, {"player": "justin turner", "game": "lad @ col", "gameIdx": 0, "hr/park": "", "pa": "3", "dt": "", "img": "https://www.mlbstatic.com/team-logos/119.svg", "team": "lad", "start": "", "in": "1", "result": "Strikeout", "evo": "", "la": "", "dist": ""}, {"player": "corey seager", "game": "lad @ col", "gameIdx": 0, "hr/park": "", "pa": "2", "dt": "", "img": "https://www.mlbstatic.com/team-logos/119.svg", "team": "lad", "start": "", "in": "1", "result": "Strikeout", "evo": "", "la": "", "dist": ""}, {"player": "chase utley", "game": "lad @ col", "gameIdx": 0, "hr/park": "", "pa": "1", "dt": "", "img": "https://www.mlbstatic.com/team-logos/119.svg", "team": "lad", "start": "", "in": "1", "result": "Single", "evo": "82.2", "la": "19", "dist": "245"}], "bos @ sea": []}