{"all": {"pitchers": "41", "batters": "105", "pitches": "1344", "max velomax pitch velocity": "104.1", "min velomin pitch velocity": "60.4", "ff%fourseam fastball %": "38.1", "si%sinker %": "18.9", "fc%cutter %": "1.2", "fs%splitter %": "0.0", "ch%changeup %": "12.9", "sl%slider %": "16.8", "cu%curve %": "11.3", "max evmax exit velocity": "113.7", "hhhard hit": "97", "hh%hard hit %": "34.3", "brlbarrels": "20", "brl%barrel %": "7.1", "ab": "337", "avg": ".226", "h": "76", "1b": "47", "2b": "13", "3b": "2", "hr": "14", "so": "61", "bipballs in play": "283", "liveGames": 0, "totGames": 11}, "chw @ kc": [], "bos @ bal": [{"player": "chris davis", "game": "bos @ bal", "gameIdx": 0, "hr/park": "0/30", "pa": "69", "dt": "", "img": "https://www.mlbstatic.com/team-logos/110.svg", "team": "bal", "start": "", "in": "9", "result": "Flyout", "evo": "104.8", "la": "21", "dist": "383"}, {"player": "mark trumbo", "game": "bos @ bal", "gameIdx": 0, "hr/park": "0/30", "pa": "68", "dt": "", "img": "https://www.mlbstatic.com/team-logos/110.svg", "team": "bal", "start": "", "in": "9", "result": "Flyout", "evo": "103.1", "la": "20", "dist": "386"}, {"player": "manny machado", "game": "bos @ bal", "gameIdx": 0, "hr/park": "", "pa": "67", "dt": "", "img": "https://www.mlbstatic.com/team-logos/110.svg", "team": "bal", "start": "", "in": "9", "result": "Strikeout", "evo": "", "la": "", "dist": ""}, {"player": "dustin pedroia", "game": "bos @ bal", "gameIdx": 0, "hr/park": "", "pa": "66", "dt": "", "img": "https://www.mlbstatic.com/team-logos/111.svg", "team": "bos", "start": "", "in": "9", "result": "GIDP", "evo": "87.9", "la": "8", "dist": "110"}, {"player": "andrew benintendi", "game": "bos @ bal", "gameIdx": 0, "hr/park": "", "pa": "65", "dt": "", "img": "https://www.mlbstatic.com/team-logos/111.svg", "team": "bos", "start": "", "in": "9", "result": "Pop Out", "evo": "76.8", "la": "68", "dist": "118"}, {"player": "jackie bradley", "game": "bos @ bal", "gameIdx": 0, "hr/park": "", "pa": "64", "dt": "", "img": "https://www.mlbstatic.com/team-logos/111.svg", "team": "bos", "start": "", "in": "9", "result": "Single", "evo": "69.3", "la": "30", "dist": "242"}, {"player": "hyun soo kim", "game": "bos @ bal", "gameIdx": 0, "hr/park": "", "pa": "63", "dt": "", "img": "https://www.mlbstatic.com/team-logos/110.svg", "team": "bal", "start": "", "in": "8", "result": "Pop Out", "evo": "", "la": "", "dist": ""}, {"player": "adam jones", "game": "bos @ bal", "gameIdx": 0, "hr/park": "28/30", "pa": "62", "dt": "", "img": "https://www.mlbstatic.com/team-logos/110.svg", "team": "bal", "start": "", "in": "8", "result": "Home Run", "evo": "103.3", "la": "30", "dist": "408"}, {"player": "michael bourn", "game": "bos @ bal", "gameIdx": 0, "hr/park": "", "pa": "61", "dt": "", "img": "https://www.mlbstatic.com/team-logos/110.svg", "team": "bal", "start": "", "in": "8", "result": "Strikeout", "evo": "", "la": "", "dist": ""}, {"player": "jonathan schoop", "game": "bos @ bal", "gameIdx": 0, "hr/park": "", "pa": "60", "dt": "", "img": "https://www.mlbstatic.com/team-logos/110.svg", "team": "bal", "start": "", "in": "8", "result": "Flyout", "evo": "91.5", "la": "50", "dist": "269"}, {"player": "brock holt", "game": "bos @ bal", "gameIdx": 0, "hr/park": "", "pa": "59", "dt": "", "img": "https://www.mlbstatic.com/team-logos/111.svg", "team": "bos", "start": "", "in": "8", "result": "Strikeout", "evo": "", "la": "", "dist": ""}, {"player": "sandy leon", "game": "bos @ bal", "gameIdx": 0, "hr/park": "", "pa": "58", "dt": "", "img": "https://www.mlbstatic.com/team-logos/111.svg", "team": "bos", "start": "", "in": "8", "result": "GIDP", "evo": "104.6", "la": "-13", "dist": "12"}, {"player": "hanley ramirez", "game": "bos @ bal", "gameIdx": 0, "hr/park": "", "pa": "57", "dt": "", "img": "https://www.mlbstatic.com/team-logos/111.svg", "team": "bos", "start": "", "in": "8", "result": "Single", "evo": "98.0", "la": "3", "dist": "97"}, {"player": "matt wieters", "game": "bos @ bal", "gameIdx": 0, "hr/park": "", "pa": "56", "dt": "", "img": "https://www.mlbstatic.com/team-logos/110.svg", "team": "bal", "start": "", "in": "7", "result": "Strikeout", "evo": "", "la": "", "dist": ""}, {"player": "jj hardy", "game": "bos @ bal", "gameIdx": 0, "hr/park": "", "pa": "55", "dt": "", "img": "https://www.mlbstatic.com/team-logos/110.svg", "team": "bal", "start": "", "in": "7", "result": "Groundout", "evo": "97.2", "la": "-2", "dist": "35"}, {"player": "chris davis", "game": "bos @ bal", "gameIdx": 0, "hr/park": "", "pa": "54", "dt": "", "img": "https://www.mlbstatic.com/team-logos/110.svg", "team": "bal", "start": "", "in": "7", "result": "Groundout", "evo": "", "la": "", "dist": ""}, {"player": "mookie betts", "game": "bos @ bal", "gameIdx": 0, "hr/park": "1/30", "pa": "53", "dt": "", "img": "https://www.mlbstatic.com/team-logos/111.svg", "team": "bos", "start": "", "in": "7", "result": "Lineout", "evo": "95.5", "la": "20", "dist": "363"}, {"player": "david ortiz", "game": "bos @ bal", "gameIdx": 0, "hr/park": "", "pa": "52", "dt": "", "img": "https://www.mlbstatic.com/team-logos/111.svg", "team": "bos", "start": "", "in": "7", "result": "Hit By Pitch", "evo": "", "la": "", "dist": ""}, {"player": "xander bogaerts", "game": "bos @ bal", "gameIdx": 0, "hr/park": "", "pa": "51", "dt": "", "img": "https://www.mlbstatic.com/team-logos/111.svg", "team": "bos", "start": "", "in": "7", "result": "Forceout", "evo": "", "la": "", "dist": ""}, {"player": "dustin pedroia", "game": "bos @ bal", "gameIdx": 0, "hr/park": "", "pa": "50", "dt": "", "img": "https://www.mlbstatic.com/team-logos/111.svg", "team": "bos", "start": "", "in": "7", "result": "Single", "evo": "", "la": "", "dist": ""}, {"player": "andrew benintendi", "game": "bos @ bal", "gameIdx": 0, "hr/park": "", "pa": "49", "dt": "", "img": "https://www.mlbstatic.com/team-logos/111.svg", "team": "bos", "start": "", "in": "7", "result": "Groundout", "evo": "75.3", "la": "-3", "dist": "31"}, {"player": "mark trumbo", "game": "bos @ bal", "gameIdx": 0, "hr/park": "", "pa": "48", "dt": "", "img": "https://www.mlbstatic.com/team-logos/110.svg", "team": "bal", "start": "", "in": "6", "result": "Strikeout", "evo": "", "la": "", "dist": ""}, {"player": "manny machado", "game": "bos @ bal", "gameIdx": 0, "hr/park": "", "pa": "47", "dt": "", "img": "https://www.mlbstatic.com/team-logos/110.svg", "team": "bal", "start": "", "in": "6", "result": "Strikeout", "evo": "", "la": "", "dist": ""}, {"player": "hyun soo kim", "game": "bos @ bal", "gameIdx": 0, "hr/park": "", "pa": "46", "dt": "", "img": "https://www.mlbstatic.com/team-logos/110.svg", "team": "bal", "start": "", "in": "6", "result": "Single", "evo": "101.2", "la": "12", "dist": "278"}, {"player": "adam jones", "game": "bos @ bal", "gameIdx": 0, "hr/park": "", "pa": "45", "dt": "", "img": "https://www.mlbstatic.com/team-logos/110.svg", "team": "bal", "start": "", "in": "6", "result": "Flyout", "evo": "97.9", "la": "52", "dist": "269"}, {"player": "jackie bradley", "game": "bos @ bal", "gameIdx": 0, "hr/park": "0/30", "pa": "44", "dt": "", "img": "https://www.mlbstatic.com/team-logos/111.svg", "team": "bos", "start": "", "in": "6", "result": "Flyout", "evo": "96.9", "la": "38", "dist": "355"}, {"player": "brock holt", "game": "bos @ bal", "gameIdx": 0, "hr/park": "", "pa": "43", "dt": "", "img": "https://www.mlbstatic.com/team-logos/111.svg", "team": "bos", "start": "", "in": "6", "result": "Pop Out", "evo": "79.0", "la": "73", "dist": "99"}, {"player": "sandy leon", "game": "bos @ bal", "gameIdx": 0, "hr/park": "", "pa": "42", "dt": "", "img": "https://www.mlbstatic.com/team-logos/111.svg", "team": "bos", "start": "", "in": "6", "result": "Flyout", "evo": "80.9", "la": "27", "dist": "281"}, {"player": "michael bourn", "game": "bos @ bal", "gameIdx": 0, "hr/park": "", "pa": "41", "dt": "", "img": "https://www.mlbstatic.com/team-logos/110.svg", "team": "bal", "start": "", "in": "5", "result": "Groundout", "evo": "92.5", "la": "-3", "dist": "27"}, {"player": "jonathan schoop", "game": "bos @ bal", "gameIdx": 0, "hr/park": "", "pa": "40", "dt": "", "img": "https://www.mlbstatic.com/team-logos/110.svg", "team": "bal", "start": "", "in": "5", "result": "Single", "evo": "106.4", "la": "8", "dist": "201"}, {"player": "matt wieters", "game": "bos @ bal", "gameIdx": 0, "hr/park": "", "pa": "39", "dt": "", "img": "https://www.mlbstatic.com/team-logos/110.svg", "team": "bal", "start": "", "in": "5", "result": "Groundout", "evo": "58.5", "la": "-12", "dist": "14"}, {"player": "jj hardy", "game": "bos @ bal", "gameIdx": 0, "hr/park": "", "pa": "38", "dt": "", "img": "https://www.mlbstatic.com/team-logos/110.svg", "team": "bal", "start": "", "in": "5", "result": "Strikeout", "evo": "", "la": "", "dist": ""}, {"player": "hanley ramirez", "game": "bos @ bal", "gameIdx": 0, "hr/park": "0/30", "pa": "37", "dt": "", "img": "https://www.mlbstatic.com/team-logos/111.svg", "team": "bos", "start": "", "in": "5", "result": "Lineout", "evo": "99.9", "la": "15", "dist": "317"}, {"player": "mookie betts", "game": "bos @ bal", "gameIdx": 0, "hr/park": "", "pa": "36", "dt": "", "img": "https://www.mlbstatic.com/team-logos/111.svg", "team": "bos", "start": "", "in": "5", "result": "Walk", "evo": "", "la": "", "dist": ""}, {"player": "david ortiz", "game": "bos @ bal", "gameIdx": 0, "hr/park": "29/30", "pa": "35", "dt": "", "img": "https://www.mlbstatic.com/team-logos/111.svg", "team": "bos", "start": "", "in": "5", "result": "Home Run", "evo": "94.9", "la": "27", "dist": "379"}, {"player": "xander bogaerts", "game": "bos @ bal", "gameIdx": 0, "hr/park": "", "pa": "34", "dt": "", "img": "https://www.mlbstatic.com/team-logos/111.svg", "team": "bos", "start": "", "in": "5", "result": "Lineout", "evo": "82.0", "la": "21", "dist": "292"}, {"player": "dustin pedroia", "game": "bos @ bal", "gameIdx": 0, "hr/park": "", "pa": "33", "dt": "", "img": "https://www.mlbstatic.com/team-logos/111.svg", "team": "bos", "start": "", "in": "5", "result": "Single", "evo": "89.8", "la": "12", "dist": "184"}, {"player": "andrew benintendi", "game": "bos @ bal", "gameIdx": 0, "hr/park": "0/30", "pa": "32", "dt": "", "img": "https://www.mlbstatic.com/team-logos/111.svg", "team": "bos", "start": "", "in": "5", "result": "Double", "evo": "104.1", "la": "18", "dist": "373"}, {"player": "chris davis", "game": "bos @ bal", "gameIdx": 0, "hr/park": "0/30", "pa": "31", "dt": "", "img": "https://www.mlbstatic.com/team-logos/110.svg", "team": "bal", "start": "", "in": "4", "result": "Flyout", "evo": "103.0", "la": "41", "dist": "360"}, {"player": "mark trumbo", "game": "bos @ bal", "gameIdx": 0, "hr/park": "0/30", "pa": "30", "dt": "", "img": "https://www.mlbstatic.com/team-logos/110.svg", "team": "bal", "start": "", "in": "4", "result": "Double", "evo": "106.9", "la": "17", "dist": "335"}, {"player": "manny machado", "game": "bos @ bal", "gameIdx": 0, "hr/park": "", "pa": "29", "dt": "", "img": "https://www.mlbstatic.com/team-logos/110.svg", "team": "bal", "start": "", "in": "4", "result": "Hit By Pitch", "evo": "", "la": "", "dist": ""}, {"player": "hyun soo kim", "game": "bos @ bal", "gameIdx": 0, "hr/park": "", "pa": "28", "dt": "", "img": "https://www.mlbstatic.com/team-logos/110.svg", "team": "bal", "start": "", "in": "4", "result": "Groundout", "evo": "77.0", "la": "-11", "dist": "11"}, {"player": "adam jones", "game": "bos @ bal", "gameIdx": 0, "hr/park": "", "pa": "27", "dt": "", "img": "https://www.mlbstatic.com/team-logos/110.svg", "team": "bal", "start": "", "in": "4", "result": "Flyout", "evo": "76.2", "la": "37", "dist": "268"}, {"player": "jackie bradley", "game": "bos @ bal", "gameIdx": 0, "hr/park": "", "pa": "26", "dt": "", "img": "https://www.mlbstatic.com/team-logos/111.svg", "team": "bos", "start": "", "in": "4", "result": "Strikeout", "evo": "", "la": "", "dist": ""}, {"player": "brock holt", "game": "bos @ bal", "gameIdx": 0, "hr/park": "", "pa": "25", "dt": "", "img": "https://www.mlbstatic.com/team-logos/111.svg", "team": "bos", "start": "", "in": "4", "result": "Groundout", "evo": "", "la": "", "dist": ""}, {"player": "sandy leon", "game": "bos @ bal", "gameIdx": 0, "hr/park": "", "pa": "24", "dt": "", "img": "https://www.mlbstatic.com/team-logos/111.svg", "team": "bos", "start": "", "in": "4", "result": "Lineout", "evo": "65.5", "la": "18", "dist": "175"}, {"player": "michael bourn", "game": "bos @ bal", "gameIdx": 0, "hr/park": "", "pa": "23", "dt": "", "img": "https://www.mlbstatic.com/team-logos/110.svg", "team": "bal", "start": "", "in": "3", "result": "Strikeout", "evo": "", "la": "", "dist": ""}, {"player": "jonathan schoop", "game": "bos @ bal", "gameIdx": 0, "hr/park": "", "pa": "22", "dt": "", "img": "https://www.mlbstatic.com/team-logos/110.svg", "team": "bal", "start": "", "in": "3", "result": "Groundout", "evo": "103.1", "la": "-9", "dist": "15"}, {"player": "matt wieters", "game": "bos @ bal", "gameIdx": 0, "hr/park": "0/30", "pa": "21", "dt": "", "img": "https://www.mlbstatic.com/team-logos/110.svg", "team": "bal", "start": "", "in": "3", "result": "Flyout", "evo": "89.6", "la": "37", "dist": "314"}, {"player": "hanley ramirez", "game": "bos @ bal", "gameIdx": 0, "hr/park": "", "pa": "20", "dt": "", "img": "https://www.mlbstatic.com/team-logos/111.svg", "team": "bos", "start": "", "in": "3", "result": "Groundout", "evo": "56.4", "la": "-13", "dist": "11"}, {"player": "mookie betts", "game": "bos @ bal", "gameIdx": 0, "hr/park": "", "pa": "19", "dt": "", "img": "https://www.mlbstatic.com/team-logos/111.svg", "team": "bos", "start": "", "in": "3", "result": "Home Run", "evo": "", "la": "", "dist": ""}, {"player": "david ortiz", "game": "bos @ bal", "gameIdx": 0, "hr/park": "0/30", "pa": "18", "dt": "", "img": "https://www.mlbstatic.com/team-logos/111.svg", "team": "bos", "start": "", "in": "3", "result": "Flyout", "evo": "93.1", "la": "36", "dist": "339"}, {"player": "xander bogaerts", "game": "bos @ bal", "gameIdx": 0, "hr/park": "", "pa": "17", "dt": "", "img": "https://www.mlbstatic.com/team-logos/111.svg", "team": "bos", "start": "", "in": "3", "result": "Single", "evo": "97.7", "la": "6", "dist": "162"}, {"player": "dustin pedroia", "game": "bos @ bal", "gameIdx": 0, "hr/park": "", "pa": "16", "dt": "", "img": "https://www.mlbstatic.com/team-logos/111.svg", "team": "bos", "start": "", "in": "3", "result": "Pop Out", "evo": "82.7", "la": "69", "dist": "110"}, {"player": "jj hardy", "game": "bos @ bal", "gameIdx": 0, "hr/park": "", "pa": "15", "dt": "", "img": "https://www.mlbstatic.com/team-logos/110.svg", "team": "bal", "start": "", "in": "2", "result": "Groundout", "evo": "94.1", "la": "-14", "dist": "12"}, {"player": "chris davis", "game": "bos @ bal", "gameIdx": 0, "hr/park": "0/30", "pa": "14", "dt": "", "img": "https://www.mlbstatic.com/team-logos/110.svg", "team": "bal", "start": "", "in": "2", "result": "Flyout", "evo": "92.7", "la": "45", "dist": "305"}, {"player": "mark trumbo", "game": "bos @ bal", "gameIdx": 0, "hr/park": "", "pa": "13", "dt": "", "img": "https://www.mlbstatic.com/team-logos/110.svg", "team": "bal", "start": "", "in": "2", "result": "Lineout", "evo": "110.9", "la": "11", "dist": "294"}, {"player": "andrew benintendi", "game": "bos @ bal", "gameIdx": 0, "hr/park": "", "pa": "12", "dt": "", "img": "https://www.mlbstatic.com/team-logos/111.svg", "team": "bos", "start": "", "in": "2", "result": "Groundout", "evo": "", "la": "", "dist": ""}, {"player": "jackie bradley", "game": "bos @ bal", "gameIdx": 0, "hr/park": "", "pa": "11", "dt": "", "img": "https://www.mlbstatic.com/team-logos/111.svg", "team": "bos", "start": "", "in": "2", "result": "Single", "evo": "99.0", "la": "13", "dist": "243"}, {"player": "brock holt", "game": "bos @ bal", "gameIdx": 0, "hr/park": "", "pa": "10", "dt": "", "img": "https://www.mlbstatic.com/team-logos/111.svg", "team": "bos", "start": "", "in": "2", "result": "Groundout", "evo": "96.8", "la": "-5", "dist": "23"}, {"player": "sandy leon", "game": "bos @ bal", "gameIdx": 0, "hr/park": "", "pa": "9", "dt": "", "img": "https://www.mlbstatic.com/team-logos/111.svg", "team": "bos", "start": "", "in": "2", "result": "Strikeout", "evo": "", "la": "", "dist": ""}, {"player": "manny machado", "game": "bos @ bal", "gameIdx": 0, "hr/park": "", "pa": "8", "dt": "", "img": "https://www.mlbstatic.com/team-logos/110.svg", "team": "bal", "start": "", "in": "1", "result": "Groundout", "evo": "80.1", "la": "6", "dist": "95"}, {"player": "hyun soo kim", "game": "bos @ bal", "gameIdx": 0, "hr/park": "", "pa": "7", "dt": "", "img": "https://www.mlbstatic.com/team-logos/110.svg", "team": "bal", "start": "", "in": "1", "result": "Pop Out", "evo": "86.1", "la": "64", "dist": "175"}, {"player": "adam jones", "game": "bos @ bal", "gameIdx": 0, "hr/park": "", "pa": "6", "dt": "", "img": "https://www.mlbstatic.com/team-logos/110.svg", "team": "bal", "start": "", "in": "1", "result": "Groundout", "evo": "97.8", "la": "-3", "dist": "28"}, {"player": "hanley ramirez", "game": "bos @ bal", "gameIdx": 0, "hr/park": "", "pa": "5", "dt": "", "img": "https://www.mlbstatic.com/team-logos/111.svg", "team": "bos", "start": "", "in": "1", "result": "Flyout", "evo": "79.4", "la": "49", "dist": "231"}, {"player": "mookie betts", "game": "bos @ bal", "gameIdx": 0, "hr/park": "", "pa": "4", "dt": "", "img": "https://www.mlbstatic.com/team-logos/111.svg", "team": "bos", "start": "", "in": "1", "result": "Walk", "evo": "", "la": "", "dist": ""}, {"player": "david ortiz", "game": "bos @ bal", "gameIdx": 0, "hr/park": "", "pa": "3", "dt": "", "img": "https://www.mlbstatic.com/team-logos/111.svg", "team": "bos", "start": "", "in": "1", "result": "Flyout", "evo": "", "la": "", "dist": ""}, {"player": "xander bogaerts", "game": "bos @ bal", "gameIdx": 0, "hr/park": "", "pa": "2", "dt": "", "img": "https://www.mlbstatic.com/team-logos/111.svg", "team": "bos", "start": "", "in": "1", "result": "Field Error", "evo": "", "la": "", "dist": ""}, {"player": "dustin pedroia", "game": "bos @ bal", "gameIdx": 0, "hr/park": "", "pa": "1", "dt": "", "img": "https://www.mlbstatic.com/team-logos/111.svg", "team": "bos", "start": "", "in": "1", "result": "Strikeout", "evo": "", "la": "", "dist": ""}], "atl @ nym": [{"player": "jose reyes", "game": "atl @ nym", "gameIdx": 0, "hr/park": "", "pa": "81", "dt": "", "img": "https://www.mlbstatic.com/team-logos/121.svg", "team": "nym", "start": "", "in": "9", "result": "Flyout", "evo": "73.3", "la": "33", "dist": "252"}, {"player": "jay bruce", "game": "atl @ nym", "gameIdx": 0, "hr/park": "", "pa": "80", "dt": "", "img": "https://www.mlbstatic.com/team-logos/121.svg", "team": "nym", "start": "", "in": "9", "result": "Flyout", "evo": "91.0", "la": "49", "dist": "279"}, {"player": "ty kelly", "game": "atl @ nym", "gameIdx": 0, "hr/park": "", "pa": "79", "dt": "", "img": "https://www.mlbstatic.com/team-logos/121.svg", "team": "nym", "start": "", "in": "9", "result": "Strikeout", "evo": "", "la": "", "dist": ""}, {"player": "james loney", "game": "atl @ nym", "gameIdx": 0, "hr/park": "0/30", "pa": "78", "dt": "", "img": "https://www.mlbstatic.com/team-logos/121.svg", "team": "nym", "start": "", "in": "9", "result": "Double", "evo": "100.8", "la": "15", "dist": "300"}, {"player": "michael conforto", "game": "atl @ nym", "gameIdx": 0, "hr/park": "", "pa": "77", "dt": "", "img": "https://www.mlbstatic.com/team-logos/121.svg", "team": "nym", "start": "", "in": "9", "result": "Single", "evo": "98.3", "la": "1", "dist": "51"}, {"player": "dansby swanson", "game": "atl @ nym", "gameIdx": 0, "hr/park": "", "pa": "76", "dt": "", "img": "https://www.mlbstatic.com/team-logos/144.svg", "team": "atl", "start": "", "in": "9", "result": "Strikeout", "evo": "", "la": "", "dist": ""}, {"player": "jace peterson", "game": "atl @ nym", "gameIdx": 0, "hr/park": "", "pa": "75", "dt": "", "img": "https://www.mlbstatic.com/team-logos/144.svg", "team": "atl", "start": "", "in": "9", "result": "Groundout", "evo": "96.1", "la": "5", "dist": "124"}, {"player": "tyler flowers", "game": "atl @ nym", "gameIdx": 0, "hr/park": "", "pa": "74", "dt": "", "img": "https://www.mlbstatic.com/team-logos/144.svg", "team": "atl", "start": "", "in": "9", "result": "Lineout", "evo": "102.5", "la": "14", "dist": "299"}, {"player": "tj rivera", "game": "atl @ nym", "gameIdx": 0, "hr/park": "", "pa": "73", "dt": "", "img": "https://www.mlbstatic.com/team-logos/121.svg", "team": "nym", "start": "", "in": "8", "result": "Pop Out", "evo": "74.4", "la": "88", "dist": "13"}, {"player": "curtis granderson", "game": "atl @ nym", "gameIdx": 0, "hr/park": "", "pa": "72", "dt": "", "img": "https://www.mlbstatic.com/team-logos/121.svg", "team": "nym", "start": "", "in": "8", "result": "Single", "evo": "80.0", "la": "1", "dist": "40"}, {"player": "yoenis cespedes", "game": "atl @ nym", "gameIdx": 0, "hr/park": "0/30", "pa": "71", "dt": "", "img": "https://www.mlbstatic.com/team-logos/121.svg", "team": "nym", "start": "", "in": "8", "result": "Flyout", "evo": "94.8", "la": "44", "dist": "321"}, {"player": "asdrubal cabrera", "game": "atl @ nym", "gameIdx": 0, "hr/park": "2/30", "pa": "70", "dt": "", "img": "https://www.mlbstatic.com/team-logos/121.svg", "team": "nym", "start": "", "in": "8", "result": "Flyout", "evo": "102.6", "la": "41", "dist": "359"}, {"player": "jose reyes", "game": "atl @ nym", "gameIdx": 0, "hr/park": "", "pa": "69", "dt": "", "img": "https://www.mlbstatic.com/team-logos/121.svg", "team": "nym", "start": "", "in": "8", "result": "Walk", "evo": "", "la": "", "dist": ""}, {"player": "nick markakis", "game": "atl @ nym", "gameIdx": 0, "hr/park": "0/30", "pa": "68", "dt": "", "img": "https://www.mlbstatic.com/team-logos/144.svg", "team": "atl", "start": "", "in": "8", "result": "Lineout", "evo": "94.9", "la": "19", "dist": "321"}, {"player": "matt kemp", "game": "atl @ nym", "gameIdx": 0, "hr/park": "", "pa": "67", "dt": "", "img": "https://www.mlbstatic.com/team-logos/144.svg", "team": "atl", "start": "", "in": "8", "result": "Single", "evo": "94.3", "la": "12", "dist": "201"}, {"player": "freddie freeman", "game": "atl @ nym", "gameIdx": 0, "hr/park": "", "pa": "66", "dt": "", "img": "https://www.mlbstatic.com/team-logos/144.svg", "team": "atl", "start": "", "in": "8", "result": "Single", "evo": "110.5", "la": "19", "dist": "284"}, {"player": "adonis garcia", "game": "atl @ nym", "gameIdx": 0, "hr/park": "", "pa": "65", "dt": "", "img": "https://www.mlbstatic.com/team-logos/144.svg", "team": "atl", "start": "", "in": "8", "result": "Strikeout", "evo": "", "la": "", "dist": ""}, {"player": "ender inciarte", "game": "atl @ nym", "gameIdx": 0, "hr/park": "", "pa": "64", "dt": "", "img": "https://www.mlbstatic.com/team-logos/144.svg", "team": "atl", "start": "", "in": "8", "result": "Strikeout", "evo": "", "la": "", "dist": ""}, {"player": "brandon nimmo", "game": "atl @ nym", "gameIdx": 0, "hr/park": "", "pa": "63", "dt": "", "img": "https://www.mlbstatic.com/team-logos/121.svg", "team": "nym", "start": "", "in": "7", "result": "Flyout", "evo": "75.3", "la": "49", "dist": "224"}, {"player": "alejandro de aza", "game": "atl @ nym", "gameIdx": 0, "hr/park": "", "pa": "62", "dt": "", "img": "https://www.mlbstatic.com/team-logos/121.svg", "team": "nym", "start": "", "in": "7", "result": "Lineout", "evo": "99.4", "la": "17", "dist": "267"}, {"player": "james loney", "game": "atl @ nym", "gameIdx": 0, "hr/park": "", "pa": "61", "dt": "", "img": "https://www.mlbstatic.com/team-logos/121.svg", "team": "nym", "start": "", "in": "7", "result": "Single", "evo": "79.7", "la": "24", "dist": "265"}, {"player": "michael conforto", "game": "atl @ nym", "gameIdx": 0, "hr/park": "", "pa": "60", "dt": "", "img": "https://www.mlbstatic.com/team-logos/121.svg", "team": "nym", "start": "", "in": "7", "result": "Lineout", "evo": "74.6", "la": "28", "dist": "248"}, {"player": "blake lalli", "game": "atl @ nym", "gameIdx": 0, "hr/park": "0/30", "pa": "59", "dt": "", "img": "https://www.mlbstatic.com/team-logos/144.svg", "team": "atl", "start": "", "in": "7", "result": "Lineout", "evo": "98.3", "la": "17", "dist": "358"}, {"player": "dansby swanson", "game": "atl @ nym", "gameIdx": 0, "hr/park": "", "pa": "58", "dt": "", "img": "https://www.mlbstatic.com/team-logos/144.svg", "team": "atl", "start": "", "in": "7", "result": "Single", "evo": "60.6", "la": "31", "dist": "194"}, {"player": "jace peterson", "game": "atl @ nym", "gameIdx": 0, "hr/park": "", "pa": "57", "dt": "", "img": "https://www.mlbstatic.com/team-logos/144.svg", "team": "atl", "start": "", "in": "7", "result": "Walk", "evo": "", "la": "", "dist": ""}, {"player": "tyler flowers", "game": "atl @ nym", "gameIdx": 0, "hr/park": "", "pa": "56", "dt": "", "img": "https://www.mlbstatic.com/team-logos/144.svg", "team": "atl", "start": "", "in": "7", "result": "Single", "evo": "104.1", "la": "10", "dist": "217"}, {"player": "nick markakis", "game": "atl @ nym", "gameIdx": 0, "hr/park": "", "pa": "55", "dt": "", "img": "https://www.mlbstatic.com/team-logos/144.svg", "team": "atl", "start": "", "in": "7", "result": "Flyout", "evo": "84.9", "la": "45", "dist": "261"}, {"player": "matt kemp", "game": "atl @ nym", "gameIdx": 0, "hr/park": "", "pa": "54", "dt": "", "img": "https://www.mlbstatic.com/team-logos/144.svg", "team": "atl", "start": "", "in": "7", "result": "Strikeout", "evo": "", "la": "", "dist": ""}, {"player": "freddie freeman", "game": "atl @ nym", "gameIdx": 0, "hr/park": "", "pa": "53", "dt": "", "img": "https://www.mlbstatic.com/team-logos/144.svg", "team": "atl", "start": "", "in": "7", "result": "Single", "evo": "60.0", "la": "20", "dist": "134"}, {"player": "tj rivera", "game": "atl @ nym", "gameIdx": 0, "hr/park": "", "pa": "52", "dt": "", "img": "https://www.mlbstatic.com/team-logos/121.svg", "team": "nym", "start": "", "in": "6", "result": "Forceout", "evo": "", "la": "", "dist": ""}, {"player": "curtis granderson", "game": "atl @ nym", "gameIdx": 0, "hr/park": "0/30", "pa": "51", "dt": "", "img": "https://www.mlbstatic.com/team-logos/121.svg", "team": "nym", "start": "", "in": "6", "result": "Single", "evo": "93.1", "la": "21", "dist": "308"}, {"player": "yoenis cespedes", "game": "atl @ nym", "gameIdx": 0, "hr/park": "", "pa": "50", "dt": "", "img": "https://www.mlbstatic.com/team-logos/121.svg", "team": "nym", "start": "", "in": "6", "result": "Groundout", "evo": "81.0", "la": "5", "dist": "79"}, {"player": "asdrubal cabrera", "game": "atl @ nym", "gameIdx": 0, "hr/park": "", "pa": "49", "dt": "", "img": "https://www.mlbstatic.com/team-logos/121.svg", "team": "nym", "start": "", "in": "6", "result": "Lineout", "evo": "85.8", "la": "12", "dist": "164"}, {"player": "adonis garcia", "game": "atl @ nym", "gameIdx": 0, "hr/park": "", "pa": "48", "dt": "", "img": "https://www.mlbstatic.com/team-logos/144.svg", "team": "atl", "start": "", "in": "6", "result": "Strikeout", "evo": "", "la": "", "dist": ""}, {"player": "ender inciarte", "game": "atl @ nym", "gameIdx": 0, "hr/park": "", "pa": "47", "dt": "", "img": "https://www.mlbstatic.com/team-logos/144.svg", "team": "atl", "start": "", "in": "6", "result": "Groundout", "evo": "86.0", "la": "-5", "dist": "25"}, {"player": "aaron blair", "game": "atl @ nym", "gameIdx": 0, "hr/park": "", "pa": "46", "dt": "", "img": "https://www.mlbstatic.com/team-logos/144.svg", "team": "atl", "start": "", "in": "6", "result": "Groundout", "evo": "56.5", "la": "-8", "dist": "15"}, {"player": "jose reyes", "game": "atl @ nym", "gameIdx": 0, "hr/park": "", "pa": "45", "dt": "", "img": "https://www.mlbstatic.com/team-logos/121.svg", "team": "nym", "start": "", "in": "5", "result": "Pop Out", "evo": "", "la": "", "dist": ""}, {"player": "kelly johnson", "game": "atl @ nym", "gameIdx": 0, "hr/park": "", "pa": "44", "dt": "", "img": "https://www.mlbstatic.com/team-logos/121.svg", "team": "nym", "start": "", "in": "5", "result": "Strikeout", "evo": "", "la": "", "dist": ""}, {"player": "rene rivera", "game": "atl @ nym", "gameIdx": 0, "hr/park": "", "pa": "43", "dt": "", "img": "https://www.mlbstatic.com/team-logos/121.svg", "team": "nym", "start": "", "in": "5", "result": "Strikeout", "evo": "", "la": "", "dist": ""}, {"player": "james loney", "game": "atl @ nym", "gameIdx": 0, "hr/park": "0/30", "pa": "42", "dt": "", "img": "https://www.mlbstatic.com/team-logos/121.svg", "team": "nym", "start": "", "in": "5", "result": "Double", "evo": "103.1", "la": "23", "dist": "401"}, {"player": "dansby swanson", "game": "atl @ nym", "gameIdx": 0, "hr/park": "", "pa": "41", "dt": "", "img": "https://www.mlbstatic.com/team-logos/144.svg", "team": "atl", "start": "", "in": "5", "result": "Strikeout", "evo": "", "la": "", "dist": ""}, {"player": "jace peterson", "game": "atl @ nym", "gameIdx": 0, "hr/park": "", "pa": "40", "dt": "", "img": "https://www.mlbstatic.com/team-logos/144.svg", "team": "atl", "start": "", "in": "5", "result": "Strikeout", "evo": "", "la": "", "dist": ""}, {"player": "tyler flowers", "game": "atl @ nym", "gameIdx": 0, "hr/park": "", "pa": "39", "dt": "", "img": "https://www.mlbstatic.com/team-logos/144.svg", "team": "atl", "start": "", "in": "5", "result": "Groundout", "evo": "74.9", "la": "-9", "dist": "13"}, {"player": "michael conforto", "game": "atl @ nym", "gameIdx": 0, "hr/park": "", "pa": "38", "dt": "", "img": "https://www.mlbstatic.com/team-logos/121.svg", "team": "nym", "start": "", "in": "4", "result": "Groundout", "evo": "87.2", "la": "-16", "dist": "9"}, {"player": "tj rivera", "game": "atl @ nym", "gameIdx": 0, "hr/park": "18/30", "pa": "37", "dt": "", "img": "https://www.mlbstatic.com/team-logos/121.svg", "team": "nym", "start": "", "in": "4", "result": "Home Run", "evo": "97.0", "la": "36", "dist": "365"}, {"player": "curtis granderson", "game": "atl @ nym", "gameIdx": 0, "hr/park": "", "pa": "36", "dt": "", "img": "https://www.mlbstatic.com/team-logos/121.svg", "team": "nym", "start": "", "in": "4", "result": "Single", "evo": "95.0", "la": "13", "dist": "216"}, {"player": "yoenis cespedes", "game": "atl @ nym", "gameIdx": 0, "hr/park": "", "pa": "35", "dt": "", "img": "https://www.mlbstatic.com/team-logos/121.svg", "team": "nym", "start": "", "in": "4", "result": "Flyout", "evo": "88.7", "la": "59", "dist": "192"}, {"player": "asdrubal cabrera", "game": "atl @ nym", "gameIdx": 0, "hr/park": "", "pa": "34", "dt": "", "img": "https://www.mlbstatic.com/team-logos/121.svg", "team": "nym", "start": "", "in": "4", "result": "Lineout", "evo": "88.8", "la": "22", "dist": "271"}, {"player": "nick markakis", "game": "atl @ nym", "gameIdx": 0, "hr/park": "", "pa": "33", "dt": "", "img": "https://www.mlbstatic.com/team-logos/144.svg", "team": "atl", "start": "", "in": "4", "result": "Groundout", "evo": "102.2", "la": "-2", "dist": "36"}, {"player": "matt kemp", "game": "atl @ nym", "gameIdx": 0, "hr/park": "", "pa": "32", "dt": "", "img": "https://www.mlbstatic.com/team-logos/144.svg", "team": "atl", "start": "", "in": "4", "result": "Single", "evo": "81.5", "la": "-8", "dist": "16"}, {"player": "freddie freeman", "game": "atl @ nym", "gameIdx": 0, "hr/park": "0/30", "pa": "31", "dt": "", "img": "https://www.mlbstatic.com/team-logos/144.svg", "team": "atl", "start": "", "in": "4", "result": "Double", "evo": "95.3", "la": "25", "dist": "306"}, {"player": "adonis garcia", "game": "atl @ nym", "gameIdx": 0, "hr/park": "", "pa": "30", "dt": "", "img": "https://www.mlbstatic.com/team-logos/144.svg", "team": "atl", "start": "", "in": "4", "result": "Lineout", "evo": "85.6", "la": "23", "dist": "291"}, {"player": "ender inciarte", "game": "atl @ nym", "gameIdx": 0, "hr/park": "", "pa": "29", "dt": "", "img": "https://www.mlbstatic.com/team-logos/144.svg", "team": "atl", "start": "", "in": "4", "result": "Walk", "evo": "", "la": "", "dist": ""}, {"player": "aaron blair", "game": "atl @ nym", "gameIdx": 0, "hr/park": "", "pa": "28", "dt": "", "img": "https://www.mlbstatic.com/team-logos/144.svg", "team": "atl", "start": "", "in": "4", "result": "Strikeout", "evo": "", "la": "", "dist": ""}, {"player": "dansby swanson", "game": "atl @ nym", "gameIdx": 0, "hr/park": "", "pa": "27", "dt": "", "img": "https://www.mlbstatic.com/team-logos/144.svg", "team": "atl", "start": "", "in": "4", "result": "Single", "evo": "97.8", "la": "15", "dist": "257"}, {"player": "jose reyes", "game": "atl @ nym", "gameIdx": 0, "hr/park": "", "pa": "26", "dt": "", "img": "https://www.mlbstatic.com/team-logos/121.svg", "team": "nym", "start": "", "in": "3", "result": "Lineout", "evo": "92.3", "la": "13", "dist": "278"}, {"player": "noah syndergaard", "game": "atl @ nym", "gameIdx": 0, "hr/park": "0/30", "pa": "25", "dt": "", "img": "https://www.mlbstatic.com/team-logos/121.svg", "team": "nym", "start": "", "in": "3", "result": "Flyout", "evo": "102.8", "la": "37", "dist": "369"}, {"player": "rene rivera", "game": "atl @ nym", "gameIdx": 0, "hr/park": "", "pa": "24", "dt": "", "img": "https://www.mlbstatic.com/team-logos/121.svg", "team": "nym", "start": "", "in": "3", "result": "Groundout", "evo": "76.9", "la": "-26", "dist": "4"}, {"player": "jace peterson", "game": "atl @ nym", "gameIdx": 0, "hr/park": "", "pa": "23", "dt": "", "img": "https://www.mlbstatic.com/team-logos/144.svg", "team": "atl", "start": "", "in": "3", "result": "Groundout", "evo": "88.8", "la": "-12", "dist": "14"}, {"player": "tyler flowers", "game": "atl @ nym", "gameIdx": 0, "hr/park": "", "pa": "22", "dt": "", "img": "https://www.mlbstatic.com/team-logos/144.svg", "team": "atl", "start": "", "in": "3", "result": "Strikeout", "evo": "", "la": "", "dist": ""}, {"player": "nick markakis", "game": "atl @ nym", "gameIdx": 0, "hr/park": "", "pa": "21", "dt": "", "img": "https://www.mlbstatic.com/team-logos/144.svg", "team": "atl", "start": "", "in": "3", "result": "Single", "evo": "90.3", "la": "15", "dist": "235"}, {"player": "matt kemp", "game": "atl @ nym", "gameIdx": 0, "hr/park": "", "pa": "20", "dt": "", "img": "https://www.mlbstatic.com/team-logos/144.svg", "team": "atl", "start": "", "in": "3", "result": "Strikeout", "evo": "", "la": "", "dist": ""}, {"player": "freddie freeman", "game": "atl @ nym", "gameIdx": 0, "hr/park": "30/30", "pa": "19", "dt": "", "img": "https://www.mlbstatic.com/team-logos/144.svg", "team": "atl", "start": "", "in": "3", "result": "Home Run", "evo": "105.6", "la": "27", "dist": "389"}, {"player": "james loney", "game": "atl @ nym", "gameIdx": 0, "hr/park": "", "pa": "18", "dt": "", "img": "https://www.mlbstatic.com/team-logos/121.svg", "team": "nym", "start": "", "in": "2", "result": "Groundout", "evo": "73.7", "la": "6", "dist": "78"}, {"player": "michael conforto", "game": "atl @ nym", "gameIdx": 0, "hr/park": "", "pa": "17", "dt": "", "img": "https://www.mlbstatic.com/team-logos/121.svg", "team": "nym", "start": "", "in": "2", "result": "Pop Out", "evo": "", "la": "", "dist": ""}, {"player": "tj rivera", "game": "atl @ nym", "gameIdx": 0, "hr/park": "", "pa": "16", "dt": "", "img": "https://www.mlbstatic.com/team-logos/121.svg", "team": "nym", "start": "", "in": "2", "result": "Flyout", "evo": "86.3", "la": "55", "dist": "223"}, {"player": "adonis garcia", "game": "atl @ nym", "gameIdx": 0, "hr/park": "", "pa": "15", "dt": "", "img": "https://www.mlbstatic.com/team-logos/144.svg", "team": "atl", "start": "", "in": "2", "result": "Flyout", "evo": "78.8", "la": "45", "dist": "249"}, {"player": "ender inciarte", "game": "atl @ nym", "gameIdx": 0, "hr/park": "", "pa": "14", "dt": "", "img": "https://www.mlbstatic.com/team-logos/144.svg", "team": "atl", "start": "", "in": "2", "result": "Single", "evo": "81.3", "la": "6", "dist": "93"}, {"player": "aaron blair", "game": "atl @ nym", "gameIdx": 0, "hr/park": "", "pa": "13", "dt": "", "img": "https://www.mlbstatic.com/team-logos/144.svg", "team": "atl", "start": "", "in": "2", "result": "Pop Out", "evo": "", "la": "", "dist": ""}, {"player": "dansby swanson", "game": "atl @ nym", "gameIdx": 0, "hr/park": "", "pa": "12", "dt": "", "img": "https://www.mlbstatic.com/team-logos/144.svg", "team": "atl", "start": "", "in": "2", "result": "Single", "evo": "98.6", "la": "2", "dist": "71"}, {"player": "jace peterson", "game": "atl @ nym", "gameIdx": 0, "hr/park": "", "pa": "11", "dt": "", "img": "https://www.mlbstatic.com/team-logos/144.svg", "team": "atl", "start": "", "in": "2", "result": "Walk", "evo": "", "la": "", "dist": ""}, {"player": "tyler flowers", "game": "atl @ nym", "gameIdx": 0, "hr/park": "", "pa": "10", "dt": "", "img": "https://www.mlbstatic.com/team-logos/144.svg", "team": "atl", "start": "", "in": "2", "result": "Walk", "evo": "", "la": "", "dist": ""}, {"player": "nick markakis", "game": "atl @ nym", "gameIdx": 0, "hr/park": "", "pa": "9", "dt": "", "img": "https://www.mlbstatic.com/team-logos/144.svg", "team": "atl", "start": "", "in": "2", "result": "Single", "evo": "93.6", "la": "-2", "dist": "33"}, {"player": "matt kemp", "game": "atl @ nym", "gameIdx": 0, "hr/park": "0/30", "pa": "8", "dt": "", "img": "https://www.mlbstatic.com/team-logos/144.svg", "team": "atl", "start": "", "in": "2", "result": "Flyout", "evo": "85.2", "la": "34", "dist": "307"}, {"player": "curtis granderson", "game": "atl @ nym", "gameIdx": 0, "hr/park": "0/30", "pa": "7", "dt": "", "img": "https://www.mlbstatic.com/team-logos/121.svg", "team": "nym", "start": "", "in": "1", "result": "Flyout", "evo": "84.5", "la": "28", "dist": "305"}, {"player": "yoenis cespedes", "game": "atl @ nym", "gameIdx": 0, "hr/park": "", "pa": "6", "dt": "", "img": "https://www.mlbstatic.com/team-logos/121.svg", "team": "nym", "start": "", "in": "1", "result": "Strikeout", "evo": "", "la": "", "dist": ""}, {"player": "asdrubal cabrera", "game": "atl @ nym", "gameIdx": 0, "hr/park": "", "pa": "5", "dt": "", "img": "https://www.mlbstatic.com/team-logos/121.svg", "team": "nym", "start": "", "in": "1", "result": "Walk", "evo": "", "la": "", "dist": ""}, {"player": "jose reyes", "game": "atl @ nym", "gameIdx": 0, "hr/park": "", "pa": "4", "dt": "", "img": "https://www.mlbstatic.com/team-logos/121.svg", "team": "nym", "start": "", "in": "1", "result": "Strikeout", "evo": "", "la": "", "dist": ""}, {"player": "freddie freeman", "game": "atl @ nym", "gameIdx": 0, "hr/park": "", "pa": "3", "dt": "", "img": "https://www.mlbstatic.com/team-logos/144.svg", "team": "atl", "start": "", "in": "1", "result": "Groundout", "evo": "92.9", "la": "-16", "dist": "7"}, {"player": "adonis garcia", "game": "atl @ nym", "gameIdx": 0, "hr/park": "", "pa": "2", "dt": "", "img": "https://www.mlbstatic.com/team-logos/144.svg", "team": "atl", "start": "", "in": "1", "result": "Strikeout", "evo": "", "la": "", "dist": ""}, {"player": "ender inciarte", "game": "atl @ nym", "gameIdx": 0, "hr/park": "", "pa": "1", "dt": "", "img": "https://www.mlbstatic.com/team-logos/144.svg", "team": "atl", "start": "", "in": "1", "result": "Strikeout", "evo": "", "la": "", "dist": ""}], "wsh @ mia": [], "cin @ chc": [{"player": "tucker barnhart", "game": "cin @ chc", "gameIdx": 0, "hr/park": "", "pa": "69", "dt": "", "img": "https://www.mlbstatic.com/team-logos/113.svg", "team": "cin", "start": "", "in": "9", "result": "Strikeout", "evo": "", "la": "", "dist": ""}, {"player": "tony renda", "game": "cin @ chc", "gameIdx": 0, "hr/park": "", "pa": "68", "dt": "", "img": "https://www.mlbstatic.com/team-logos/113.svg", "team": "cin", "start": "", "in": "9", "result": "Strikeout", "evo": "", "la": "", "dist": ""}, {"player": "scott schebler", "game": "cin @ chc", "gameIdx": 0, "hr/park": "", "pa": "67", "dt": "", "img": "https://www.mlbstatic.com/team-logos/113.svg", "team": "cin", "start": "", "in": "9", "result": "Walk", "evo": "", "la": "", "dist": ""}, {"player": "brandon phillips", "game": "cin @ chc", "gameIdx": 0, "hr/park": "", "pa": "66", "dt": "", "img": "https://www.mlbstatic.com/team-logos/113.svg", "team": "cin", "start": "", "in": "9", "result": "Groundout", "evo": "", "la": "", "dist": ""}, {"player": "willson contreras", "game": "cin @ chc", "gameIdx": 0, "hr/park": "0/30", "pa": "65", "dt": "", "img": "https://www.mlbstatic.com/team-logos/112.svg", "team": "chc", "start": "", "in": "8", "result": "Flyout", "evo": "92.3", "la": "35", "dist": "320"}, {"player": "jason heyward", "game": "cin @ chc", "gameIdx": 0, "hr/park": "22/30", "pa": "64", "dt": "", "img": "https://www.mlbstatic.com/team-logos/112.svg", "team": "chc", "start": "", "in": "8", "result": "Home Run", "evo": "102.9", "la": "24", "dist": "409"}, {"player": "addison russell", "game": "cin @ chc", "gameIdx": 0, "hr/park": "", "pa": "63", "dt": "", "img": "https://www.mlbstatic.com/team-logos/112.svg", "team": "chc", "start": "", "in": "8", "result": "Double", "evo": "89.5", "la": "12", "dist": "178"}, {"player": "ben zobrist", "game": "cin @ chc", "gameIdx": 0, "hr/park": "0/30", "pa": "62", "dt": "", "img": "https://www.mlbstatic.com/team-logos/112.svg", "team": "chc", "start": "", "in": "8", "result": "Flyout", "evo": "96.2", "la": "36", "dist": "370"}, {"player": "anthony rizzo", "game": "cin @ chc", "gameIdx": 0, "hr/park": "", "pa": "61", "dt": "", "img": "https://www.mlbstatic.com/team-logos/112.svg", "team": "chc", "start": "", "in": "8", "result": "Strikeout", "evo": "", "la": "", "dist": ""}, {"player": "adam duvall", "game": "cin @ chc", "gameIdx": 0, "hr/park": "", "pa": "60", "dt": "", "img": "https://www.mlbstatic.com/team-logos/113.svg", "team": "cin", "start": "", "in": "8", "result": "Pop Out", "evo": "", "la": "", "dist": ""}, {"player": "joey votto", "game": "cin @ chc", "gameIdx": 0, "hr/park": "", "pa": "59", "dt": "", "img": "https://www.mlbstatic.com/team-logos/113.svg", "team": "cin", "start": "", "in": "8", "result": "Single", "evo": "92.0", "la": "13", "dist": "223"}, {"player": "hernan iribarren", "game": "cin @ chc", "gameIdx": 0, "hr/park": "", "pa": "58", "dt": "", "img": "https://www.mlbstatic.com/team-logos/113.svg", "team": "cin", "start": "", "in": "8", "result": "Strikeout", "evo": "", "la": "", "dist": ""}, {"player": "jose peraza", "game": "cin @ chc", "gameIdx": 0, "hr/park": "", "pa": "57", "dt": "", "img": "https://www.mlbstatic.com/team-logos/113.svg", "team": "cin", "start": "", "in": "8", "result": "Single", "evo": "75.6", "la": "27", "dist": "258"}, {"player": "ivan de jesus", "game": "cin @ chc", "gameIdx": 0, "hr/park": "", "pa": "56", "dt": "", "img": "https://www.mlbstatic.com/team-logos/113.svg", "team": "cin", "start": "", "in": "8", "result": "Groundout", "evo": "98.4", "la": "-19", "dist": "7"}, {"player": "kris bryant", "game": "cin @ chc", "gameIdx": 0, "hr/park": "0/30", "pa": "55", "dt": "", "img": "https://www.mlbstatic.com/team-logos/112.svg", "team": "chc", "start": "", "in": "7", "result": "Flyout", "evo": "101.5", "la": "49", "dist": "312"}, {"player": "dexter fowler", "game": "cin @ chc", "gameIdx": 0, "hr/park": "", "pa": "54", "dt": "", "img": "https://www.mlbstatic.com/team-logos/112.svg", "team": "chc", "start": "", "in": "7", "result": "Single", "evo": "85.9", "la": "13", "dist": "202"}, {"player": "tommy la stella", "game": "cin @ chc", "gameIdx": 0, "hr/park": "", "pa": "53", "dt": "", "img": "https://www.mlbstatic.com/team-logos/112.svg", "team": "chc", "start": "", "in": "7", "result": "Pop Out", "evo": "88.4", "la": "70", "dist": "122"}, {"player": "chris coghlan", "game": "cin @ chc", "gameIdx": 0, "hr/park": "27/30", "pa": "52", "dt": "", "img": "https://www.mlbstatic.com/team-logos/112.svg", "team": "chc", "start": "", "in": "7", "result": "Double", "evo": "103.5", "la": "23", "dist": "355"}, {"player": "willson contreras", "game": "cin @ chc", "gameIdx": 0, "hr/park": "30/30", "pa": "51", "dt": "", "img": "https://www.mlbstatic.com/team-logos/112.svg", "team": "chc", "start": "", "in": "7", "result": "Home Run", "evo": "109.4", "la": "31", "dist": "461"}, {"player": "jason heyward", "game": "cin @ chc", "gameIdx": 0, "hr/park": "0/30", "pa": "50", "dt": "", "img": "https://www.mlbstatic.com/team-logos/112.svg", "team": "chc", "start": "", "in": "7", "result": "Lineout", "evo": "95.6", "la": "14", "dist": "302"}, {"player": "addison russell", "game": "cin @ chc", "gameIdx": 0, "hr/park": "30/30", "pa": "49", "dt": "", "img": "https://www.mlbstatic.com/team-logos/112.svg", "team": "chc", "start": "", "in": "7", "result": "Home Run", "evo": "100.3", "la": "32", "dist": "401"}, {"player": "tucker barnhart", "game": "cin @ chc", "gameIdx": 0, "hr/park": "0/30", "pa": "48", "dt": "", "img": "https://www.mlbstatic.com/team-logos/113.svg", "team": "cin", "start": "", "in": "7", "result": "Flyout", "evo": "87.9", "la": "41", "dist": "318"}, {"player": "eugenio suarez", "game": "cin @ chc", "gameIdx": 0, "hr/park": "", "pa": "47", "dt": "", "img": "https://www.mlbstatic.com/team-logos/113.svg", "team": "cin", "start": "", "in": "7", "result": "Strikeout", "evo": "", "la": "", "dist": ""}, {"player": "scott schebler", "game": "cin @ chc", "gameIdx": 0, "hr/park": "", "pa": "46", "dt": "", "img": "https://www.mlbstatic.com/team-logos/113.svg", "team": "cin", "start": "", "in": "7", "result": "Groundout", "evo": "", "la": "", "dist": ""}, {"player": "ben zobrist", "game": "cin @ chc", "gameIdx": 0, "hr/park": "0/30", "pa": "45", "dt": "", "img": "https://www.mlbstatic.com/team-logos/112.svg", "team": "chc", "start": "", "in": "6", "result": "Flyout", "evo": "92.8", "la": "46", "dist": "309"}, {"player": "anthony rizzo", "game": "cin @ chc", "gameIdx": 0, "hr/park": "29/30", "pa": "44", "dt": "", "img": "https://www.mlbstatic.com/team-logos/112.svg", "team": "chc", "start": "", "in": "6", "result": "Double", "evo": "100.4", "la": "38", "dist": "358"}, {"player": "kris bryant", "game": "cin @ chc", "gameIdx": 0, "hr/park": "0/30", "pa": "43", "dt": "", "img": "https://www.mlbstatic.com/team-logos/112.svg", "team": "chc", "start": "", "in": "6", "result": "Flyout", "evo": "83.5", "la": "30", "dist": "308"}, {"player": "dexter fowler", "game": "cin @ chc", "gameIdx": 0, "hr/park": "0/30", "pa": "42", "dt": "", "img": "https://www.mlbstatic.com/team-logos/112.svg", "team": "chc", "start": "", "in": "6", "result": "Flyout", "evo": "93.5", "la": "22", "dist": "344"}, {"player": "brandon phillips", "game": "cin @ chc", "gameIdx": 0, "hr/park": "0/30", "pa": "41", "dt": "", "img": "https://www.mlbstatic.com/team-logos/113.svg", "team": "cin", "start": "", "in": "6", "result": "Flyout", "evo": "90.3", "la": "41", "dist": "329"}, {"player": "adam duvall", "game": "cin @ chc", "gameIdx": 0, "hr/park": "0/30", "pa": "40", "dt": "", "img": "https://www.mlbstatic.com/team-logos/113.svg", "team": "cin", "start": "", "in": "6", "result": "Lineout", "evo": "108.5", "la": "17", "dist": "320"}, {"player": "joey votto", "game": "cin @ chc", "gameIdx": 0, "hr/park": "", "pa": "39", "dt": "", "img": "https://www.mlbstatic.com/team-logos/113.svg", "team": "cin", "start": "", "in": "6", "result": "Single", "evo": "72.0", "la": "51", "dist": "212"}, {"player": "hernan iribarren", "game": "cin @ chc", "gameIdx": 0, "hr/park": "", "pa": "38", "dt": "", "img": "https://www.mlbstatic.com/team-logos/113.svg", "team": "cin", "start": "", "in": "6", "result": "Triple", "evo": "98.9", "la": "15", "dist": "263"}, {"player": "jose peraza", "game": "cin @ chc", "gameIdx": 0, "hr/park": "", "pa": "37", "dt": "", "img": "https://www.mlbstatic.com/team-logos/113.svg", "team": "cin", "start": "", "in": "6", "result": "Groundout", "evo": "", "la": "", "dist": ""}, {"player": "jason hammel", "game": "cin @ chc", "gameIdx": 0, "hr/park": "", "pa": "36", "dt": "", "img": "https://www.mlbstatic.com/team-logos/112.svg", "team": "chc", "start": "", "in": "5", "result": "Flyout", "evo": "78.8", "la": "37", "dist": "289"}, {"player": "chris coghlan", "game": "cin @ chc", "gameIdx": 0, "hr/park": "", "pa": "35", "dt": "", "img": "https://www.mlbstatic.com/team-logos/112.svg", "team": "chc", "start": "", "in": "5", "result": "Lineout", "evo": "66.8", "la": "13", "dist": "135"}, {"player": "willson contreras", "game": "cin @ chc", "gameIdx": 0, "hr/park": "", "pa": "34", "dt": "", "img": "https://www.mlbstatic.com/team-logos/112.svg", "team": "chc", "start": "", "in": "5", "result": "Hit By Pitch", "evo": "", "la": "", "dist": ""}, {"player": "jason heyward", "game": "cin @ chc", "gameIdx": 0, "hr/park": "", "pa": "33", "dt": "", "img": "https://www.mlbstatic.com/team-logos/112.svg", "team": "chc", "start": "", "in": "5", "result": "Groundout", "evo": "", "la": "", "dist": ""}, {"player": "tim adleman", "game": "cin @ chc", "gameIdx": 0, "hr/park": "", "pa": "32", "dt": "", "img": "https://www.mlbstatic.com/team-logos/113.svg", "team": "cin", "start": "", "in": "5", "result": "Strikeout", "evo": "", "la": "", "dist": ""}, {"player": "tucker barnhart", "game": "cin @ chc", "gameIdx": 0, "hr/park": "", "pa": "31", "dt": "", "img": "https://www.mlbstatic.com/team-logos/113.svg", "team": "cin", "start": "", "in": "5", "result": "Strikeout", "evo": "", "la": "", "dist": ""}, {"player": "eugenio suarez", "game": "cin @ chc", "gameIdx": 0, "hr/park": "", "pa": "30", "dt": "", "img": "https://www.mlbstatic.com/team-logos/113.svg", "team": "cin", "start": "", "in": "5", "result": "Groundout", "evo": "52.4", "la": "4", "dist": "44"}, {"player": "addison russell", "game": "cin @ chc", "gameIdx": 0, "hr/park": "", "pa": "29", "dt": "", "img": "https://www.mlbstatic.com/team-logos/112.svg", "team": "chc", "start": "", "in": "4", "result": "Forceout", "evo": "101.5", "la": "-2", "dist": "42"}, {"player": "ben zobrist", "game": "cin @ chc", "gameIdx": 0, "hr/park": "", "pa": "28", "dt": "", "img": "https://www.mlbstatic.com/team-logos/112.svg", "team": "chc", "start": "", "in": "4", "result": "Lineout", "evo": "101.5", "la": "9", "dist": "159"}, {"player": "anthony rizzo", "game": "cin @ chc", "gameIdx": 0, "hr/park": "", "pa": "27", "dt": "", "img": "https://www.mlbstatic.com/team-logos/112.svg", "team": "chc", "start": "", "in": "4", "result": "Single", "evo": "111.2", "la": "12", "dist": "218"}, {"player": "kris bryant", "game": "cin @ chc", "gameIdx": 0, "hr/park": "", "pa": "26", "dt": "", "img": "https://www.mlbstatic.com/team-logos/112.svg", "team": "chc", "start": "", "in": "4", "result": "Strikeout", "evo": "", "la": "", "dist": ""}, {"player": "scott schebler", "game": "cin @ chc", "gameIdx": 0, "hr/park": "", "pa": "25", "dt": "", "img": "https://www.mlbstatic.com/team-logos/113.svg", "team": "cin", "start": "", "in": "4", "result": "Strikeout", "evo": "", "la": "", "dist": ""}, {"player": "brandon phillips", "game": "cin @ chc", "gameIdx": 0, "hr/park": "", "pa": "24", "dt": "", "img": "https://www.mlbstatic.com/team-logos/113.svg", "team": "cin", "start": "", "in": "4", "result": "Field Error", "evo": "", "la": "", "dist": ""}, {"player": "adam duvall", "game": "cin @ chc", "gameIdx": 0, "hr/park": "", "pa": "23", "dt": "", "img": "https://www.mlbstatic.com/team-logos/113.svg", "team": "cin", "start": "", "in": "4", "result": "Lineout", "evo": "100.4", "la": "9", "dist": "147"}, {"player": "joey votto", "game": "cin @ chc", "gameIdx": 0, "hr/park": "", "pa": "22", "dt": "", "img": "https://www.mlbstatic.com/team-logos/113.svg", "team": "cin", "start": "", "in": "4", "result": "Groundout", "evo": "", "la": "", "dist": ""}, {"player": "dexter fowler", "game": "cin @ chc", "gameIdx": 0, "hr/park": "", "pa": "21", "dt": "", "img": "https://www.mlbstatic.com/team-logos/112.svg", "team": "chc", "start": "", "in": "3", "result": "Strikeout", "evo": "", "la": "", "dist": ""}, {"player": "jason hammel", "game": "cin @ chc", "gameIdx": 0, "hr/park": "", "pa": "20", "dt": "", "img": "https://www.mlbstatic.com/team-logos/112.svg", "team": "chc", "start": "", "in": "3", "result": "Strikeout", "evo": "", "la": "", "dist": ""}, {"player": "chris coghlan", "game": "cin @ chc", "gameIdx": 0, "hr/park": "0/30", "pa": "19", "dt": "", "img": "https://www.mlbstatic.com/team-logos/112.svg", "team": "chc", "start": "", "in": "3", "result": "Flyout", "evo": "86.6", "la": "25", "dist": "335"}, {"player": "hernan iribarren", "game": "cin @ chc", "gameIdx": 0, "hr/park": "", "pa": "18", "dt": "", "img": "https://www.mlbstatic.com/team-logos/113.svg", "team": "cin", "start": "", "in": "3", "result": "Strikeout", "evo": "", "la": "", "dist": ""}, {"player": "jose peraza", "game": "cin @ chc", "gameIdx": 0, "hr/park": "", "pa": "17", "dt": "", "img": "https://www.mlbstatic.com/team-logos/113.svg", "team": "cin", "start": "", "in": "3", "result": "Single", "evo": "76.1", "la": "25", "dist": "266"}, {"player": "tim adleman", "game": "cin @ chc", "gameIdx": 0, "hr/park": "0/30", "pa": "16", "dt": "", "img": "https://www.mlbstatic.com/team-logos/113.svg", "team": "cin", "start": "", "in": "3", "result": "Flyout", "evo": "87.2", "la": "44", "dist": "301"}, {"player": "willson contreras", "game": "cin @ chc", "gameIdx": 0, "hr/park": "", "pa": "15", "dt": "", "img": "https://www.mlbstatic.com/team-logos/112.svg", "team": "chc", "start": "", "in": "2", "result": "Groundout", "evo": "91.5", "la": "-18", "dist": "7"}, {"player": "jason heyward", "game": "cin @ chc", "gameIdx": 0, "hr/park": "", "pa": "14", "dt": "", "img": "https://www.mlbstatic.com/team-logos/112.svg", "team": "chc", "start": "", "in": "2", "result": "Strikeout", "evo": "", "la": "", "dist": ""}, {"player": "addison russell", "game": "cin @ chc", "gameIdx": 0, "hr/park": "", "pa": "13", "dt": "", "img": "https://www.mlbstatic.com/team-logos/112.svg", "team": "chc", "start": "", "in": "2", "result": "Pop Out", "evo": "", "la": "", "dist": ""}, {"player": "ben zobrist", "game": "cin @ chc", "gameIdx": 0, "hr/park": "", "pa": "12", "dt": "", "img": "https://www.mlbstatic.com/team-logos/112.svg", "team": "chc", "start": "", "in": "2", "result": "Single", "evo": "84.4", "la": "13", "dist": "170"}, {"player": "tucker barnhart", "game": "cin @ chc", "gameIdx": 0, "hr/park": "", "pa": "11", "dt": "", "img": "https://www.mlbstatic.com/team-logos/113.svg", "team": "cin", "start": "", "in": "2", "result": "Groundout", "evo": "", "la": "", "dist": ""}, {"player": "eugenio suarez", "game": "cin @ chc", "gameIdx": 0, "hr/park": "", "pa": "10", "dt": "", "img": "https://www.mlbstatic.com/team-logos/113.svg", "team": "cin", "start": "", "in": "2", "result": "Groundout", "evo": "85.2", "la": "-2", "dist": "35"}, {"player": "scott schebler", "game": "cin @ chc", "gameIdx": 0, "hr/park": "", "pa": "9", "dt": "", "img": "https://www.mlbstatic.com/team-logos/113.svg", "team": "cin", "start": "", "in": "2", "result": "Groundout", "evo": "102.0", "la": "2", "dist": "67"}, {"player": "brandon phillips", "game": "cin @ chc", "gameIdx": 0, "hr/park": "28/30", "pa": "8", "dt": "", "img": "https://www.mlbstatic.com/team-logos/113.svg", "team": "cin", "start": "", "in": "2", "result": "Home Run", "evo": "104.2", "la": "22", "dist": "415"}, {"player": "anthony rizzo", "game": "cin @ chc", "gameIdx": 0, "hr/park": "", "pa": "7", "dt": "", "img": "https://www.mlbstatic.com/team-logos/112.svg", "team": "chc", "start": "", "in": "1", "result": "Groundout", "evo": "52.1", "la": "-78", "dist": "3"}, {"player": "kris bryant", "game": "cin @ chc", "gameIdx": 0, "hr/park": "", "pa": "6", "dt": "", "img": "https://www.mlbstatic.com/team-logos/112.svg", "team": "chc", "start": "", "in": "1", "result": "Strikeout", "evo": "", "la": "", "dist": ""}, {"player": "dexter fowler", "game": "cin @ chc", "gameIdx": 0, "hr/park": "", "pa": "5", "dt": "", "img": "https://www.mlbstatic.com/team-logos/112.svg", "team": "chc", "start": "", "in": "1", "result": "Groundout", "evo": "", "la": "", "dist": ""}, {"player": "adam duvall", "game": "cin @ chc", "gameIdx": 0, "hr/park": "", "pa": "4", "dt": "", "img": "https://www.mlbstatic.com/team-logos/113.svg", "team": "cin", "start": "", "in": "1", "result": "Strikeout", "evo": "", "la": "", "dist": ""}, {"player": "joey votto", "game": "cin @ chc", "gameIdx": 0, "hr/park": "", "pa": "3", "dt": "", "img": "https://www.mlbstatic.com/team-logos/113.svg", "team": "cin", "start": "", "in": "1", "result": "Walk", "evo": "", "la": "", "dist": ""}, {"player": "hernan iribarren", "game": "cin @ chc", "gameIdx": 0, "hr/park": "", "pa": "2", "dt": "", "img": "https://www.mlbstatic.com/team-logos/113.svg", "team": "cin", "start": "", "in": "1", "result": "Groundout", "evo": "93.1", "la": "-2", "dist": "30"}, {"player": "jose peraza", "game": "cin @ chc", "gameIdx": 0, "hr/park": "", "pa": "1", "dt": "", "img": "https://www.mlbstatic.com/team-logos/113.svg", "team": "cin", "start": "", "in": "1", "result": "Flyout", "evo": "93.8", "la": "61", "dist": "207"}], "laa @ tex": [{"player": "ian desmond", "game": "laa @ tex", "gameIdx": 0, "hr/park": "", "pa": "72", "dt": "", "img": "https://www.mlbstatic.com/team-logos/140.svg", "team": "tex", "start": "", "in": "9", "result": "Single", "evo": "82.0", "la": "17", "dist": "226"}, {"player": "carlos gomez", "game": "laa @ tex", "gameIdx": 0, "hr/park": "", "pa": "71", "dt": "", "img": "https://www.mlbstatic.com/team-logos/140.svg", "team": "tex", "start": "", "in": "9", "result": "Single", "evo": "", "la": "", "dist": ""}, {"player": "elvis andrus", "game": "laa @ tex", "gameIdx": 0, "hr/park": "", "pa": "70", "dt": "", "img": "https://www.mlbstatic.com/team-logos/140.svg", "team": "tex", "start": "", "in": "9", "result": "Single", "evo": "94.7", "la": "1", "dist": "52"}, {"player": "gregorio petit", "game": "laa @ tex", "gameIdx": 0, "hr/park": "", "pa": "69", "dt": "", "img": "https://www.mlbstatic.com/team-logos/108.svg", "team": "laa", "start": "", "in": "9", "result": "Groundout", "evo": "", "la": "", "dist": ""}, {"player": "andrelton simmons", "game": "laa @ tex", "gameIdx": 0, "hr/park": "", "pa": "68", "dt": "", "img": "https://www.mlbstatic.com/team-logos/108.svg", "team": "laa", "start": "", "in": "9", "result": "Single", "evo": "105.3", "la": "-6", "dist": "25"}, {"player": "rafael ortega", "game": "laa @ tex", "gameIdx": 0, "hr/park": "0/30", "pa": "67", "dt": "", "img": "https://www.mlbstatic.com/team-logos/108.svg", "team": "laa", "start": "", "in": "9", "result": "Lineout", "evo": "95.3", "la": "24", "dist": "372"}, {"player": "cj cron", "game": "laa @ tex", "gameIdx": 0, "hr/park": "", "pa": "66", "dt": "", "img": "https://www.mlbstatic.com/team-logos/108.svg", "team": "laa", "start": "", "in": "9", "result": "Groundout", "evo": "87.3", "la": "-8", "dist": "16"}, {"player": "jared hoying", "game": "laa @ tex", "gameIdx": 0, "hr/park": "", "pa": "65", "dt": "", "img": "https://www.mlbstatic.com/team-logos/140.svg", "team": "tex", "start": "", "in": "8", "result": "Pop Out", "evo": "75.0", "la": "58", "dist": "183"}, {"player": "ryan rua", "game": "laa @ tex", "gameIdx": 0, "hr/park": "", "pa": "64", "dt": "", "img": "https://www.mlbstatic.com/team-logos/140.svg", "team": "tex", "start": "", "in": "8", "result": "Lineout", "evo": "110.9", "la": "7", "dist": "170"}, {"player": "jonathan lucroy", "game": "laa @ tex", "gameIdx": 0, "hr/park": "", "pa": "63", "dt": "", "img": "https://www.mlbstatic.com/team-logos/140.svg", "team": "tex", "start": "", "in": "8", "result": "Intent Walk", "evo": "", "la": "", "dist": ""}, {"player": "rougned odor", "game": "laa @ tex", "gameIdx": 0, "hr/park": "", "pa": "62", "dt": "", "img": "https://www.mlbstatic.com/team-logos/140.svg", "team": "tex", "start": "", "in": "8", "result": "Double", "evo": "96.6", "la": "-5", "dist": "25"}, {"player": "adrian beltre", "game": "laa @ tex", "gameIdx": 0, "hr/park": "0/30", "pa": "61", "dt": "", "img": "https://www.mlbstatic.com/team-logos/140.svg", "team": "tex", "start": "", "in": "8", "result": "Single", "evo": "103.9", "la": "14", "dist": "336"}, {"player": "carlos beltran", "game": "laa @ tex", "gameIdx": 0, "hr/park": "", "pa": "60", "dt": "", "img": "https://www.mlbstatic.com/team-logos/140.svg", "team": "tex", "start": "", "in": "8", "result": "Groundout", "evo": "109.6", "la": "-10", "dist": "18"}, {"player": "albert pujols", "game": "laa @ tex", "gameIdx": 0, "hr/park": "", "pa": "59", "dt": "", "img": "https://www.mlbstatic.com/team-logos/108.svg", "team": "laa", "start": "", "in": "8", "result": "Groundout", "evo": "82.7", "la": "-12", "dist": "12"}, {"player": "mike trout", "game": "laa @ tex", "gameIdx": 0, "hr/park": "", "pa": "58", "dt": "", "img": "https://www.mlbstatic.com/team-logos/108.svg", "team": "laa", "start": "", "in": "8", "result": "Groundout", "evo": "", "la": "", "dist": ""}, {"player": "yunel escobar", "game": "laa @ tex", "gameIdx": 0, "hr/park": "", "pa": "57", "dt": "", "img": "https://www.mlbstatic.com/team-logos/108.svg", "team": "laa", "start": "", "in": "8", "result": "Groundout", "evo": "", "la": "", "dist": ""}, {"player": "ian desmond", "game": "laa @ tex", "gameIdx": 0, "hr/park": "0/30", "pa": "56", "dt": "", "img": "https://www.mlbstatic.com/team-logos/140.svg", "team": "tex", "start": "", "in": "7", "result": "Flyout", "evo": "93.7", "la": "33", "dist": "347"}, {"player": "carlos gomez", "game": "laa @ tex", "gameIdx": 0, "hr/park": "", "pa": "55", "dt": "", "img": "https://www.mlbstatic.com/team-logos/140.svg", "team": "tex", "start": "", "in": "7", "result": "Walk", "evo": "", "la": "", "dist": ""}, {"player": "elvis andrus", "game": "laa @ tex", "gameIdx": 0, "hr/park": "9/30", "pa": "54", "dt": "", "img": "https://www.mlbstatic.com/team-logos/140.svg", "team": "tex", "start": "", "in": "7", "result": "Home Run", "evo": "101.2", "la": "26", "dist": "408"}, {"player": "nomar mazara", "game": "laa @ tex", "gameIdx": 0, "hr/park": "", "pa": "53", "dt": "", "img": "https://www.mlbstatic.com/team-logos/140.svg", "team": "tex", "start": "", "in": "7", "result": "Groundout", "evo": "74.2", "la": "11", "dist": "109"}, {"player": "jurickson profar", "game": "laa @ tex", "gameIdx": 0, "hr/park": "", "pa": "52", "dt": "", "img": "https://www.mlbstatic.com/team-logos/140.svg", "team": "tex", "start": "", "in": "7", "result": "Strikeout", "evo": "", "la": "", "dist": ""}, {"player": "shane robinson", "game": "laa @ tex", "gameIdx": 0, "hr/park": "0/30", "pa": "51", "dt": "", "img": "https://www.mlbstatic.com/team-logos/108.svg", "team": "laa", "start": "", "in": "7", "result": "Lineout", "evo": "99.9", "la": "19", "dist": "361"}, {"player": "carlos perez", "game": "laa @ tex", "gameIdx": 0, "hr/park": "", "pa": "50", "dt": "", "img": "https://www.mlbstatic.com/team-logos/108.svg", "team": "laa", "start": "", "in": "7", "result": "Double", "evo": "76.7", "la": "20", "dist": "219"}, {"player": "gregorio petit", "game": "laa @ tex", "gameIdx": 0, "hr/park": "0/30", "pa": "49", "dt": "", "img": "https://www.mlbstatic.com/team-logos/108.svg", "team": "laa", "start": "", "in": "7", "result": "Flyout", "evo": "91.0", "la": "36", "dist": "328"}, {"player": "andrelton simmons", "game": "laa @ tex", "gameIdx": 0, "hr/park": "", "pa": "48", "dt": "", "img": "https://www.mlbstatic.com/team-logos/108.svg", "team": "laa", "start": "", "in": "7", "result": "Groundout", "evo": "56.1", "la": "-5", "dist": "20"}, {"player": "jefry marte", "game": "laa @ tex", "gameIdx": 0, "hr/park": "", "pa": "47", "dt": "", "img": "https://www.mlbstatic.com/team-logos/108.svg", "team": "laa", "start": "", "in": "7", "result": "Hit By Pitch", "evo": "", "la": "", "dist": ""}, {"player": "jonathan lucroy", "game": "laa @ tex", "gameIdx": 0, "hr/park": "", "pa": "46", "dt": "", "img": "https://www.mlbstatic.com/team-logos/140.svg", "team": "tex", "start": "", "in": "6", "result": "Strikeout Double Play", "evo": "", "la": "", "dist": ""}, {"player": "rougned odor", "game": "laa @ tex", "gameIdx": 0, "hr/park": "", "pa": "45", "dt": "", "img": "https://www.mlbstatic.com/team-logos/140.svg", "team": "tex", "start": "", "in": "6", "result": "Walk", "evo": "", "la": "", "dist": ""}, {"player": "adrian beltre", "game": "laa @ tex", "gameIdx": 0, "hr/park": "", "pa": "44", "dt": "", "img": "https://www.mlbstatic.com/team-logos/140.svg", "team": "tex", "start": "", "in": "6", "result": "Strikeout", "evo": "", "la": "", "dist": ""}, {"player": "cj cron", "game": "laa @ tex", "gameIdx": 0, "hr/park": "", "pa": "43", "dt": "", "img": "https://www.mlbstatic.com/team-logos/108.svg", "team": "laa", "start": "", "in": "6", "result": "Groundout", "evo": "76.8", "la": "-3", "dist": "12"}, {"player": "albert pujols", "game": "laa @ tex", "gameIdx": 0, "hr/park": "", "pa": "42", "dt": "", "img": "https://www.mlbstatic.com/team-logos/108.svg", "team": "laa", "start": "", "in": "6", "result": "Flyout", "evo": "77.6", "la": "48", "dist": "234"}, {"player": "mike trout", "game": "laa @ tex", "gameIdx": 0, "hr/park": "", "pa": "41", "dt": "", "img": "https://www.mlbstatic.com/team-logos/108.svg", "team": "laa", "start": "", "in": "6", "result": "Triple", "evo": "102.5", "la": "-3", "dist": "32"}, {"player": "yunel escobar", "game": "laa @ tex", "gameIdx": 0, "hr/park": "", "pa": "40", "dt": "", "img": "https://www.mlbstatic.com/team-logos/108.svg", "team": "laa", "start": "", "in": "6", "result": "Double", "evo": "105.6", "la": "8", "dist": "247"}, {"player": "shane robinson", "game": "laa @ tex", "gameIdx": 0, "hr/park": "", "pa": "39", "dt": "", "img": "https://www.mlbstatic.com/team-logos/108.svg", "team": "laa", "start": "", "in": "6", "result": "Groundout", "evo": "99.4", "la": "-7", "dist": "16"}, {"player": "carlos beltran", "game": "laa @ tex", "gameIdx": 0, "hr/park": "", "pa": "38", "dt": "", "img": "https://www.mlbstatic.com/team-logos/140.svg", "team": "tex", "start": "", "in": "5", "result": "Strikeout", "evo": "", "la": "", "dist": ""}, {"player": "ian desmond", "game": "laa @ tex", "gameIdx": 0, "hr/park": "0/30", "pa": "37", "dt": "", "img": "https://www.mlbstatic.com/team-logos/140.svg", "team": "tex", "start": "", "in": "5", "result": "Flyout", "evo": "102.2", "la": "40", "dist": "369"}, {"player": "carlos gomez", "game": "laa @ tex", "gameIdx": 0, "hr/park": "", "pa": "36", "dt": "", "img": "https://www.mlbstatic.com/team-logos/140.svg", "team": "tex", "start": "", "in": "5", "result": "Single", "evo": "68.2", "la": "25", "dist": "211"}, {"player": "elvis andrus", "game": "laa @ tex", "gameIdx": 0, "hr/park": "", "pa": "35", "dt": "", "img": "https://www.mlbstatic.com/team-logos/140.svg", "team": "tex", "start": "", "in": "5", "result": "Lineout", "evo": "95.8", "la": "15", "dist": "295"}, {"player": "nomar mazara", "game": "laa @ tex", "gameIdx": 0, "hr/park": "23/30", "pa": "34", "dt": "", "img": "https://www.mlbstatic.com/team-logos/140.svg", "team": "tex", "start": "", "in": "5", "result": "Home Run", "evo": "102.7", "la": "27", "dist": "396"}, {"player": "carlos perez", "game": "laa @ tex", "gameIdx": 0, "hr/park": "0/30", "pa": "33", "dt": "", "img": "https://www.mlbstatic.com/team-logos/108.svg", "team": "laa", "start": "", "in": "5", "result": "Flyout", "evo": "96.5", "la": "32", "dist": "375"}, {"player": "gregorio petit", "game": "laa @ tex", "gameIdx": 0, "hr/park": "", "pa": "32", "dt": "", "img": "https://www.mlbstatic.com/team-logos/108.svg", "team": "laa", "start": "", "in": "5", "result": "Groundout", "evo": "83.5", "la": "-13", "dist": "7"}, {"player": "andrelton simmons", "game": "laa @ tex", "gameIdx": 0, "hr/park": "", "pa": "31", "dt": "", "img": "https://www.mlbstatic.com/team-logos/108.svg", "team": "laa", "start": "", "in": "5", "result": "Groundout", "evo": "72.5", "la": "-33", "dist": "6"}, {"player": "mitch moreland", "game": "laa @ tex", "gameIdx": 0, "hr/park": "", "pa": "30", "dt": "", "img": "https://www.mlbstatic.com/team-logos/140.svg", "team": "tex", "start": "", "in": "4", "result": "Strikeout", "evo": "", "la": "", "dist": ""}, {"player": "jonathan lucroy", "game": "laa @ tex", "gameIdx": 0, "hr/park": "", "pa": "29", "dt": "", "img": "https://www.mlbstatic.com/team-logos/140.svg", "team": "tex", "start": "", "in": "4", "result": "Lineout", "evo": "104.3", "la": "1", "dist": "69"}, {"player": "rougned odor", "game": "laa @ tex", "gameIdx": 0, "hr/park": "", "pa": "28", "dt": "", "img": "https://www.mlbstatic.com/team-logos/140.svg", "team": "tex", "start": "", "in": "4", "result": "Flyout", "evo": "88.9", "la": "54", "dist": "241"}, {"player": "adrian beltre", "game": "laa @ tex", "gameIdx": 0, "hr/park": "", "pa": "27", "dt": "", "img": "https://www.mlbstatic.com/team-logos/140.svg", "team": "tex", "start": "", "in": "4", "result": "Single", "evo": "69.2", "la": "27", "dist": "221"}, {"player": "jefry marte", "game": "laa @ tex", "gameIdx": 0, "hr/park": "", "pa": "26", "dt": "", "img": "https://www.mlbstatic.com/team-logos/108.svg", "team": "laa", "start": "", "in": "4", "result": "Strikeout", "evo": "", "la": "", "dist": ""}, {"player": "cj cron", "game": "laa @ tex", "gameIdx": 0, "hr/park": "", "pa": "25", "dt": "", "img": "https://www.mlbstatic.com/team-logos/108.svg", "team": "laa", "start": "", "in": "4", "result": "Strikeout", "evo": "", "la": "", "dist": ""}, {"player": "albert pujols", "game": "laa @ tex", "gameIdx": 0, "hr/park": "0/30", "pa": "24", "dt": "", "img": "https://www.mlbstatic.com/team-logos/108.svg", "team": "laa", "start": "", "in": "4", "result": "Flyout", "evo": "99.9", "la": "32", "dist": "379"}, {"player": "mike trout", "game": "laa @ tex", "gameIdx": 0, "hr/park": "", "pa": "23", "dt": "", "img": "https://www.mlbstatic.com/team-logos/108.svg", "team": "laa", "start": "", "in": "4", "result": "Field Error", "evo": "108.3", "la": "-1", "dist": "23"}, {"player": "carlos beltran", "game": "laa @ tex", "gameIdx": 0, "hr/park": "0/30", "pa": "22", "dt": "", "img": "https://www.mlbstatic.com/team-logos/140.svg", "team": "tex", "start": "", "in": "3", "result": "Lineout", "evo": "100.3", "la": "13", "dist": "341"}, {"player": "ian desmond", "game": "laa @ tex", "gameIdx": 0, "hr/park": "", "pa": "21", "dt": "", "img": "https://www.mlbstatic.com/team-logos/140.svg", "team": "tex", "start": "", "in": "3", "result": "Single", "evo": "102.6", "la": "-7", "dist": "19"}, {"player": "carlos gomez", "game": "laa @ tex", "gameIdx": 0, "hr/park": "", "pa": "20", "dt": "", "img": "https://www.mlbstatic.com/team-logos/140.svg", "team": "tex", "start": "", "in": "3", "result": "Flyout", "evo": "86.7", "la": "45", "dist": "293"}, {"player": "elvis andrus", "game": "laa @ tex", "gameIdx": 0, "hr/park": "", "pa": "19", "dt": "", "img": "https://www.mlbstatic.com/team-logos/140.svg", "team": "tex", "start": "", "in": "3", "result": "Single", "evo": "", "la": "", "dist": ""}, {"player": "nomar mazara", "game": "laa @ tex", "gameIdx": 0, "hr/park": "", "pa": "18", "dt": "", "img": "https://www.mlbstatic.com/team-logos/140.svg", "team": "tex", "start": "", "in": "3", "result": "Groundout", "evo": "78.7", "la": "-14", "dist": "12"}, {"player": "yunel escobar", "game": "laa @ tex", "gameIdx": 0, "hr/park": "", "pa": "17", "dt": "", "img": "https://www.mlbstatic.com/team-logos/108.svg", "team": "laa", "start": "", "in": "3", "result": "Groundout", "evo": "78.0", "la": "-25", "dist": "5"}, {"player": "shane robinson", "game": "laa @ tex", "gameIdx": 0, "hr/park": "0/30", "pa": "16", "dt": "", "img": "https://www.mlbstatic.com/team-logos/108.svg", "team": "laa", "start": "", "in": "3", "result": "Lineout", "evo": "85.6", "la": "27", "dist": "307"}, {"player": "carlos perez", "game": "laa @ tex", "gameIdx": 0, "hr/park": "0/30", "pa": "15", "dt": "", "img": "https://www.mlbstatic.com/team-logos/108.svg", "team": "laa", "start": "", "in": "3", "result": "Flyout", "evo": "84.4", "la": "29", "dist": "322"}, {"player": "mitch moreland", "game": "laa @ tex", "gameIdx": 0, "hr/park": "", "pa": "14", "dt": "", "img": "https://www.mlbstatic.com/team-logos/140.svg", "team": "tex", "start": "", "in": "2", "result": "Lineout", "evo": "66.3", "la": "10", "dist": "102"}, {"player": "jonathan lucroy", "game": "laa @ tex", "gameIdx": 0, "hr/park": "5/30", "pa": "13", "dt": "", "img": "https://www.mlbstatic.com/team-logos/140.svg", "team": "tex", "start": "", "in": "2", "result": "Flyout", "evo": "98.2", "la": "36", "dist": "365"}, {"player": "rougned odor", "game": "laa @ tex", "gameIdx": 0, "hr/park": "", "pa": "12", "dt": "", "img": "https://www.mlbstatic.com/team-logos/140.svg", "team": "tex", "start": "", "in": "2", "result": "Pop Out", "evo": "", "la": "", "dist": ""}, {"player": "adrian beltre", "game": "laa @ tex", "gameIdx": 0, "hr/park": "", "pa": "11", "dt": "", "img": "https://www.mlbstatic.com/team-logos/140.svg", "team": "tex", "start": "", "in": "2", "result": "Walk", "evo": "", "la": "", "dist": ""}, {"player": "gregorio petit", "game": "laa @ tex", "gameIdx": 0, "hr/park": "", "pa": "10", "dt": "", "img": "https://www.mlbstatic.com/team-logos/108.svg", "team": "laa", "start": "", "in": "2", "result": "Groundout", "evo": "76.1", "la": "2", "dist": "45"}, {"player": "andrelton simmons", "game": "laa @ tex", "gameIdx": 0, "hr/park": "", "pa": "9", "dt": "", "img": "https://www.mlbstatic.com/team-logos/108.svg", "team": "laa", "start": "", "in": "2", "result": "Groundout", "evo": "85.4", "la": "-23", "dist": "5"}, {"player": "jefry marte", "game": "laa @ tex", "gameIdx": 0, "hr/park": "", "pa": "8", "dt": "", "img": "https://www.mlbstatic.com/team-logos/108.svg", "team": "laa", "start": "", "in": "2", "result": "Pop Out", "evo": "", "la": "", "dist": ""}, {"player": "carlos beltran", "game": "laa @ tex", "gameIdx": 0, "hr/park": "", "pa": "7", "dt": "", "img": "https://www.mlbstatic.com/team-logos/140.svg", "team": "tex", "start": "", "in": "1", "result": "GIDP", "evo": "80.2", "la": "", "dist": "44"}, {"player": "ian desmond", "game": "laa @ tex", "gameIdx": 0, "hr/park": "", "pa": "6", "dt": "", "img": "https://www.mlbstatic.com/team-logos/140.svg", "team": "tex", "start": "", "in": "1", "result": "Single", "evo": "105.2", "la": "10", "dist": "238"}, {"player": "carlos gomez", "game": "laa @ tex", "gameIdx": 0, "hr/park": "", "pa": "5", "dt": "", "img": "https://www.mlbstatic.com/team-logos/140.svg", "team": "tex", "start": "", "in": "1", "result": "Strikeout", "evo": "", "la": "", "dist": ""}, {"player": "cj cron", "game": "laa @ tex", "gameIdx": 0, "hr/park": "", "pa": "4", "dt": "", "img": "https://www.mlbstatic.com/team-logos/108.svg", "team": "laa", "start": "", "in": "1", "result": "Forceout", "evo": "113.6", "la": "4", "dist": "88"}, {"player": "albert pujols", "game": "laa @ tex", "gameIdx": 0, "hr/park": "", "pa": "3", "dt": "", "img": "https://www.mlbstatic.com/team-logos/108.svg", "team": "laa", "start": "", "in": "1", "result": "Single", "evo": "113.7", "la": "11", "dist": "281"}, {"player": "mike trout", "game": "laa @ tex", "gameIdx": 0, "hr/park": "", "pa": "2", "dt": "", "img": "https://www.mlbstatic.com/team-logos/108.svg", "team": "laa", "start": "", "in": "1", "result": "Groundout", "evo": "78.4", "la": "-5", "dist": "22"}, {"player": "yunel escobar", "game": "laa @ tex", "gameIdx": 0, "hr/park": "", "pa": "1", "dt": "", "img": "https://www.mlbstatic.com/team-logos/108.svg", "team": "laa", "start": "", "in": "1", "result": "Groundout", "evo": "98.3", "la": "4", "dist": "112"}], "stl @ col": [], "hou @ ath": [{"player": "ryon healy", "game": "hou @ ath", "gameIdx": 0, "hr/park": "", "pa": "67", "dt": "", "img": "https://www.mlbstatic.com/team-logos/133.svg", "team": "ath", "start": "", "in": "9", "result": "Pop Out", "evo": "97.2", "la": "64", "dist": "170"}, {"player": "khris davis", "game": "hou @ ath", "gameIdx": 0, "hr/park": "", "pa": "66", "dt": "", "img": "https://www.mlbstatic.com/team-logos/133.svg", "team": "ath", "start": "", "in": "9", "result": "Strikeout", "evo": "", "la": "", "dist": ""}, {"player": "stephen vogt", "game": "hou @ ath", "gameIdx": 0, "hr/park": "", "pa": "65", "dt": "", "img": "https://www.mlbstatic.com/team-logos/133.svg", "team": "ath", "start": "", "in": "9", "result": "Strikeout", "evo": "", "la": "", "dist": ""}, {"player": "max stassi", "game": "hou @ ath", "gameIdx": 0, "hr/park": "", "pa": "64", "dt": "", "img": "https://www.mlbstatic.com/team-logos/117.svg", "team": "hou", "start": "", "in": "9", "result": "Groundout", "evo": "90.9", "la": "-11", "dist": "9"}, {"player": "teoscar hernandez", "game": "hou @ ath", "gameIdx": 0, "hr/park": "", "pa": "63", "dt": "", "img": "https://www.mlbstatic.com/team-logos/117.svg", "team": "hou", "start": "", "in": "9", "result": "GIDP", "evo": "89.2", "la": "-4", "dist": "23"}, {"player": "marwin gonzalez", "game": "hou @ ath", "gameIdx": 0, "hr/park": "", "pa": "62", "dt": "", "img": "https://www.mlbstatic.com/team-logos/117.svg", "team": "hou", "start": "", "in": "9", "result": "Single", "evo": "105.4", "la": "-9", "dist": "15"}, {"player": "evan gattis", "game": "hou @ ath", "gameIdx": 0, "hr/park": "", "pa": "61", "dt": "", "img": "https://www.mlbstatic.com/team-logos/117.svg", "team": "hou", "start": "", "in": "9", "result": "Intent Walk", "evo": "", "la": "", "dist": ""}, {"player": "carlos correa", "game": "hou @ ath", "gameIdx": 0, "hr/park": "", "pa": "60", "dt": "", "img": "https://www.mlbstatic.com/team-logos/117.svg", "team": "hou", "start": "", "in": "9", "result": "Single", "evo": "88.8", "la": "-6", "dist": "17"}, {"player": "jose altuve", "game": "hou @ ath", "gameIdx": 0, "hr/park": "", "pa": "59", "dt": "", "img": "https://www.mlbstatic.com/team-logos/117.svg", "team": "hou", "start": "", "in": "9", "result": "Single", "evo": "79.3", "la": "25", "dist": "244"}, {"player": "danny valencia", "game": "hou @ ath", "gameIdx": 0, "hr/park": "", "pa": "58", "dt": "", "img": "https://www.mlbstatic.com/team-logos/133.svg", "team": "ath", "start": "", "in": "8", "result": "Groundout", "evo": "75.4", "la": "", "dist": "33"}, {"player": "joey wendle", "game": "hou @ ath", "gameIdx": 0, "hr/park": "", "pa": "57", "dt": "", "img": "https://www.mlbstatic.com/team-logos/133.svg", "team": "ath", "start": "", "in": "8", "result": "Groundout", "evo": "84.2", "la": "-20", "dist": "8"}, {"player": "matt olson", "game": "hou @ ath", "gameIdx": 0, "hr/park": "", "pa": "56", "dt": "", "img": "https://www.mlbstatic.com/team-logos/133.svg", "team": "ath", "start": "", "in": "8", "result": "Walk", "evo": "", "la": "", "dist": ""}, {"player": "brett eibner", "game": "hou @ ath", "gameIdx": 0, "hr/park": "", "pa": "55", "dt": "", "img": "https://www.mlbstatic.com/team-logos/133.svg", "team": "ath", "start": "", "in": "8", "result": "Flyout", "evo": "90.1", "la": "50", "dist": "260"}, {"player": "yuli gurriel", "game": "hou @ ath", "gameIdx": 0, "hr/park": "", "pa": "54", "dt": "", "img": "https://www.mlbstatic.com/team-logos/117.svg", "team": "hou", "start": "", "in": "8", "result": "Groundout", "evo": "67.0", "la": "-80", "dist": "2"}, {"player": "george springer", "game": "hou @ ath", "gameIdx": 0, "hr/park": "", "pa": "53", "dt": "", "img": "https://www.mlbstatic.com/team-logos/117.svg", "team": "hou", "start": "", "in": "8", "result": "Forceout", "evo": "71.7", "la": "-17", "dist": "8"}, {"player": "jake marisnick", "game": "hou @ ath", "gameIdx": 0, "hr/park": "", "pa": "52", "dt": "", "img": "https://www.mlbstatic.com/team-logos/117.svg", "team": "hou", "start": "", "in": "8", "result": "Walk", "evo": "", "la": "", "dist": ""}, {"player": "tyler white", "game": "hou @ ath", "gameIdx": 0, "hr/park": "", "pa": "51", "dt": "", "img": "https://www.mlbstatic.com/team-logos/117.svg", "team": "hou", "start": "", "in": "8", "result": "Double", "evo": "76.5", "la": "15", "dist": "170"}, {"player": "teoscar hernandez", "game": "hou @ ath", "gameIdx": 0, "hr/park": "", "pa": "50", "dt": "", "img": "https://www.mlbstatic.com/team-logos/117.svg", "team": "hou", "start": "", "in": "8", "result": "Single", "evo": "99.3", "la": "9", "dist": "131"}, {"player": "marwin gonzalez", "game": "hou @ ath", "gameIdx": 0, "hr/park": "", "pa": "49", "dt": "", "img": "https://www.mlbstatic.com/team-logos/117.svg", "team": "hou", "start": "", "in": "8", "result": "Groundout", "evo": "94.5", "la": "-13", "dist": "10"}, {"player": "bruce maxwell", "game": "hou @ ath", "gameIdx": 0, "hr/park": "", "pa": "48", "dt": "", "img": "https://www.mlbstatic.com/team-logos/133.svg", "team": "ath", "start": "", "in": "7", "result": "Lineout", "evo": "105.4", "la": "11", "dist": "281"}, {"player": "marcus semien", "game": "hou @ ath", "gameIdx": 0, "hr/park": "", "pa": "47", "dt": "", "img": "https://www.mlbstatic.com/team-logos/133.svg", "team": "ath", "start": "", "in": "7", "result": "Flyout", "evo": "87.3", "la": "55", "dist": "225"}, {"player": "ryon healy", "game": "hou @ ath", "gameIdx": 0, "hr/park": "", "pa": "46", "dt": "", "img": "https://www.mlbstatic.com/team-logos/133.svg", "team": "ath", "start": "", "in": "7", "result": "Groundout", "evo": "74.0", "la": "-11", "dist": "15"}, {"player": "evan gattis", "game": "hou @ ath", "gameIdx": 0, "hr/park": "", "pa": "45", "dt": "", "img": "https://www.mlbstatic.com/team-logos/117.svg", "team": "hou", "start": "", "in": "7", "result": "Strikeout", "evo": "", "la": "", "dist": ""}, {"player": "carlos correa", "game": "hou @ ath", "gameIdx": 0, "hr/park": "", "pa": "44", "dt": "", "img": "https://www.mlbstatic.com/team-logos/117.svg", "team": "hou", "start": "", "in": "7", "result": "Pop Out", "evo": "80.9", "la": "77", "dist": "124"}, {"player": "jose altuve", "game": "hou @ ath", "gameIdx": 0, "hr/park": "", "pa": "43", "dt": "", "img": "https://www.mlbstatic.com/team-logos/117.svg", "team": "hou", "start": "", "in": "7", "result": "Groundout", "evo": "", "la": "", "dist": ""}, {"player": "khris davis", "game": "hou @ ath", "gameIdx": 0, "hr/park": "", "pa": "42", "dt": "", "img": "https://www.mlbstatic.com/team-logos/133.svg", "team": "ath", "start": "", "in": "6", "result": "Pop Out", "evo": "86.6", "la": "59", "dist": "192"}, {"player": "stephen vogt", "game": "hou @ ath", "gameIdx": 0, "hr/park": "", "pa": "41", "dt": "", "img": "https://www.mlbstatic.com/team-logos/133.svg", "team": "ath", "start": "", "in": "6", "result": "Groundout", "evo": "89.7", "la": "4", "dist": "79"}, {"player": "danny valencia", "game": "hou @ ath", "gameIdx": 0, "hr/park": "0/30", "pa": "40", "dt": "", "img": "https://www.mlbstatic.com/team-logos/133.svg", "team": "ath", "start": "", "in": "6", "result": "Double", "evo": "107.7", "la": "16", "dist": "377"}, {"player": "joey wendle", "game": "hou @ ath", "gameIdx": 0, "hr/park": "", "pa": "39", "dt": "", "img": "https://www.mlbstatic.com/team-logos/133.svg", "team": "ath", "start": "", "in": "6", "result": "Groundout", "evo": "79.3", "la": "-37", "dist": "3"}, {"player": "yuli gurriel", "game": "hou @ ath", "gameIdx": 0, "hr/park": "", "pa": "38", "dt": "", "img": "https://www.mlbstatic.com/team-logos/117.svg", "team": "hou", "start": "", "in": "6", "result": "Groundout", "evo": "91.9", "la": "-23", "dist": "8"}, {"player": "george springer", "game": "hou @ ath", "gameIdx": 0, "hr/park": "", "pa": "37", "dt": "", "img": "https://www.mlbstatic.com/team-logos/117.svg", "team": "hou", "start": "", "in": "6", "result": "Strikeout", "evo": "", "la": "", "dist": ""}, {"player": "jake marisnick", "game": "hou @ ath", "gameIdx": 0, "hr/park": "", "pa": "36", "dt": "", "img": "https://www.mlbstatic.com/team-logos/117.svg", "team": "hou", "start": "", "in": "6", "result": "Strikeout", "evo": "", "la": "", "dist": ""}, {"player": "matt olson", "game": "hou @ ath", "gameIdx": 0, "hr/park": "", "pa": "35", "dt": "", "img": "https://www.mlbstatic.com/team-logos/133.svg", "team": "ath", "start": "", "in": "5", "result": "Groundout", "evo": "91.7", "la": "-2", "dist": "26"}, {"player": "brett eibner", "game": "hou @ ath", "gameIdx": 0, "hr/park": "0/30", "pa": "34", "dt": "", "img": "https://www.mlbstatic.com/team-logos/133.svg", "team": "ath", "start": "", "in": "5", "result": "Flyout", "evo": "98.8", "la": "40", "dist": "343"}, {"player": "bruce maxwell", "game": "hou @ ath", "gameIdx": 0, "hr/park": "", "pa": "33", "dt": "", "img": "https://www.mlbstatic.com/team-logos/133.svg", "team": "ath", "start": "", "in": "5", "result": "Strikeout", "evo": "", "la": "", "dist": ""}, {"player": "jason castro", "game": "hou @ ath", "gameIdx": 0, "hr/park": "", "pa": "32", "dt": "", "img": "https://www.mlbstatic.com/team-logos/117.svg", "team": "hou", "start": "", "in": "5", "result": "Flyout", "evo": "94.5", "la": "50", "dist": "286"}, {"player": "teoscar hernandez", "game": "hou @ ath", "gameIdx": 0, "hr/park": "", "pa": "31", "dt": "", "img": "https://www.mlbstatic.com/team-logos/117.svg", "team": "hou", "start": "", "in": "5", "result": "Groundout", "evo": "82.1", "la": "1", "dist": "36"}, {"player": "marwin gonzalez", "game": "hou @ ath", "gameIdx": 0, "hr/park": "", "pa": "30", "dt": "", "img": "https://www.mlbstatic.com/team-logos/117.svg", "team": "hou", "start": "", "in": "5", "result": "Groundout", "evo": "61.7", "la": "-51", "dist": "3"}, {"player": "marcus semien", "game": "hou @ ath", "gameIdx": 0, "hr/park": "", "pa": "29", "dt": "", "img": "https://www.mlbstatic.com/team-logos/133.svg", "team": "ath", "start": "", "in": "4", "result": "Flyout", "evo": "72.0", "la": "40", "dist": "235"}, {"player": "ryon healy", "game": "hou @ ath", "gameIdx": 0, "hr/park": "", "pa": "28", "dt": "", "img": "https://www.mlbstatic.com/team-logos/133.svg", "team": "ath", "start": "", "in": "4", "result": "Groundout", "evo": "92.5", "la": "-11", "dist": "12"}, {"player": "khris davis", "game": "hou @ ath", "gameIdx": 0, "hr/park": "", "pa": "27", "dt": "", "img": "https://www.mlbstatic.com/team-logos/133.svg", "team": "ath", "start": "", "in": "4", "result": "Groundout", "evo": "101.4", "la": "-7", "dist": "19"}, {"player": "evan gattis", "game": "hou @ ath", "gameIdx": 0, "hr/park": "", "pa": "26", "dt": "", "img": "https://www.mlbstatic.com/team-logos/117.svg", "team": "hou", "start": "", "in": "4", "result": "Strikeout", "evo": "", "la": "", "dist": ""}, {"player": "carlos correa", "game": "hou @ ath", "gameIdx": 0, "hr/park": "", "pa": "25", "dt": "", "img": "https://www.mlbstatic.com/team-logos/117.svg", "team": "hou", "start": "", "in": "4", "result": "Single", "evo": "109.8", "la": "-4", "dist": "27"}, {"player": "jose altuve", "game": "hou @ ath", "gameIdx": 0, "hr/park": "", "pa": "24", "dt": "", "img": "https://www.mlbstatic.com/team-logos/117.svg", "team": "hou", "start": "", "in": "4", "result": "Groundout", "evo": "95.7", "la": "-7", "dist": "19"}, {"player": "yuli gurriel", "game": "hou @ ath", "gameIdx": 0, "hr/park": "", "pa": "23", "dt": "", "img": "https://www.mlbstatic.com/team-logos/117.svg", "team": "hou", "start": "", "in": "4", "result": "Pop Out", "evo": "83.4", "la": "79", "dist": "106"}, {"player": "stephen vogt", "game": "hou @ ath", "gameIdx": 0, "hr/park": "", "pa": "22", "dt": "", "img": "https://www.mlbstatic.com/team-logos/133.svg", "team": "ath", "start": "", "in": "3", "result": "Groundout", "evo": "99.0", "la": "-1", "dist": "33"}, {"player": "danny valencia", "game": "hou @ ath", "gameIdx": 0, "hr/park": "", "pa": "21", "dt": "", "img": "https://www.mlbstatic.com/team-logos/133.svg", "team": "ath", "start": "", "in": "3", "result": "Walk", "evo": "", "la": "", "dist": ""}, {"player": "joey wendle", "game": "hou @ ath", "gameIdx": 0, "hr/park": "", "pa": "20", "dt": "", "img": "https://www.mlbstatic.com/team-logos/133.svg", "team": "ath", "start": "", "in": "3", "result": "Strikeout", "evo": "", "la": "", "dist": ""}, {"player": "matt olson", "game": "hou @ ath", "gameIdx": 0, "hr/park": "", "pa": "19", "dt": "", "img": "https://www.mlbstatic.com/team-logos/133.svg", "team": "ath", "start": "", "in": "3", "result": "Groundout", "evo": "87.0", "la": "-3", "dist": "34"}, {"player": "george springer", "game": "hou @ ath", "gameIdx": 0, "hr/park": "", "pa": "18", "dt": "", "img": "https://www.mlbstatic.com/team-logos/117.svg", "team": "hou", "start": "", "in": "3", "result": "Groundout", "evo": "76.8", "la": "", "dist": "42"}, {"player": "jake marisnick", "game": "hou @ ath", "gameIdx": 0, "hr/park": "", "pa": "17", "dt": "", "img": "https://www.mlbstatic.com/team-logos/117.svg", "team": "hou", "start": "", "in": "3", "result": "Pop Out", "evo": "82.8", "la": "74", "dist": "106"}, {"player": "jason castro", "game": "hou @ ath", "gameIdx": 0, "hr/park": "", "pa": "16", "dt": "", "img": "https://www.mlbstatic.com/team-logos/117.svg", "team": "hou", "start": "", "in": "3", "result": "Strikeout", "evo": "", "la": "", "dist": ""}, {"player": "brett eibner", "game": "hou @ ath", "gameIdx": 0, "hr/park": "", "pa": "15", "dt": "", "img": "https://www.mlbstatic.com/team-logos/133.svg", "team": "ath", "start": "", "in": "2", "result": "Pop Out", "evo": "53.6", "la": "52", "dist": "128"}, {"player": "bruce maxwell", "game": "hou @ ath", "gameIdx": 0, "hr/park": "20/30", "pa": "14", "dt": "", "img": "https://www.mlbstatic.com/team-logos/133.svg", "team": "ath", "start": "", "in": "2", "result": "Home Run", "evo": "101.1", "la": "31", "dist": "387"}, {"player": "marcus semien", "game": "hou @ ath", "gameIdx": 0, "hr/park": "", "pa": "13", "dt": "", "img": "https://www.mlbstatic.com/team-logos/133.svg", "team": "ath", "start": "", "in": "2", "result": "Groundout", "evo": "93.9", "la": "-18", "dist": "8"}, {"player": "ryon healy", "game": "hou @ ath", "gameIdx": 0, "hr/park": "30/30", "pa": "12", "dt": "", "img": "https://www.mlbstatic.com/team-logos/133.svg", "team": "ath", "start": "", "in": "2", "result": "Home Run", "evo": "99.9", "la": "31", "dist": "402"}, {"player": "khris davis", "game": "hou @ ath", "gameIdx": 0, "hr/park": "", "pa": "11", "dt": "", "img": "https://www.mlbstatic.com/team-logos/133.svg", "team": "ath", "start": "", "in": "2", "result": "Groundout", "evo": "70.1", "la": "7", "dist": "87"}, {"player": "teoscar hernandez", "game": "hou @ ath", "gameIdx": 0, "hr/park": "", "pa": "10", "dt": "", "img": "https://www.mlbstatic.com/team-logos/117.svg", "team": "hou", "start": "", "in": "2", "result": "Strikeout", "evo": "", "la": "", "dist": ""}, {"player": "marwin gonzalez", "game": "hou @ ath", "gameIdx": 0, "hr/park": "", "pa": "9", "dt": "", "img": "https://www.mlbstatic.com/team-logos/117.svg", "team": "hou", "start": "", "in": "2", "result": "Pop Out", "evo": "", "la": "", "dist": ""}, {"player": "evan gattis", "game": "hou @ ath", "gameIdx": 0, "hr/park": "27/30", "pa": "8", "dt": "", "img": "https://www.mlbstatic.com/team-logos/117.svg", "team": "hou", "start": "", "in": "2", "result": "Home Run", "evo": "109.0", "la": "20", "dist": "414"}, {"player": "carlos correa", "game": "hou @ ath", "gameIdx": 0, "hr/park": "", "pa": "7", "dt": "", "img": "https://www.mlbstatic.com/team-logos/117.svg", "team": "hou", "start": "", "in": "2", "result": "Pop Out", "evo": "", "la": "", "dist": ""}, {"player": "stephen vogt", "game": "hou @ ath", "gameIdx": 0, "hr/park": "0/30", "pa": "6", "dt": "", "img": "https://www.mlbstatic.com/team-logos/133.svg", "team": "ath", "start": "", "in": "1", "result": "Flyout", "evo": "96.6", "la": "25", "dist": "373"}, {"player": "danny valencia", "game": "hou @ ath", "gameIdx": 0, "hr/park": "", "pa": "5", "dt": "", "img": "https://www.mlbstatic.com/team-logos/133.svg", "team": "ath", "start": "", "in": "1", "result": "GIDP", "evo": "88.4", "la": "-11", "dist": "14"}, {"player": "joey wendle", "game": "hou @ ath", "gameIdx": 0, "hr/park": "", "pa": "4", "dt": "", "img": "https://www.mlbstatic.com/team-logos/133.svg", "team": "ath", "start": "", "in": "1", "result": "Walk", "evo": "", "la": "", "dist": ""}, {"player": "jose altuve", "game": "hou @ ath", "gameIdx": 0, "hr/park": "0/30", "pa": "3", "dt": "", "img": "https://www.mlbstatic.com/team-logos/117.svg", "team": "hou", "start": "", "in": "1", "result": "Flyout", "evo": "99.1", "la": "26", "dist": "390"}, {"player": "yuli gurriel", "game": "hou @ ath", "gameIdx": 0, "hr/park": "0/30", "pa": "2", "dt": "", "img": "https://www.mlbstatic.com/team-logos/117.svg", "team": "hou", "start": "", "in": "1", "result": "Lineout", "evo": "104.6", "la": "13", "dist": "319"}, {"player": "george springer", "game": "hou @ ath", "gameIdx": 0, "hr/park": "", "pa": "1", "dt": "", "img": "https://www.mlbstatic.com/team-logos/117.svg", "team": "hou", "start": "", "in": "1", "result": "Strikeout", "evo": "", "la": "", "dist": ""}], "ari @ sd": [], "sf @ lad": [], "tor @ sea": []}