{"all": {"pitchers": "9", "batters": "20", "pitches": "287", "max velomax pitch velocity": "96.3", "min velomin pitch velocity": "75.0", "ff%fourseam fastball %": "48.1", "si%sinker %": "20.2", "fc%cutter %": "1.0", "fs%splitter %": "0.0", "ch%changeup %": "10.1", "sl%slider %": "18.8", "cu%curve %": "1.7", "max evmax exit velocity": "107.4", "hhhard hit": "22", "hh%hard hit %": "34.9", "brlbarrels": "2", "brl%barrel %": "3.2", "ab": "73", "avg": ".274", "h": "20", "1b": "9", "2b": "9", "3b": "1", "hr": "1", "so": "12", "bipballs in play": "63", "liveGames": 0, "totGames": 11}, "bos @ tb": [], "det @ min": [{"player": "brian dozier", "game": "det @ min", "gameIdx": 0, "hr/park": "", "pa": "82", "dt": "", "img": "https://www.mlbstatic.com/team-logos/142.svg", "team": "min", "start": "", "in": "9", "result": "Strikeout", "evo": "", "la": "", "dist": ""}, {"player": "danny santana", "game": "det @ min", "gameIdx": 0, "hr/park": "", "pa": "81", "dt": "", "img": "https://www.mlbstatic.com/team-logos/142.svg", "team": "min", "start": "", "in": "9", "result": "Groundout", "evo": "99.9", "la": "3", "dist": "75"}, {"player": "eddie rosario", "game": "det @ min", "gameIdx": 0, "hr/park": "", "pa": "80", "dt": "", "img": "https://www.mlbstatic.com/team-logos/142.svg", "team": "min", "start": "", "in": "9", "result": "Strikeout", "evo": "", "la": "", "dist": ""}, {"player": "andrew romine", "game": "det @ min", "gameIdx": 0, "hr/park": "", "pa": "79", "dt": "", "img": "https://www.mlbstatic.com/team-logos/116.svg", "team": "det", "start": "", "in": "9", "result": "GIDP", "evo": "90.6", "la": "-22", "dist": "7"}, {"player": "james mccann", "game": "det @ min", "gameIdx": 0, "hr/park": "", "pa": "78", "dt": "", "img": "https://www.mlbstatic.com/team-logos/116.svg", "team": "det", "start": "", "in": "9", "result": "Single", "evo": "98.8", "la": "-12", "dist": "13"}, {"player": "casey mcgehee", "game": "det @ min", "gameIdx": 0, "hr/park": "", "pa": "77", "dt": "", "img": "https://www.mlbstatic.com/team-logos/116.svg", "team": "det", "start": "", "in": "9", "result": "Single", "evo": "107.4", "la": "-8", "dist": "15"}, {"player": "justin upton", "game": "det @ min", "gameIdx": 0, "hr/park": "", "pa": "76", "dt": "", "img": "https://www.mlbstatic.com/team-logos/116.svg", "team": "det", "start": "", "in": "9", "result": "Strikeout", "evo": "", "la": "", "dist": ""}, {"player": "eduardo escobar", "game": "det @ min", "gameIdx": 0, "hr/park": "", "pa": "75", "dt": "", "img": "https://www.mlbstatic.com/team-logos/142.svg", "team": "min", "start": "", "in": "8", "result": "Flyout", "evo": "76.7", "la": "39", "dist": "266"}, {"player": "max kepler", "game": "det @ min", "gameIdx": 0, "hr/park": "0/30", "pa": "74", "dt": "", "img": "https://www.mlbstatic.com/team-logos/142.svg", "team": "min", "start": "", "in": "8", "result": "Double", "evo": "100.0", "la": "24", "dist": "385"}, {"player": "miguel sano", "game": "det @ min", "gameIdx": 0, "hr/park": "", "pa": "73", "dt": "", "img": "https://www.mlbstatic.com/team-logos/142.svg", "team": "min", "start": "", "in": "8", "result": "Double", "evo": "94.1", "la": "17", "dist": "244"}, {"player": "trevor plouffe", "game": "det @ min", "gameIdx": 0, "hr/park": "", "pa": "72", "dt": "", "img": "https://www.mlbstatic.com/team-logos/142.svg", "team": "min", "start": "", "in": "8", "result": "Walk", "evo": "", "la": "", "dist": ""}, {"player": "robbie grossman", "game": "det @ min", "gameIdx": 0, "hr/park": "", "pa": "71", "dt": "", "img": "https://www.mlbstatic.com/team-logos/142.svg", "team": "min", "start": "", "in": "8", "result": "Groundout", "evo": "99.0", "la": "", "dist": "58"}, {"player": "jorge polanco", "game": "det @ min", "gameIdx": 0, "hr/park": "0/30", "pa": "70", "dt": "", "img": "https://www.mlbstatic.com/team-logos/142.svg", "team": "min", "start": "", "in": "8", "result": "Triple", "evo": "94.4", "la": "28", "dist": "354"}, {"player": "brian dozier", "game": "det @ min", "gameIdx": 0, "hr/park": "", "pa": "69", "dt": "", "img": "https://www.mlbstatic.com/team-logos/142.svg", "team": "min", "start": "", "in": "8", "result": "Groundout", "evo": "78.5", "la": "-7", "dist": "16"}, {"player": "jd martinez", "game": "det @ min", "gameIdx": 0, "hr/park": "", "pa": "68", "dt": "", "img": "https://www.mlbstatic.com/team-logos/116.svg", "team": "det", "start": "", "in": "8", "result": "Groundout", "evo": "71.5", "la": "-7", "dist": "20"}, {"player": "victor martinez", "game": "det @ min", "gameIdx": 0, "hr/park": "8/30", "pa": "67", "dt": "", "img": "https://www.mlbstatic.com/team-logos/116.svg", "team": "det", "start": "", "in": "8", "result": "Double", "evo": "97.1", "la": "27", "dist": "383"}, {"player": "erick aybar", "game": "det @ min", "gameIdx": 0, "hr/park": "", "pa": "66", "dt": "", "img": "https://www.mlbstatic.com/team-logos/116.svg", "team": "det", "start": "", "in": "8", "result": "Strikeout", "evo": "", "la": "", "dist": ""}, {"player": "tyler collins", "game": "det @ min", "gameIdx": 0, "hr/park": "", "pa": "65", "dt": "", "img": "https://www.mlbstatic.com/team-logos/116.svg", "team": "det", "start": "", "in": "8", "result": "Groundout", "evo": "87.7", "la": "-13", "dist": "10"}, {"player": "danny santana", "game": "det @ min", "gameIdx": 0, "hr/park": "", "pa": "64", "dt": "", "img": "https://www.mlbstatic.com/team-logos/142.svg", "team": "min", "start": "", "in": "7", "result": "Groundout", "evo": "79.3", "la": "-2", "dist": "33"}, {"player": "juan centeno", "game": "det @ min", "gameIdx": 0, "hr/park": "", "pa": "63", "dt": "", "img": "https://www.mlbstatic.com/team-logos/142.svg", "team": "min", "start": "", "in": "7", "result": "Lineout", "evo": "72.7", "la": "10", "dist": "125"}, {"player": "eduardo escobar", "game": "det @ min", "gameIdx": 0, "hr/park": "", "pa": "62", "dt": "", "img": "https://www.mlbstatic.com/team-logos/142.svg", "team": "min", "start": "", "in": "7", "result": "Single", "evo": "100.8", "la": "7", "dist": "114"}, {"player": "max kepler", "game": "det @ min", "gameIdx": 0, "hr/park": "", "pa": "61", "dt": "", "img": "https://www.mlbstatic.com/team-logos/142.svg", "team": "min", "start": "", "in": "7", "result": "Groundout", "evo": "89.0", "la": "1", "dist": "78"}, {"player": "miguel sano", "game": "det @ min", "gameIdx": 0, "hr/park": "0/30", "pa": "60", "dt": "", "img": "https://www.mlbstatic.com/team-logos/142.svg", "team": "min", "start": "", "in": "7", "result": "Double", "evo": "104.0", "la": "14", "dist": "325"}, {"player": "ian kinsler", "game": "det @ min", "gameIdx": 0, "hr/park": "5/30", "pa": "59", "dt": "", "img": "https://www.mlbstatic.com/team-logos/116.svg", "team": "det", "start": "", "in": "7", "result": "Flyout", "evo": "99.7", "la": "33", "dist": "399"}, {"player": "andrew romine", "game": "det @ min", "gameIdx": 0, "hr/park": "", "pa": "58", "dt": "", "img": "https://www.mlbstatic.com/team-logos/116.svg", "team": "det", "start": "", "in": "7", "result": "Double", "evo": "91.4", "la": "-12", "dist": "10"}, {"player": "james mccann", "game": "det @ min", "gameIdx": 0, "hr/park": "", "pa": "57", "dt": "", "img": "https://www.mlbstatic.com/team-logos/116.svg", "team": "det", "start": "", "in": "7", "result": "GIDP", "evo": "102.1", "la": "-8", "dist": "21"}, {"player": "casey mcgehee", "game": "det @ min", "gameIdx": 0, "hr/park": "", "pa": "56", "dt": "", "img": "https://www.mlbstatic.com/team-logos/116.svg", "team": "det", "start": "", "in": "7", "result": "Hit By Pitch", "evo": "", "la": "", "dist": ""}, {"player": "trevor plouffe", "game": "det @ min", "gameIdx": 0, "hr/park": "0/30", "pa": "55", "dt": "", "img": "https://www.mlbstatic.com/team-logos/142.svg", "team": "min", "start": "", "in": "6", "result": "Lineout", "evo": "97.9", "la": "18", "dist": "354"}, {"player": "robbie grossman", "game": "det @ min", "gameIdx": 0, "hr/park": "", "pa": "54", "dt": "", "img": "https://www.mlbstatic.com/team-logos/142.svg", "team": "min", "start": "", "in": "6", "result": "Single", "evo": "102.4", "la": "-1", "dist": "44"}, {"player": "jorge polanco", "game": "det @ min", "gameIdx": 0, "hr/park": "", "pa": "53", "dt": "", "img": "https://www.mlbstatic.com/team-logos/142.svg", "team": "min", "start": "", "in": "6", "result": "Strikeout", "evo": "", "la": "", "dist": ""}, {"player": "brian dozier", "game": "det @ min", "gameIdx": 0, "hr/park": "", "pa": "52", "dt": "", "img": "https://www.mlbstatic.com/team-logos/142.svg", "team": "min", "start": "", "in": "6", "result": "Double", "evo": "97.7", "la": "6", "dist": "102"}, {"player": "danny santana", "game": "det @ min", "gameIdx": 0, "hr/park": "", "pa": "51", "dt": "", "img": "https://www.mlbstatic.com/team-logos/142.svg", "team": "min", "start": "", "in": "6", "result": "Groundout", "evo": "85.5", "la": "8", "dist": "133"}, {"player": "justin upton", "game": "det @ min", "gameIdx": 0, "hr/park": "", "pa": "50", "dt": "", "img": "https://www.mlbstatic.com/team-logos/116.svg", "team": "det", "start": "", "in": "6", "result": "Flyout", "evo": "90.2", "la": "50", "dist": "261"}, {"player": "jd martinez", "game": "det @ min", "gameIdx": 0, "hr/park": "", "pa": "49", "dt": "", "img": "https://www.mlbstatic.com/team-logos/116.svg", "team": "det", "start": "", "in": "6", "result": "Flyout", "evo": "81.9", "la": "34", "dist": "268"}, {"player": "victor martinez", "game": "det @ min", "gameIdx": 0, "hr/park": "0/30", "pa": "48", "dt": "", "img": "https://www.mlbstatic.com/team-logos/116.svg", "team": "det", "start": "", "in": "6", "result": "Double", "evo": "92.6", "la": "21", "dist": "303"}, {"player": "miguel cabrera", "game": "det @ min", "gameIdx": 0, "hr/park": "0/30", "pa": "47", "dt": "", "img": "https://www.mlbstatic.com/team-logos/116.svg", "team": "det", "start": "", "in": "6", "result": "Lineout", "evo": "91.2", "la": "21", "dist": "315"}, {"player": "tyler collins", "game": "det @ min", "gameIdx": 0, "hr/park": "", "pa": "46", "dt": "", "img": "https://www.mlbstatic.com/team-logos/116.svg", "team": "det", "start": "", "in": "6", "result": "Walk", "evo": "", "la": "", "dist": ""}, {"player": "ian kinsler", "game": "det @ min", "gameIdx": 0, "hr/park": "", "pa": "45", "dt": "", "img": "https://www.mlbstatic.com/team-logos/116.svg", "team": "det", "start": "", "in": "6", "result": "Hit By Pitch", "evo": "", "la": "", "dist": ""}, {"player": "juan centeno", "game": "det @ min", "gameIdx": 0, "hr/park": "", "pa": "44", "dt": "", "img": "https://www.mlbstatic.com/team-logos/142.svg", "team": "min", "start": "", "in": "5", "result": "Strikeout", "evo": "", "la": "", "dist": ""}, {"player": "eduardo escobar", "game": "det @ min", "gameIdx": 0, "hr/park": "", "pa": "43", "dt": "", "img": "https://www.mlbstatic.com/team-logos/142.svg", "team": "min", "start": "", "in": "5", "result": "Groundout", "evo": "79.9", "la": "-7", "dist": "20"}, {"player": "max kepler", "game": "det @ min", "gameIdx": 0, "hr/park": "", "pa": "42", "dt": "", "img": "https://www.mlbstatic.com/team-logos/142.svg", "team": "min", "start": "", "in": "5", "result": "Groundout", "evo": "96.0", "la": "-20", "dist": "9"}, {"player": "andrew romine", "game": "det @ min", "gameIdx": 0, "hr/park": "", "pa": "41", "dt": "", "img": "https://www.mlbstatic.com/team-logos/116.svg", "team": "det", "start": "", "in": "5", "result": "Flyout", "evo": "", "la": "", "dist": ""}, {"player": "james mccann", "game": "det @ min", "gameIdx": 0, "hr/park": "0/30", "pa": "40", "dt": "", "img": "https://www.mlbstatic.com/team-logos/116.svg", "team": "det", "start": "", "in": "5", "result": "Double", "evo": "102.7", "la": "15", "dist": "332"}, {"player": "casey mcgehee", "game": "det @ min", "gameIdx": 0, "hr/park": "", "pa": "39", "dt": "", "img": "https://www.mlbstatic.com/team-logos/116.svg", "team": "det", "start": "", "in": "5", "result": "Strikeout", "evo": "", "la": "", "dist": ""}, {"player": "justin upton", "game": "det @ min", "gameIdx": 0, "hr/park": "", "pa": "38", "dt": "", "img": "https://www.mlbstatic.com/team-logos/116.svg", "team": "det", "start": "", "in": "5", "result": "Strikeout", "evo": "", "la": "", "dist": ""}, {"player": "miguel sano", "game": "det @ min", "gameIdx": 0, "hr/park": "", "pa": "37", "dt": "", "img": "https://www.mlbstatic.com/team-logos/142.svg", "team": "min", "start": "", "in": "4", "result": "Strikeout", "evo": "", "la": "", "dist": ""}, {"player": "trevor plouffe", "game": "det @ min", "gameIdx": 0, "hr/park": "0/30", "pa": "36", "dt": "", "img": "https://www.mlbstatic.com/team-logos/142.svg", "team": "min", "start": "", "in": "4", "result": "Flyout", "evo": "90.2", "la": "41", "dist": "311"}, {"player": "robbie grossman", "game": "det @ min", "gameIdx": 0, "hr/park": "", "pa": "35", "dt": "", "img": "https://www.mlbstatic.com/team-logos/142.svg", "team": "min", "start": "", "in": "4", "result": "Groundout", "evo": "76.6", "la": "", "dist": "38"}, {"player": "jd martinez", "game": "det @ min", "gameIdx": 0, "hr/park": "", "pa": "34", "dt": "", "img": "https://www.mlbstatic.com/team-logos/116.svg", "team": "det", "start": "", "in": "4", "result": "Groundout", "evo": "53.2", "la": "12", "dist": "89"}, {"player": "victor martinez", "game": "det @ min", "gameIdx": 0, "hr/park": "", "pa": "33", "dt": "", "img": "https://www.mlbstatic.com/team-logos/116.svg", "team": "det", "start": "", "in": "4", "result": "Walk", "evo": "", "la": "", "dist": ""}, {"player": "miguel cabrera", "game": "det @ min", "gameIdx": 0, "hr/park": "0/30", "pa": "32", "dt": "", "img": "https://www.mlbstatic.com/team-logos/116.svg", "team": "det", "start": "", "in": "4", "result": "Lineout", "evo": "103.6", "la": "17", "dist": "332"}, {"player": "tyler collins", "game": "det @ min", "gameIdx": 0, "hr/park": "", "pa": "31", "dt": "", "img": "https://www.mlbstatic.com/team-logos/116.svg", "team": "det", "start": "", "in": "4", "result": "Walk", "evo": "", "la": "", "dist": ""}, {"player": "ian kinsler", "game": "det @ min", "gameIdx": 0, "hr/park": "", "pa": "30", "dt": "", "img": "https://www.mlbstatic.com/team-logos/116.svg", "team": "det", "start": "", "in": "4", "result": "Groundout", "evo": "92.2", "la": "-25", "dist": "7"}, {"player": "jorge polanco", "game": "det @ min", "gameIdx": 0, "hr/park": "0/30", "pa": "29", "dt": "", "img": "https://www.mlbstatic.com/team-logos/142.svg", "team": "min", "start": "", "in": "3", "result": "Flyout", "evo": "85.8", "la": "34", "dist": "327"}, {"player": "brian dozier", "game": "det @ min", "gameIdx": 0, "hr/park": "", "pa": "28", "dt": "", "img": "https://www.mlbstatic.com/team-logos/142.svg", "team": "min", "start": "", "in": "3", "result": "Strikeout", "evo": "", "la": "", "dist": ""}, {"player": "danny santana", "game": "det @ min", "gameIdx": 0, "hr/park": "", "pa": "27", "dt": "", "img": "https://www.mlbstatic.com/team-logos/142.svg", "team": "min", "start": "", "in": "3", "result": "Groundout", "evo": "83.8", "la": "5", "dist": "109"}, {"player": "andrew romine", "game": "det @ min", "gameIdx": 0, "hr/park": "", "pa": "26", "dt": "", "img": "https://www.mlbstatic.com/team-logos/116.svg", "team": "det", "start": "", "in": "3", "result": "Pop Out", "evo": "73.4", "la": "52", "dist": "202"}, {"player": "james mccann", "game": "det @ min", "gameIdx": 0, "hr/park": "27/30", "pa": "25", "dt": "", "img": "https://www.mlbstatic.com/team-logos/116.svg", "team": "det", "start": "", "in": "3", "result": "Home Run", "evo": "106.1", "la": "28", "dist": "428"}, {"player": "casey mcgehee", "game": "det @ min", "gameIdx": 0, "hr/park": "", "pa": "24", "dt": "", "img": "https://www.mlbstatic.com/team-logos/116.svg", "team": "det", "start": "", "in": "3", "result": "Single", "evo": "90.3", "la": "-4", "dist": "28"}, {"player": "justin upton", "game": "det @ min", "gameIdx": 0, "hr/park": "", "pa": "23", "dt": "", "img": "https://www.mlbstatic.com/team-logos/116.svg", "team": "det", "start": "", "in": "3", "result": "Groundout", "evo": "", "la": "", "dist": ""}, {"player": "jd martinez", "game": "det @ min", "gameIdx": 0, "hr/park": "", "pa": "22", "dt": "", "img": "https://www.mlbstatic.com/team-logos/116.svg", "team": "det", "start": "", "in": "3", "result": "Flyout", "evo": "96.1", "la": "50", "dist": "276"}, {"player": "victor martinez", "game": "det @ min", "gameIdx": 0, "hr/park": "", "pa": "21", "dt": "", "img": "https://www.mlbstatic.com/team-logos/116.svg", "team": "det", "start": "", "in": "3", "result": "Single", "evo": "94.9", "la": "1", "dist": "46"}, {"player": "juan centeno", "game": "det @ min", "gameIdx": 0, "hr/park": "", "pa": "20", "dt": "", "img": "https://www.mlbstatic.com/team-logos/142.svg", "team": "min", "start": "", "in": "2", "result": "Groundout", "evo": "94.3", "la": "-12", "dist": "12"}, {"player": "eduardo escobar", "game": "det @ min", "gameIdx": 0, "hr/park": "", "pa": "19", "dt": "", "img": "https://www.mlbstatic.com/team-logos/142.svg", "team": "min", "start": "", "in": "2", "result": "Single", "evo": "54.0", "la": "32", "dist": "145"}, {"player": "max kepler", "game": "det @ min", "gameIdx": 0, "hr/park": "", "pa": "18", "dt": "", "img": "https://www.mlbstatic.com/team-logos/142.svg", "team": "min", "start": "", "in": "2", "result": "Flyout", "evo": "81.0", "la": "45", "dist": "260"}, {"player": "miguel sano", "game": "det @ min", "gameIdx": 0, "hr/park": "0/30", "pa": "17", "dt": "", "img": "https://www.mlbstatic.com/team-logos/142.svg", "team": "min", "start": "", "in": "2", "result": "Flyout", "evo": "102.4", "la": "50", "dist": "311"}, {"player": "miguel cabrera", "game": "det @ min", "gameIdx": 0, "hr/park": "", "pa": "16", "dt": "", "img": "https://www.mlbstatic.com/team-logos/116.svg", "team": "det", "start": "", "in": "2", "result": "Groundout", "evo": "90.7", "la": "-9", "dist": "15"}, {"player": "tyler collins", "game": "det @ min", "gameIdx": 0, "hr/park": "", "pa": "15", "dt": "", "img": "https://www.mlbstatic.com/team-logos/116.svg", "team": "det", "start": "", "in": "2", "result": "Flyout", "evo": "73.6", "la": "34", "dist": "260"}, {"player": "ian kinsler", "game": "det @ min", "gameIdx": 0, "hr/park": "0/30", "pa": "14", "dt": "", "img": "https://www.mlbstatic.com/team-logos/116.svg", "team": "det", "start": "", "in": "2", "result": "Double", "evo": "88.0", "la": "25", "dist": "325"}, {"player": "andrew romine", "game": "det @ min", "gameIdx": 0, "hr/park": "", "pa": "13", "dt": "", "img": "https://www.mlbstatic.com/team-logos/116.svg", "team": "det", "start": "", "in": "2", "result": "Fielders Choice", "evo": "99.9", "la": "5", "dist": "105"}, {"player": "james mccann", "game": "det @ min", "gameIdx": 0, "hr/park": "", "pa": "12", "dt": "", "img": "https://www.mlbstatic.com/team-logos/116.svg", "team": "det", "start": "", "in": "2", "result": "Single", "evo": "101.5", "la": "5", "dist": "100"}, {"player": "casey mcgehee", "game": "det @ min", "gameIdx": 0, "hr/park": "", "pa": "11", "dt": "", "img": "https://www.mlbstatic.com/team-logos/116.svg", "team": "det", "start": "", "in": "2", "result": "Flyout", "evo": "72.0", "la": "34", "dist": "233"}, {"player": "justin upton", "game": "det @ min", "gameIdx": 0, "hr/park": "", "pa": "10", "dt": "", "img": "https://www.mlbstatic.com/team-logos/116.svg", "team": "det", "start": "", "in": "2", "result": "Walk", "evo": "", "la": "", "dist": ""}, {"player": "trevor plouffe", "game": "det @ min", "gameIdx": 0, "hr/park": "", "pa": "9", "dt": "", "img": "https://www.mlbstatic.com/team-logos/142.svg", "team": "min", "start": "", "in": "1", "result": "Strikeout", "evo": "", "la": "", "dist": ""}, {"player": "robbie grossman", "game": "det @ min", "gameIdx": 0, "hr/park": "", "pa": "8", "dt": "", "img": "https://www.mlbstatic.com/team-logos/142.svg", "team": "min", "start": "", "in": "1", "result": "Single", "evo": "99.1", "la": "6", "dist": "161"}, {"player": "jorge polanco", "game": "det @ min", "gameIdx": 0, "hr/park": "", "pa": "7", "dt": "", "img": "https://www.mlbstatic.com/team-logos/142.svg", "team": "min", "start": "", "in": "1", "result": "Groundout", "evo": "83.1", "la": "-22", "dist": "7"}, {"player": "brian dozier", "game": "det @ min", "gameIdx": 0, "hr/park": "", "pa": "6", "dt": "", "img": "https://www.mlbstatic.com/team-logos/142.svg", "team": "min", "start": "", "in": "1", "result": "Groundout", "evo": "", "la": "", "dist": ""}, {"player": "jd martinez", "game": "det @ min", "gameIdx": 0, "hr/park": "", "pa": "5", "dt": "", "img": "https://www.mlbstatic.com/team-logos/116.svg", "team": "det", "start": "", "in": "1", "result": "Strikeout", "evo": "", "la": "", "dist": ""}, {"player": "victor martinez", "game": "det @ min", "gameIdx": 0, "hr/park": "", "pa": "4", "dt": "", "img": "https://www.mlbstatic.com/team-logos/116.svg", "team": "det", "start": "", "in": "1", "result": "Flyout", "evo": "91.5", "la": "55", "dist": "247"}, {"player": "miguel cabrera", "game": "det @ min", "gameIdx": 0, "hr/park": "", "pa": "3", "dt": "", "img": "https://www.mlbstatic.com/team-logos/116.svg", "team": "det", "start": "", "in": "1", "result": "Walk", "evo": "", "la": "", "dist": ""}, {"player": "tyler collins", "game": "det @ min", "gameIdx": 0, "hr/park": "", "pa": "2", "dt": "", "img": "https://www.mlbstatic.com/team-logos/116.svg", "team": "det", "start": "", "in": "1", "result": "Walk", "evo": "", "la": "", "dist": ""}, {"player": "ian kinsler", "game": "det @ min", "gameIdx": 0, "hr/park": "0/30", "pa": "1", "dt": "", "img": "https://www.mlbstatic.com/team-logos/116.svg", "team": "det", "start": "", "in": "1", "result": "Lineout", "evo": "88.3", "la": "23", "dist": "308"}], "bal @ wsh": [], "laa @ tor": [], "kc @ mia": [], "nym @ stl": [], "cle @ tex": [], "sea @ chw": [], "pit @ mil": [], "atl @ ari": [], "sf @ lad": []}