{"all": {"pitchers": "21", "batters": "53", "pitches": "887", "max velomax pitch velocity": "98.6", "min velomin pitch velocity": "62.6", "ff%fourseam fastball %": "30.3", "si%sinker %": "27.8", "fc%cutter %": "3.7", "fs%splitter %": "0.6", "ch%changeup %": "10.9", "sl%slider %": "12.3", "cu%curve %": "13.4", "max evmax exit velocity": "118.9", "hhhard hit": "50", "hh%hard hit %": "29.2", "brlbarrels": "7", "brl%barrel %": "4.1", "ab": "198", "avg": ".253", "h": "50", "1b": "36", "2b": "9", "3b": "1", "hr": "4", "so": "42", "bipballs in play": "171", "liveGames": 0, "totGames": 16}, "hou @ bos": [], "mia @ wsh": [{"player": "anthony rendon", "game": "mia @ wsh", "gameIdx": 0, "hr/park": "", "pa": "81", "dt": "", "img": "https://www.mlbstatic.com/team-logos/120.svg", "team": "wsh", "start": "", "in": "9", "result": "Groundout", "evo": "88.8", "la": "-9", "dist": "19"}, {"player": "ben revere", "game": "mia @ wsh", "gameIdx": 0, "hr/park": "", "pa": "80", "dt": "", "img": "https://www.mlbstatic.com/team-logos/120.svg", "team": "wsh", "start": "", "in": "9", "result": "GIDP", "evo": "72.8", "la": "-6", "dist": "15"}, {"player": "jose lobaton", "game": "mia @ wsh", "gameIdx": 0, "hr/park": "", "pa": "79", "dt": "", "img": "https://www.mlbstatic.com/team-logos/120.svg", "team": "wsh", "start": "", "in": "9", "result": "Single", "evo": "101.6", "la": "17", "dist": "261"}, {"player": "jt realmuto", "game": "mia @ wsh", "gameIdx": 0, "hr/park": "", "pa": "78", "dt": "", "img": "https://www.mlbstatic.com/team-logos/146.svg", "team": "mia", "start": "", "in": "9", "result": "Pop Out", "evo": "", "la": "", "dist": ""}, {"player": "marcell ozuna", "game": "mia @ wsh", "gameIdx": 0, "hr/park": "", "pa": "77", "dt": "", "img": "https://www.mlbstatic.com/team-logos/146.svg", "team": "mia", "start": "", "in": "9", "result": "Single", "evo": "108.6", "la": "3", "dist": "85"}, {"player": "adeiny hechavarria", "game": "mia @ wsh", "gameIdx": 0, "hr/park": "", "pa": "76", "dt": "", "img": "https://www.mlbstatic.com/team-logos/146.svg", "team": "mia", "start": "", "in": "9", "result": "Flyout", "evo": "85.7", "la": "30", "dist": "299"}, {"player": "giancarlo stanton", "game": "mia @ wsh", "gameIdx": 0, "hr/park": "", "pa": "75", "dt": "", "img": "https://www.mlbstatic.com/team-logos/146.svg", "team": "mia", "start": "", "in": "9", "result": "Single", "evo": "118.9", "la": "6", "dist": "147"}, {"player": "christian yelich", "game": "mia @ wsh", "gameIdx": 0, "hr/park": "", "pa": "74", "dt": "", "img": "https://www.mlbstatic.com/team-logos/146.svg", "team": "mia", "start": "", "in": "9", "result": "Strikeout", "evo": "", "la": "", "dist": ""}, {"player": "martin prado", "game": "mia @ wsh", "gameIdx": 0, "hr/park": "", "pa": "73", "dt": "", "img": "https://www.mlbstatic.com/team-logos/146.svg", "team": "mia", "start": "", "in": "9", "result": "Single", "evo": "83.9", "la": "15", "dist": "254"}, {"player": "stephen drew", "game": "mia @ wsh", "gameIdx": 0, "hr/park": "", "pa": "72", "dt": "", "img": "https://www.mlbstatic.com/team-logos/120.svg", "team": "wsh", "start": "", "in": "8", "result": "Groundout", "evo": "80.1", "la": "-10", "dist": "10"}, {"player": "chris heisey", "game": "mia @ wsh", "gameIdx": 0, "hr/park": "", "pa": "71", "dt": "", "img": "https://www.mlbstatic.com/team-logos/120.svg", "team": "wsh", "start": "", "in": "8", "result": "Walk", "evo": "", "la": "", "dist": ""}, {"player": "matthew den dekker", "game": "mia @ wsh", "gameIdx": 0, "hr/park": "", "pa": "70", "dt": "", "img": "https://www.mlbstatic.com/team-logos/120.svg", "team": "wsh", "start": "", "in": "8", "result": "Strikeout", "evo": "", "la": "", "dist": ""}, {"player": "clint robinson", "game": "mia @ wsh", "gameIdx": 0, "hr/park": "", "pa": "69", "dt": "", "img": "https://www.mlbstatic.com/team-logos/120.svg", "team": "wsh", "start": "", "in": "8", "result": "Groundout", "evo": "110.8", "la": "-8", "dist": "18"}, {"player": "derek dietrich", "game": "mia @ wsh", "gameIdx": 0, "hr/park": "0/30", "pa": "68", "dt": "", "img": "https://www.mlbstatic.com/team-logos/146.svg", "team": "mia", "start": "", "in": "8", "result": "Flyout", "evo": "95.5", "la": "34", "dist": "329"}, {"player": "chris johnson", "game": "mia @ wsh", "gameIdx": 0, "hr/park": "", "pa": "67", "dt": "", "img": "https://www.mlbstatic.com/team-logos/146.svg", "team": "mia", "start": "", "in": "8", "result": "Lineout", "evo": "108.1", "la": "8", "dist": "156"}, {"player": "miguel rojas", "game": "mia @ wsh", "gameIdx": 0, "hr/park": "", "pa": "66", "dt": "", "img": "https://www.mlbstatic.com/team-logos/146.svg", "team": "mia", "start": "", "in": "8", "result": "Groundout", "evo": "", "la": "", "dist": ""}, {"player": "wilson ramos", "game": "mia @ wsh", "gameIdx": 0, "hr/park": "0/30", "pa": "65", "dt": "", "img": "https://www.mlbstatic.com/team-logos/120.svg", "team": "wsh", "start": "", "in": "7", "result": "Lineout", "evo": "102.8", "la": "17", "dist": "301"}, {"player": "daniel murphy", "game": "mia @ wsh", "gameIdx": 0, "hr/park": "", "pa": "64", "dt": "", "img": "https://www.mlbstatic.com/team-logos/120.svg", "team": "wsh", "start": "", "in": "7", "result": "Single", "evo": "96.5", "la": "-2", "dist": "41"}, {"player": "anthony rendon", "game": "mia @ wsh", "gameIdx": 0, "hr/park": "", "pa": "63", "dt": "", "img": "https://www.mlbstatic.com/team-logos/120.svg", "team": "wsh", "start": "", "in": "7", "result": "Walk", "evo": "", "la": "", "dist": ""}, {"player": "ben revere", "game": "mia @ wsh", "gameIdx": 0, "hr/park": "", "pa": "62", "dt": "", "img": "https://www.mlbstatic.com/team-logos/120.svg", "team": "wsh", "start": "", "in": "7", "result": "Groundout", "evo": "89.5", "la": "-11", "dist": "14"}, {"player": "sammy solis", "game": "mia @ wsh", "gameIdx": 0, "hr/park": "", "pa": "61", "dt": "", "img": "https://www.mlbstatic.com/team-logos/120.svg", "team": "wsh", "start": "", "in": "7", "result": "Groundout", "evo": "91.6", "la": "3", "dist": "58"}, {"player": "jt realmuto", "game": "mia @ wsh", "gameIdx": 0, "hr/park": "", "pa": "60", "dt": "", "img": "https://www.mlbstatic.com/team-logos/146.svg", "team": "mia", "start": "", "in": "7", "result": "Strikeout", "evo": "", "la": "", "dist": ""}, {"player": "marcell ozuna", "game": "mia @ wsh", "gameIdx": 0, "hr/park": "", "pa": "59", "dt": "", "img": "https://www.mlbstatic.com/team-logos/146.svg", "team": "mia", "start": "", "in": "7", "result": "Strikeout", "evo": "", "la": "", "dist": ""}, {"player": "justin bour", "game": "mia @ wsh", "gameIdx": 0, "hr/park": "", "pa": "58", "dt": "", "img": "https://www.mlbstatic.com/team-logos/146.svg", "team": "mia", "start": "", "in": "7", "result": "Groundout", "evo": "98.7", "la": "-19", "dist": "9"}, {"player": "stephen drew", "game": "mia @ wsh", "gameIdx": 0, "hr/park": "", "pa": "57", "dt": "", "img": "https://www.mlbstatic.com/team-logos/120.svg", "team": "wsh", "start": "", "in": "6", "result": "Groundout", "evo": "85.2", "la": "-27", "dist": "6"}, {"player": "chris heisey", "game": "mia @ wsh", "gameIdx": 0, "hr/park": "", "pa": "56", "dt": "", "img": "https://www.mlbstatic.com/team-logos/120.svg", "team": "wsh", "start": "", "in": "6", "result": "Groundout", "evo": "96.1", "la": "-2", "dist": "40"}, {"player": "matthew den dekker", "game": "mia @ wsh", "gameIdx": 0, "hr/park": "", "pa": "55", "dt": "", "img": "https://www.mlbstatic.com/team-logos/120.svg", "team": "wsh", "start": "", "in": "6", "result": "Groundout", "evo": "84.1", "la": "-6", "dist": "20"}, {"player": "giancarlo stanton", "game": "mia @ wsh", "gameIdx": 0, "hr/park": "", "pa": "54", "dt": "", "img": "https://www.mlbstatic.com/team-logos/146.svg", "team": "mia", "start": "", "in": "6", "result": "Groundout", "evo": "87.1", "la": "", "dist": "49"}, {"player": "christian yelich", "game": "mia @ wsh", "gameIdx": 0, "hr/park": "", "pa": "53", "dt": "", "img": "https://www.mlbstatic.com/team-logos/146.svg", "team": "mia", "start": "", "in": "6", "result": "Forceout", "evo": "102.6", "la": "-22", "dist": "5"}, {"player": "martin prado", "game": "mia @ wsh", "gameIdx": 0, "hr/park": "", "pa": "52", "dt": "", "img": "https://www.mlbstatic.com/team-logos/146.svg", "team": "mia", "start": "", "in": "6", "result": "Walk", "evo": "", "la": "", "dist": ""}, {"player": "derek dietrich", "game": "mia @ wsh", "gameIdx": 0, "hr/park": "", "pa": "51", "dt": "", "img": "https://www.mlbstatic.com/team-logos/146.svg", "team": "mia", "start": "", "in": "6", "result": "Strikeout", "evo": "", "la": "", "dist": ""}, {"player": "clint robinson", "game": "mia @ wsh", "gameIdx": 0, "hr/park": "", "pa": "50", "dt": "", "img": "https://www.mlbstatic.com/team-logos/120.svg", "team": "wsh", "start": "", "in": "5", "result": "Flyout", "evo": "91.8", "la": "57", "dist": "239"}, {"player": "wilson ramos", "game": "mia @ wsh", "gameIdx": 0, "hr/park": "", "pa": "49", "dt": "", "img": "https://www.mlbstatic.com/team-logos/120.svg", "team": "wsh", "start": "", "in": "5", "result": "Single", "evo": "81.3", "la": "20", "dist": "256"}, {"player": "daniel murphy", "game": "mia @ wsh", "gameIdx": 0, "hr/park": "0/30", "pa": "48", "dt": "", "img": "https://www.mlbstatic.com/team-logos/120.svg", "team": "wsh", "start": "", "in": "5", "result": "Flyout", "evo": "98.4", "la": "34", "dist": "363"}, {"player": "anthony rendon", "game": "mia @ wsh", "gameIdx": 0, "hr/park": "", "pa": "47", "dt": "", "img": "https://www.mlbstatic.com/team-logos/120.svg", "team": "wsh", "start": "", "in": "5", "result": "Walk", "evo": "", "la": "", "dist": ""}, {"player": "ben revere", "game": "mia @ wsh", "gameIdx": 0, "hr/park": "", "pa": "46", "dt": "", "img": "https://www.mlbstatic.com/team-logos/120.svg", "team": "wsh", "start": "", "in": "5", "result": "Lineout", "evo": "60.3", "la": "21", "dist": "154"}, {"player": "jose urena", "game": "mia @ wsh", "gameIdx": 0, "hr/park": "", "pa": "45", "dt": "", "img": "https://www.mlbstatic.com/team-logos/146.svg", "team": "mia", "start": "", "in": "5", "result": "Strikeout", "evo": "", "la": "", "dist": ""}, {"player": "miguel rojas", "game": "mia @ wsh", "gameIdx": 0, "hr/park": "", "pa": "44", "dt": "", "img": "https://www.mlbstatic.com/team-logos/146.svg", "team": "mia", "start": "", "in": "5", "result": "Intent Walk", "evo": "", "la": "", "dist": ""}, {"player": "jt realmuto", "game": "mia @ wsh", "gameIdx": 0, "hr/park": "", "pa": "43", "dt": "", "img": "https://www.mlbstatic.com/team-logos/146.svg", "team": "mia", "start": "", "in": "5", "result": "Single", "evo": "94.4", "la": "3", "dist": "92"}, {"player": "marcell ozuna", "game": "mia @ wsh", "gameIdx": 0, "hr/park": "", "pa": "42", "dt": "", "img": "https://www.mlbstatic.com/team-logos/146.svg", "team": "mia", "start": "", "in": "5", "result": "Single", "evo": "98.3", "la": "-27", "dist": "6"}, {"player": "justin bour", "game": "mia @ wsh", "gameIdx": 0, "hr/park": "", "pa": "41", "dt": "", "img": "https://www.mlbstatic.com/team-logos/146.svg", "team": "mia", "start": "", "in": "5", "result": "Strikeout", "evo": "", "la": "", "dist": ""}, {"player": "giancarlo stanton", "game": "mia @ wsh", "gameIdx": 0, "hr/park": "", "pa": "40", "dt": "", "img": "https://www.mlbstatic.com/team-logos/146.svg", "team": "mia", "start": "", "in": "5", "result": "Pop Out", "evo": "", "la": "", "dist": ""}, {"player": "christian yelich", "game": "mia @ wsh", "gameIdx": 0, "hr/park": "", "pa": "39", "dt": "", "img": "https://www.mlbstatic.com/team-logos/146.svg", "team": "mia", "start": "", "in": "5", "result": "Walk", "evo": "", "la": "", "dist": ""}, {"player": "martin prado", "game": "mia @ wsh", "gameIdx": 0, "hr/park": "", "pa": "38", "dt": "", "img": "https://www.mlbstatic.com/team-logos/146.svg", "team": "mia", "start": "", "in": "5", "result": "Single", "evo": "75.5", "la": "6", "dist": "98"}, {"player": "derek dietrich", "game": "mia @ wsh", "gameIdx": 0, "hr/park": "", "pa": "37", "dt": "", "img": "https://www.mlbstatic.com/team-logos/146.svg", "team": "mia", "start": "", "in": "5", "result": "Walk", "evo": "", "la": "", "dist": ""}, {"player": "tanner roark", "game": "mia @ wsh", "gameIdx": 0, "hr/park": "", "pa": "36", "dt": "", "img": "https://www.mlbstatic.com/team-logos/120.svg", "team": "wsh", "start": "", "in": "4", "result": "Groundout", "evo": "", "la": "", "dist": ""}, {"player": "stephen drew", "game": "mia @ wsh", "gameIdx": 0, "hr/park": "", "pa": "35", "dt": "", "img": "https://www.mlbstatic.com/team-logos/120.svg", "team": "wsh", "start": "", "in": "4", "result": "Sac Fly", "evo": "93.2", "la": "45", "dist": "292"}, {"player": "chris heisey", "game": "mia @ wsh", "gameIdx": 0, "hr/park": "", "pa": "34", "dt": "", "img": "https://www.mlbstatic.com/team-logos/120.svg", "team": "wsh", "start": "", "in": "4", "result": "Single", "evo": "87.7", "la": "17", "dist": "282"}, {"player": "matthew den dekker", "game": "mia @ wsh", "gameIdx": 0, "hr/park": "", "pa": "33", "dt": "", "img": "https://www.mlbstatic.com/team-logos/120.svg", "team": "wsh", "start": "", "in": "4", "result": "Hit By Pitch", "evo": "", "la": "", "dist": ""}, {"player": "clint robinson", "game": "mia @ wsh", "gameIdx": 0, "hr/park": "", "pa": "32", "dt": "", "img": "https://www.mlbstatic.com/team-logos/120.svg", "team": "wsh", "start": "", "in": "4", "result": "Groundout", "evo": "", "la": "", "dist": ""}, {"player": "cole gillespie", "game": "mia @ wsh", "gameIdx": 0, "hr/park": "", "pa": "31", "dt": "", "img": "https://www.mlbstatic.com/team-logos/146.svg", "team": "mia", "start": "", "in": "4", "result": "Strikeout", "evo": "", "la": "", "dist": ""}, {"player": "miguel rojas", "game": "mia @ wsh", "gameIdx": 0, "hr/park": "", "pa": "30", "dt": "", "img": "https://www.mlbstatic.com/team-logos/146.svg", "team": "mia", "start": "", "in": "4", "result": "Strikeout", "evo": "", "la": "", "dist": ""}, {"player": "jt realmuto", "game": "mia @ wsh", "gameIdx": 0, "hr/park": "", "pa": "29", "dt": "", "img": "https://www.mlbstatic.com/team-logos/146.svg", "team": "mia", "start": "", "in": "4", "result": "Groundout", "evo": "61.5", "la": "-11", "dist": "17"}, {"player": "wilson ramos", "game": "mia @ wsh", "gameIdx": 0, "hr/park": "0/30", "pa": "28", "dt": "", "img": "https://www.mlbstatic.com/team-logos/120.svg", "team": "wsh", "start": "", "in": "3", "result": "Flyout", "evo": "88.7", "la": "32", "dist": "314"}, {"player": "daniel murphy", "game": "mia @ wsh", "gameIdx": 0, "hr/park": "", "pa": "27", "dt": "", "img": "https://www.mlbstatic.com/team-logos/120.svg", "team": "wsh", "start": "", "in": "3", "result": "Flyout", "evo": "89.1", "la": "47", "dist": "248"}, {"player": "anthony rendon", "game": "mia @ wsh", "gameIdx": 0, "hr/park": "", "pa": "26", "dt": "", "img": "https://www.mlbstatic.com/team-logos/120.svg", "team": "wsh", "start": "", "in": "3", "result": "Strikeout", "evo": "", "la": "", "dist": ""}, {"player": "marcell ozuna", "game": "mia @ wsh", "gameIdx": 0, "hr/park": "", "pa": "25", "dt": "", "img": "https://www.mlbstatic.com/team-logos/146.svg", "team": "mia", "start": "", "in": "3", "result": "Groundout", "evo": "79.5", "la": "-17", "dist": "6"}, {"player": "justin bour", "game": "mia @ wsh", "gameIdx": 0, "hr/park": "29/30", "pa": "24", "dt": "", "img": "https://www.mlbstatic.com/team-logos/146.svg", "team": "mia", "start": "", "in": "3", "result": "Home Run", "evo": "109.9", "la": "25", "dist": "435"}, {"player": "giancarlo stanton", "game": "mia @ wsh", "gameIdx": 0, "hr/park": "0/30", "pa": "23", "dt": "", "img": "https://www.mlbstatic.com/team-logos/146.svg", "team": "mia", "start": "", "in": "3", "result": "Lineout", "evo": "97.3", "la": "17", "dist": "301"}, {"player": "christian yelich", "game": "mia @ wsh", "gameIdx": 0, "hr/park": "", "pa": "22", "dt": "", "img": "https://www.mlbstatic.com/team-logos/146.svg", "team": "mia", "start": "", "in": "3", "result": "Groundout", "evo": "105.4", "la": "1", "dist": "53"}, {"player": "ben revere", "game": "mia @ wsh", "gameIdx": 0, "hr/park": "", "pa": "21", "dt": "", "img": "https://www.mlbstatic.com/team-logos/120.svg", "team": "wsh", "start": "", "in": "2", "result": "Groundout", "evo": "63.2", "la": "-28", "dist": "8"}, {"player": "tanner roark", "game": "mia @ wsh", "gameIdx": 0, "hr/park": "", "pa": "20", "dt": "", "img": "https://www.mlbstatic.com/team-logos/120.svg", "team": "wsh", "start": "", "in": "2", "result": "Lineout", "evo": "56.2", "la": "10", "dist": "83"}, {"player": "stephen drew", "game": "mia @ wsh", "gameIdx": 0, "hr/park": "", "pa": "19", "dt": "", "img": "https://www.mlbstatic.com/team-logos/120.svg", "team": "wsh", "start": "", "in": "2", "result": "Walk", "evo": "", "la": "", "dist": ""}, {"player": "chris heisey", "game": "mia @ wsh", "gameIdx": 0, "hr/park": "", "pa": "18", "dt": "", "img": "https://www.mlbstatic.com/team-logos/120.svg", "team": "wsh", "start": "", "in": "2", "result": "Flyout", "evo": "73.8", "la": "33", "dist": "239"}, {"player": "matthew den dekker", "game": "mia @ wsh", "gameIdx": 0, "hr/park": "", "pa": "17", "dt": "", "img": "https://www.mlbstatic.com/team-logos/120.svg", "team": "wsh", "start": "", "in": "2", "result": "Walk", "evo": "", "la": "", "dist": ""}, {"player": "clint robinson", "game": "mia @ wsh", "gameIdx": 0, "hr/park": "", "pa": "16", "dt": "", "img": "https://www.mlbstatic.com/team-logos/120.svg", "team": "wsh", "start": "", "in": "2", "result": "Walk", "evo": "", "la": "", "dist": ""}, {"player": "martin prado", "game": "mia @ wsh", "gameIdx": 0, "hr/park": "", "pa": "15", "dt": "", "img": "https://www.mlbstatic.com/team-logos/146.svg", "team": "mia", "start": "", "in": "2", "result": "Groundout", "evo": "62.1", "la": "-21", "dist": "8"}, {"player": "derek dietrich", "game": "mia @ wsh", "gameIdx": 0, "hr/park": "0/30", "pa": "14", "dt": "", "img": "https://www.mlbstatic.com/team-logos/146.svg", "team": "mia", "start": "", "in": "2", "result": "Double", "evo": "107.9", "la": "16", "dist": "337"}, {"player": "kendry flores", "game": "mia @ wsh", "gameIdx": 0, "hr/park": "", "pa": "13", "dt": "", "img": "https://www.mlbstatic.com/team-logos/146.svg", "team": "mia", "start": "", "in": "2", "result": "Strikeout", "evo": "", "la": "", "dist": ""}, {"player": "miguel rojas", "game": "mia @ wsh", "gameIdx": 0, "hr/park": "", "pa": "12", "dt": "", "img": "https://www.mlbstatic.com/team-logos/146.svg", "team": "mia", "start": "", "in": "2", "result": "Single", "evo": "92.1", "la": "1", "dist": "53"}, {"player": "jt realmuto", "game": "mia @ wsh", "gameIdx": 0, "hr/park": "", "pa": "11", "dt": "", "img": "https://www.mlbstatic.com/team-logos/146.svg", "team": "mia", "start": "", "in": "2", "result": "Lineout", "evo": "77.9", "la": "25", "dist": "257"}, {"player": "marcell ozuna", "game": "mia @ wsh", "gameIdx": 0, "hr/park": "", "pa": "10", "dt": "", "img": "https://www.mlbstatic.com/team-logos/146.svg", "team": "mia", "start": "", "in": "2", "result": "Triple", "evo": "91.1", "la": "21", "dist": "282"}, {"player": "wilson ramos", "game": "mia @ wsh", "gameIdx": 0, "hr/park": "", "pa": "9", "dt": "", "img": "https://www.mlbstatic.com/team-logos/120.svg", "team": "wsh", "start": "", "in": "1", "result": "Pop Out", "evo": "", "la": "", "dist": ""}, {"player": "daniel murphy", "game": "mia @ wsh", "gameIdx": 0, "hr/park": "", "pa": "8", "dt": "", "img": "https://www.mlbstatic.com/team-logos/120.svg", "team": "wsh", "start": "", "in": "1", "result": "Single", "evo": "72.5", "la": "29", "dist": "242"}, {"player": "anthony rendon", "game": "mia @ wsh", "gameIdx": 0, "hr/park": "1/30", "pa": "7", "dt": "", "img": "https://www.mlbstatic.com/team-logos/120.svg", "team": "wsh", "start": "", "in": "1", "result": "Lineout", "evo": "99.5", "la": "25", "dist": "357"}, {"player": "ben revere", "game": "mia @ wsh", "gameIdx": 0, "hr/park": "", "pa": "6", "dt": "", "img": "https://www.mlbstatic.com/team-logos/120.svg", "team": "wsh", "start": "", "in": "1", "result": "Lineout", "evo": "94.2", "la": "5", "dist": "112"}, {"player": "justin bour", "game": "mia @ wsh", "gameIdx": 0, "hr/park": "", "pa": "5", "dt": "", "img": "https://www.mlbstatic.com/team-logos/146.svg", "team": "mia", "start": "", "in": "1", "result": "Flyout", "evo": "91.1", "la": "51", "dist": "244"}, {"player": "giancarlo stanton", "game": "mia @ wsh", "gameIdx": 0, "hr/park": "", "pa": "4", "dt": "", "img": "https://www.mlbstatic.com/team-logos/146.svg", "team": "mia", "start": "", "in": "1", "result": "Groundout", "evo": "", "la": "", "dist": ""}, {"player": "christian yelich", "game": "mia @ wsh", "gameIdx": 0, "hr/park": "", "pa": "3", "dt": "", "img": "https://www.mlbstatic.com/team-logos/146.svg", "team": "mia", "start": "", "in": "1", "result": "Lineout", "evo": "103.5", "la": "15", "dist": "282"}, {"player": "martin prado", "game": "mia @ wsh", "gameIdx": 0, "hr/park": "", "pa": "2", "dt": "", "img": "https://www.mlbstatic.com/team-logos/146.svg", "team": "mia", "start": "", "in": "1", "result": "Single", "evo": "97.5", "la": "-10", "dist": "11"}, {"player": "derek dietrich", "game": "mia @ wsh", "gameIdx": 0, "hr/park": "", "pa": "1", "dt": "", "img": "https://www.mlbstatic.com/team-logos/146.svg", "team": "mia", "start": "", "in": "1", "result": "Hit By Pitch", "evo": "", "la": "", "dist": ""}], "chw @ nyy": [], "pit @ chc": [], "min @ cle": [], "ath @ tb": [], "det @ bal": [], "cin @ phi": [{"player": "jordan pacheco", "game": "cin @ phi", "gameIdx": 0, "hr/park": "", "pa": "71", "dt": "", "img": "https://www.mlbstatic.com/team-logos/113.svg", "team": "cin", "start": "", "in": "9", "result": "Double Play", "evo": "87.6", "la": "45", "dist": "286"}, {"player": "tucker barnhart", "game": "cin @ phi", "gameIdx": 0, "hr/park": "", "pa": "70", "dt": "", "img": "https://www.mlbstatic.com/team-logos/113.svg", "team": "cin", "start": "", "in": "9", "result": "Groundout", "evo": "", "la": "", "dist": ""}, {"player": "adam duvall", "game": "cin @ phi", "gameIdx": 0, "hr/park": "0/30", "pa": "69", "dt": "", "img": "https://www.mlbstatic.com/team-logos/113.svg", "team": "cin", "start": "", "in": "9", "result": "Double", "evo": "96.7", "la": "23", "dist": "333"}, {"player": "eugenio suarez", "game": "cin @ phi", "gameIdx": 0, "hr/park": "", "pa": "68", "dt": "", "img": "https://www.mlbstatic.com/team-logos/113.svg", "team": "cin", "start": "", "in": "9", "result": "Single", "evo": "86.4", "la": "21", "dist": "252"}, {"player": "jay bruce", "game": "cin @ phi", "gameIdx": 0, "hr/park": "", "pa": "67", "dt": "", "img": "https://www.mlbstatic.com/team-logos/113.svg", "team": "cin", "start": "", "in": "9", "result": "Walk", "evo": "", "la": "", "dist": ""}, {"player": "tyler goeddel", "game": "cin @ phi", "gameIdx": 0, "hr/park": "", "pa": "66", "dt": "", "img": "https://www.mlbstatic.com/team-logos/143.svg", "team": "phi", "start": "", "in": "8", "result": "Forceout", "evo": "103.9", "la": "-3", "dist": "34"}, {"player": "cameron rupp", "game": "cin @ phi", "gameIdx": 0, "hr/park": "", "pa": "65", "dt": "", "img": "https://www.mlbstatic.com/team-logos/143.svg", "team": "phi", "start": "", "in": "8", "result": "Single", "evo": "112.4", "la": "-2", "dist": "35"}, {"player": "freddy galvis", "game": "cin @ phi", "gameIdx": 0, "hr/park": "", "pa": "64", "dt": "", "img": "https://www.mlbstatic.com/team-logos/143.svg", "team": "phi", "start": "", "in": "8", "result": "Bunt Groundout", "evo": "", "la": "", "dist": ""}, {"player": "ryan howard", "game": "cin @ phi", "gameIdx": 0, "hr/park": "", "pa": "63", "dt": "", "img": "https://www.mlbstatic.com/team-logos/143.svg", "team": "phi", "start": "", "in": "8", "result": "Groundout", "evo": "74.7", "la": "-19", "dist": "8"}, {"player": "brandon phillips", "game": "cin @ phi", "gameIdx": 0, "hr/park": "", "pa": "62", "dt": "", "img": "https://www.mlbstatic.com/team-logos/113.svg", "team": "cin", "start": "", "in": "8", "result": "Pop Out", "evo": "", "la": "", "dist": ""}, {"player": "joey votto", "game": "cin @ phi", "gameIdx": 0, "hr/park": "", "pa": "61", "dt": "", "img": "https://www.mlbstatic.com/team-logos/113.svg", "team": "cin", "start": "", "in": "8", "result": "Walk", "evo": "", "la": "", "dist": ""}, {"player": "jose peraza", "game": "cin @ phi", "gameIdx": 0, "hr/park": "", "pa": "60", "dt": "", "img": "https://www.mlbstatic.com/team-logos/113.svg", "team": "cin", "start": "", "in": "8", "result": "Strikeout", "evo": "", "la": "", "dist": ""}, {"player": "zack cozart", "game": "cin @ phi", "gameIdx": 0, "hr/park": "", "pa": "59", "dt": "", "img": "https://www.mlbstatic.com/team-logos/113.svg", "team": "cin", "start": "", "in": "8", "result": "Strikeout", "evo": "", "la": "", "dist": ""}, {"player": "maikel franco", "game": "cin @ phi", "gameIdx": 0, "hr/park": "", "pa": "58", "dt": "", "img": "https://www.mlbstatic.com/team-logos/143.svg", "team": "phi", "start": "", "in": "7", "result": "Groundout", "evo": "95.2", "la": "-27", "dist": "5"}, {"player": "cesar hernandez", "game": "cin @ phi", "gameIdx": 0, "hr/park": "", "pa": "57", "dt": "", "img": "https://www.mlbstatic.com/team-logos/143.svg", "team": "phi", "start": "", "in": "7", "result": "Groundout", "evo": "93.5", "la": "-23", "dist": "5"}, {"player": "odubel herrera", "game": "cin @ phi", "gameIdx": 0, "hr/park": "5/30", "pa": "56", "dt": "", "img": "https://www.mlbstatic.com/team-logos/143.svg", "team": "phi", "start": "", "in": "7", "result": "Home Run", "evo": "102.2", "la": "21", "dist": "364"}, {"player": "peter bourjos", "game": "cin @ phi", "gameIdx": 0, "hr/park": "", "pa": "55", "dt": "", "img": "https://www.mlbstatic.com/team-logos/143.svg", "team": "phi", "start": "", "in": "7", "result": "Strikeout", "evo": "", "la": "", "dist": ""}, {"player": "ramon cabrera", "game": "cin @ phi", "gameIdx": 0, "hr/park": "", "pa": "54", "dt": "", "img": "https://www.mlbstatic.com/team-logos/113.svg", "team": "cin", "start": "", "in": "7", "result": "Strikeout", "evo": "", "la": "", "dist": ""}, {"player": "tucker barnhart", "game": "cin @ phi", "gameIdx": 0, "hr/park": "", "pa": "53", "dt": "", "img": "https://www.mlbstatic.com/team-logos/113.svg", "team": "cin", "start": "", "in": "7", "result": "Strikeout", "evo": "", "la": "", "dist": ""}, {"player": "adam duvall", "game": "cin @ phi", "gameIdx": 0, "hr/park": "", "pa": "52", "dt": "", "img": "https://www.mlbstatic.com/team-logos/113.svg", "team": "cin", "start": "", "in": "7", "result": "Double", "evo": "88.2", "la": "3", "dist": "63"}, {"player": "eugenio suarez", "game": "cin @ phi", "gameIdx": 0, "hr/park": "", "pa": "51", "dt": "", "img": "https://www.mlbstatic.com/team-logos/113.svg", "team": "cin", "start": "", "in": "7", "result": "Strikeout", "evo": "", "la": "", "dist": ""}, {"player": "jay bruce", "game": "cin @ phi", "gameIdx": 0, "hr/park": "", "pa": "50", "dt": "", "img": "https://www.mlbstatic.com/team-logos/113.svg", "team": "cin", "start": "", "in": "7", "result": "Fielders Choice", "evo": "", "la": "", "dist": ""}, {"player": "brandon phillips", "game": "cin @ phi", "gameIdx": 0, "hr/park": "", "pa": "49", "dt": "", "img": "https://www.mlbstatic.com/team-logos/113.svg", "team": "cin", "start": "", "in": "7", "result": "Single", "evo": "75.4", "la": "28", "dist": "252"}, {"player": "aaron nola", "game": "cin @ phi", "gameIdx": 0, "hr/park": "", "pa": "48", "dt": "", "img": "https://www.mlbstatic.com/team-logos/143.svg", "team": "phi", "start": "", "in": "6", "result": "Strikeout", "evo": "", "la": "", "dist": ""}, {"player": "tyler goeddel", "game": "cin @ phi", "gameIdx": 0, "hr/park": "", "pa": "47", "dt": "", "img": "https://www.mlbstatic.com/team-logos/143.svg", "team": "phi", "start": "", "in": "6", "result": "Walk", "evo": "", "la": "", "dist": ""}, {"player": "cameron rupp", "game": "cin @ phi", "gameIdx": 0, "hr/park": "", "pa": "46", "dt": "", "img": "https://www.mlbstatic.com/team-logos/143.svg", "team": "phi", "start": "", "in": "6", "result": "Flyout", "evo": "73.6", "la": "45", "dist": "221"}, {"player": "freddy galvis", "game": "cin @ phi", "gameIdx": 0, "hr/park": "", "pa": "45", "dt": "", "img": "https://www.mlbstatic.com/team-logos/143.svg", "team": "phi", "start": "", "in": "6", "result": "Strikeout", "evo": "", "la": "", "dist": ""}, {"player": "joey votto", "game": "cin @ phi", "gameIdx": 0, "hr/park": "", "pa": "44", "dt": "", "img": "https://www.mlbstatic.com/team-logos/113.svg", "team": "cin", "start": "", "in": "6", "result": "Strikeout", "evo": "", "la": "", "dist": ""}, {"player": "jose peraza", "game": "cin @ phi", "gameIdx": 0, "hr/park": "", "pa": "43", "dt": "", "img": "https://www.mlbstatic.com/team-logos/113.svg", "team": "cin", "start": "", "in": "6", "result": "Groundout", "evo": "", "la": "", "dist": ""}, {"player": "zack cozart", "game": "cin @ phi", "gameIdx": 0, "hr/park": "", "pa": "42", "dt": "", "img": "https://www.mlbstatic.com/team-logos/113.svg", "team": "cin", "start": "", "in": "6", "result": "Groundout", "evo": "", "la": "", "dist": ""}, {"player": "ryan howard", "game": "cin @ phi", "gameIdx": 0, "hr/park": "", "pa": "41", "dt": "", "img": "https://www.mlbstatic.com/team-logos/143.svg", "team": "phi", "start": "", "in": "5", "result": "Groundout", "evo": "64.7", "la": "-17", "dist": "11"}, {"player": "maikel franco", "game": "cin @ phi", "gameIdx": 0, "hr/park": "", "pa": "40", "dt": "", "img": "https://www.mlbstatic.com/team-logos/143.svg", "team": "phi", "start": "", "in": "5", "result": "Pop Out", "evo": "65.5", "la": "56", "dist": "159"}, {"player": "cesar hernandez", "game": "cin @ phi", "gameIdx": 0, "hr/park": "", "pa": "39", "dt": "", "img": "https://www.mlbstatic.com/team-logos/143.svg", "team": "phi", "start": "", "in": "5", "result": "Single", "evo": "82.0", "la": "-14", "dist": "10"}, {"player": "odubel herrera", "game": "cin @ phi", "gameIdx": 0, "hr/park": "", "pa": "38", "dt": "", "img": "https://www.mlbstatic.com/team-logos/143.svg", "team": "phi", "start": "", "in": "5", "result": "Single", "evo": "104.4", "la": "-8", "dist": "19"}, {"player": "peter bourjos", "game": "cin @ phi", "gameIdx": 0, "hr/park": "", "pa": "37", "dt": "", "img": "https://www.mlbstatic.com/team-logos/143.svg", "team": "phi", "start": "", "in": "5", "result": "Sac Bunt", "evo": "", "la": "", "dist": ""}, {"player": "aaron nola", "game": "cin @ phi", "gameIdx": 0, "hr/park": "", "pa": "36", "dt": "", "img": "https://www.mlbstatic.com/team-logos/143.svg", "team": "phi", "start": "", "in": "5", "result": "Walk", "evo": "", "la": "", "dist": ""}, {"player": "tyler goeddel", "game": "cin @ phi", "gameIdx": 0, "hr/park": "", "pa": "35", "dt": "", "img": "https://www.mlbstatic.com/team-logos/143.svg", "team": "phi", "start": "", "in": "5", "result": "Single", "evo": "100.7", "la": "-20", "dist": "8"}, {"player": "tim adleman", "game": "cin @ phi", "gameIdx": 0, "hr/park": "", "pa": "34", "dt": "", "img": "https://www.mlbstatic.com/team-logos/113.svg", "team": "cin", "start": "", "in": "5", "result": "Strikeout", "evo": "", "la": "", "dist": ""}, {"player": "tucker barnhart", "game": "cin @ phi", "gameIdx": 0, "hr/park": "", "pa": "33", "dt": "", "img": "https://www.mlbstatic.com/team-logos/113.svg", "team": "cin", "start": "", "in": "5", "result": "Groundout", "evo": "90.0", "la": "-10", "dist": "9"}, {"player": "adam duvall", "game": "cin @ phi", "gameIdx": 0, "hr/park": "", "pa": "32", "dt": "", "img": "https://www.mlbstatic.com/team-logos/113.svg", "team": "cin", "start": "", "in": "5", "result": "Strikeout", "evo": "", "la": "", "dist": ""}, {"player": "cameron rupp", "game": "cin @ phi", "gameIdx": 0, "hr/park": "0/30", "pa": "31", "dt": "", "img": "https://www.mlbstatic.com/team-logos/143.svg", "team": "phi", "start": "", "in": "4", "result": "Lineout", "evo": "88.8", "la": "22", "dist": "312"}, {"player": "freddy galvis", "game": "cin @ phi", "gameIdx": 0, "hr/park": "", "pa": "30", "dt": "", "img": "https://www.mlbstatic.com/team-logos/143.svg", "team": "phi", "start": "", "in": "4", "result": "Strikeout", "evo": "", "la": "", "dist": ""}, {"player": "ryan howard", "game": "cin @ phi", "gameIdx": 0, "hr/park": "1/30", "pa": "29", "dt": "", "img": "https://www.mlbstatic.com/team-logos/143.svg", "team": "phi", "start": "", "in": "4", "result": "Double", "evo": "102.7", "la": "25", "dist": "374"}, {"player": "maikel franco", "game": "cin @ phi", "gameIdx": 0, "hr/park": "", "pa": "28", "dt": "", "img": "https://www.mlbstatic.com/team-logos/143.svg", "team": "phi", "start": "", "in": "4", "result": "Double", "evo": "94.3", "la": "1", "dist": "59"}, {"player": "cesar hernandez", "game": "cin @ phi", "gameIdx": 0, "hr/park": "", "pa": "27", "dt": "", "img": "https://www.mlbstatic.com/team-logos/143.svg", "team": "phi", "start": "", "in": "4", "result": "Walk", "evo": "", "la": "", "dist": ""}, {"player": "eugenio suarez", "game": "cin @ phi", "gameIdx": 0, "hr/park": "", "pa": "26", "dt": "", "img": "https://www.mlbstatic.com/team-logos/113.svg", "team": "cin", "start": "", "in": "4", "result": "Groundout", "evo": "", "la": "", "dist": ""}, {"player": "jay bruce", "game": "cin @ phi", "gameIdx": 0, "hr/park": "", "pa": "25", "dt": "", "img": "https://www.mlbstatic.com/team-logos/113.svg", "team": "cin", "start": "", "in": "4", "result": "Single", "evo": "71.8", "la": "-2", "dist": "32"}, {"player": "brandon phillips", "game": "cin @ phi", "gameIdx": 0, "hr/park": "", "pa": "24", "dt": "", "img": "https://www.mlbstatic.com/team-logos/113.svg", "team": "cin", "start": "", "in": "4", "result": "Groundout", "evo": "83.9", "la": "-15", "dist": "12"}, {"player": "joey votto", "game": "cin @ phi", "gameIdx": 0, "hr/park": "", "pa": "23", "dt": "", "img": "https://www.mlbstatic.com/team-logos/113.svg", "team": "cin", "start": "", "in": "4", "result": "Groundout", "evo": "88.5", "la": "-1", "dist": "48"}, {"player": "odubel herrera", "game": "cin @ phi", "gameIdx": 0, "hr/park": "", "pa": "22", "dt": "", "img": "https://www.mlbstatic.com/team-logos/143.svg", "team": "phi", "start": "", "in": "3", "result": "Strikeout", "evo": "", "la": "", "dist": ""}, {"player": "peter bourjos", "game": "cin @ phi", "gameIdx": 0, "hr/park": "", "pa": "21", "dt": "", "img": "https://www.mlbstatic.com/team-logos/143.svg", "team": "phi", "start": "", "in": "3", "result": "Strikeout", "evo": "", "la": "", "dist": ""}, {"player": "aaron nola", "game": "cin @ phi", "gameIdx": 0, "hr/park": "", "pa": "20", "dt": "", "img": "https://www.mlbstatic.com/team-logos/143.svg", "team": "phi", "start": "", "in": "3", "result": "Sac Bunt", "evo": "", "la": "", "dist": ""}, {"player": "tyler goeddel", "game": "cin @ phi", "gameIdx": 0, "hr/park": "", "pa": "19", "dt": "", "img": "https://www.mlbstatic.com/team-logos/143.svg", "team": "phi", "start": "", "in": "3", "result": "Single", "evo": "98.4", "la": "13", "dist": "276"}, {"player": "jose peraza", "game": "cin @ phi", "gameIdx": 0, "hr/park": "", "pa": "18", "dt": "", "img": "https://www.mlbstatic.com/team-logos/113.svg", "team": "cin", "start": "", "in": "3", "result": "Lineout", "evo": "56.0", "la": "18", "dist": "116"}, {"player": "zack cozart", "game": "cin @ phi", "gameIdx": 0, "hr/park": "", "pa": "17", "dt": "", "img": "https://www.mlbstatic.com/team-logos/113.svg", "team": "cin", "start": "", "in": "3", "result": "Flyout", "evo": "75.2", "la": "22", "dist": "246"}, {"player": "tim adleman", "game": "cin @ phi", "gameIdx": 0, "hr/park": "", "pa": "16", "dt": "", "img": "https://www.mlbstatic.com/team-logos/113.svg", "team": "cin", "start": "", "in": "3", "result": "Groundout", "evo": "90.5", "la": "-21", "dist": "8"}, {"player": "cameron rupp", "game": "cin @ phi", "gameIdx": 0, "hr/park": "", "pa": "15", "dt": "", "img": "https://www.mlbstatic.com/team-logos/143.svg", "team": "phi", "start": "", "in": "2", "result": "GIDP", "evo": "66.8", "la": "6", "dist": "79"}, {"player": "freddy galvis", "game": "cin @ phi", "gameIdx": 0, "hr/park": "", "pa": "14", "dt": "", "img": "https://www.mlbstatic.com/team-logos/143.svg", "team": "phi", "start": "", "in": "2", "result": "Single", "evo": "101.7", "la": "13", "dist": "275"}, {"player": "ryan howard", "game": "cin @ phi", "gameIdx": 0, "hr/park": "", "pa": "13", "dt": "", "img": "https://www.mlbstatic.com/team-logos/143.svg", "team": "phi", "start": "", "in": "2", "result": "Groundout", "evo": "100.7", "la": "10", "dist": "146"}, {"player": "tucker barnhart", "game": "cin @ phi", "gameIdx": 0, "hr/park": "", "pa": "12", "dt": "", "img": "https://www.mlbstatic.com/team-logos/113.svg", "team": "cin", "start": "", "in": "2", "result": "Strikeout", "evo": "", "la": "", "dist": ""}, {"player": "adam duvall", "game": "cin @ phi", "gameIdx": 0, "hr/park": "", "pa": "11", "dt": "", "img": "https://www.mlbstatic.com/team-logos/113.svg", "team": "cin", "start": "", "in": "2", "result": "Groundout", "evo": "70.6", "la": "-15", "dist": "8"}, {"player": "eugenio suarez", "game": "cin @ phi", "gameIdx": 0, "hr/park": "", "pa": "10", "dt": "", "img": "https://www.mlbstatic.com/team-logos/113.svg", "team": "cin", "start": "", "in": "2", "result": "Strikeout", "evo": "", "la": "", "dist": ""}, {"player": "maikel franco", "game": "cin @ phi", "gameIdx": 0, "hr/park": "", "pa": "9", "dt": "", "img": "https://www.mlbstatic.com/team-logos/143.svg", "team": "phi", "start": "", "in": "1", "result": "GIDP", "evo": "68.5", "la": "7", "dist": "87"}, {"player": "cesar hernandez", "game": "cin @ phi", "gameIdx": 0, "hr/park": "", "pa": "8", "dt": "", "img": "https://www.mlbstatic.com/team-logos/143.svg", "team": "phi", "start": "", "in": "1", "result": "Single", "evo": "79.1", "la": "15", "dist": "218"}, {"player": "odubel herrera", "game": "cin @ phi", "gameIdx": 0, "hr/park": "", "pa": "7", "dt": "", "img": "https://www.mlbstatic.com/team-logos/143.svg", "team": "phi", "start": "", "in": "1", "result": "Flyout", "evo": "92.3", "la": "50", "dist": "287"}, {"player": "eugenio suarez", "game": "cin @ phi", "gameIdx": 0, "hr/park": "", "pa": "6", "dt": "", "img": "https://www.mlbstatic.com/team-logos/113.svg", "team": "cin", "start": "", "in": "1", "result": "Caught Stealing 2B", "evo": "", "la": "", "dist": ""}, {"player": "jay bruce", "game": "cin @ phi", "gameIdx": 0, "hr/park": "", "pa": "5", "dt": "", "img": "https://www.mlbstatic.com/team-logos/113.svg", "team": "cin", "start": "", "in": "1", "result": "Strikeout", "evo": "", "la": "", "dist": ""}, {"player": "brandon phillips", "game": "cin @ phi", "gameIdx": 0, "hr/park": "", "pa": "4", "dt": "", "img": "https://www.mlbstatic.com/team-logos/113.svg", "team": "cin", "start": "", "in": "1", "result": "Sac Fly", "evo": "59.1", "la": "57", "dist": "135"}, {"player": "joey votto", "game": "cin @ phi", "gameIdx": 0, "hr/park": "", "pa": "3", "dt": "", "img": "https://www.mlbstatic.com/team-logos/113.svg", "team": "cin", "start": "", "in": "1", "result": "Walk", "evo": "", "la": "", "dist": ""}, {"player": "jose peraza", "game": "cin @ phi", "gameIdx": 0, "hr/park": "", "pa": "2", "dt": "", "img": "https://www.mlbstatic.com/team-logos/113.svg", "team": "cin", "start": "", "in": "1", "result": "Single", "evo": "104.4", "la": "6", "dist": "126"}, {"player": "zack cozart", "game": "cin @ phi", "gameIdx": 0, "hr/park": "", "pa": "1", "dt": "", "img": "https://www.mlbstatic.com/team-logos/113.svg", "team": "cin", "start": "", "in": "1", "result": "Single", "evo": "90.5", "la": "13", "dist": "224"}], "sd @ mil": [], "atl @ kc": [], "tor @ tex": [], "nym @ col": [], "sf @ ari": [], "laa @ sea": [], "stl @ lad": []}