{"all": {"pitchers": "14", "batters": "39", "pitches": "518", "max velomax pitch velocity": "96.6", "min velomin pitch velocity": "66.9", "ff%fourseam fastball %": "27.4", "si%sinker %": "22.4", "fc%cutter %": "0.4", "fs%splitter %": "4.1", "ch%changeup %": "8.1", "sl%slider %": "9.8", "cu%curve %": "12.9", "max evmax exit velocity": "110.8", "hhhard hit": "28", "hh%hard hit %": "30.1", "brlbarrels": "5", "brl%barrel %": "5.4", "ab": "119", "avg": ".185", "h": "22", "1b": "18", "2b": "2", "3b": "0", "hr": "2", "so": "28", "bipballs in play": "93", "liveGames": 0, "totGames": 16}, "chw @ min": [], "lad @ pit": [], "tb @ wsh": [], "nyy @ tor": [], "col @ cin": [], "det @ bos": [{"player": "victor martinez", "game": "det @ bos", "gameIdx": 0, "hr/park": "", "pa": "68", "dt": "", "img": "https://www.mlbstatic.com/team-logos/116.svg", "team": "det", "start": "", "in": "9", "result": "Groundout", "evo": "73.8", "la": "-24", "dist": "5"}, {"player": "miguel cabrera", "game": "det @ bos", "gameIdx": 0, "hr/park": "", "pa": "67", "dt": "", "img": "https://www.mlbstatic.com/team-logos/116.svg", "team": "det", "start": "", "in": "9", "result": "Pop Out", "evo": "", "la": "", "dist": ""}, {"player": "nick castellanos", "game": "det @ bos", "gameIdx": 0, "hr/park": "", "pa": "66", "dt": "", "img": "https://www.mlbstatic.com/team-logos/116.svg", "team": "det", "start": "", "in": "9", "result": "Groundout", "evo": "83.6", "la": "-30", "dist": "6"}, {"player": "andrew benintendi", "game": "det @ bos", "gameIdx": 0, "hr/park": "", "pa": "65", "dt": "", "img": "https://www.mlbstatic.com/team-logos/111.svg", "team": "bos", "start": "", "in": "8", "result": "Strikeout", "evo": "", "la": "", "dist": ""}, {"player": "jackie bradley", "game": "det @ bos", "gameIdx": 0, "hr/park": "", "pa": "64", "dt": "", "img": "https://www.mlbstatic.com/team-logos/111.svg", "team": "bos", "start": "", "in": "8", "result": "Single", "evo": "95.8", "la": "9", "dist": "158"}, {"player": "christian vazquez", "game": "det @ bos", "gameIdx": 0, "hr/park": "", "pa": "63", "dt": "", "img": "https://www.mlbstatic.com/team-logos/111.svg", "team": "bos", "start": "", "in": "8", "result": "Groundout", "evo": "94.2", "la": "-4", "dist": "27"}, {"player": "rafael devers", "game": "det @ bos", "gameIdx": 0, "hr/park": "", "pa": "62", "dt": "", "img": "https://www.mlbstatic.com/team-logos/111.svg", "team": "bos", "start": "", "in": "8", "result": "Strikeout", "evo": "", "la": "", "dist": ""}, {"player": "leonys martin", "game": "det @ bos", "gameIdx": 0, "hr/park": "", "pa": "61", "dt": "", "img": "https://www.mlbstatic.com/team-logos/116.svg", "team": "det", "start": "", "in": "8", "result": "Groundout", "evo": "104.3", "la": "-4", "dist": "27"}, {"player": "dixon machado", "game": "det @ bos", "gameIdx": 0, "hr/park": "", "pa": "60", "dt": "", "img": "https://www.mlbstatic.com/team-logos/116.svg", "team": "det", "start": "", "in": "8", "result": "Single", "evo": "75.8", "la": "13", "dist": "147"}, {"player": "jose iglesias", "game": "det @ bos", "gameIdx": 0, "hr/park": "", "pa": "59", "dt": "", "img": "https://www.mlbstatic.com/team-logos/116.svg", "team": "det", "start": "", "in": "8", "result": "Lineout", "evo": "84.5", "la": "24", "dist": "279"}, {"player": "jacoby jones", "game": "det @ bos", "gameIdx": 0, "hr/park": "", "pa": "58", "dt": "", "img": "https://www.mlbstatic.com/team-logos/116.svg", "team": "det", "start": "", "in": "8", "result": "Groundout", "evo": "91.5", "la": "-25", "dist": "5"}, {"player": "brock holt", "game": "det @ bos", "gameIdx": 0, "hr/park": "", "pa": "57", "dt": "", "img": "https://www.mlbstatic.com/team-logos/111.svg", "team": "bos", "start": "", "in": "7", "result": "Strikeout", "evo": "", "la": "", "dist": ""}, {"player": "eduardo nunez", "game": "det @ bos", "gameIdx": 0, "hr/park": "", "pa": "56", "dt": "", "img": "https://www.mlbstatic.com/team-logos/111.svg", "team": "bos", "start": "", "in": "7", "result": "Groundout", "evo": "74.4", "la": "-8", "dist": "10"}, {"player": "mitch moreland", "game": "det @ bos", "gameIdx": 0, "hr/park": "", "pa": "55", "dt": "", "img": "https://www.mlbstatic.com/team-logos/111.svg", "team": "bos", "start": "", "in": "7", "result": "Lineout", "evo": "85.0", "la": "21", "dist": "275"}, {"player": "james mccann", "game": "det @ bos", "gameIdx": 0, "hr/park": "", "pa": "54", "dt": "", "img": "https://www.mlbstatic.com/team-logos/116.svg", "team": "det", "start": "", "in": "7", "result": "Pop Out", "evo": "84.5", "la": "64", "dist": "148"}, {"player": "ronny rodriguez", "game": "det @ bos", "gameIdx": 0, "hr/park": "", "pa": "53", "dt": "", "img": "https://www.mlbstatic.com/team-logos/116.svg", "team": "det", "start": "", "in": "7", "result": "Groundout", "evo": "66.9", "la": "14", "dist": "119"}, {"player": "victor martinez", "game": "det @ bos", "gameIdx": 0, "hr/park": "", "pa": "52", "dt": "", "img": "https://www.mlbstatic.com/team-logos/116.svg", "team": "det", "start": "", "in": "7", "result": "Strikeout", "evo": "", "la": "", "dist": ""}, {"player": "jd martinez", "game": "det @ bos", "gameIdx": 0, "hr/park": "", "pa": "51", "dt": "", "img": "https://www.mlbstatic.com/team-logos/111.svg", "team": "bos", "start": "", "in": "6", "result": "Forceout", "evo": "73.2", "la": "-5", "dist": "16"}, {"player": "xander bogaerts", "game": "det @ bos", "gameIdx": 0, "hr/park": "", "pa": "50", "dt": "", "img": "https://www.mlbstatic.com/team-logos/111.svg", "team": "bos", "start": "", "in": "6", "result": "Walk", "evo": "", "la": "", "dist": ""}, {"player": "andrew benintendi", "game": "det @ bos", "gameIdx": 0, "hr/park": "", "pa": "49", "dt": "", "img": "https://www.mlbstatic.com/team-logos/111.svg", "team": "bos", "start": "", "in": "6", "result": "Groundout", "evo": "82.3", "la": "7", "dist": "87"}, {"player": "jackie bradley", "game": "det @ bos", "gameIdx": 0, "hr/park": "", "pa": "48", "dt": "", "img": "https://www.mlbstatic.com/team-logos/111.svg", "team": "bos", "start": "", "in": "6", "result": "Strikeout", "evo": "", "la": "", "dist": ""}, {"player": "miguel cabrera", "game": "det @ bos", "gameIdx": 0, "hr/park": "", "pa": "47", "dt": "", "img": "https://www.mlbstatic.com/team-logos/116.svg", "team": "det", "start": "", "in": "6", "result": "Groundout", "evo": "", "la": "", "dist": ""}, {"player": "nick castellanos", "game": "det @ bos", "gameIdx": 0, "hr/park": "", "pa": "46", "dt": "", "img": "https://www.mlbstatic.com/team-logos/116.svg", "team": "det", "start": "", "in": "6", "result": "Strikeout", "evo": "", "la": "", "dist": ""}, {"player": "leonys martin", "game": "det @ bos", "gameIdx": 0, "hr/park": "", "pa": "45", "dt": "", "img": "https://www.mlbstatic.com/team-logos/116.svg", "team": "det", "start": "", "in": "6", "result": "Groundout", "evo": "67.2", "la": "-57", "dist": "3"}, {"player": "christian vazquez", "game": "det @ bos", "gameIdx": 0, "hr/park": "", "pa": "44", "dt": "", "img": "https://www.mlbstatic.com/team-logos/111.svg", "team": "bos", "start": "", "in": "5", "result": "GIDP", "evo": "89.2", "la": "3", "dist": "68"}, {"player": "rafael devers", "game": "det @ bos", "gameIdx": 0, "hr/park": "", "pa": "43", "dt": "", "img": "https://www.mlbstatic.com/team-logos/111.svg", "team": "bos", "start": "", "in": "5", "result": "Intent Walk", "evo": "", "la": "", "dist": ""}, {"player": "brock holt", "game": "det @ bos", "gameIdx": 0, "hr/park": "", "pa": "42", "dt": "", "img": "https://www.mlbstatic.com/team-logos/111.svg", "team": "bos", "start": "", "in": "5", "result": "Groundout", "evo": "70.5", "la": "-36", "dist": "4"}, {"player": "eduardo nunez", "game": "det @ bos", "gameIdx": 0, "hr/park": "0/30", "pa": "41", "dt": "", "img": "https://www.mlbstatic.com/team-logos/111.svg", "team": "bos", "start": "", "in": "5", "result": "Single", "evo": "109.0", "la": "13", "dist": "319"}, {"player": "mitch moreland", "game": "det @ bos", "gameIdx": 0, "hr/park": "", "pa": "40", "dt": "", "img": "https://www.mlbstatic.com/team-logos/111.svg", "team": "bos", "start": "", "in": "5", "result": "Single", "evo": "77.5", "la": "23", "dist": "252"}, {"player": "jd martinez", "game": "det @ bos", "gameIdx": 0, "hr/park": "", "pa": "39", "dt": "", "img": "https://www.mlbstatic.com/team-logos/111.svg", "team": "bos", "start": "", "in": "5", "result": "Single", "evo": "110.1", "la": "13", "dist": "216"}, {"player": "xander bogaerts", "game": "det @ bos", "gameIdx": 0, "hr/park": "22/30", "pa": "38", "dt": "", "img": "https://www.mlbstatic.com/team-logos/111.svg", "team": "bos", "start": "", "in": "5", "result": "Home Run", "evo": "105.6", "la": "23", "dist": "401"}, {"player": "dixon machado", "game": "det @ bos", "gameIdx": 0, "hr/park": "", "pa": "37", "dt": "", "img": "https://www.mlbstatic.com/team-logos/116.svg", "team": "det", "start": "", "in": "5", "result": "Groundout", "evo": "", "la": "", "dist": ""}, {"player": "jose iglesias", "game": "det @ bos", "gameIdx": 0, "hr/park": "", "pa": "36", "dt": "", "img": "https://www.mlbstatic.com/team-logos/116.svg", "team": "det", "start": "", "in": "5", "result": "Strikeout", "evo": "", "la": "", "dist": ""}, {"player": "jacoby jones", "game": "det @ bos", "gameIdx": 0, "hr/park": "", "pa": "35", "dt": "", "img": "https://www.mlbstatic.com/team-logos/116.svg", "team": "det", "start": "", "in": "5", "result": "Strikeout", "evo": "", "la": "", "dist": ""}, {"player": "andrew benintendi", "game": "det @ bos", "gameIdx": 0, "hr/park": "", "pa": "34", "dt": "", "img": "https://www.mlbstatic.com/team-logos/111.svg", "team": "bos", "start": "", "in": "4", "result": "Groundout", "evo": "88.7", "la": "-15", "dist": "12"}, {"player": "jackie bradley", "game": "det @ bos", "gameIdx": 0, "hr/park": "", "pa": "33", "dt": "", "img": "https://www.mlbstatic.com/team-logos/111.svg", "team": "bos", "start": "", "in": "4", "result": "Walk", "evo": "", "la": "", "dist": ""}, {"player": "christian vazquez", "game": "det @ bos", "gameIdx": 0, "hr/park": "", "pa": "32", "dt": "", "img": "https://www.mlbstatic.com/team-logos/111.svg", "team": "bos", "start": "", "in": "4", "result": "Walk", "evo": "", "la": "", "dist": ""}, {"player": "rafael devers", "game": "det @ bos", "gameIdx": 0, "hr/park": "", "pa": "31", "dt": "", "img": "https://www.mlbstatic.com/team-logos/111.svg", "team": "bos", "start": "", "in": "4", "result": "GIDP", "evo": "98.6", "la": "-6", "dist": "16"}, {"player": "brock holt", "game": "det @ bos", "gameIdx": 0, "hr/park": "", "pa": "30", "dt": "", "img": "https://www.mlbstatic.com/team-logos/111.svg", "team": "bos", "start": "", "in": "4", "result": "Walk", "evo": "", "la": "", "dist": ""}, {"player": "eduardo nunez", "game": "det @ bos", "gameIdx": 0, "hr/park": "", "pa": "29", "dt": "", "img": "https://www.mlbstatic.com/team-logos/111.svg", "team": "bos", "start": "", "in": "4", "result": "Single", "evo": "100.0", "la": "-2", "dist": "38"}, {"player": "mitch moreland", "game": "det @ bos", "gameIdx": 0, "hr/park": "", "pa": "28", "dt": "", "img": "https://www.mlbstatic.com/team-logos/111.svg", "team": "bos", "start": "", "in": "4", "result": "Single", "evo": "94.2", "la": "12", "dist": "226"}, {"player": "jd martinez", "game": "det @ bos", "gameIdx": 0, "hr/park": "", "pa": "27", "dt": "", "img": "https://www.mlbstatic.com/team-logos/111.svg", "team": "bos", "start": "", "in": "4", "result": "Field Error", "evo": "104.4", "la": "", "dist": "45"}, {"player": "james mccann", "game": "det @ bos", "gameIdx": 0, "hr/park": "", "pa": "26", "dt": "", "img": "https://www.mlbstatic.com/team-logos/116.svg", "team": "det", "start": "", "in": "4", "result": "Groundout", "evo": "84.7", "la": "-29", "dist": "6"}, {"player": "jeimer candelario", "game": "det @ bos", "gameIdx": 0, "hr/park": "", "pa": "25", "dt": "", "img": "https://www.mlbstatic.com/team-logos/116.svg", "team": "det", "start": "", "in": "4", "result": "Strikeout", "evo": "", "la": "", "dist": ""}, {"player": "victor martinez", "game": "det @ bos", "gameIdx": 0, "hr/park": "0/30", "pa": "24", "dt": "", "img": "https://www.mlbstatic.com/team-logos/116.svg", "team": "det", "start": "", "in": "4", "result": "Flyout", "evo": "93.6", "la": "40", "dist": "311"}, {"player": "xander bogaerts", "game": "det @ bos", "gameIdx": 0, "hr/park": "", "pa": "23", "dt": "", "img": "https://www.mlbstatic.com/team-logos/111.svg", "team": "bos", "start": "", "in": "3", "result": "Strikeout", "evo": "", "la": "", "dist": ""}, {"player": "andrew benintendi", "game": "det @ bos", "gameIdx": 0, "hr/park": "", "pa": "22", "dt": "", "img": "https://www.mlbstatic.com/team-logos/111.svg", "team": "bos", "start": "", "in": "3", "result": "Groundout", "evo": "93.4", "la": "-6", "dist": "13"}, {"player": "jackie bradley", "game": "det @ bos", "gameIdx": 0, "hr/park": "", "pa": "21", "dt": "", "img": "https://www.mlbstatic.com/team-logos/111.svg", "team": "bos", "start": "", "in": "3", "result": "Single", "evo": "103.8", "la": "-5", "dist": "22"}, {"player": "miguel cabrera", "game": "det @ bos", "gameIdx": 0, "hr/park": "", "pa": "20", "dt": "", "img": "https://www.mlbstatic.com/team-logos/116.svg", "team": "det", "start": "", "in": "3", "result": "GIDP", "evo": "102.3", "la": "-11", "dist": "12"}, {"player": "nick castellanos", "game": "det @ bos", "gameIdx": 0, "hr/park": "", "pa": "19", "dt": "", "img": "https://www.mlbstatic.com/team-logos/116.svg", "team": "det", "start": "", "in": "3", "result": "Single", "evo": "103.3", "la": "7", "dist": "141"}, {"player": "leonys martin", "game": "det @ bos", "gameIdx": 0, "hr/park": "0/30", "pa": "18", "dt": "", "img": "https://www.mlbstatic.com/team-logos/116.svg", "team": "det", "start": "", "in": "3", "result": "Lineout", "evo": "103.3", "la": "22", "dist": "373"}, {"player": "christian vazquez", "game": "det @ bos", "gameIdx": 0, "hr/park": "", "pa": "17", "dt": "", "img": "https://www.mlbstatic.com/team-logos/111.svg", "team": "bos", "start": "", "in": "2", "result": "Groundout", "evo": "96.0", "la": "-6", "dist": "18"}, {"player": "rafael devers", "game": "det @ bos", "gameIdx": 0, "hr/park": "", "pa": "16", "dt": "", "img": "https://www.mlbstatic.com/team-logos/111.svg", "team": "bos", "start": "", "in": "2", "result": "Groundout", "evo": "76.2", "la": "-33", "dist": "6"}, {"player": "brock holt", "game": "det @ bos", "gameIdx": 0, "hr/park": "", "pa": "15", "dt": "", "img": "https://www.mlbstatic.com/team-logos/111.svg", "team": "bos", "start": "", "in": "2", "result": "Groundout", "evo": "90.5", "la": "-8", "dist": "21"}, {"player": "dixon machado", "game": "det @ bos", "gameIdx": 0, "hr/park": "", "pa": "14", "dt": "", "img": "https://www.mlbstatic.com/team-logos/116.svg", "team": "det", "start": "", "in": "2", "result": "Groundout", "evo": "55.6", "la": "-63", "dist": "4"}, {"player": "jose iglesias", "game": "det @ bos", "gameIdx": 0, "hr/park": "", "pa": "13", "dt": "", "img": "https://www.mlbstatic.com/team-logos/116.svg", "team": "det", "start": "", "in": "2", "result": "Groundout", "evo": "72.2", "la": "-31", "dist": "5"}, {"player": "jacoby jones", "game": "det @ bos", "gameIdx": 0, "hr/park": "", "pa": "12", "dt": "", "img": "https://www.mlbstatic.com/team-logos/116.svg", "team": "det", "start": "", "in": "2", "result": "Groundout", "evo": "", "la": "", "dist": ""}, {"player": "james mccann", "game": "det @ bos", "gameIdx": 0, "hr/park": "", "pa": "11", "dt": "", "img": "https://www.mlbstatic.com/team-logos/116.svg", "team": "det", "start": "", "in": "2", "result": "Walk", "evo": "", "la": "", "dist": ""}, {"player": "eduardo nunez", "game": "det @ bos", "gameIdx": 0, "hr/park": "", "pa": "10", "dt": "", "img": "https://www.mlbstatic.com/team-logos/111.svg", "team": "bos", "start": "", "in": "1", "result": "Groundout", "evo": "104.0", "la": "-25", "dist": "6"}, {"player": "mitch moreland", "game": "det @ bos", "gameIdx": 0, "hr/park": "", "pa": "9", "dt": "", "img": "https://www.mlbstatic.com/team-logos/111.svg", "team": "bos", "start": "", "in": "1", "result": "Groundout", "evo": "", "la": "", "dist": ""}, {"player": "jd martinez", "game": "det @ bos", "gameIdx": 0, "hr/park": "30/30", "pa": "8", "dt": "", "img": "https://www.mlbstatic.com/team-logos/111.svg", "team": "bos", "start": "", "in": "1", "result": "Home Run", "evo": "108.2", "la": "31", "dist": "431"}, {"player": "xander bogaerts", "game": "det @ bos", "gameIdx": 0, "hr/park": "", "pa": "7", "dt": "", "img": "https://www.mlbstatic.com/team-logos/111.svg", "team": "bos", "start": "", "in": "1", "result": "Strikeout", "evo": "", "la": "", "dist": ""}, {"player": "andrew benintendi", "game": "det @ bos", "gameIdx": 0, "hr/park": "", "pa": "6", "dt": "", "img": "https://www.mlbstatic.com/team-logos/111.svg", "team": "bos", "start": "", "in": "1", "result": "Single", "evo": "74.3", "la": "21", "dist": "201"}, {"player": "jeimer candelario", "game": "det @ bos", "gameIdx": 0, "hr/park": "", "pa": "5", "dt": "", "img": "https://www.mlbstatic.com/team-logos/116.svg", "team": "det", "start": "", "in": "1", "result": "Strikeout", "evo": "", "la": "", "dist": ""}, {"player": "victor martinez", "game": "det @ bos", "gameIdx": 0, "hr/park": "", "pa": "4", "dt": "", "img": "https://www.mlbstatic.com/team-logos/116.svg", "team": "det", "start": "", "in": "1", "result": "Pop Out", "evo": "87.9", "la": "55", "dist": "210"}, {"player": "miguel cabrera", "game": "det @ bos", "gameIdx": 0, "hr/park": "", "pa": "3", "dt": "", "img": "https://www.mlbstatic.com/team-logos/116.svg", "team": "det", "start": "", "in": "1", "result": "Walk", "evo": "", "la": "", "dist": ""}, {"player": "nick castellanos", "game": "det @ bos", "gameIdx": 0, "hr/park": "6/30", "pa": "2", "dt": "", "img": "https://www.mlbstatic.com/team-logos/116.svg", "team": "det", "start": "", "in": "1", "result": "Double", "evo": "106.9", "la": "19", "dist": "396"}, {"player": "leonys martin", "game": "det @ bos", "gameIdx": 0, "hr/park": "", "pa": "1", "dt": "", "img": "https://www.mlbstatic.com/team-logos/116.svg", "team": "det", "start": "", "in": "1", "result": "Walk", "evo": "", "la": "", "dist": ""}], "bal @ nym": [{"player": "kevin plawecki", "game": "bal @ nym", "gameIdx": 0, "hr/park": "", "pa": "66", "dt": "", "img": "https://www.mlbstatic.com/team-logos/121.svg", "team": "nym", "start": "", "in": "9", "result": "Pop Out", "evo": "81.5", "la": "83", "dist": "35"}, {"player": "jay bruce", "game": "bal @ nym", "gameIdx": 0, "hr/park": "", "pa": "65", "dt": "", "img": "https://www.mlbstatic.com/team-logos/121.svg", "team": "nym", "start": "", "in": "9", "result": "Walk", "evo": "", "la": "", "dist": ""}, {"player": "todd frazier", "game": "bal @ nym", "gameIdx": 0, "hr/park": "", "pa": "64", "dt": "", "img": "https://www.mlbstatic.com/team-logos/121.svg", "team": "nym", "start": "", "in": "9", "result": "Pop Out", "evo": "", "la": "", "dist": ""}, {"player": "michael conforto", "game": "bal @ nym", "gameIdx": 0, "hr/park": "", "pa": "63", "dt": "", "img": "https://www.mlbstatic.com/team-logos/121.svg", "team": "nym", "start": "", "in": "9", "result": "Pop Out", "evo": "", "la": "", "dist": ""}, {"player": "jonathan schoop", "game": "bal @ nym", "gameIdx": 0, "hr/park": "", "pa": "62", "dt": "", "img": "https://www.mlbstatic.com/team-logos/110.svg", "team": "bal", "start": "", "in": "9", "result": "GIDP", "evo": "62.1", "la": "-2", "dist": "40"}, {"player": "mark trumbo", "game": "bal @ nym", "gameIdx": 0, "hr/park": "", "pa": "61", "dt": "", "img": "https://www.mlbstatic.com/team-logos/110.svg", "team": "bal", "start": "", "in": "9", "result": "Walk", "evo": "", "la": "", "dist": ""}, {"player": "danny valencia", "game": "bal @ nym", "gameIdx": 0, "hr/park": "", "pa": "60", "dt": "", "img": "https://www.mlbstatic.com/team-logos/110.svg", "team": "bal", "start": "", "in": "9", "result": "Strikeout", "evo": "", "la": "", "dist": ""}, {"player": "asdrubal cabrera", "game": "bal @ nym", "gameIdx": 0, "hr/park": "", "pa": "59", "dt": "", "img": "https://www.mlbstatic.com/team-logos/121.svg", "team": "nym", "start": "", "in": "8", "result": "GIDP", "evo": "96.1", "la": "-16", "dist": "9"}, {"player": "brandon nimmo", "game": "bal @ nym", "gameIdx": 0, "hr/park": "", "pa": "58", "dt": "", "img": "https://www.mlbstatic.com/team-logos/121.svg", "team": "nym", "start": "", "in": "8", "result": "Field Error", "evo": "35.7", "la": "-16", "dist": "9"}, {"player": "amed rosario", "game": "bal @ nym", "gameIdx": 0, "hr/park": "", "pa": "57", "dt": "", "img": "https://www.mlbstatic.com/team-logos/121.svg", "team": "nym", "start": "", "in": "8", "result": "Walk", "evo": "", "la": "", "dist": ""}, {"player": "luis guillorme", "game": "bal @ nym", "gameIdx": 0, "hr/park": "", "pa": "56", "dt": "", "img": "https://www.mlbstatic.com/team-logos/121.svg", "team": "nym", "start": "", "in": "8", "result": "Groundout", "evo": "90.6", "la": "-10", "dist": "8"}, {"player": "manny machado", "game": "bal @ nym", "gameIdx": 0, "hr/park": "", "pa": "55", "dt": "", "img": "https://www.mlbstatic.com/team-logos/110.svg", "team": "bal", "start": "", "in": "8", "result": "Groundout", "evo": "82.8", "la": "-11", "dist": "13"}, {"player": "adam jones", "game": "bal @ nym", "gameIdx": 0, "hr/park": "", "pa": "54", "dt": "", "img": "https://www.mlbstatic.com/team-logos/110.svg", "team": "bal", "start": "", "in": "8", "result": "GIDP", "evo": "63.4", "la": "-27", "dist": "7"}, {"player": "trey mancini", "game": "bal @ nym", "gameIdx": 0, "hr/park": "", "pa": "53", "dt": "", "img": "https://www.mlbstatic.com/team-logos/110.svg", "team": "bal", "start": "", "in": "8", "result": "Single", "evo": "90.7", "la": "-19", "dist": "5"}, {"player": "adrian gonzalez", "game": "bal @ nym", "gameIdx": 0, "hr/park": "", "pa": "52", "dt": "", "img": "https://www.mlbstatic.com/team-logos/121.svg", "team": "nym", "start": "", "in": "7", "result": "Strikeout", "evo": "", "la": "", "dist": ""}, {"player": "kevin plawecki", "game": "bal @ nym", "gameIdx": 0, "hr/park": "", "pa": "51", "dt": "", "img": "https://www.mlbstatic.com/team-logos/121.svg", "team": "nym", "start": "", "in": "7", "result": "Strikeout", "evo": "", "la": "", "dist": ""}, {"player": "jay bruce", "game": "bal @ nym", "gameIdx": 0, "hr/park": "", "pa": "50", "dt": "", "img": "https://www.mlbstatic.com/team-logos/121.svg", "team": "nym", "start": "", "in": "7", "result": "Single", "evo": "75.2", "la": "25", "dist": "269"}, {"player": "todd frazier", "game": "bal @ nym", "gameIdx": 0, "hr/park": "0/30", "pa": "49", "dt": "", "img": "https://www.mlbstatic.com/team-logos/121.svg", "team": "nym", "start": "", "in": "7", "result": "Lineout", "evo": "90.6", "la": "20", "dist": "316"}, {"player": "alex cobb", "game": "bal @ nym", "gameIdx": 0, "hr/park": "", "pa": "48", "dt": "", "img": "https://www.mlbstatic.com/team-logos/110.svg", "team": "bal", "start": "", "in": "7", "result": "Groundout", "evo": "71.3", "la": "", "dist": "36"}, {"player": "austin wynns", "game": "bal @ nym", "gameIdx": 0, "hr/park": "", "pa": "47", "dt": "", "img": "https://www.mlbstatic.com/team-logos/110.svg", "team": "bal", "start": "", "in": "7", "result": "Strikeout", "evo": "", "la": "", "dist": ""}, {"player": "chris davis", "game": "bal @ nym", "gameIdx": 0, "hr/park": "", "pa": "46", "dt": "", "img": "https://www.mlbstatic.com/team-logos/110.svg", "team": "bal", "start": "", "in": "7", "result": "Strikeout", "evo": "", "la": "", "dist": ""}, {"player": "michael conforto", "game": "bal @ nym", "gameIdx": 0, "hr/park": "", "pa": "45", "dt": "", "img": "https://www.mlbstatic.com/team-logos/121.svg", "team": "nym", "start": "", "in": "6", "result": "Flyout", "evo": "74.2", "la": "37", "dist": "257"}, {"player": "asdrubal cabrera", "game": "bal @ nym", "gameIdx": 0, "hr/park": "", "pa": "44", "dt": "", "img": "https://www.mlbstatic.com/team-logos/121.svg", "team": "nym", "start": "", "in": "6", "result": "Flyout", "evo": "83.1", "la": "27", "dist": "276"}, {"player": "brandon nimmo", "game": "bal @ nym", "gameIdx": 0, "hr/park": "", "pa": "43", "dt": "", "img": "https://www.mlbstatic.com/team-logos/121.svg", "team": "nym", "start": "", "in": "6", "result": "Strikeout", "evo": "", "la": "", "dist": ""}, {"player": "jonathan schoop", "game": "bal @ nym", "gameIdx": 0, "hr/park": "", "pa": "42", "dt": "", "img": "https://www.mlbstatic.com/team-logos/110.svg", "team": "bal", "start": "", "in": "6", "result": "Groundout", "evo": "102.7", "la": "-19", "dist": "9"}, {"player": "mark trumbo", "game": "bal @ nym", "gameIdx": 0, "hr/park": "0/30", "pa": "41", "dt": "", "img": "https://www.mlbstatic.com/team-logos/110.svg", "team": "bal", "start": "", "in": "6", "result": "Flyout", "evo": "90.3", "la": "28", "dist": "350"}, {"player": "danny valencia", "game": "bal @ nym", "gameIdx": 0, "hr/park": "", "pa": "40", "dt": "", "img": "https://www.mlbstatic.com/team-logos/110.svg", "team": "bal", "start": "", "in": "6", "result": "Groundout", "evo": "99.8", "la": "-19", "dist": "6"}, {"player": "amed rosario", "game": "bal @ nym", "gameIdx": 0, "hr/park": "", "pa": "39", "dt": "", "img": "https://www.mlbstatic.com/team-logos/121.svg", "team": "nym", "start": "", "in": "5", "result": "Strikeout", "evo": "", "la": "", "dist": ""}, {"player": "jose bautista", "game": "bal @ nym", "gameIdx": 0, "hr/park": "0/30", "pa": "38", "dt": "", "img": "https://www.mlbstatic.com/team-logos/121.svg", "team": "nym", "start": "", "in": "5", "result": "Sac Fly", "evo": "87.7", "la": "30", "dist": "350"}, {"player": "adrian gonzalez", "game": "bal @ nym", "gameIdx": 0, "hr/park": "", "pa": "37", "dt": "", "img": "https://www.mlbstatic.com/team-logos/121.svg", "team": "nym", "start": "", "in": "5", "result": "Flyout", "evo": "92.5", "la": "60", "dist": "211"}, {"player": "kevin plawecki", "game": "bal @ nym", "gameIdx": 0, "hr/park": "", "pa": "36", "dt": "", "img": "https://www.mlbstatic.com/team-logos/121.svg", "team": "nym", "start": "", "in": "5", "result": "Double", "evo": "83.5", "la": "14", "dist": "175"}, {"player": "jay bruce", "game": "bal @ nym", "gameIdx": 0, "hr/park": "", "pa": "35", "dt": "", "img": "https://www.mlbstatic.com/team-logos/121.svg", "team": "nym", "start": "", "in": "5", "result": "Single", "evo": "84.8", "la": "10", "dist": "119"}, {"player": "manny machado", "game": "bal @ nym", "gameIdx": 0, "hr/park": "", "pa": "34", "dt": "", "img": "https://www.mlbstatic.com/team-logos/110.svg", "team": "bal", "start": "", "in": "5", "result": "Flyout", "evo": "83.5", "la": "47", "dist": "254"}, {"player": "adam jones", "game": "bal @ nym", "gameIdx": 0, "hr/park": "", "pa": "33", "dt": "", "img": "https://www.mlbstatic.com/team-logos/110.svg", "team": "bal", "start": "", "in": "5", "result": "Groundout", "evo": "69.0", "la": "-9", "dist": "6"}, {"player": "trey mancini", "game": "bal @ nym", "gameIdx": 0, "hr/park": "", "pa": "32", "dt": "", "img": "https://www.mlbstatic.com/team-logos/110.svg", "team": "bal", "start": "", "in": "5", "result": "Strikeout", "evo": "", "la": "", "dist": ""}, {"player": "todd frazier", "game": "bal @ nym", "gameIdx": 0, "hr/park": "", "pa": "31", "dt": "", "img": "https://www.mlbstatic.com/team-logos/121.svg", "team": "nym", "start": "", "in": "4", "result": "Groundout", "evo": "55.8", "la": "20", "dist": "137"}, {"player": "michael conforto", "game": "bal @ nym", "gameIdx": 0, "hr/park": "", "pa": "30", "dt": "", "img": "https://www.mlbstatic.com/team-logos/121.svg", "team": "nym", "start": "", "in": "4", "result": "Strikeout", "evo": "", "la": "", "dist": ""}, {"player": "asdrubal cabrera", "game": "bal @ nym", "gameIdx": 0, "hr/park": "", "pa": "29", "dt": "", "img": "https://www.mlbstatic.com/team-logos/121.svg", "team": "nym", "start": "", "in": "4", "result": "Groundout", "evo": "95.2", "la": "", "dist": "49"}, {"player": "alex cobb", "game": "bal @ nym", "gameIdx": 0, "hr/park": "", "pa": "28", "dt": "", "img": "https://www.mlbstatic.com/team-logos/110.svg", "team": "bal", "start": "", "in": "4", "result": "Strikeout", "evo": "", "la": "", "dist": ""}, {"player": "austin wynns", "game": "bal @ nym", "gameIdx": 0, "hr/park": "", "pa": "27", "dt": "", "img": "https://www.mlbstatic.com/team-logos/110.svg", "team": "bal", "start": "", "in": "4", "result": "Pop Out", "evo": "86.1", "la": "78", "dist": "80"}, {"player": "chris davis", "game": "bal @ nym", "gameIdx": 0, "hr/park": "", "pa": "26", "dt": "", "img": "https://www.mlbstatic.com/team-logos/110.svg", "team": "bal", "start": "", "in": "4", "result": "Flyout", "evo": "101.7", "la": "51", "dist": "282"}, {"player": "jonathan schoop", "game": "bal @ nym", "gameIdx": 0, "hr/park": "", "pa": "25", "dt": "", "img": "https://www.mlbstatic.com/team-logos/110.svg", "team": "bal", "start": "", "in": "4", "result": "Single", "evo": "110.8", "la": "-1", "dist": "42"}, {"player": "brandon nimmo", "game": "bal @ nym", "gameIdx": 0, "hr/park": "", "pa": "24", "dt": "", "img": "https://www.mlbstatic.com/team-logos/121.svg", "team": "nym", "start": "", "in": "3", "result": "Strikeout", "evo": "", "la": "", "dist": ""}, {"player": "amed rosario", "game": "bal @ nym", "gameIdx": 0, "hr/park": "", "pa": "23", "dt": "", "img": "https://www.mlbstatic.com/team-logos/121.svg", "team": "nym", "start": "", "in": "3", "result": "Groundout", "evo": "75.3", "la": "-62", "dist": "2"}, {"player": "jason vargas", "game": "bal @ nym", "gameIdx": 0, "hr/park": "", "pa": "22", "dt": "", "img": "https://www.mlbstatic.com/team-logos/121.svg", "team": "nym", "start": "", "in": "3", "result": "Lineout", "evo": "85.5", "la": "20", "dist": "293"}, {"player": "mark trumbo", "game": "bal @ nym", "gameIdx": 0, "hr/park": "", "pa": "21", "dt": "", "img": "https://www.mlbstatic.com/team-logos/110.svg", "team": "bal", "start": "", "in": "3", "result": "Strikeout", "evo": "", "la": "", "dist": ""}, {"player": "danny valencia", "game": "bal @ nym", "gameIdx": 0, "hr/park": "", "pa": "20", "dt": "", "img": "https://www.mlbstatic.com/team-logos/110.svg", "team": "bal", "start": "", "in": "3", "result": "Lineout", "evo": "74.0", "la": "23", "dist": "258"}, {"player": "manny machado", "game": "bal @ nym", "gameIdx": 0, "hr/park": "0/30", "pa": "19", "dt": "", "img": "https://www.mlbstatic.com/team-logos/110.svg", "team": "bal", "start": "", "in": "3", "result": "Flyout", "evo": "82.9", "la": "29", "dist": "325"}, {"player": "adrian gonzalez", "game": "bal @ nym", "gameIdx": 0, "hr/park": "", "pa": "18", "dt": "", "img": "https://www.mlbstatic.com/team-logos/121.svg", "team": "nym", "start": "", "in": "2", "result": "Flyout", "evo": "101.1", "la": "50", "dist": "290"}, {"player": "kevin plawecki", "game": "bal @ nym", "gameIdx": 0, "hr/park": "", "pa": "17", "dt": "", "img": "https://www.mlbstatic.com/team-logos/121.svg", "team": "nym", "start": "", "in": "2", "result": "Walk", "evo": "", "la": "", "dist": ""}, {"player": "jay bruce", "game": "bal @ nym", "gameIdx": 0, "hr/park": "", "pa": "16", "dt": "", "img": "https://www.mlbstatic.com/team-logos/121.svg", "team": "nym", "start": "", "in": "2", "result": "Strikeout", "evo": "", "la": "", "dist": ""}, {"player": "todd frazier", "game": "bal @ nym", "gameIdx": 0, "hr/park": "", "pa": "15", "dt": "", "img": "https://www.mlbstatic.com/team-logos/121.svg", "team": "nym", "start": "", "in": "2", "result": "Pop Out", "evo": "84.8", "la": "81", "dist": "59"}, {"player": "adam jones", "game": "bal @ nym", "gameIdx": 0, "hr/park": "", "pa": "14", "dt": "", "img": "https://www.mlbstatic.com/team-logos/110.svg", "team": "bal", "start": "", "in": "2", "result": "Pop Out", "evo": "73.8", "la": "59", "dist": "167"}, {"player": "trey mancini", "game": "bal @ nym", "gameIdx": 0, "hr/park": "", "pa": "13", "dt": "", "img": "https://www.mlbstatic.com/team-logos/110.svg", "team": "bal", "start": "", "in": "2", "result": "Fielders Choice Out", "evo": "95.5", "la": "-29", "dist": "4"}, {"player": "alex cobb", "game": "bal @ nym", "gameIdx": 0, "hr/park": "", "pa": "12", "dt": "", "img": "https://www.mlbstatic.com/team-logos/110.svg", "team": "bal", "start": "", "in": "2", "result": "Sac Bunt", "evo": "", "la": "", "dist": ""}, {"player": "austin wynns", "game": "bal @ nym", "gameIdx": 0, "hr/park": "", "pa": "11", "dt": "", "img": "https://www.mlbstatic.com/team-logos/110.svg", "team": "bal", "start": "", "in": "2", "result": "Single", "evo": "81.0", "la": "14", "dist": "168"}, {"player": "chris davis", "game": "bal @ nym", "gameIdx": 0, "hr/park": "", "pa": "10", "dt": "", "img": "https://www.mlbstatic.com/team-logos/110.svg", "team": "bal", "start": "", "in": "2", "result": "Walk", "evo": "", "la": "", "dist": ""}, {"player": "michael conforto", "game": "bal @ nym", "gameIdx": 0, "hr/park": "0/30", "pa": "9", "dt": "", "img": "https://www.mlbstatic.com/team-logos/121.svg", "team": "nym", "start": "", "in": "1", "result": "Flyout", "evo": "97.6", "la": "41", "dist": "338"}, {"player": "asdrubal cabrera", "game": "bal @ nym", "gameIdx": 0, "hr/park": "", "pa": "8", "dt": "", "img": "https://www.mlbstatic.com/team-logos/121.svg", "team": "nym", "start": "", "in": "1", "result": "Strikeout", "evo": "", "la": "", "dist": ""}, {"player": "brandon nimmo", "game": "bal @ nym", "gameIdx": 0, "hr/park": "", "pa": "7", "dt": "", "img": "https://www.mlbstatic.com/team-logos/121.svg", "team": "nym", "start": "", "in": "1", "result": "Strikeout", "evo": "", "la": "", "dist": ""}, {"player": "jonathan schoop", "game": "bal @ nym", "gameIdx": 0, "hr/park": "", "pa": "6", "dt": "", "img": "https://www.mlbstatic.com/team-logos/110.svg", "team": "bal", "start": "", "in": "1", "result": "Flyout", "evo": "75.8", "la": "35", "dist": "284"}, {"player": "mark trumbo", "game": "bal @ nym", "gameIdx": 0, "hr/park": "", "pa": "5", "dt": "", "img": "https://www.mlbstatic.com/team-logos/110.svg", "team": "bal", "start": "", "in": "1", "result": "Strikeout", "evo": "", "la": "", "dist": ""}, {"player": "danny valencia", "game": "bal @ nym", "gameIdx": 0, "hr/park": "2/30", "pa": "4", "dt": "", "img": "https://www.mlbstatic.com/team-logos/110.svg", "team": "bal", "start": "", "in": "1", "result": "Sac Fly", "evo": "95.5", "la": "39", "dist": "338"}, {"player": "manny machado", "game": "bal @ nym", "gameIdx": 0, "hr/park": "", "pa": "3", "dt": "", "img": "https://www.mlbstatic.com/team-logos/110.svg", "team": "bal", "start": "", "in": "1", "result": "Single", "evo": "75.6", "la": "-5", "dist": "26"}, {"player": "adam jones", "game": "bal @ nym", "gameIdx": 0, "hr/park": "", "pa": "2", "dt": "", "img": "https://www.mlbstatic.com/team-logos/110.svg", "team": "bal", "start": "", "in": "1", "result": "Single", "evo": "103.2", "la": "10", "dist": "230"}, {"player": "trey mancini", "game": "bal @ nym", "gameIdx": 0, "hr/park": "", "pa": "1", "dt": "", "img": "https://www.mlbstatic.com/team-logos/110.svg", "team": "bal", "start": "", "in": "1", "result": "Single", "evo": "110.1", "la": "14", "dist": "242"}], "mil @ cle": [], "ath @ tex": [], "phi @ chc": [], "sea @ hou": [], "mia @ stl": [], "kc @ laa": [], "atl @ sd": [], "ari @ sf": []}