{"all": {"pitchers": "12", "batters": "24", "pitches": "307", "max velomax pitch velocity": "98.5", "min velomin pitch velocity": "75.9", "ff%fourseam fastball %": "49.5", "si%sinker %": "10.1", "fc%cutter %": "1.6", "fs%splitter %": "2.6", "ch%changeup %": "5.2", "sl%slider %": "24.1", "cu%curve %": "6.8", "max evmax exit velocity": "108.8", "hhhard hit": "19", "hh%hard hit %": "33.3", "brlbarrels": "1", "brl%barrel %": "1.8", "ab": "69", "avg": ".290", "h": "20", "1b": "19", "2b": "0", "3b": "1", "hr": "0", "so": "14", "bipballs in play": "57", "liveGames": 0, "totGames": 16}, "col @ nym": [], "phi @ mia": [], "chc @ pit": [], "cle @ det": [], "sd @ mil": [], "cin @ wsh": [], "kc @ tb": [], "tor @ nyy": [], "bal @ chw": [], "laa @ ath": [], "stl @ ari": [], "sf @ lad": [], "tex @ sea": []}