{"all": {"pitchers": "19", "batters": "40", "pitches": "278", "max velomax pitch velocity": "100.2", "min velomin pitch velocity": "72.6", "ff%fourseam fastball %": "39.9", "si%sinker %": "12.2", "fc%cutter %": "15.1", "fs%splitter %": "2.9", "ch%changeup %": "4.7", "sl%slider %": "17.3", "cu%curve %": "7.6", "max evmax exit velocity": "111.1", "hhhard hit": "26", "hh%hard hit %": "48.1", "brlbarrels": "5", "brl%barrel %": "9.3", "ab": "69", "avg": ".246", "h": "17", "1b": "10", "2b": "4", "3b": "0", "hr": "3", "so": "15", "bipballs in play": "54", "liveGames": 0, "totGames": 1}, "ame @ nat": [{"player": "trea turner", "game": "ame @ nat", "gameIdx": 0, "hr/park": "", "pa": "75", "dt": "", "img": "https://www.mlbstatic.com/team-logos/160.svg", "team": null, "start": "", "in": "9", "result": "Groundout", "evo": "104.9", "la": "-2", "dist": "34"}, {"player": "ozzie albies", "game": "ame @ nat", "gameIdx": 0, "hr/park": "", "pa": "74", "dt": "", "img": "https://www.mlbstatic.com/team-logos/160.svg", "team": null, "start": "", "in": "9", "result": "Double", "evo": "101.9", "la": "12", "dist": "204"}, {"player": "chris taylor", "game": "ame @ nat", "gameIdx": 0, "hr/park": "", "pa": "73", "dt": "", "img": "https://www.mlbstatic.com/team-logos/160.svg", "team": null, "start": "", "in": "9", "result": "Strikeout", "evo": "", "la": "", "dist": ""}, {"player": "omar narvaez", "game": "ame @ nat", "gameIdx": 0, "hr/park": "", "pa": "72", "dt": "", "img": "https://www.mlbstatic.com/team-logos/160.svg", "team": null, "start": "", "in": "9", "result": "Single", "evo": "69.4", "la": "-4", "dist": "22"}, {"player": "matt olson", "game": "ame @ nat", "gameIdx": 0, "hr/park": "", "pa": "71", "dt": "", "img": "https://www.mlbstatic.com/team-logos/159.svg", "team": null, "start": "", "in": "9", "result": "Strikeout", "evo": "", "la": "", "dist": ""}, {"player": "nelson cruz", "game": "ame @ nat", "gameIdx": 0, "hr/park": "", "pa": "70", "dt": "", "img": "https://www.mlbstatic.com/team-logos/159.svg", "team": null, "start": "", "in": "9", "result": "Groundout", "evo": "88.2", "la": "-12", "dist": "11"}, {"player": "adolis garcia", "game": "ame @ nat", "gameIdx": 0, "hr/park": "", "pa": "69", "dt": "", "img": "https://www.mlbstatic.com/team-logos/159.svg", "team": null, "start": "", "in": "9", "result": "Double", "evo": "97.9", "la": "7", "dist": "133"}, {"player": "jared walsh", "game": "ame @ nat", "gameIdx": 0, "hr/park": "16/30", "pa": "68", "dt": "", "img": "https://www.mlbstatic.com/team-logos/159.svg", "team": null, "start": "", "in": "9", "result": "Flyout", "evo": "100.6", "la": "24", "dist": "408"}, {"player": "kris bryant", "game": "ame @ nat", "gameIdx": 0, "hr/park": "", "pa": "67", "dt": "", "img": "https://www.mlbstatic.com/team-logos/160.svg", "team": null, "start": "", "in": "8", "result": "Lineout", "evo": "96.6", "la": "18", "dist": "296"}, {"player": "juan soto", "game": "ame @ nat", "gameIdx": 0, "hr/park": "", "pa": "66", "dt": "", "img": "https://www.mlbstatic.com/team-logos/160.svg", "team": null, "start": "", "in": "8", "result": "Walk", "evo": "", "la": "", "dist": ""}, {"player": "jake cronenworth", "game": "ame @ nat", "gameIdx": 0, "hr/park": "", "pa": "65", "dt": "", "img": "https://www.mlbstatic.com/team-logos/160.svg", "team": null, "start": "", "in": "8", "result": "Lineout", "evo": "92.7", "la": "8", "dist": "155"}, {"player": "eduardo escobar", "game": "ame @ nat", "gameIdx": 0, "hr/park": "", "pa": "64", "dt": "", "img": "https://www.mlbstatic.com/team-logos/160.svg", "team": null, "start": "", "in": "8", "result": "Single", "evo": "75.3", "la": "15", "dist": "161"}, {"player": "justin turner", "game": "ame @ nat", "gameIdx": 0, "hr/park": "", "pa": "63", "dt": "", "img": "https://www.mlbstatic.com/team-logos/160.svg", "team": null, "start": "", "in": "8", "result": "Single", "evo": "100.2", "la": "11", "dist": "214"}, {"player": "trea turner", "game": "ame @ nat", "gameIdx": 0, "hr/park": "", "pa": "62", "dt": "", "img": "https://www.mlbstatic.com/team-logos/160.svg", "team": null, "start": "", "in": "8", "result": "Flyout", "evo": "86.1", "la": "55", "dist": "240"}, {"player": "mike zunino", "game": "ame @ nat", "gameIdx": 0, "hr/park": "", "pa": "61", "dt": "", "img": "https://www.mlbstatic.com/team-logos/159.svg", "team": null, "start": "", "in": "8", "result": "Strikeout", "evo": "", "la": "", "dist": ""}, {"player": "whit merrifield", "game": "ame @ nat", "gameIdx": 0, "hr/park": "", "pa": "60", "dt": "", "img": "https://www.mlbstatic.com/team-logos/159.svg", "team": null, "start": "", "in": "8", "result": "Forceout", "evo": "52.5", "la": "1", "dist": "34"}, {"player": "joey wendle", "game": "ame @ nat", "gameIdx": 0, "hr/park": "", "pa": "59", "dt": "", "img": "https://www.mlbstatic.com/team-logos/159.svg", "team": null, "start": "", "in": "8", "result": "Single", "evo": "81.5", "la": "22", "dist": "267"}, {"player": "joey gallo", "game": "ame @ nat", "gameIdx": 0, "hr/park": "", "pa": "58", "dt": "", "img": "https://www.mlbstatic.com/team-logos/159.svg", "team": null, "start": "", "in": "8", "result": "Walk", "evo": "", "la": "", "dist": ""}, {"player": "bo bichette", "game": "ame @ nat", "gameIdx": 0, "hr/park": "", "pa": "57", "dt": "", "img": "https://www.mlbstatic.com/team-logos/159.svg", "team": null, "start": "", "in": "8", "result": "Strikeout", "evo": "", "la": "", "dist": ""}, {"player": "ozzie albies", "game": "ame @ nat", "gameIdx": 0, "hr/park": "", "pa": "56", "dt": "", "img": "https://www.mlbstatic.com/team-logos/160.svg", "team": null, "start": "", "in": "7", "result": "Groundout", "evo": "94.1", "la": "6", "dist": "92"}, {"player": "chris taylor", "game": "ame @ nat", "gameIdx": 0, "hr/park": "", "pa": "55", "dt": "", "img": "https://www.mlbstatic.com/team-logos/160.svg", "team": null, "start": "", "in": "7", "result": "Groundout", "evo": "104.5", "la": "1", "dist": "54"}, {"player": "omar narvaez", "game": "ame @ nat", "gameIdx": 0, "hr/park": "", "pa": "54", "dt": "", "img": "https://www.mlbstatic.com/team-logos/160.svg", "team": null, "start": "", "in": "7", "result": "Groundout", "evo": "88.7", "la": "-20", "dist": "8"}, {"player": "matt olson", "game": "ame @ nat", "gameIdx": 0, "hr/park": "", "pa": "53", "dt": "", "img": "https://www.mlbstatic.com/team-logos/159.svg", "team": null, "start": "", "in": "7", "result": "Strikeout", "evo": "", "la": "", "dist": ""}, {"player": "jd martinez", "game": "ame @ nat", "gameIdx": 0, "hr/park": "", "pa": "52", "dt": "", "img": "https://www.mlbstatic.com/team-logos/159.svg", "team": null, "start": "", "in": "7", "result": "Strikeout", "evo": "", "la": "", "dist": ""}, {"player": "adolis garcia", "game": "ame @ nat", "gameIdx": 0, "hr/park": "", "pa": "51", "dt": "", "img": "https://www.mlbstatic.com/team-logos/159.svg", "team": null, "start": "", "in": "7", "result": "Strikeout", "evo": "", "la": "", "dist": ""}, {"player": "kris bryant", "game": "ame @ nat", "gameIdx": 0, "hr/park": "", "pa": "50", "dt": "", "img": "https://www.mlbstatic.com/team-logos/160.svg", "team": null, "start": "", "in": "6", "result": "Strikeout", "evo": "", "la": "", "dist": ""}, {"player": "juan soto", "game": "ame @ nat", "gameIdx": 0, "hr/park": "", "pa": "49", "dt": "", "img": "https://www.mlbstatic.com/team-logos/160.svg", "team": null, "start": "", "in": "6", "result": "Walk", "evo": "", "la": "", "dist": ""}, {"player": "jake cronenworth", "game": "ame @ nat", "gameIdx": 0, "hr/park": "", "pa": "48", "dt": "", "img": "https://www.mlbstatic.com/team-logos/160.svg", "team": null, "start": "", "in": "6", "result": "Walk", "evo": "", "la": "", "dist": ""}, {"player": "manny machado", "game": "ame @ nat", "gameIdx": 0, "hr/park": "", "pa": "47", "dt": "", "img": "https://www.mlbstatic.com/team-logos/160.svg", "team": null, "start": "", "in": "6", "result": "Single", "evo": "105.6", "la": "12", "dist": "299"}, {"player": "justin turner", "game": "ame @ nat", "gameIdx": 0, "hr/park": "", "pa": "46", "dt": "", "img": "https://www.mlbstatic.com/team-logos/160.svg", "team": null, "start": "", "in": "6", "result": "Groundout", "evo": "96.9", "la": "-1", "dist": "45"}, {"player": "brandon crawford", "game": "ame @ nat", "gameIdx": 0, "hr/park": "", "pa": "45", "dt": "", "img": "https://www.mlbstatic.com/team-logos/160.svg", "team": null, "start": "", "in": "6", "result": "Pop Out", "evo": "63.6", "la": "45", "dist": "191"}, {"player": "jared walsh", "game": "ame @ nat", "gameIdx": 0, "hr/park": "", "pa": "44", "dt": "", "img": "https://www.mlbstatic.com/team-logos/159.svg", "team": null, "start": "", "in": "6", "result": "Flyout", "evo": "85.6", "la": "52", "dist": "253"}, {"player": "mike zunino", "game": "ame @ nat", "gameIdx": 0, "hr/park": "30/30", "pa": "43", "dt": "", "img": "https://www.mlbstatic.com/team-logos/159.svg", "team": null, "start": "", "in": "6", "result": "Home Run", "evo": "106.6", "la": "31", "dist": "433"}, {"player": "whit merrifield", "game": "ame @ nat", "gameIdx": 0, "hr/park": "", "pa": "42", "dt": "", "img": "https://www.mlbstatic.com/team-logos/159.svg", "team": null, "start": "", "in": "6", "result": "Strikeout", "evo": "", "la": "", "dist": ""}, {"player": "jose ramirez", "game": "ame @ nat", "gameIdx": 0, "hr/park": "6/30", "pa": "41", "dt": "", "img": "https://www.mlbstatic.com/team-logos/159.svg", "team": null, "start": "", "in": "6", "result": "Flyout", "evo": "94.0", "la": "33", "dist": "388"}, {"player": "adam frazier", "game": "ame @ nat", "gameIdx": 0, "hr/park": "", "pa": "40", "dt": "", "img": "https://www.mlbstatic.com/team-logos/160.svg", "team": null, "start": "", "in": "5", "result": "Groundout", "evo": "72.2", "la": "-30", "dist": "5"}, {"player": "bryan reynolds", "game": "ame @ nat", "gameIdx": 0, "hr/park": "", "pa": "39", "dt": "", "img": "https://www.mlbstatic.com/team-logos/160.svg", "team": null, "start": "", "in": "5", "result": "Groundout", "evo": "98.0", "la": "-30", "dist": "4"}, {"player": "jt realmuto", "game": "ame @ nat", "gameIdx": 0, "hr/park": "29/30", "pa": "38", "dt": "", "img": "https://www.mlbstatic.com/team-logos/160.svg", "team": null, "start": "", "in": "5", "result": "Home Run", "evo": "104.0", "la": "26", "dist": "430"}, {"player": "jesse winker", "game": "ame @ nat", "gameIdx": 0, "hr/park": "", "pa": "37", "dt": "", "img": "https://www.mlbstatic.com/team-logos/160.svg", "team": null, "start": "", "in": "5", "result": "Groundout", "evo": "91.1", "la": "-42", "dist": "4"}, {"player": "aaron judge", "game": "ame @ nat", "gameIdx": 0, "hr/park": "", "pa": "36", "dt": "", "img": "https://www.mlbstatic.com/team-logos/159.svg", "team": null, "start": "", "in": "5", "result": "Flyout", "evo": "77.5", "la": "48", "dist": "258"}, {"player": "xander bogaerts", "game": "ame @ nat", "gameIdx": 0, "hr/park": "", "pa": "35", "dt": "", "img": "https://www.mlbstatic.com/team-logos/159.svg", "team": null, "start": "", "in": "5", "result": "Single", "evo": "92.8", "la": "-9", "dist": "18"}, {"player": "vladimir guerrero", "game": "ame @ nat", "gameIdx": 0, "hr/park": "", "pa": "34", "dt": "", "img": "https://www.mlbstatic.com/team-logos/159.svg", "team": null, "start": "", "in": "5", "result": "Groundout", "evo": "97.4", "la": "-49", "dist": "3"}, {"player": "jd martinez", "game": "ame @ nat", "gameIdx": 0, "hr/park": "", "pa": "33", "dt": "", "img": "https://www.mlbstatic.com/team-logos/159.svg", "team": null, "start": "", "in": "5", "result": "Strikeout", "evo": "", "la": "", "dist": ""}, {"player": "cedric mullins", "game": "ame @ nat", "gameIdx": 0, "hr/park": "", "pa": "32", "dt": "", "img": "https://www.mlbstatic.com/team-logos/159.svg", "team": null, "start": "", "in": "5", "result": "Field Error", "evo": "69.2", "la": "2", "dist": "46"}, {"player": "teoscar hernandez", "game": "ame @ nat", "gameIdx": 0, "hr/park": "11/30", "pa": "31", "dt": "", "img": "https://www.mlbstatic.com/team-logos/159.svg", "team": null, "start": "", "in": "5", "result": "Double", "evo": "104.2", "la": "21", "dist": "366"}, {"player": "nick castellanos", "game": "ame @ nat", "gameIdx": 0, "hr/park": "", "pa": "30", "dt": "", "img": "https://www.mlbstatic.com/team-logos/160.svg", "team": null, "start": "", "in": "4", "result": "GIDP", "evo": "94.0", "la": "-22", "dist": "7"}, {"player": "freddie freeman", "game": "ame @ nat", "gameIdx": 0, "hr/park": "", "pa": "29", "dt": "", "img": "https://www.mlbstatic.com/team-logos/160.svg", "team": null, "start": "", "in": "4", "result": "Single", "evo": "96.5", "la": "2", "dist": "64"}, {"player": "nolan arenado", "game": "ame @ nat", "gameIdx": 0, "hr/park": "", "pa": "28", "dt": "", "img": "https://www.mlbstatic.com/team-logos/160.svg", "team": null, "start": "", "in": "4", "result": "Groundout", "evo": "88.4", "la": "-2", "dist": "22"}, {"player": "salvador perez", "game": "ame @ nat", "gameIdx": 0, "hr/park": "", "pa": "27", "dt": "", "img": "https://www.mlbstatic.com/team-logos/159.svg", "team": null, "start": "", "in": "4", "result": "Strikeout", "evo": "", "la": "", "dist": ""}, {"player": "marcus semien", "game": "ame @ nat", "gameIdx": 0, "hr/park": "", "pa": "26", "dt": "", "img": "https://www.mlbstatic.com/team-logos/159.svg", "team": null, "start": "", "in": "4", "result": "Groundout", "evo": "94.5", "la": "-38", "dist": "3"}, {"player": "rafael devers", "game": "ame @ nat", "gameIdx": 0, "hr/park": "", "pa": "25", "dt": "", "img": "https://www.mlbstatic.com/team-logos/159.svg", "team": null, "start": "", "in": "4", "result": "Groundout", "evo": "106.3", "la": "-11", "dist": "12"}, {"player": "max muncy", "game": "ame @ nat", "gameIdx": 0, "hr/park": "", "pa": "24", "dt": "", "img": "https://www.mlbstatic.com/team-logos/160.svg", "team": null, "start": "", "in": "3", "result": "Pop Out", "evo": "56.2", "la": "44", "dist": "165"}, {"player": "fernando tatis", "game": "ame @ nat", "gameIdx": 0, "hr/park": "0/30", "pa": "23", "dt": "", "img": "https://www.mlbstatic.com/team-logos/160.svg", "team": null, "start": "", "in": "3", "result": "Flyout", "evo": "97.2", "la": "40", "dist": "383"}, {"player": "adam frazier", "game": "ame @ nat", "gameIdx": 0, "hr/park": "", "pa": "22", "dt": "", "img": "https://www.mlbstatic.com/team-logos/160.svg", "team": null, "start": "", "in": "3", "result": "Single", "evo": "86.3", "la": "16", "dist": "216"}, {"player": "bryan reynolds", "game": "ame @ nat", "gameIdx": 0, "hr/park": "8/30", "pa": "21", "dt": "", "img": "https://www.mlbstatic.com/team-logos/160.svg", "team": null, "start": "", "in": "3", "result": "Flyout", "evo": "93.1", "la": "32", "dist": "381"}, {"player": "aaron judge", "game": "ame @ nat", "gameIdx": 0, "hr/park": "", "pa": "20", "dt": "", "img": "https://www.mlbstatic.com/team-logos/159.svg", "team": null, "start": "", "in": "3", "result": "Forceout", "evo": "110.9", "la": "-7", "dist": "19"}, {"player": "xander bogaerts", "game": "ame @ nat", "gameIdx": 0, "hr/park": "", "pa": "19", "dt": "", "img": "https://www.mlbstatic.com/team-logos/159.svg", "team": null, "start": "", "in": "3", "result": "Single", "evo": "109.0", "la": "10", "dist": "229"}, {"player": "vladimir guerrero", "game": "ame @ nat", "gameIdx": 0, "hr/park": "30/30", "pa": "18", "dt": "", "img": "https://www.mlbstatic.com/team-logos/159.svg", "team": null, "start": "", "in": "3", "result": "Home Run", "evo": "110.2", "la": "26", "dist": "468"}, {"player": "shohei ohtani", "game": "ame @ nat", "gameIdx": 0, "hr/park": "", "pa": "17", "dt": "", "img": "https://www.mlbstatic.com/team-logos/159.svg", "team": null, "start": "", "in": "3", "result": "Groundout", "evo": "99.2", "la": "-25", "dist": "4"}, {"player": "cedric mullins", "game": "ame @ nat", "gameIdx": 0, "hr/park": "", "pa": "16", "dt": "", "img": "https://www.mlbstatic.com/team-logos/159.svg", "team": null, "start": "", "in": "3", "result": "Strikeout", "evo": "", "la": "", "dist": ""}, {"player": "jt realmuto", "game": "ame @ nat", "gameIdx": 0, "hr/park": "", "pa": "15", "dt": "", "img": "https://www.mlbstatic.com/team-logos/160.svg", "team": null, "start": "", "in": "2", "result": "Strikeout", "evo": "", "la": "", "dist": ""}, {"player": "jesse winker", "game": "ame @ nat", "gameIdx": 0, "hr/park": "", "pa": "14", "dt": "", "img": "https://www.mlbstatic.com/team-logos/160.svg", "team": null, "start": "", "in": "2", "result": "Walk", "evo": "", "la": "", "dist": ""}, {"player": "nick castellanos", "game": "ame @ nat", "gameIdx": 0, "hr/park": "", "pa": "13", "dt": "", "img": "https://www.mlbstatic.com/team-logos/160.svg", "team": null, "start": "", "in": "2", "result": "Pop Out", "evo": "89.1", "la": "71", "dist": "115"}, {"player": "freddie freeman", "game": "ame @ nat", "gameIdx": 0, "hr/park": "", "pa": "12", "dt": "", "img": "https://www.mlbstatic.com/team-logos/160.svg", "team": null, "start": "", "in": "2", "result": "Groundout", "evo": "101.1", "la": "2", "dist": "76"}, {"player": "teoscar hernandez", "game": "ame @ nat", "gameIdx": 0, "hr/park": "", "pa": "11", "dt": "", "img": "https://www.mlbstatic.com/team-logos/159.svg", "team": null, "start": "", "in": "2", "result": "GIDP", "evo": "103.6", "la": "-4", "dist": "24"}, {"player": "salvador perez", "game": "ame @ nat", "gameIdx": 0, "hr/park": "", "pa": "10", "dt": "", "img": "https://www.mlbstatic.com/team-logos/159.svg", "team": null, "start": "", "in": "2", "result": "Strikeout", "evo": "", "la": "", "dist": ""}, {"player": "marcus semien", "game": "ame @ nat", "gameIdx": 0, "hr/park": "", "pa": "9", "dt": "", "img": "https://www.mlbstatic.com/team-logos/159.svg", "team": null, "start": "", "in": "2", "result": "Single", "evo": "72.2", "la": "-58", "dist": "2"}, {"player": "rafael devers", "game": "ame @ nat", "gameIdx": 0, "hr/park": "", "pa": "8", "dt": "", "img": "https://www.mlbstatic.com/team-logos/159.svg", "team": null, "start": "", "in": "2", "result": "Double", "evo": "106.6", "la": "-25", "dist": "5"}, {"player": "aaron judge", "game": "ame @ nat", "gameIdx": 0, "hr/park": "", "pa": "7", "dt": "", "img": "https://www.mlbstatic.com/team-logos/159.svg", "team": null, "start": "", "in": "2", "result": "Walk", "evo": "", "la": "", "dist": ""}, {"player": "nolan arenado", "game": "ame @ nat", "gameIdx": 0, "hr/park": "", "pa": "6", "dt": "", "img": "https://www.mlbstatic.com/team-logos/160.svg", "team": null, "start": "", "in": "1", "result": "Groundout", "evo": "87.0", "la": "-19", "dist": "4"}, {"player": "max muncy", "game": "ame @ nat", "gameIdx": 0, "hr/park": "", "pa": "5", "dt": "", "img": "https://www.mlbstatic.com/team-logos/160.svg", "team": null, "start": "", "in": "1", "result": "Groundout", "evo": "82.4", "la": "-1", "dist": "37"}, {"player": "fernando tatis", "game": "ame @ nat", "gameIdx": 0, "hr/park": "0/30", "pa": "4", "dt": "", "img": "https://www.mlbstatic.com/team-logos/160.svg", "team": null, "start": "", "in": "1", "result": "Flyout", "evo": "97.9", "la": "43", "dist": "345"}, {"player": "xander bogaerts", "game": "ame @ nat", "gameIdx": 0, "hr/park": "", "pa": "3", "dt": "", "img": "https://www.mlbstatic.com/team-logos/159.svg", "team": null, "start": "", "in": "1", "result": "Strikeout", "evo": "", "la": "", "dist": ""}, {"player": "vladimir guerrero", "game": "ame @ nat", "gameIdx": 0, "hr/park": "", "pa": "2", "dt": "", "img": "https://www.mlbstatic.com/team-logos/159.svg", "team": null, "start": "", "in": "1", "result": "Groundout", "evo": "111.1", "la": "4", "dist": "129"}, {"player": "shohei ohtani", "game": "ame @ nat", "gameIdx": 0, "hr/park": "", "pa": "1", "dt": "", "img": "https://www.mlbstatic.com/team-logos/159.svg", "team": null, "start": "", "in": "1", "result": "Groundout", "evo": "89.5", "la": "2", "dist": "62"}]}