{"all": {"pitchers": "9", "batters": "21", "pitches": "272", "max velomax pitch velocity": "97.7", "min velomin pitch velocity": "79.0", "ff%fourseam fastball %": "50.4", "si%sinker %": "5.9", "fc%cutter %": "6.6", "fs%splitter %": "0.0", "ch%changeup %": "12.9", "sl%slider %": "10.3", "cu%curve %": "14.0", "max evmax exit velocity": "108.8", "hhhard hit": "23", "hh%hard hit %": "39.7", "brlbarrels": "5", "brl%barrel %": "8.6", "ab": "68", "avg": ".250", "h": "17", "1b": "8", "2b": "3", "3b": "1", "hr": "5", "so": "14", "bipballs in play": "58", "liveGames": 0, "totGames": 16}, "bos @ nyy": [], "tor @ wsh": [], "chc @ cin": [], "laa @ det": [], "bal @ tb": [], "atl @ mia": [], "mil @ stl": [], "sea @ tex": [], "hou @ kc": [], "cle @ min": [], "ath @ chw": [], "sd @ col": [{"player": "eric hosmer", "game": "sd @ col", "gameIdx": 0, "hr/park": "0/30", "pa": "72", "dt": "", "img": "https://www.mlbstatic.com/team-logos/135.svg", "team": "sd", "start": "", "in": "9", "result": "Lineout", "evo": "85.1", "la": "21", "dist": "315"}, {"player": "tommy pham", "game": "sd @ col", "gameIdx": 0, "hr/park": "", "pa": "71", "dt": "", "img": "https://www.mlbstatic.com/team-logos/135.svg", "team": "sd", "start": "", "in": "9", "result": "Forceout", "evo": "105.7", "la": "-13", "dist": "13"}, {"player": "jake cronenworth", "game": "sd @ col", "gameIdx": 0, "hr/park": "", "pa": "70", "dt": "", "img": "https://www.mlbstatic.com/team-logos/135.svg", "team": "sd", "start": "", "in": "9", "result": "Single", "evo": "94.4", "la": "7", "dist": "110"}, {"player": "manny machado", "game": "sd @ col", "gameIdx": 0, "hr/park": "", "pa": "69", "dt": "", "img": "https://www.mlbstatic.com/team-logos/135.svg", "team": "sd", "start": "", "in": "9", "result": "Groundout", "evo": "99.0", "la": "-11", "dist": "13"}, {"player": "brendan rodgers", "game": "sd @ col", "gameIdx": 0, "hr/park": "", "pa": "68", "dt": "", "img": "https://www.mlbstatic.com/team-logos/115.svg", "team": "col", "start": "", "in": "8", "result": "Strikeout", "evo": "", "la": "", "dist": ""}, {"player": "connor joe", "game": "sd @ col", "gameIdx": 0, "hr/park": "", "pa": "67", "dt": "", "img": "https://www.mlbstatic.com/team-logos/115.svg", "team": "col", "start": "", "in": "8", "result": "Strikeout", "evo": "", "la": "", "dist": ""}, {"player": "taylor motter", "game": "sd @ col", "gameIdx": 0, "hr/park": "", "pa": "66", "dt": "", "img": "https://www.mlbstatic.com/team-logos/115.svg", "team": "col", "start": "", "in": "8", "result": "Strikeout", "evo": "", "la": "", "dist": ""}, {"player": "fernando tatis", "game": "sd @ col", "gameIdx": 0, "hr/park": "", "pa": "65", "dt": "", "img": "https://www.mlbstatic.com/team-logos/135.svg", "team": "sd", "start": "", "in": "8", "result": "Pop Out", "evo": "77.2", "la": "75", "dist": "88"}, {"player": "adam frazier", "game": "sd @ col", "gameIdx": 0, "hr/park": "", "pa": "64", "dt": "", "img": "https://www.mlbstatic.com/team-logos/135.svg", "team": "sd", "start": "", "in": "8", "result": "Lineout", "evo": "92.4", "la": "20", "dist": "296"}, {"player": "wil myers", "game": "sd @ col", "gameIdx": 0, "hr/park": "", "pa": "63", "dt": "", "img": "https://www.mlbstatic.com/team-logos/135.svg", "team": "sd", "start": "", "in": "8", "result": "Groundout", "evo": "69.4", "la": "-24", "dist": "9"}, {"player": "sam hilliard", "game": "sd @ col", "gameIdx": 0, "hr/park": "", "pa": "62", "dt": "", "img": "https://www.mlbstatic.com/team-logos/115.svg", "team": "col", "start": "", "in": "7", "result": "Groundout", "evo": "73.4", "la": "-72", "dist": "2"}, {"player": "elias diaz", "game": "sd @ col", "gameIdx": 0, "hr/park": "", "pa": "61", "dt": "", "img": "https://www.mlbstatic.com/team-logos/115.svg", "team": "col", "start": "", "in": "7", "result": "Pop Out", "evo": "63.4", "la": "84", "dist": "35"}, {"player": "ryan mcmahon", "game": "sd @ col", "gameIdx": 0, "hr/park": "", "pa": "60", "dt": "", "img": "https://www.mlbstatic.com/team-logos/115.svg", "team": "col", "start": "", "in": "7", "result": "Groundout", "evo": "103.2", "la": "-8", "dist": "13"}, {"player": "cj cron", "game": "sd @ col", "gameIdx": 0, "hr/park": "30/30", "pa": "59", "dt": "", "img": "https://www.mlbstatic.com/team-logos/115.svg", "team": "col", "start": "", "in": "7", "result": "Home Run", "evo": "106.7", "la": "26", "dist": "423"}, {"player": "charlie blackmon", "game": "sd @ col", "gameIdx": 0, "hr/park": "30/30", "pa": "58", "dt": "", "img": "https://www.mlbstatic.com/team-logos/115.svg", "team": "col", "start": "", "in": "7", "result": "Home Run", "evo": "104.8", "la": "25", "dist": "444"}, {"player": "trevor story", "game": "sd @ col", "gameIdx": 0, "hr/park": "", "pa": "57", "dt": "", "img": "https://www.mlbstatic.com/team-logos/115.svg", "team": "col", "start": "", "in": "7", "result": "Walk", "evo": "", "la": "", "dist": ""}, {"player": "trent grisham", "game": "sd @ col", "gameIdx": 0, "hr/park": "", "pa": "56", "dt": "", "img": "https://www.mlbstatic.com/team-logos/135.svg", "team": "sd", "start": "", "in": "7", "result": "Lineout", "evo": "64.4", "la": "23", "dist": "191"}, {"player": "victor caratini", "game": "sd @ col", "gameIdx": 0, "hr/park": "", "pa": "55", "dt": "", "img": "https://www.mlbstatic.com/team-logos/135.svg", "team": "sd", "start": "", "in": "7", "result": "Groundout", "evo": "95.8", "la": "-16", "dist": "8"}, {"player": "eric hosmer", "game": "sd @ col", "gameIdx": 0, "hr/park": "", "pa": "54", "dt": "", "img": "https://www.mlbstatic.com/team-logos/135.svg", "team": "sd", "start": "", "in": "7", "result": "Single", "evo": "102.7", "la": "-9", "dist": "19"}, {"player": "tommy pham", "game": "sd @ col", "gameIdx": 0, "hr/park": "30/30", "pa": "53", "dt": "", "img": "https://www.mlbstatic.com/team-logos/135.svg", "team": "sd", "start": "", "in": "7", "result": "Home Run", "evo": "107.9", "la": "28", "dist": "486"}, {"player": "jake cronenworth", "game": "sd @ col", "gameIdx": 0, "hr/park": "17/30", "pa": "52", "dt": "", "img": "https://www.mlbstatic.com/team-logos/135.svg", "team": "sd", "start": "", "in": "7", "result": "Home Run", "evo": "97.2", "la": "30", "dist": "400"}, {"player": "manny machado", "game": "sd @ col", "gameIdx": 0, "hr/park": "0/30", "pa": "51", "dt": "", "img": "https://www.mlbstatic.com/team-logos/135.svg", "team": "sd", "start": "", "in": "7", "result": "Lineout", "evo": "82.7", "la": "24", "dist": "303"}, {"player": "fernando tatis", "game": "sd @ col", "gameIdx": 0, "hr/park": "30/30", "pa": "50", "dt": "", "img": "https://www.mlbstatic.com/team-logos/135.svg", "team": "sd", "start": "", "in": "7", "result": "Home Run", "evo": "104.8", "la": "30", "dist": "450"}, {"player": "brendan rodgers", "game": "sd @ col", "gameIdx": 0, "hr/park": "", "pa": "49", "dt": "", "img": "https://www.mlbstatic.com/team-logos/115.svg", "team": "col", "start": "", "in": "6", "result": "Groundout", "evo": "102.7", "la": "-16", "dist": "8"}, {"player": "connor joe", "game": "sd @ col", "gameIdx": 0, "hr/park": "", "pa": "48", "dt": "", "img": "https://www.mlbstatic.com/team-logos/115.svg", "team": "col", "start": "", "in": "6", "result": "Strikeout", "evo": "", "la": "", "dist": ""}, {"player": "german marquez", "game": "sd @ col", "gameIdx": 0, "hr/park": "", "pa": "47", "dt": "", "img": "https://www.mlbstatic.com/team-logos/115.svg", "team": "col", "start": "", "in": "6", "result": "Double", "evo": "108.8", "la": "8", "dist": "167"}, {"player": "sam hilliard", "game": "sd @ col", "gameIdx": 0, "hr/park": "", "pa": "46", "dt": "", "img": "https://www.mlbstatic.com/team-logos/115.svg", "team": "col", "start": "", "in": "6", "result": "Strikeout", "evo": "", "la": "", "dist": ""}, {"player": "elias diaz", "game": "sd @ col", "gameIdx": 0, "hr/park": "26/30", "pa": "45", "dt": "", "img": "https://www.mlbstatic.com/team-logos/115.svg", "team": "col", "start": "", "in": "6", "result": "Triple", "evo": "100.9", "la": "28", "dist": "423"}, {"player": "adam frazier", "game": "sd @ col", "gameIdx": 0, "hr/park": "", "pa": "44", "dt": "", "img": "https://www.mlbstatic.com/team-logos/135.svg", "team": "sd", "start": "", "in": "6", "result": "Groundout", "evo": "98.4", "la": "-13", "dist": "7"}, {"player": "ha seong kim", "game": "sd @ col", "gameIdx": 0, "hr/park": "", "pa": "43", "dt": "", "img": "https://www.mlbstatic.com/team-logos/135.svg", "team": "sd", "start": "", "in": "6", "result": "Strikeout", "evo": "", "la": "", "dist": ""}, {"player": "trent grisham", "game": "sd @ col", "gameIdx": 0, "hr/park": "", "pa": "42", "dt": "", "img": "https://www.mlbstatic.com/team-logos/135.svg", "team": "sd", "start": "", "in": "6", "result": "Flyout", "evo": "76.6", "la": "48", "dist": "246"}, {"player": "ryan mcmahon", "game": "sd @ col", "gameIdx": 0, "hr/park": "", "pa": "41", "dt": "", "img": "https://www.mlbstatic.com/team-logos/115.svg", "team": "col", "start": "", "in": "5", "result": "Strikeout", "evo": "", "la": "", "dist": ""}, {"player": "cj cron", "game": "sd @ col", "gameIdx": 0, "hr/park": "", "pa": "40", "dt": "", "img": "https://www.mlbstatic.com/team-logos/115.svg", "team": "col", "start": "", "in": "5", "result": "Strikeout", "evo": "", "la": "", "dist": ""}, {"player": "charlie blackmon", "game": "sd @ col", "gameIdx": 0, "hr/park": "0/30", "pa": "39", "dt": "", "img": "https://www.mlbstatic.com/team-logos/115.svg", "team": "col", "start": "", "in": "5", "result": "Lineout", "evo": "95.1", "la": "19", "dist": "333"}, {"player": "victor caratini", "game": "sd @ col", "gameIdx": 0, "hr/park": "", "pa": "38", "dt": "", "img": "https://www.mlbstatic.com/team-logos/135.svg", "team": "sd", "start": "", "in": "5", "result": "Groundout", "evo": "83.8", "la": "-49", "dist": "3"}, {"player": "eric hosmer", "game": "sd @ col", "gameIdx": 0, "hr/park": "", "pa": "37", "dt": "", "img": "https://www.mlbstatic.com/team-logos/135.svg", "team": "sd", "start": "", "in": "5", "result": "Groundout", "evo": "79.6", "la": "9", "dist": "139"}, {"player": "tommy pham", "game": "sd @ col", "gameIdx": 0, "hr/park": "", "pa": "36", "dt": "", "img": "https://www.mlbstatic.com/team-logos/135.svg", "team": "sd", "start": "", "in": "5", "result": "Groundout", "evo": "85.2", "la": "-14", "dist": "9"}, {"player": "trevor story", "game": "sd @ col", "gameIdx": 0, "hr/park": "0/30", "pa": "35", "dt": "", "img": "https://www.mlbstatic.com/team-logos/115.svg", "team": "col", "start": "", "in": "4", "result": "Flyout", "evo": "94.5", "la": "36", "dist": "378"}, {"player": "brendan rodgers", "game": "sd @ col", "gameIdx": 0, "hr/park": "", "pa": "34", "dt": "", "img": "https://www.mlbstatic.com/team-logos/115.svg", "team": "col", "start": "", "in": "4", "result": "Double", "evo": "75.5", "la": "29", "dist": "277"}, {"player": "connor joe", "game": "sd @ col", "gameIdx": 0, "hr/park": "", "pa": "33", "dt": "", "img": "https://www.mlbstatic.com/team-logos/115.svg", "team": "col", "start": "", "in": "4", "result": "Walk", "evo": "", "la": "", "dist": ""}, {"player": "german marquez", "game": "sd @ col", "gameIdx": 0, "hr/park": "", "pa": "32", "dt": "", "img": "https://www.mlbstatic.com/team-logos/115.svg", "team": "col", "start": "", "in": "4", "result": "Single", "evo": "103.8", "la": "11", "dist": "249"}, {"player": "sam hilliard", "game": "sd @ col", "gameIdx": 0, "hr/park": "", "pa": "31", "dt": "", "img": "https://www.mlbstatic.com/team-logos/115.svg", "team": "col", "start": "", "in": "4", "result": "Groundout", "evo": "73.3", "la": "-17", "dist": "7"}, {"player": "elias diaz", "game": "sd @ col", "gameIdx": 0, "hr/park": "12/30", "pa": "30", "dt": "", "img": "https://www.mlbstatic.com/team-logos/115.svg", "team": "col", "start": "", "in": "4", "result": "Double", "evo": "98.7", "la": "24", "dist": "400"}, {"player": "ryan mcmahon", "game": "sd @ col", "gameIdx": 0, "hr/park": "", "pa": "29", "dt": "", "img": "https://www.mlbstatic.com/team-logos/115.svg", "team": "col", "start": "", "in": "4", "result": "Strikeout", "evo": "", "la": "", "dist": ""}, {"player": "jake cronenworth", "game": "sd @ col", "gameIdx": 0, "hr/park": "", "pa": "28", "dt": "", "img": "https://www.mlbstatic.com/team-logos/135.svg", "team": "sd", "start": "", "in": "4", "result": "Groundout", "evo": "92.1", "la": "-3", "dist": "16"}, {"player": "manny machado", "game": "sd @ col", "gameIdx": 0, "hr/park": "", "pa": "27", "dt": "", "img": "https://www.mlbstatic.com/team-logos/135.svg", "team": "sd", "start": "", "in": "4", "result": "Strikeout", "evo": "", "la": "", "dist": ""}, {"player": "fernando tatis", "game": "sd @ col", "gameIdx": 0, "hr/park": "", "pa": "26", "dt": "", "img": "https://www.mlbstatic.com/team-logos/135.svg", "team": "sd", "start": "", "in": "4", "result": "Groundout", "evo": "91.8", "la": "-12", "dist": "12"}, {"player": "cj cron", "game": "sd @ col", "gameIdx": 0, "hr/park": "", "pa": "25", "dt": "", "img": "https://www.mlbstatic.com/team-logos/115.svg", "team": "col", "start": "", "in": "3", "result": "Flyout", "evo": "101.4", "la": "57", "dist": "270"}, {"player": "charlie blackmon", "game": "sd @ col", "gameIdx": 0, "hr/park": "", "pa": "24", "dt": "", "img": "https://www.mlbstatic.com/team-logos/115.svg", "team": "col", "start": "", "in": "3", "result": "Groundout", "evo": "90.9", "la": "-14", "dist": "11"}, {"player": "trevor story", "game": "sd @ col", "gameIdx": 0, "hr/park": "", "pa": "23", "dt": "", "img": "https://www.mlbstatic.com/team-logos/115.svg", "team": "col", "start": "", "in": "3", "result": "Groundout", "evo": "102.1", "la": "-1", "dist": "52"}, {"player": "fernando tatis", "game": "sd @ col", "gameIdx": 0, "hr/park": "", "pa": "22", "dt": "", "img": "https://www.mlbstatic.com/team-logos/135.svg", "team": "sd", "start": "", "in": "3", "result": "Caught Stealing 2B", "evo": "", "la": "", "dist": ""}, {"player": "adam frazier", "game": "sd @ col", "gameIdx": 0, "hr/park": "", "pa": "21", "dt": "", "img": "https://www.mlbstatic.com/team-logos/135.svg", "team": "sd", "start": "", "in": "3", "result": "Forceout", "evo": "95.0", "la": "-26", "dist": "6"}, {"player": "reiss knehr", "game": "sd @ col", "gameIdx": 0, "hr/park": "", "pa": "20", "dt": "", "img": "https://www.mlbstatic.com/team-logos/135.svg", "team": "sd", "start": "", "in": "3", "result": "Bunt Lineout", "evo": "31.1", "la": "28", "dist": "59"}, {"player": "trent grisham", "game": "sd @ col", "gameIdx": 0, "hr/park": "", "pa": "19", "dt": "", "img": "https://www.mlbstatic.com/team-logos/135.svg", "team": "sd", "start": "", "in": "3", "result": "Single", "evo": "86.6", "la": "5", "dist": "98"}, {"player": "brendan rodgers", "game": "sd @ col", "gameIdx": 0, "hr/park": "", "pa": "18", "dt": "", "img": "https://www.mlbstatic.com/team-logos/115.svg", "team": "col", "start": "", "in": "2", "result": "Flyout", "evo": "87.9", "la": "51", "dist": "268"}, {"player": "connor joe", "game": "sd @ col", "gameIdx": 0, "hr/park": "", "pa": "17", "dt": "", "img": "https://www.mlbstatic.com/team-logos/115.svg", "team": "col", "start": "", "in": "2", "result": "Walk", "evo": "", "la": "", "dist": ""}, {"player": "german marquez", "game": "sd @ col", "gameIdx": 0, "hr/park": "", "pa": "16", "dt": "", "img": "https://www.mlbstatic.com/team-logos/115.svg", "team": "col", "start": "", "in": "2", "result": "Strikeout", "evo": "", "la": "", "dist": ""}, {"player": "sam hilliard", "game": "sd @ col", "gameIdx": 0, "hr/park": "", "pa": "15", "dt": "", "img": "https://www.mlbstatic.com/team-logos/115.svg", "team": "col", "start": "", "in": "2", "result": "Single", "evo": "84.8", "la": "-20", "dist": "10"}, {"player": "elias diaz", "game": "sd @ col", "gameIdx": 0, "hr/park": "", "pa": "14", "dt": "", "img": "https://www.mlbstatic.com/team-logos/115.svg", "team": "col", "start": "", "in": "2", "result": "Groundout", "evo": "71.6", "la": "-8", "dist": "16"}, {"player": "victor caratini", "game": "sd @ col", "gameIdx": 0, "hr/park": "", "pa": "13", "dt": "", "img": "https://www.mlbstatic.com/team-logos/135.svg", "team": "sd", "start": "", "in": "2", "result": "Strikeout", "evo": "", "la": "", "dist": ""}, {"player": "eric hosmer", "game": "sd @ col", "gameIdx": 0, "hr/park": "", "pa": "12", "dt": "", "img": "https://www.mlbstatic.com/team-logos/135.svg", "team": "sd", "start": "", "in": "2", "result": "Walk", "evo": "", "la": "", "dist": ""}, {"player": "tommy pham", "game": "sd @ col", "gameIdx": 0, "hr/park": "", "pa": "11", "dt": "", "img": "https://www.mlbstatic.com/team-logos/135.svg", "team": "sd", "start": "", "in": "2", "result": "Groundout", "evo": "83.7", "la": "-14", "dist": "12"}, {"player": "jake cronenworth", "game": "sd @ col", "gameIdx": 0, "hr/park": "", "pa": "10", "dt": "", "img": "https://www.mlbstatic.com/team-logos/135.svg", "team": "sd", "start": "", "in": "2", "result": "Groundout", "evo": "82.2", "la": "-20", "dist": "6"}, {"player": "ryan mcmahon", "game": "sd @ col", "gameIdx": 0, "hr/park": "1/30", "pa": "9", "dt": "", "img": "https://www.mlbstatic.com/team-logos/115.svg", "team": "col", "start": "", "in": "1", "result": "Flyout", "evo": "91.2", "la": "34", "dist": "373"}, {"player": "cj cron", "game": "sd @ col", "gameIdx": 0, "hr/park": "", "pa": "8", "dt": "", "img": "https://www.mlbstatic.com/team-logos/115.svg", "team": "col", "start": "", "in": "1", "result": "Single", "evo": "92.2", "la": "16", "dist": "273"}, {"player": "charlie blackmon", "game": "sd @ col", "gameIdx": 0, "hr/park": "", "pa": "7", "dt": "", "img": "https://www.mlbstatic.com/team-logos/115.svg", "team": "col", "start": "", "in": "1", "result": "Forceout", "evo": "65.2", "la": "-8", "dist": "12"}, {"player": "trevor story", "game": "sd @ col", "gameIdx": 0, "hr/park": "", "pa": "6", "dt": "", "img": "https://www.mlbstatic.com/team-logos/115.svg", "team": "col", "start": "", "in": "1", "result": "Strikeout", "evo": "", "la": "", "dist": ""}, {"player": "brendan rodgers", "game": "sd @ col", "gameIdx": 0, "hr/park": "", "pa": "5", "dt": "", "img": "https://www.mlbstatic.com/team-logos/115.svg", "team": "col", "start": "", "in": "1", "result": "Single", "evo": "104.5", "la": "5", "dist": "124"}, {"player": "connor joe", "game": "sd @ col", "gameIdx": 0, "hr/park": "", "pa": "4", "dt": "", "img": "https://www.mlbstatic.com/team-logos/115.svg", "team": "col", "start": "", "in": "1", "result": "Single", "evo": "108.1", "la": "-9", "dist": "12"}, {"player": "manny machado", "game": "sd @ col", "gameIdx": 0, "hr/park": "22/30", "pa": "3", "dt": "", "img": "https://www.mlbstatic.com/team-logos/135.svg", "team": "sd", "start": "", "in": "1", "result": "Flyout", "evo": "92.0", "la": "35", "dist": "355"}, {"player": "fernando tatis", "game": "sd @ col", "gameIdx": 0, "hr/park": "", "pa": "2", "dt": "", "img": "https://www.mlbstatic.com/team-logos/135.svg", "team": "sd", "start": "", "in": "1", "result": "Strikeout", "evo": "", "la": "", "dist": ""}, {"player": "adam frazier", "game": "sd @ col", "gameIdx": 0, "hr/park": "", "pa": "1", "dt": "", "img": "https://www.mlbstatic.com/team-logos/135.svg", "team": "sd", "start": "", "in": "1", "result": "Groundout", "evo": "95.0", "la": "3", "dist": "70"}], "phi @ ari": [], "nym @ sf": [], "pit @ lad": []}