{"all": {"pitchers": "16", "batters": "38", "pitches": "565", "max velomax pitch velocity": "99.7", "min velomin pitch velocity": "74.9", "ff%fourseam fastball %": "38.6", "si%sinker %": "17.5", "fc%cutter %": "2.1", "fs%splitter %": "0.0", "ch%changeup %": "11.7", "sl%slider %": "22.3", "cu%curve %": "7.8", "max evmax exit velocity": "115.1", "hhhard hit": "40", "hh%hard hit %": "44.0", "brlbarrels": "5", "brl%barrel %": "5.5", "ab": "131", "avg": ".252", "h": "33", "1b": "26", "2b": "5", "3b": "0", "hr": "2", "so": "43", "bipballs in play": "91", "liveGames": 0, "totGames": 12}, "tor @ atl": [], "phi @ wsh": [{"player": "andrew knapp", "game": "phi @ wsh", "gameIdx": 0, "hr/park": "", "pa": "66", "dt": "", "img": "https://www.mlbstatic.com/team-logos/143.svg", "team": "phi", "start": "", "in": "9", "result": "Groundout", "evo": "97.8", "la": "-4", "dist": "23"}, {"player": "odubel herrera", "game": "phi @ wsh", "gameIdx": 0, "hr/park": "", "pa": "65", "dt": "", "img": "https://www.mlbstatic.com/team-logos/143.svg", "team": "phi", "start": "", "in": "9", "result": "Groundout", "evo": "46.9", "la": "4", "dist": "39"}, {"player": "alec bohm", "game": "phi @ wsh", "gameIdx": 0, "hr/park": "", "pa": "64", "dt": "", "img": "https://www.mlbstatic.com/team-logos/143.svg", "team": "phi", "start": "", "in": "9", "result": "Strikeout", "evo": "", "la": "", "dist": ""}, {"player": "starlin castro", "game": "phi @ wsh", "gameIdx": 0, "hr/park": "", "pa": "63", "dt": "", "img": "https://www.mlbstatic.com/team-logos/120.svg", "team": "wsh", "start": "", "in": "8", "result": "Groundout", "evo": "81.4", "la": "-3", "dist": "30"}, {"player": "kyle schwarber", "game": "phi @ wsh", "gameIdx": 0, "hr/park": "", "pa": "62", "dt": "", "img": "https://www.mlbstatic.com/team-logos/120.svg", "team": "wsh", "start": "", "in": "8", "result": "Strikeout", "evo": "", "la": "", "dist": ""}, {"player": "juan soto", "game": "phi @ wsh", "gameIdx": 0, "hr/park": "", "pa": "61", "dt": "", "img": "https://www.mlbstatic.com/team-logos/120.svg", "team": "wsh", "start": "", "in": "8", "result": "Groundout", "evo": "66.5", "la": "-32", "dist": "6"}, {"player": "rhys hoskins", "game": "phi @ wsh", "gameIdx": 0, "hr/park": "", "pa": "60", "dt": "", "img": "https://www.mlbstatic.com/team-logos/143.svg", "team": "phi", "start": "", "in": "8", "result": "Groundout", "evo": "91.0", "la": "-7", "dist": "19"}, {"player": "bryce harper", "game": "phi @ wsh", "gameIdx": 0, "hr/park": "", "pa": "59", "dt": "", "img": "https://www.mlbstatic.com/team-logos/143.svg", "team": "phi", "start": "", "in": "8", "result": "Strikeout", "evo": "", "la": "", "dist": ""}, {"player": "jean segura", "game": "phi @ wsh", "gameIdx": 0, "hr/park": "0/30", "pa": "58", "dt": "", "img": "https://www.mlbstatic.com/team-logos/143.svg", "team": "phi", "start": "", "in": "8", "result": "Lineout", "evo": "95.5", "la": "23", "dist": "325"}, {"player": "andrew mccutchen", "game": "phi @ wsh", "gameIdx": 0, "hr/park": "", "pa": "57", "dt": "", "img": "https://www.mlbstatic.com/team-logos/143.svg", "team": "phi", "start": "", "in": "8", "result": "Walk", "evo": "", "la": "", "dist": ""}, {"player": "brad miller", "game": "phi @ wsh", "gameIdx": 0, "hr/park": "", "pa": "56", "dt": "", "img": "https://www.mlbstatic.com/team-logos/143.svg", "team": "phi", "start": "", "in": "8", "result": "Double", "evo": "90.8", "la": "13", "dist": "189"}, {"player": "josh harrison", "game": "phi @ wsh", "gameIdx": 0, "hr/park": "", "pa": "55", "dt": "", "img": "https://www.mlbstatic.com/team-logos/120.svg", "team": "wsh", "start": "", "in": "7", "result": "Flyout", "evo": "76.0", "la": "41", "dist": "251"}, {"player": "trea turner", "game": "phi @ wsh", "gameIdx": 0, "hr/park": "", "pa": "54", "dt": "", "img": "https://www.mlbstatic.com/team-logos/120.svg", "team": "wsh", "start": "", "in": "7", "result": "Strikeout", "evo": "", "la": "", "dist": ""}, {"player": "victor robles", "game": "phi @ wsh", "gameIdx": 0, "hr/park": "", "pa": "53", "dt": "", "img": "https://www.mlbstatic.com/team-logos/120.svg", "team": "wsh", "start": "", "in": "7", "result": "Groundout", "evo": "44.5", "la": "-31", "dist": "4"}, {"player": "nick maton", "game": "phi @ wsh", "gameIdx": 0, "hr/park": "0/30", "pa": "52", "dt": "", "img": "https://www.mlbstatic.com/team-logos/143.svg", "team": "phi", "start": "", "in": "7", "result": "Flyout", "evo": "96.7", "la": "41", "dist": "325"}, {"player": "andrew knapp", "game": "phi @ wsh", "gameIdx": 0, "hr/park": "", "pa": "51", "dt": "", "img": "https://www.mlbstatic.com/team-logos/143.svg", "team": "phi", "start": "", "in": "7", "result": "Flyout", "evo": "77.7", "la": "55", "dist": "199"}, {"player": "odubel herrera", "game": "phi @ wsh", "gameIdx": 0, "hr/park": "", "pa": "50", "dt": "", "img": "https://www.mlbstatic.com/team-logos/143.svg", "team": "phi", "start": "", "in": "7", "result": "Strikeout", "evo": "", "la": "", "dist": ""}, {"player": "alec bohm", "game": "phi @ wsh", "gameIdx": 0, "hr/park": "", "pa": "49", "dt": "", "img": "https://www.mlbstatic.com/team-logos/143.svg", "team": "phi", "start": "", "in": "7", "result": "Single", "evo": "102.4", "la": "8", "dist": "140"}, {"player": "patrick corbin", "game": "phi @ wsh", "gameIdx": 0, "hr/park": "", "pa": "48", "dt": "", "img": "https://www.mlbstatic.com/team-logos/120.svg", "team": "wsh", "start": "", "in": "6", "result": "Strikeout", "evo": "", "la": "", "dist": ""}, {"player": "josh bell", "game": "phi @ wsh", "gameIdx": 0, "hr/park": "", "pa": "46", "dt": "", "img": "https://www.mlbstatic.com/team-logos/120.svg", "team": "wsh", "start": "", "in": "6", "result": "Strikeout", "evo": "", "la": "", "dist": ""}, {"player": "starlin castro", "game": "phi @ wsh", "gameIdx": 0, "hr/park": "", "pa": "45", "dt": "", "img": "https://www.mlbstatic.com/team-logos/120.svg", "team": "wsh", "start": "", "in": "6", "result": "Double", "evo": "84.5", "la": "-19", "dist": "8"}, {"player": "kyle schwarber", "game": "phi @ wsh", "gameIdx": 0, "hr/park": "", "pa": "44", "dt": "", "img": "https://www.mlbstatic.com/team-logos/120.svg", "team": "wsh", "start": "", "in": "6", "result": "Single", "evo": "65.1", "la": "22", "dist": "194"}, {"player": "juan soto", "game": "phi @ wsh", "gameIdx": 0, "hr/park": "", "pa": "43", "dt": "", "img": "https://www.mlbstatic.com/team-logos/120.svg", "team": "wsh", "start": "", "in": "6", "result": "Single", "evo": "96.5", "la": "-15", "dist": "8"}, {"player": "josh harrison", "game": "phi @ wsh", "gameIdx": 0, "hr/park": "", "pa": "42", "dt": "", "img": "https://www.mlbstatic.com/team-logos/120.svg", "team": "wsh", "start": "", "in": "6", "result": "Groundout", "evo": "65.1", "la": "-25", "dist": "6"}, {"player": "rhys hoskins", "game": "phi @ wsh", "gameIdx": 0, "hr/park": "", "pa": "41", "dt": "", "img": "https://www.mlbstatic.com/team-logos/143.svg", "team": "phi", "start": "", "in": "6", "result": "Strikeout", "evo": "", "la": "", "dist": ""}, {"player": "bryce harper", "game": "phi @ wsh", "gameIdx": 0, "hr/park": "", "pa": "40", "dt": "", "img": "https://www.mlbstatic.com/team-logos/143.svg", "team": "phi", "start": "", "in": "6", "result": "Strikeout", "evo": "", "la": "", "dist": ""}, {"player": "jean segura", "game": "phi @ wsh", "gameIdx": 0, "hr/park": "", "pa": "39", "dt": "", "img": "https://www.mlbstatic.com/team-logos/143.svg", "team": "phi", "start": "", "in": "6", "result": "Groundout", "evo": "94.6", "la": "5", "dist": "114"}, {"player": "trea turner", "game": "phi @ wsh", "gameIdx": 0, "hr/park": "", "pa": "38", "dt": "", "img": "https://www.mlbstatic.com/team-logos/120.svg", "team": "wsh", "start": "", "in": "5", "result": "Groundout", "evo": "73.5", "la": "-21", "dist": "7"}, {"player": "victor robles", "game": "phi @ wsh", "gameIdx": 0, "hr/park": "", "pa": "37", "dt": "", "img": "https://www.mlbstatic.com/team-logos/120.svg", "team": "wsh", "start": "", "in": "5", "result": "Lineout", "evo": "101.3", "la": "5", "dist": "110"}, {"player": "patrick corbin", "game": "phi @ wsh", "gameIdx": 0, "hr/park": "", "pa": "36", "dt": "", "img": "https://www.mlbstatic.com/team-logos/120.svg", "team": "wsh", "start": "", "in": "5", "result": "Groundout", "evo": "100.7", "la": "-18", "dist": "7"}, {"player": "andrew mccutchen", "game": "phi @ wsh", "gameIdx": 0, "hr/park": "", "pa": "35", "dt": "", "img": "https://www.mlbstatic.com/team-logos/143.svg", "team": "phi", "start": "", "in": "5", "result": "Groundout", "evo": "92.1", "la": "-7", "dist": "8"}, {"player": "zach eflin", "game": "phi @ wsh", "gameIdx": 0, "hr/park": "", "pa": "34", "dt": "", "img": "https://www.mlbstatic.com/team-logos/143.svg", "team": "phi", "start": "", "in": "5", "result": "Strikeout", "evo": "", "la": "", "dist": ""}, {"player": "nick maton", "game": "phi @ wsh", "gameIdx": 0, "hr/park": "", "pa": "33", "dt": "", "img": "https://www.mlbstatic.com/team-logos/143.svg", "team": "phi", "start": "", "in": "5", "result": "Groundout", "evo": "80.8", "la": "1", "dist": "55"}, {"player": "yan gomes", "game": "phi @ wsh", "gameIdx": 0, "hr/park": "", "pa": "32", "dt": "", "img": "https://www.mlbstatic.com/team-logos/120.svg", "team": "wsh", "start": "", "in": "4", "result": "Strikeout", "evo": "", "la": "", "dist": ""}, {"player": "josh bell", "game": "phi @ wsh", "gameIdx": 0, "hr/park": "", "pa": "31", "dt": "", "img": "https://www.mlbstatic.com/team-logos/120.svg", "team": "wsh", "start": "", "in": "4", "result": "GIDP", "evo": "89.5", "la": "-8", "dist": "11"}, {"player": "starlin castro", "game": "phi @ wsh", "gameIdx": 0, "hr/park": "", "pa": "30", "dt": "", "img": "https://www.mlbstatic.com/team-logos/120.svg", "team": "wsh", "start": "", "in": "4", "result": "Single", "evo": "96.7", "la": "5", "dist": "88"}, {"player": "andrew knapp", "game": "phi @ wsh", "gameIdx": 0, "hr/park": "", "pa": "29", "dt": "", "img": "https://www.mlbstatic.com/team-logos/143.svg", "team": "phi", "start": "", "in": "4", "result": "Strikeout", "evo": "", "la": "", "dist": ""}, {"player": "odubel herrera", "game": "phi @ wsh", "gameIdx": 0, "hr/park": "", "pa": "28", "dt": "", "img": "https://www.mlbstatic.com/team-logos/143.svg", "team": "phi", "start": "", "in": "4", "result": "Single", "evo": "104.6", "la": "12", "dist": "233"}, {"player": "alec bohm", "game": "phi @ wsh", "gameIdx": 0, "hr/park": "", "pa": "27", "dt": "", "img": "https://www.mlbstatic.com/team-logos/143.svg", "team": "phi", "start": "", "in": "4", "result": "Groundout", "evo": "85.1", "la": "-15", "dist": "7"}, {"player": "rhys hoskins", "game": "phi @ wsh", "gameIdx": 0, "hr/park": "", "pa": "26", "dt": "", "img": "https://www.mlbstatic.com/team-logos/143.svg", "team": "phi", "start": "", "in": "4", "result": "Groundout", "evo": "98.9", "la": "-8", "dist": "14"}, {"player": "kyle schwarber", "game": "phi @ wsh", "gameIdx": 0, "hr/park": "", "pa": "25", "dt": "", "img": "https://www.mlbstatic.com/team-logos/120.svg", "team": "wsh", "start": "", "in": "3", "result": "Strikeout", "evo": "", "la": "", "dist": ""}, {"player": "juan soto", "game": "phi @ wsh", "gameIdx": 0, "hr/park": "", "pa": "24", "dt": "", "img": "https://www.mlbstatic.com/team-logos/120.svg", "team": "wsh", "start": "", "in": "3", "result": "Strikeout", "evo": "", "la": "", "dist": ""}, {"player": "josh harrison", "game": "phi @ wsh", "gameIdx": 0, "hr/park": "", "pa": "23", "dt": "", "img": "https://www.mlbstatic.com/team-logos/120.svg", "team": "wsh", "start": "", "in": "3", "result": "Strikeout", "evo": "", "la": "", "dist": ""}, {"player": "bryce harper", "game": "phi @ wsh", "gameIdx": 0, "hr/park": "", "pa": "22", "dt": "", "img": "https://www.mlbstatic.com/team-logos/143.svg", "team": "phi", "start": "", "in": "3", "result": "Strikeout", "evo": "", "la": "", "dist": ""}, {"player": "jean segura", "game": "phi @ wsh", "gameIdx": 0, "hr/park": "", "pa": "21", "dt": "", "img": "https://www.mlbstatic.com/team-logos/143.svg", "team": "phi", "start": "", "in": "3", "result": "Groundout", "evo": "102.1", "la": "", "dist": "43"}, {"player": "andrew mccutchen", "game": "phi @ wsh", "gameIdx": 0, "hr/park": "", "pa": "20", "dt": "", "img": "https://www.mlbstatic.com/team-logos/143.svg", "team": "phi", "start": "", "in": "3", "result": "Groundout", "evo": "75.4", "la": "-4", "dist": "23"}, {"player": "trea turner", "game": "phi @ wsh", "gameIdx": 0, "hr/park": "", "pa": "19", "dt": "", "img": "https://www.mlbstatic.com/team-logos/120.svg", "team": "wsh", "start": "", "in": "2", "result": "Strikeout", "evo": "", "la": "", "dist": ""}, {"player": "victor robles", "game": "phi @ wsh", "gameIdx": 0, "hr/park": "", "pa": "18", "dt": "", "img": "https://www.mlbstatic.com/team-logos/120.svg", "team": "wsh", "start": "", "in": "2", "result": "Strikeout", "evo": "", "la": "", "dist": ""}, {"player": "patrick corbin", "game": "phi @ wsh", "gameIdx": 0, "hr/park": "", "pa": "17", "dt": "", "img": "https://www.mlbstatic.com/team-logos/120.svg", "team": "wsh", "start": "", "in": "2", "result": "Strikeout", "evo": "", "la": "", "dist": ""}, {"player": "zach eflin", "game": "phi @ wsh", "gameIdx": 0, "hr/park": "", "pa": "16", "dt": "", "img": "https://www.mlbstatic.com/team-logos/143.svg", "team": "phi", "start": "", "in": "2", "result": "Groundout", "evo": "66.5", "la": "-47", "dist": "5"}, {"player": "nick maton", "game": "phi @ wsh", "gameIdx": 0, "hr/park": "", "pa": "15", "dt": "", "img": "https://www.mlbstatic.com/team-logos/143.svg", "team": "phi", "start": "", "in": "2", "result": "Single", "evo": "90.7", "la": "16", "dist": "219"}, {"player": "andrew knapp", "game": "phi @ wsh", "gameIdx": 0, "hr/park": "", "pa": "14", "dt": "", "img": "https://www.mlbstatic.com/team-logos/143.svg", "team": "phi", "start": "", "in": "2", "result": "Lineout", "evo": "75.8", "la": "13", "dist": "160"}, {"player": "odubel herrera", "game": "phi @ wsh", "gameIdx": 0, "hr/park": "", "pa": "13", "dt": "", "img": "https://www.mlbstatic.com/team-logos/143.svg", "team": "phi", "start": "", "in": "2", "result": "Strikeout", "evo": "", "la": "", "dist": ""}, {"player": "yan gomes", "game": "phi @ wsh", "gameIdx": 0, "hr/park": "", "pa": "12", "dt": "", "img": "https://www.mlbstatic.com/team-logos/120.svg", "team": "wsh", "start": "", "in": "1", "result": "Groundout", "evo": "50.3", "la": "-63", "dist": "2"}, {"player": "josh bell", "game": "phi @ wsh", "gameIdx": 0, "hr/park": "30/30", "pa": "11", "dt": "", "img": "https://www.mlbstatic.com/team-logos/120.svg", "team": "wsh", "start": "", "in": "1", "result": "Home Run", "evo": "107.7", "la": "29", "dist": "445"}, {"player": "starlin castro", "game": "phi @ wsh", "gameIdx": 0, "hr/park": "", "pa": "10", "dt": "", "img": "https://www.mlbstatic.com/team-logos/120.svg", "team": "wsh", "start": "", "in": "1", "result": "Walk", "evo": "", "la": "", "dist": ""}, {"player": "kyle schwarber", "game": "phi @ wsh", "gameIdx": 0, "hr/park": "30/30", "pa": "9", "dt": "", "img": "https://www.mlbstatic.com/team-logos/120.svg", "team": "wsh", "start": "", "in": "1", "result": "Home Run", "evo": "109.4", "la": "29", "dist": "399"}, {"player": "juan soto", "game": "phi @ wsh", "gameIdx": 0, "hr/park": "", "pa": "8", "dt": "", "img": "https://www.mlbstatic.com/team-logos/120.svg", "team": "wsh", "start": "", "in": "1", "result": "Forceout", "evo": "106.5", "la": "3", "dist": "93"}, {"player": "josh harrison", "game": "phi @ wsh", "gameIdx": 0, "hr/park": "", "pa": "7", "dt": "", "img": "https://www.mlbstatic.com/team-logos/120.svg", "team": "wsh", "start": "", "in": "1", "result": "Single", "evo": "72.2", "la": "7", "dist": "83"}, {"player": "trea turner", "game": "phi @ wsh", "gameIdx": 0, "hr/park": "", "pa": "6", "dt": "", "img": "https://www.mlbstatic.com/team-logos/120.svg", "team": "wsh", "start": "", "in": "1", "result": "Groundout", "evo": "35.1", "la": "23", "dist": "60"}, {"player": "alec bohm", "game": "phi @ wsh", "gameIdx": 0, "hr/park": "", "pa": "5", "dt": "", "img": "https://www.mlbstatic.com/team-logos/143.svg", "team": "phi", "start": "", "in": "1", "result": "Strikeout", "evo": "", "la": "", "dist": ""}, {"player": "rhys hoskins", "game": "phi @ wsh", "gameIdx": 0, "hr/park": "", "pa": "4", "dt": "", "img": "https://www.mlbstatic.com/team-logos/143.svg", "team": "phi", "start": "", "in": "1", "result": "Strikeout", "evo": "", "la": "", "dist": ""}, {"player": "bryce harper", "game": "phi @ wsh", "gameIdx": 0, "hr/park": "", "pa": "3", "dt": "", "img": "https://www.mlbstatic.com/team-logos/143.svg", "team": "phi", "start": "", "in": "1", "result": "Single", "evo": "92.2", "la": "-28", "dist": "6"}, {"player": "jean segura", "game": "phi @ wsh", "gameIdx": 0, "hr/park": "", "pa": "2", "dt": "", "img": "https://www.mlbstatic.com/team-logos/143.svg", "team": "phi", "start": "", "in": "1", "result": "Groundout", "evo": "35.3", "la": "-20", "dist": "6"}, {"player": "andrew mccutchen", "game": "phi @ wsh", "gameIdx": 0, "hr/park": "", "pa": "1", "dt": "", "img": "https://www.mlbstatic.com/team-logos/143.svg", "team": "phi", "start": "", "in": "1", "result": "Double", "evo": "105.5", "la": "13", "dist": "217"}], "kc @ det": [{"player": "andrew benintendi", "game": "kc @ det", "gameIdx": 0, "hr/park": "", "pa": "77", "dt": "", "img": "https://www.mlbstatic.com/team-logos/118.svg", "team": "kc", "start": "", "in": "9", "result": "Strikeout", "evo": "", "la": "", "dist": ""}, {"player": "jorge soler", "game": "kc @ det", "gameIdx": 0, "hr/park": "", "pa": "76", "dt": "", "img": "https://www.mlbstatic.com/team-logos/118.svg", "team": "kc", "start": "", "in": "9", "result": "Pop Out", "evo": "68.6", "la": "52", "dist": "168"}, {"player": "salvador perez", "game": "kc @ det", "gameIdx": 0, "hr/park": "", "pa": "75", "dt": "", "img": "https://www.mlbstatic.com/team-logos/118.svg", "team": "kc", "start": "", "in": "9", "result": "Single", "evo": "104.5", "la": "7", "dist": "183"}, {"player": "carlos santana", "game": "kc @ det", "gameIdx": 0, "hr/park": "", "pa": "74", "dt": "", "img": "https://www.mlbstatic.com/team-logos/118.svg", "team": "kc", "start": "", "in": "9", "result": "Groundout", "evo": "109.4", "la": "-9", "dist": "18"}, {"player": "whit merrifield", "game": "kc @ det", "gameIdx": 0, "hr/park": "1/30", "pa": "73", "dt": "", "img": "https://www.mlbstatic.com/team-logos/118.svg", "team": "kc", "start": "", "in": "9", "result": "Double", "evo": "99.4", "la": "22", "dist": "359"}, {"player": "nicky lopez", "game": "kc @ det", "gameIdx": 0, "hr/park": "", "pa": "72", "dt": "", "img": "https://www.mlbstatic.com/team-logos/118.svg", "team": "kc", "start": "", "in": "9", "result": "Walk", "evo": "", "la": "", "dist": ""}, {"player": "akil baddoo", "game": "kc @ det", "gameIdx": 0, "hr/park": "", "pa": "71", "dt": "", "img": "https://www.mlbstatic.com/team-logos/116.svg", "team": "det", "start": "", "in": "8", "result": "Flyout", "evo": "97.2", "la": "42", "dist": "277"}, {"player": "jacoby jones", "game": "kc @ det", "gameIdx": 0, "hr/park": "", "pa": "70", "dt": "", "img": "https://www.mlbstatic.com/team-logos/116.svg", "team": "det", "start": "", "in": "8", "result": "Walk", "evo": "", "la": "", "dist": ""}, {"player": "willi castro", "game": "kc @ det", "gameIdx": 0, "hr/park": "", "pa": "69", "dt": "", "img": "https://www.mlbstatic.com/team-logos/116.svg", "team": "det", "start": "", "in": "8", "result": "Strikeout", "evo": "", "la": "", "dist": ""}, {"player": "eric haase", "game": "kc @ det", "gameIdx": 0, "hr/park": "", "pa": "68", "dt": "", "img": "https://www.mlbstatic.com/team-logos/116.svg", "team": "det", "start": "", "in": "8", "result": "Strikeout", "evo": "", "la": "", "dist": ""}, {"player": "michael a taylor", "game": "kc @ det", "gameIdx": 0, "hr/park": "", "pa": "67", "dt": "", "img": "https://www.mlbstatic.com/team-logos/118.svg", "team": "kc", "start": "", "in": "8", "result": "Strikeout", "evo": "", "la": "", "dist": ""}, {"player": "hunter dozier", "game": "kc @ det", "gameIdx": 0, "hr/park": "", "pa": "66", "dt": "", "img": "https://www.mlbstatic.com/team-logos/118.svg", "team": "kc", "start": "", "in": "8", "result": "Strikeout", "evo": "", "la": "", "dist": ""}, {"player": "hanser alberto", "game": "kc @ det", "gameIdx": 0, "hr/park": "", "pa": "65", "dt": "", "img": "https://www.mlbstatic.com/team-logos/118.svg", "team": "kc", "start": "", "in": "8", "result": "Single", "evo": "100.9", "la": "9", "dist": "140"}, {"player": "andrew benintendi", "game": "kc @ det", "gameIdx": 0, "hr/park": "", "pa": "64", "dt": "", "img": "https://www.mlbstatic.com/team-logos/118.svg", "team": "kc", "start": "", "in": "8", "result": "Forceout", "evo": "72.0", "la": "-16", "dist": "7"}, {"player": "jorge soler", "game": "kc @ det", "gameIdx": 0, "hr/park": "", "pa": "63", "dt": "", "img": "https://www.mlbstatic.com/team-logos/118.svg", "team": "kc", "start": "", "in": "8", "result": "Single", "evo": "97.6", "la": "-2", "dist": "41"}, {"player": "niko goodrum", "game": "kc @ det", "gameIdx": 0, "hr/park": "", "pa": "62", "dt": "", "img": "https://www.mlbstatic.com/team-logos/116.svg", "team": "det", "start": "", "in": "7", "result": "Strikeout", "evo": "", "la": "", "dist": ""}, {"player": "miguel cabrera", "game": "kc @ det", "gameIdx": 0, "hr/park": "", "pa": "61", "dt": "", "img": "https://www.mlbstatic.com/team-logos/116.svg", "team": "det", "start": "", "in": "7", "result": "Single", "evo": "105.5", "la": "15", "dist": "266"}, {"player": "jeimer candelario", "game": "kc @ det", "gameIdx": 0, "hr/park": "", "pa": "60", "dt": "", "img": "https://www.mlbstatic.com/team-logos/116.svg", "team": "det", "start": "", "in": "7", "result": "Walk", "evo": "", "la": "", "dist": ""}, {"player": "jonathan schoop", "game": "kc @ det", "gameIdx": 0, "hr/park": "", "pa": "59", "dt": "", "img": "https://www.mlbstatic.com/team-logos/116.svg", "team": "det", "start": "", "in": "7", "result": "Pop Out", "evo": "67.3", "la": "59", "dist": "164"}, {"player": "robbie grossman", "game": "kc @ det", "gameIdx": 0, "hr/park": "", "pa": "58", "dt": "", "img": "https://www.mlbstatic.com/team-logos/116.svg", "team": "det", "start": "", "in": "7", "result": "Flyout", "evo": "78.9", "la": "39", "dist": "276"}, {"player": "salvador perez", "game": "kc @ det", "gameIdx": 0, "hr/park": "", "pa": "57", "dt": "", "img": "https://www.mlbstatic.com/team-logos/118.svg", "team": "kc", "start": "", "in": "7", "result": "Forceout", "evo": "103.7", "la": "-9", "dist": "16"}, {"player": "carlos santana", "game": "kc @ det", "gameIdx": 0, "hr/park": "", "pa": "56", "dt": "", "img": "https://www.mlbstatic.com/team-logos/118.svg", "team": "kc", "start": "", "in": "7", "result": "Walk", "evo": "", "la": "", "dist": ""}, {"player": "whit merrifield", "game": "kc @ det", "gameIdx": 0, "hr/park": "", "pa": "55", "dt": "", "img": "https://www.mlbstatic.com/team-logos/118.svg", "team": "kc", "start": "", "in": "7", "result": "Forceout", "evo": "89.0", "la": "-17", "dist": "9"}, {"player": "nicky lopez", "game": "kc @ det", "gameIdx": 0, "hr/park": "", "pa": "54", "dt": "", "img": "https://www.mlbstatic.com/team-logos/118.svg", "team": "kc", "start": "", "in": "7", "result": "Single", "evo": "93.2", "la": "10", "dist": "174"}, {"player": "michael a taylor", "game": "kc @ det", "gameIdx": 0, "hr/park": "", "pa": "53", "dt": "", "img": "https://www.mlbstatic.com/team-logos/118.svg", "team": "kc", "start": "", "in": "7", "result": "Strikeout", "evo": "", "la": "", "dist": ""}, {"player": "akil baddoo", "game": "kc @ det", "gameIdx": 0, "hr/park": "", "pa": "52", "dt": "", "img": "https://www.mlbstatic.com/team-logos/116.svg", "team": "det", "start": "", "in": "6", "result": "Pop Out", "evo": "77.4", "la": "54", "dist": "171"}, {"player": "jacoby jones", "game": "kc @ det", "gameIdx": 0, "hr/park": "", "pa": "51", "dt": "", "img": "https://www.mlbstatic.com/team-logos/116.svg", "team": "det", "start": "", "in": "6", "result": "Walk", "evo": "", "la": "", "dist": ""}, {"player": "willi castro", "game": "kc @ det", "gameIdx": 0, "hr/park": "", "pa": "50", "dt": "", "img": "https://www.mlbstatic.com/team-logos/116.svg", "team": "det", "start": "", "in": "6", "result": "Strikeout", "evo": "", "la": "", "dist": ""}, {"player": "hunter dozier", "game": "kc @ det", "gameIdx": 0, "hr/park": "", "pa": "49", "dt": "", "img": "https://www.mlbstatic.com/team-logos/118.svg", "team": "kc", "start": "", "in": "6", "result": "Groundout", "evo": "71.7", "la": "-13", "dist": "15"}, {"player": "ryan ohearn", "game": "kc @ det", "gameIdx": 0, "hr/park": "", "pa": "48", "dt": "", "img": "https://www.mlbstatic.com/team-logos/118.svg", "team": "kc", "start": "", "in": "6", "result": "Strikeout", "evo": "", "la": "", "dist": ""}, {"player": "andrew benintendi", "game": "kc @ det", "gameIdx": 0, "hr/park": "", "pa": "47", "dt": "", "img": "https://www.mlbstatic.com/team-logos/118.svg", "team": "kc", "start": "", "in": "6", "result": "Single", "evo": "84.0", "la": "13", "dist": "142"}, {"player": "jorge soler", "game": "kc @ det", "gameIdx": 0, "hr/park": "", "pa": "46", "dt": "", "img": "https://www.mlbstatic.com/team-logos/118.svg", "team": "kc", "start": "", "in": "6", "result": "Strikeout", "evo": "", "la": "", "dist": ""}, {"player": "salvador perez", "game": "kc @ det", "gameIdx": 0, "hr/park": "", "pa": "45", "dt": "", "img": "https://www.mlbstatic.com/team-logos/118.svg", "team": "kc", "start": "", "in": "6", "result": "Single", "evo": "95.8", "la": "20", "dist": "286"}, {"player": "eric haase", "game": "kc @ det", "gameIdx": 0, "hr/park": "", "pa": "44", "dt": "", "img": "https://www.mlbstatic.com/team-logos/116.svg", "team": "det", "start": "", "in": "5", "result": "GIDP", "evo": "101.7", "la": "-16", "dist": "8"}, {"player": "niko goodrum", "game": "kc @ det", "gameIdx": 0, "hr/park": "", "pa": "43", "dt": "", "img": "https://www.mlbstatic.com/team-logos/116.svg", "team": "det", "start": "", "in": "5", "result": "Single", "evo": "94.3", "la": "-34", "dist": "5"}, {"player": "miguel cabrera", "game": "kc @ det", "gameIdx": 0, "hr/park": "", "pa": "42", "dt": "", "img": "https://www.mlbstatic.com/team-logos/116.svg", "team": "det", "start": "", "in": "5", "result": "Walk", "evo": "", "la": "", "dist": ""}, {"player": "jeimer candelario", "game": "kc @ det", "gameIdx": 0, "hr/park": "5/30", "pa": "41", "dt": "", "img": "https://www.mlbstatic.com/team-logos/116.svg", "team": "det", "start": "", "in": "5", "result": "Flyout", "evo": "101.0", "la": "32", "dist": "385"}, {"player": "carlos santana", "game": "kc @ det", "gameIdx": 0, "hr/park": "", "pa": "40", "dt": "", "img": "https://www.mlbstatic.com/team-logos/118.svg", "team": "kc", "start": "", "in": "5", "result": "Groundout", "evo": "80.5", "la": "5", "dist": "78"}, {"player": "whit merrifield", "game": "kc @ det", "gameIdx": 0, "hr/park": "", "pa": "39", "dt": "", "img": "https://www.mlbstatic.com/team-logos/118.svg", "team": "kc", "start": "", "in": "5", "result": "GIDP", "evo": "77.8", "la": "2", "dist": "47"}, {"player": "nicky lopez", "game": "kc @ det", "gameIdx": 0, "hr/park": "", "pa": "38", "dt": "", "img": "https://www.mlbstatic.com/team-logos/118.svg", "team": "kc", "start": "", "in": "5", "result": "Single", "evo": "83.8", "la": "-17", "dist": "9"}, {"player": "michael a taylor", "game": "kc @ det", "gameIdx": 0, "hr/park": "", "pa": "37", "dt": "", "img": "https://www.mlbstatic.com/team-logos/118.svg", "team": "kc", "start": "", "in": "5", "result": "Hit By Pitch", "evo": "", "la": "", "dist": ""}, {"player": "jonathan schoop", "game": "kc @ det", "gameIdx": 0, "hr/park": "", "pa": "36", "dt": "", "img": "https://www.mlbstatic.com/team-logos/116.svg", "team": "det", "start": "", "in": "4", "result": "Forceout", "evo": "78.4", "la": "-17", "dist": "9"}, {"player": "robbie grossman", "game": "kc @ det", "gameIdx": 0, "hr/park": "", "pa": "35", "dt": "", "img": "https://www.mlbstatic.com/team-logos/116.svg", "team": "det", "start": "", "in": "4", "result": "Single", "evo": "100.6", "la": "-11", "dist": "12"}, {"player": "akil baddoo", "game": "kc @ det", "gameIdx": 0, "hr/park": "", "pa": "34", "dt": "", "img": "https://www.mlbstatic.com/team-logos/116.svg", "team": "det", "start": "", "in": "4", "result": "Strikeout", "evo": "", "la": "", "dist": ""}, {"player": "jacoby jones", "game": "kc @ det", "gameIdx": 0, "hr/park": "", "pa": "33", "dt": "", "img": "https://www.mlbstatic.com/team-logos/116.svg", "team": "det", "start": "", "in": "4", "result": "Strikeout", "evo": "", "la": "", "dist": ""}, {"player": "hunter dozier", "game": "kc @ det", "gameIdx": 0, "hr/park": "", "pa": "32", "dt": "", "img": "https://www.mlbstatic.com/team-logos/118.svg", "team": "kc", "start": "", "in": "4", "result": "Strikeout", "evo": "", "la": "", "dist": ""}, {"player": "ryan ohearn", "game": "kc @ det", "gameIdx": 0, "hr/park": "", "pa": "31", "dt": "", "img": "https://www.mlbstatic.com/team-logos/118.svg", "team": "kc", "start": "", "in": "4", "result": "Forceout", "evo": "84.8", "la": "-1", "dist": "40"}, {"player": "andrew benintendi", "game": "kc @ det", "gameIdx": 0, "hr/park": "", "pa": "30", "dt": "", "img": "https://www.mlbstatic.com/team-logos/118.svg", "team": "kc", "start": "", "in": "4", "result": "Single", "evo": "102.7", "la": "9", "dist": "151"}, {"player": "jorge soler", "game": "kc @ det", "gameIdx": 0, "hr/park": "", "pa": "29", "dt": "", "img": "https://www.mlbstatic.com/team-logos/118.svg", "team": "kc", "start": "", "in": "4", "result": "Groundout", "evo": "77.2", "la": "7", "dist": "98"}, {"player": "willi castro", "game": "kc @ det", "gameIdx": 0, "hr/park": "", "pa": "28", "dt": "", "img": "https://www.mlbstatic.com/team-logos/116.svg", "team": "det", "start": "", "in": "3", "result": "Strikeout", "evo": "", "la": "", "dist": ""}, {"player": "eric haase", "game": "kc @ det", "gameIdx": 0, "hr/park": "", "pa": "27", "dt": "", "img": "https://www.mlbstatic.com/team-logos/116.svg", "team": "det", "start": "", "in": "3", "result": "Single", "evo": "108.2", "la": "4", "dist": "89"}, {"player": "niko goodrum", "game": "kc @ det", "gameIdx": 0, "hr/park": "", "pa": "26", "dt": "", "img": "https://www.mlbstatic.com/team-logos/116.svg", "team": "det", "start": "", "in": "3", "result": "Single", "evo": "101.9", "la": "9", "dist": "149"}, {"player": "miguel cabrera", "game": "kc @ det", "gameIdx": 0, "hr/park": "", "pa": "25", "dt": "", "img": "https://www.mlbstatic.com/team-logos/116.svg", "team": "det", "start": "", "in": "3", "result": "Groundout", "evo": "62.8", "la": "-40", "dist": "3"}, {"player": "jeimer candelario", "game": "kc @ det", "gameIdx": 0, "hr/park": "", "pa": "24", "dt": "", "img": "https://www.mlbstatic.com/team-logos/116.svg", "team": "det", "start": "", "in": "3", "result": "Strikeout", "evo": "", "la": "", "dist": ""}, {"player": "salvador perez", "game": "kc @ det", "gameIdx": 0, "hr/park": "", "pa": "23", "dt": "", "img": "https://www.mlbstatic.com/team-logos/118.svg", "team": "kc", "start": "", "in": "3", "result": "Strikeout", "evo": "", "la": "", "dist": ""}, {"player": "carlos santana", "game": "kc @ det", "gameIdx": 0, "hr/park": "", "pa": "22", "dt": "", "img": "https://www.mlbstatic.com/team-logos/118.svg", "team": "kc", "start": "", "in": "3", "result": "Forceout", "evo": "77.0", "la": "", "dist": "44"}, {"player": "whit merrifield", "game": "kc @ det", "gameIdx": 0, "hr/park": "", "pa": "21", "dt": "", "img": "https://www.mlbstatic.com/team-logos/118.svg", "team": "kc", "start": "", "in": "3", "result": "Walk", "evo": "", "la": "", "dist": ""}, {"player": "nicky lopez", "game": "kc @ det", "gameIdx": 0, "hr/park": "", "pa": "20", "dt": "", "img": "https://www.mlbstatic.com/team-logos/118.svg", "team": "kc", "start": "", "in": "3", "result": "Flyout", "evo": "90.0", "la": "41", "dist": "282"}, {"player": "jonathan schoop", "game": "kc @ det", "gameIdx": 0, "hr/park": "", "pa": "19", "dt": "", "img": "https://www.mlbstatic.com/team-logos/116.svg", "team": "det", "start": "", "in": "2", "result": "Strikeout", "evo": "", "la": "", "dist": ""}, {"player": "robbie grossman", "game": "kc @ det", "gameIdx": 0, "hr/park": "", "pa": "18", "dt": "", "img": "https://www.mlbstatic.com/team-logos/116.svg", "team": "det", "start": "", "in": "2", "result": "Single", "evo": "95.9", "la": "15", "dist": "273"}, {"player": "akil baddoo", "game": "kc @ det", "gameIdx": 0, "hr/park": "0/30", "pa": "17", "dt": "", "img": "https://www.mlbstatic.com/team-logos/116.svg", "team": "det", "start": "", "in": "2", "result": "Sac Fly", "evo": "96.9", "la": "26", "dist": "360"}, {"player": "jacoby jones", "game": "kc @ det", "gameIdx": 0, "hr/park": "", "pa": "16", "dt": "", "img": "https://www.mlbstatic.com/team-logos/116.svg", "team": "det", "start": "", "in": "2", "result": "Single", "evo": "105.3", "la": "7", "dist": "180"}, {"player": "willi castro", "game": "kc @ det", "gameIdx": 0, "hr/park": "", "pa": "15", "dt": "", "img": "https://www.mlbstatic.com/team-logos/116.svg", "team": "det", "start": "", "in": "2", "result": "Single", "evo": "106.8", "la": "-11", "dist": "9"}, {"player": "eric haase", "game": "kc @ det", "gameIdx": 0, "hr/park": "0/30", "pa": "14", "dt": "", "img": "https://www.mlbstatic.com/team-logos/116.svg", "team": "det", "start": "", "in": "2", "result": "Double", "evo": "107.6", "la": "18", "dist": "312"}, {"player": "niko goodrum", "game": "kc @ det", "gameIdx": 0, "hr/park": "", "pa": "13", "dt": "", "img": "https://www.mlbstatic.com/team-logos/116.svg", "team": "det", "start": "", "in": "2", "result": "Strikeout", "evo": "", "la": "", "dist": ""}, {"player": "miguel cabrera", "game": "kc @ det", "gameIdx": 0, "hr/park": "", "pa": "12", "dt": "", "img": "https://www.mlbstatic.com/team-logos/116.svg", "team": "det", "start": "", "in": "2", "result": "Single", "evo": "74.4", "la": "35", "dist": "238"}, {"player": "michael a taylor", "game": "kc @ det", "gameIdx": 0, "hr/park": "0/30", "pa": "11", "dt": "", "img": "https://www.mlbstatic.com/team-logos/118.svg", "team": "kc", "start": "", "in": "2", "result": "Lineout", "evo": "97.6", "la": "23", "dist": "339"}, {"player": "hunter dozier", "game": "kc @ det", "gameIdx": 0, "hr/park": "0/30", "pa": "10", "dt": "", "img": "https://www.mlbstatic.com/team-logos/118.svg", "team": "kc", "start": "", "in": "2", "result": "Flyout", "evo": "98.3", "la": "36", "dist": "346"}, {"player": "ryan ohearn", "game": "kc @ det", "gameIdx": 0, "hr/park": "", "pa": "9", "dt": "", "img": "https://www.mlbstatic.com/team-logos/118.svg", "team": "kc", "start": "", "in": "2", "result": "Strikeout", "evo": "", "la": "", "dist": ""}, {"player": "andrew benintendi", "game": "kc @ det", "gameIdx": 0, "hr/park": "", "pa": "8", "dt": "", "img": "https://www.mlbstatic.com/team-logos/118.svg", "team": "kc", "start": "", "in": "2", "result": "Single", "evo": "100.6", "la": "5", "dist": "85"}, {"player": "jorge soler", "game": "kc @ det", "gameIdx": 0, "hr/park": "", "pa": "7", "dt": "", "img": "https://www.mlbstatic.com/team-logos/118.svg", "team": "kc", "start": "", "in": "2", "result": "Field Error", "evo": "115.1", "la": "-4", "dist": "29"}, {"player": "jeimer candelario", "game": "kc @ det", "gameIdx": 0, "hr/park": "", "pa": "6", "dt": "", "img": "https://www.mlbstatic.com/team-logos/116.svg", "team": "det", "start": "", "in": "1", "result": "Strikeout", "evo": "", "la": "", "dist": ""}, {"player": "jonathan schoop", "game": "kc @ det", "gameIdx": 0, "hr/park": "19/30", "pa": "5", "dt": "", "img": "https://www.mlbstatic.com/team-logos/116.svg", "team": "det", "start": "", "in": "1", "result": "Flyout", "evo": "105.1", "la": "28", "dist": "414"}, {"player": "robbie grossman", "game": "kc @ det", "gameIdx": 0, "hr/park": "", "pa": "4", "dt": "", "img": "https://www.mlbstatic.com/team-logos/116.svg", "team": "det", "start": "", "in": "1", "result": "Flyout", "evo": "78.8", "la": "37", "dist": "253"}, {"player": "salvador perez", "game": "kc @ det", "gameIdx": 0, "hr/park": "", "pa": "3", "dt": "", "img": "https://www.mlbstatic.com/team-logos/118.svg", "team": "kc", "start": "", "in": "1", "result": "Strikeout", "evo": "", "la": "", "dist": ""}, {"player": "carlos santana", "game": "kc @ det", "gameIdx": 0, "hr/park": "", "pa": "2", "dt": "", "img": "https://www.mlbstatic.com/team-logos/118.svg", "team": "kc", "start": "", "in": "1", "result": "Groundout", "evo": "89.0", "la": "-21", "dist": "8"}, {"player": "whit merrifield", "game": "kc @ det", "gameIdx": 0, "hr/park": "", "pa": "1", "dt": "", "img": "https://www.mlbstatic.com/team-logos/118.svg", "team": "kc", "start": "", "in": "1", "result": "Groundout", "evo": "85.2", "la": "-13", "dist": "12"}], "stl @ mil": [], "min @ chw": [], "sf @ pit": [], "ath @ bos": [], "nyy @ tb": [], "tex @ hou": [], "cin @ col": [], "mia @ ari": [], "cle @ sea": []}