{"all": {"pitchers": "9", "batters": "25", "pitches": "259", "max velomax pitch velocity": "98.1", "min velomin pitch velocity": "75.2", "ff%fourseam fastball %": "51.0", "si%sinker %": "17.8", "fc%cutter %": "1.5", "fs%splitter %": "0.0", "ch%changeup %": "5.0", "sl%slider %": "22.0", "cu%curve %": "2.7", "max evmax exit velocity": "106.6", "hhhard hit": "17", "hh%hard hit %": "39.5", "brlbarrels": "4", "brl%barrel %": "9.3", "ab": "53", "avg": ".283", "h": "15", "1b": "5", "2b": "4", "3b": "0", "hr": "6", "so": "12", "bipballs in play": "43", "liveGames": 0, "totGames": 16}, "stl @ cin": [{"player": "paul dejong", "game": "stl @ cin", "gameIdx": 0, "hr/park": "0/30", "pa": "62", "dt": "", "img": "https://www.mlbstatic.com/team-logos/138.svg", "team": "stl", "start": "", "in": "7", "result": "Flyout", "evo": "94.9", "la": "32", "dist": "384"}, {"player": "ali sanchez", "game": "stl @ cin", "gameIdx": 0, "hr/park": "0/30", "pa": "61", "dt": "", "img": "https://www.mlbstatic.com/team-logos/138.svg", "team": "stl", "start": "", "in": "7", "result": "Double", "evo": "101.3", "la": "21", "dist": "365"}, {"player": "lars nootbaar", "game": "stl @ cin", "gameIdx": 0, "hr/park": "", "pa": "60", "dt": "", "img": "https://www.mlbstatic.com/team-logos/138.svg", "team": "stl", "start": "", "in": "7", "result": "Groundout", "evo": "98.5", "la": "-5", "dist": "20"}, {"player": "andrew knizner", "game": "stl @ cin", "gameIdx": 0, "hr/park": "", "pa": "59", "dt": "", "img": "https://www.mlbstatic.com/team-logos/138.svg", "team": "stl", "start": "", "in": "7", "result": "Groundout", "evo": "104.8", "la": "-15", "dist": "6"}, {"player": "alejo lopez", "game": "stl @ cin", "gameIdx": 0, "hr/park": "", "pa": "58", "dt": "", "img": "https://www.mlbstatic.com/team-logos/113.svg", "team": "cin", "start": "", "in": "6", "result": "Strikeout", "evo": "", "la": "", "dist": ""}, {"player": "asdrubal cabrera", "game": "stl @ cin", "gameIdx": 0, "hr/park": "", "pa": "57", "dt": "", "img": "https://www.mlbstatic.com/team-logos/113.svg", "team": "cin", "start": "", "in": "6", "result": "Strikeout", "evo": "", "la": "", "dist": ""}, {"player": "delino deshields", "game": "stl @ cin", "gameIdx": 0, "hr/park": "", "pa": "56", "dt": "", "img": "https://www.mlbstatic.com/team-logos/113.svg", "team": "cin", "start": "", "in": "6", "result": "Strikeout", "evo": "", "la": "", "dist": ""}, {"player": "tyler oneill", "game": "stl @ cin", "gameIdx": 0, "hr/park": "", "pa": "55", "dt": "", "img": "https://www.mlbstatic.com/team-logos/138.svg", "team": "stl", "start": "", "in": "6", "result": "Strikeout", "evo": "", "la": "", "dist": ""}, {"player": "jose rondon", "game": "stl @ cin", "gameIdx": 0, "hr/park": "", "pa": "54", "dt": "", "img": "https://www.mlbstatic.com/team-logos/138.svg", "team": "stl", "start": "", "in": "6", "result": "Strikeout", "evo": "", "la": "", "dist": ""}, {"player": "tommy edman", "game": "stl @ cin", "gameIdx": 0, "hr/park": "", "pa": "53", "dt": "", "img": "https://www.mlbstatic.com/team-logos/138.svg", "team": "stl", "start": "", "in": "6", "result": "Groundout", "evo": "83.0", "la": "-16", "dist": "11"}, {"player": "aristides aquino", "game": "stl @ cin", "gameIdx": 0, "hr/park": "", "pa": "52", "dt": "", "img": "https://www.mlbstatic.com/team-logos/113.svg", "team": "cin", "start": "", "in": "5", "result": "Strikeout", "evo": "", "la": "", "dist": ""}, {"player": "kyle farmer", "game": "stl @ cin", "gameIdx": 0, "hr/park": "", "pa": "51", "dt": "", "img": "https://www.mlbstatic.com/team-logos/113.svg", "team": "cin", "start": "", "in": "5", "result": "Groundout", "evo": "82.2", "la": "4", "dist": "56"}, {"player": "eugenio suarez", "game": "stl @ cin", "gameIdx": 0, "hr/park": "30/30", "pa": "50", "dt": "", "img": "https://www.mlbstatic.com/team-logos/113.svg", "team": "cin", "start": "", "in": "5", "result": "Home Run", "evo": "102.3", "la": "32", "dist": "412"}, {"player": "joey votto", "game": "stl @ cin", "gameIdx": 0, "hr/park": "0/30", "pa": "49", "dt": "", "img": "https://www.mlbstatic.com/team-logos/113.svg", "team": "cin", "start": "", "in": "5", "result": "Flyout", "evo": "91.1", "la": "34", "dist": "342"}, {"player": "matt carpenter", "game": "stl @ cin", "gameIdx": 0, "hr/park": "", "pa": "48", "dt": "", "img": "https://www.mlbstatic.com/team-logos/138.svg", "team": "stl", "start": "", "in": "5", "result": "Flyout", "evo": "94.1", "la": "49", "dist": "294"}, {"player": "harrison bader", "game": "stl @ cin", "gameIdx": 0, "hr/park": "", "pa": "47", "dt": "", "img": "https://www.mlbstatic.com/team-logos/138.svg", "team": "stl", "start": "", "in": "5", "result": "Flyout", "evo": "83.7", "la": "45", "dist": "275"}, {"player": "paul dejong", "game": "stl @ cin", "gameIdx": 0, "hr/park": "", "pa": "46", "dt": "", "img": "https://www.mlbstatic.com/team-logos/138.svg", "team": "stl", "start": "", "in": "5", "result": "Strikeout", "evo": "", "la": "", "dist": ""}, {"player": "nick castellanos", "game": "stl @ cin", "gameIdx": 0, "hr/park": "", "pa": "45", "dt": "", "img": "https://www.mlbstatic.com/team-logos/113.svg", "team": "cin", "start": "", "in": "4", "result": "Groundout", "evo": "86.5", "la": "1", "dist": "54"}, {"player": "tyler stephenson", "game": "stl @ cin", "gameIdx": 0, "hr/park": "", "pa": "44", "dt": "", "img": "https://www.mlbstatic.com/team-logos/113.svg", "team": "cin", "start": "", "in": "4", "result": "Flyout", "evo": "96.9", "la": "47", "dist": "299"}, {"player": "jonathan india", "game": "stl @ cin", "gameIdx": 0, "hr/park": "", "pa": "43", "dt": "", "img": "https://www.mlbstatic.com/team-logos/113.svg", "team": "cin", "start": "", "in": "4", "result": "Strikeout", "evo": "", "la": "", "dist": ""}, {"player": "yadier molina", "game": "stl @ cin", "gameIdx": 0, "hr/park": "", "pa": "42", "dt": "", "img": "https://www.mlbstatic.com/team-logos/138.svg", "team": "stl", "start": "", "in": "4", "result": "Groundout", "evo": "94.6", "la": "5", "dist": "101"}, {"player": "dylan carlson", "game": "stl @ cin", "gameIdx": 0, "hr/park": "0/30", "pa": "41", "dt": "", "img": "https://www.mlbstatic.com/team-logos/138.svg", "team": "stl", "start": "", "in": "4", "result": "Flyout", "evo": "85.5", "la": "38", "dist": "318"}, {"player": "nolan arenado", "game": "stl @ cin", "gameIdx": 0, "hr/park": "28/30", "pa": "40", "dt": "", "img": "https://www.mlbstatic.com/team-logos/138.svg", "team": "stl", "start": "", "in": "4", "result": "Home Run", "evo": "100.3", "la": "25", "dist": "373"}, {"player": "tyler oneill", "game": "stl @ cin", "gameIdx": 0, "hr/park": "", "pa": "39", "dt": "", "img": "https://www.mlbstatic.com/team-logos/138.svg", "team": "stl", "start": "", "in": "4", "result": "Lineout", "evo": "104.0", "la": "9", "dist": "168"}, {"player": "sonny gray", "game": "stl @ cin", "gameIdx": 0, "hr/park": "0/30", "pa": "38", "dt": "", "img": "https://www.mlbstatic.com/team-logos/113.svg", "team": "cin", "start": "", "in": "3", "result": "Lineout", "evo": "91.0", "la": "22", "dist": "326"}, {"player": "delino deshields", "game": "stl @ cin", "gameIdx": 0, "hr/park": "", "pa": "37", "dt": "", "img": "https://www.mlbstatic.com/team-logos/113.svg", "team": "cin", "start": "", "in": "3", "result": "Single", "evo": "65.3", "la": "23", "dist": "183"}, {"player": "aristides aquino", "game": "stl @ cin", "gameIdx": 0, "hr/park": "", "pa": "36", "dt": "", "img": "https://www.mlbstatic.com/team-logos/113.svg", "team": "cin", "start": "", "in": "3", "result": "Walk", "evo": "", "la": "", "dist": ""}, {"player": "kyle farmer", "game": "stl @ cin", "gameIdx": 0, "hr/park": "0/30", "pa": "35", "dt": "", "img": "https://www.mlbstatic.com/team-logos/113.svg", "team": "cin", "start": "", "in": "3", "result": "Sac Fly", "evo": "90.1", "la": "26", "dist": "358"}, {"player": "eugenio suarez", "game": "stl @ cin", "gameIdx": 0, "hr/park": "", "pa": "34", "dt": "", "img": "https://www.mlbstatic.com/team-logos/113.svg", "team": "cin", "start": "", "in": "3", "result": "Forceout", "evo": "79.5", "la": "-43", "dist": "3"}, {"player": "joey votto", "game": "stl @ cin", "gameIdx": 0, "hr/park": "", "pa": "33", "dt": "", "img": "https://www.mlbstatic.com/team-logos/113.svg", "team": "cin", "start": "", "in": "3", "result": "Walk", "evo": "", "la": "", "dist": ""}, {"player": "nick castellanos", "game": "stl @ cin", "gameIdx": 0, "hr/park": "", "pa": "32", "dt": "", "img": "https://www.mlbstatic.com/team-logos/113.svg", "team": "cin", "start": "", "in": "3", "result": "Walk", "evo": "", "la": "", "dist": ""}, {"player": "paul goldschmidt", "game": "stl @ cin", "gameIdx": 0, "hr/park": "", "pa": "31", "dt": "", "img": "https://www.mlbstatic.com/team-logos/138.svg", "team": "stl", "start": "", "in": "3", "result": "Forceout", "evo": "97.6", "la": "-5", "dist": "28"}, {"player": "tommy edman", "game": "stl @ cin", "gameIdx": 0, "hr/park": "", "pa": "30", "dt": "", "img": "https://www.mlbstatic.com/team-logos/138.svg", "team": "stl", "start": "", "in": "3", "result": "Hit By Pitch", "evo": "", "la": "", "dist": ""}, {"player": "daniel ponce de leon", "game": "stl @ cin", "gameIdx": 0, "hr/park": "", "pa": "29", "dt": "", "img": "https://www.mlbstatic.com/team-logos/138.svg", "team": "stl", "start": "", "in": "3", "result": "Strikeout", "evo": "", "la": "", "dist": ""}, {"player": "harrison bader", "game": "stl @ cin", "gameIdx": 0, "hr/park": "", "pa": "28", "dt": "", "img": "https://www.mlbstatic.com/team-logos/138.svg", "team": "stl", "start": "", "in": "3", "result": "Flyout", "evo": "92.2", "la": "55", "dist": "227"}, {"player": "tyler stephenson", "game": "stl @ cin", "gameIdx": 0, "hr/park": "", "pa": "27", "dt": "", "img": "https://www.mlbstatic.com/team-logos/113.svg", "team": "cin", "start": "", "in": "2", "result": "Pop Out", "evo": "82.9", "la": "64", "dist": "168"}, {"player": "jonathan india", "game": "stl @ cin", "gameIdx": 0, "hr/park": "", "pa": "26", "dt": "", "img": "https://www.mlbstatic.com/team-logos/113.svg", "team": "cin", "start": "", "in": "2", "result": "Walk", "evo": "", "la": "", "dist": ""}, {"player": "sonny gray", "game": "stl @ cin", "gameIdx": 0, "hr/park": "", "pa": "25", "dt": "", "img": "https://www.mlbstatic.com/team-logos/113.svg", "team": "cin", "start": "", "in": "2", "result": "Strikeout", "evo": "", "la": "", "dist": ""}, {"player": "delino deshields", "game": "stl @ cin", "gameIdx": 0, "hr/park": "", "pa": "24", "dt": "", "img": "https://www.mlbstatic.com/team-logos/113.svg", "team": "cin", "start": "", "in": "2", "result": "Double", "evo": "96.5", "la": "1", "dist": "52"}, {"player": "aristides aquino", "game": "stl @ cin", "gameIdx": 0, "hr/park": "", "pa": "23", "dt": "", "img": "https://www.mlbstatic.com/team-logos/113.svg", "team": "cin", "start": "", "in": "2", "result": "Walk", "evo": "", "la": "", "dist": ""}, {"player": "kyle farmer", "game": "stl @ cin", "gameIdx": 0, "hr/park": "28/30", "pa": "22", "dt": "", "img": "https://www.mlbstatic.com/team-logos/113.svg", "team": "cin", "start": "", "in": "2", "result": "Home Run", "evo": "103.5", "la": "34", "dist": "405"}, {"player": "eugenio suarez", "game": "stl @ cin", "gameIdx": 0, "hr/park": "", "pa": "21", "dt": "", "img": "https://www.mlbstatic.com/team-logos/113.svg", "team": "cin", "start": "", "in": "2", "result": "Strikeout", "evo": "", "la": "", "dist": ""}, {"player": "joey votto", "game": "stl @ cin", "gameIdx": 0, "hr/park": "", "pa": "20", "dt": "", "img": "https://www.mlbstatic.com/team-logos/113.svg", "team": "cin", "start": "", "in": "2", "result": "Single", "evo": "103.9", "la": "15", "dist": "260"}, {"player": "nick castellanos", "game": "stl @ cin", "gameIdx": 0, "hr/park": "17/30", "pa": "19", "dt": "", "img": "https://www.mlbstatic.com/team-logos/113.svg", "team": "cin", "start": "", "in": "2", "result": "Home Run", "evo": "106.6", "la": "21", "dist": "404"}, {"player": "tyler stephenson", "game": "stl @ cin", "gameIdx": 0, "hr/park": "", "pa": "18", "dt": "", "img": "https://www.mlbstatic.com/team-logos/113.svg", "team": "cin", "start": "", "in": "2", "result": "Single", "evo": "75.4", "la": "18", "dist": "169"}, {"player": "jonathan india", "game": "stl @ cin", "gameIdx": 0, "hr/park": "", "pa": "17", "dt": "", "img": "https://www.mlbstatic.com/team-logos/113.svg", "team": "cin", "start": "", "in": "2", "result": "Single", "evo": "97.9", "la": "-1", "dist": "47"}, {"player": "sonny gray", "game": "stl @ cin", "gameIdx": 0, "hr/park": "", "pa": "16", "dt": "", "img": "https://www.mlbstatic.com/team-logos/113.svg", "team": "cin", "start": "", "in": "2", "result": "Single", "evo": "89.5", "la": "-1", "dist": "43"}, {"player": "paul dejong", "game": "stl @ cin", "gameIdx": 0, "hr/park": "", "pa": "15", "dt": "", "img": "https://www.mlbstatic.com/team-logos/138.svg", "team": "stl", "start": "", "in": "2", "result": "Pop Out", "evo": "56.2", "la": "54", "dist": "146"}, {"player": "yadier molina", "game": "stl @ cin", "gameIdx": 0, "hr/park": "", "pa": "14", "dt": "", "img": "https://www.mlbstatic.com/team-logos/138.svg", "team": "stl", "start": "", "in": "2", "result": "Strikeout", "evo": "", "la": "", "dist": ""}, {"player": "dylan carlson", "game": "stl @ cin", "gameIdx": 0, "hr/park": "0/30", "pa": "13", "dt": "", "img": "https://www.mlbstatic.com/team-logos/138.svg", "team": "stl", "start": "", "in": "2", "result": "Lineout", "evo": "87.5", "la": "25", "dist": "303"}, {"player": "delino deshields", "game": "stl @ cin", "gameIdx": 0, "hr/park": "", "pa": "12", "dt": "", "img": "https://www.mlbstatic.com/team-logos/113.svg", "team": "cin", "start": "", "in": "1", "result": "Flyout", "evo": "94.9", "la": "51", "dist": "269"}, {"player": "aristides aquino", "game": "stl @ cin", "gameIdx": 0, "hr/park": "", "pa": "11", "dt": "", "img": "https://www.mlbstatic.com/team-logos/113.svg", "team": "cin", "start": "", "in": "1", "result": "Walk", "evo": "", "la": "", "dist": ""}, {"player": "kyle farmer", "game": "stl @ cin", "gameIdx": 0, "hr/park": "", "pa": "10", "dt": "", "img": "https://www.mlbstatic.com/team-logos/113.svg", "team": "cin", "start": "", "in": "1", "result": "Pop Out", "evo": "76.5", "la": "68", "dist": "120"}, {"player": "eugenio suarez", "game": "stl @ cin", "gameIdx": 0, "hr/park": "17/30", "pa": "9", "dt": "", "img": "https://www.mlbstatic.com/team-logos/113.svg", "team": "cin", "start": "", "in": "1", "result": "Double", "evo": "98.3", "la": "32", "dist": "397"}, {"player": "joey votto", "game": "stl @ cin", "gameIdx": 0, "hr/park": "", "pa": "8", "dt": "", "img": "https://www.mlbstatic.com/team-logos/113.svg", "team": "cin", "start": "", "in": "1", "result": "Walk", "evo": "", "la": "", "dist": ""}, {"player": "nick castellanos", "game": "stl @ cin", "gameIdx": 0, "hr/park": "17/30", "pa": "7", "dt": "", "img": "https://www.mlbstatic.com/team-logos/113.svg", "team": "cin", "start": "", "in": "1", "result": "Home Run", "evo": "93.2", "la": "32", "dist": "375"}, {"player": "tyler stephenson", "game": "stl @ cin", "gameIdx": 0, "hr/park": "", "pa": "6", "dt": "", "img": "https://www.mlbstatic.com/team-logos/113.svg", "team": "cin", "start": "", "in": "1", "result": "Groundout", "evo": "54.1", "la": "-37", "dist": "5"}, {"player": "jonathan india", "game": "stl @ cin", "gameIdx": 0, "hr/park": "0/30", "pa": "5", "dt": "", "img": "https://www.mlbstatic.com/team-logos/113.svg", "team": "cin", "start": "", "in": "1", "result": "Double", "evo": "98.2", "la": "21", "dist": "355"}, {"player": "nolan arenado", "game": "stl @ cin", "gameIdx": 0, "hr/park": "", "pa": "4", "dt": "", "img": "https://www.mlbstatic.com/team-logos/138.svg", "team": "stl", "start": "", "in": "1", "result": "Pop Out", "evo": "65.5", "la": "55", "dist": "160"}, {"player": "tyler oneill", "game": "stl @ cin", "gameIdx": 0, "hr/park": "", "pa": "3", "dt": "", "img": "https://www.mlbstatic.com/team-logos/138.svg", "team": "stl", "start": "", "in": "1", "result": "Groundout", "evo": "105.4", "la": "-28", "dist": "4"}, {"player": "paul goldschmidt", "game": "stl @ cin", "gameIdx": 0, "hr/park": "", "pa": "2", "dt": "", "img": "https://www.mlbstatic.com/team-logos/138.svg", "team": "stl", "start": "", "in": "1", "result": "Groundout", "evo": "76.8", "la": "-32", "dist": "5"}, {"player": "tommy edman", "game": "stl @ cin", "gameIdx": 0, "hr/park": "4/30", "pa": "1", "dt": "", "img": "https://www.mlbstatic.com/team-logos/138.svg", "team": "stl", "start": "", "in": "1", "result": "Home Run", "evo": "97.9", "la": "41", "dist": "364"}], "col @ tex": [], "sd @ ari": [], "hou @ sea": [], "bal @ tor": [], "nyy @ laa": [], "ath @ det": [], "bos @ tb": [], "cle @ kc": [], "chc @ min": [], "pit @ chw": [], "mil @ sf": [], "atl @ lad": [], "phi @ wsh": [], "mia @ nym": []}