{"all": {"pitchers": "22", "batters": "60", "pitches": "792", "max velomax pitch velocity": "99.9", "min velomin pitch velocity": "68.9", "ff%fourseam fastball %": "36.7", "si%sinker %": "17.6", "fc%cutter %": "5.2", "fs%splitter %": "5.6", "ch%changeup %": "9.0", "sl%slider %": "18.2", "cu%curve %": "7.8", "max evmax exit velocity": "108.8", "hhhard hit": "52", "hh%hard hit %": "41.9", "brlbarrels": "6", "brl%barrel %": "4.8", "ab": "183", "avg": ".164", "h": "30", "1b": "23", "2b": "2", "3b": "0", "hr": "5", "so": "62", "bipballs in play": "124", "liveGames": 0, "totGames": 15}, "tex @ sf": [{"player": "adolis garcia", "game": "tex @ sf", "gameIdx": 0, "hr/park": "", "pa": "71", "dt": "", "img": "https://www.mlbstatic.com/team-logos/140.svg", "team": "tex", "start": "", "in": "9", "result": "Strikeout", "evo": "", "la": "", "dist": ""}, {"player": "charlie culberson", "game": "tex @ sf", "gameIdx": 0, "hr/park": "0/30", "pa": "70", "dt": "", "img": "https://www.mlbstatic.com/team-logos/140.svg", "team": "tex", "start": "", "in": "9", "result": "Flyout", "evo": "98.1", "la": "41", "dist": "328"}, {"player": "andy ibanez", "game": "tex @ sf", "gameIdx": 0, "hr/park": "", "pa": "69", "dt": "", "img": "https://www.mlbstatic.com/team-logos/140.svg", "team": "tex", "start": "", "in": "9", "result": "Groundout", "evo": "72.8", "la": "1", "dist": "42"}, {"player": "darin ruf", "game": "tex @ sf", "gameIdx": 0, "hr/park": "", "pa": "68", "dt": "", "img": "https://www.mlbstatic.com/team-logos/137.svg", "team": "sf", "start": "", "in": "8", "result": "Groundout", "evo": "85.3", "la": "-7", "dist": "18"}, {"player": "curt casali", "game": "tex @ sf", "gameIdx": 0, "hr/park": "", "pa": "67", "dt": "", "img": "https://www.mlbstatic.com/team-logos/137.svg", "team": "sf", "start": "", "in": "8", "result": "Strikeout", "evo": "", "la": "", "dist": ""}, {"player": "brandon crawford", "game": "tex @ sf", "gameIdx": 0, "hr/park": "", "pa": "66", "dt": "", "img": "https://www.mlbstatic.com/team-logos/137.svg", "team": "sf", "start": "", "in": "8", "result": "Strikeout", "evo": "", "la": "", "dist": ""}, {"player": "wilmer flores", "game": "tex @ sf", "gameIdx": 0, "hr/park": "", "pa": "65", "dt": "", "img": "https://www.mlbstatic.com/team-logos/137.svg", "team": "sf", "start": "", "in": "8", "result": "Groundout", "evo": "64.5", "la": "-22", "dist": "8"}, {"player": "mauricio dubon", "game": "tex @ sf", "gameIdx": 0, "hr/park": "", "pa": "64", "dt": "", "img": "https://www.mlbstatic.com/team-logos/137.svg", "team": "sf", "start": "", "in": "8", "result": "Single", "evo": "101.4", "la": "-21", "dist": "5"}, {"player": "nick solak", "game": "tex @ sf", "gameIdx": 0, "hr/park": "", "pa": "63", "dt": "", "img": "https://www.mlbstatic.com/team-logos/140.svg", "team": "tex", "start": "", "in": "8", "result": "Groundout", "evo": "70.1", "la": "-9", "dist": "10"}, {"player": "joey gallo", "game": "tex @ sf", "gameIdx": 0, "hr/park": "", "pa": "62", "dt": "", "img": "https://www.mlbstatic.com/team-logos/140.svg", "team": "tex", "start": "", "in": "8", "result": "Pop Out", "evo": "89.5", "la": "64", "dist": "168"}, {"player": "nathaniel lowe", "game": "tex @ sf", "gameIdx": 0, "hr/park": "", "pa": "61", "dt": "", "img": "https://www.mlbstatic.com/team-logos/140.svg", "team": "tex", "start": "", "in": "8", "result": "Single", "evo": "78.8", "la": "25", "dist": "231"}, {"player": "isiah kiner falefa", "game": "tex @ sf", "gameIdx": 0, "hr/park": "0/30", "pa": "60", "dt": "", "img": "https://www.mlbstatic.com/team-logos/140.svg", "team": "tex", "start": "", "in": "8", "result": "Flyout", "evo": "92.4", "la": "31", "dist": "362"}, {"player": "evan longoria", "game": "tex @ sf", "gameIdx": 0, "hr/park": "", "pa": "59", "dt": "", "img": "https://www.mlbstatic.com/team-logos/137.svg", "team": "sf", "start": "", "in": "7", "result": "Strikeout", "evo": "", "la": "", "dist": ""}, {"player": "mike yastrzemski", "game": "tex @ sf", "gameIdx": 0, "hr/park": "", "pa": "58", "dt": "", "img": "https://www.mlbstatic.com/team-logos/137.svg", "team": "sf", "start": "", "in": "7", "result": "Hit By Pitch", "evo": "", "la": "", "dist": ""}, {"player": "mike tauchman", "game": "tex @ sf", "gameIdx": 0, "hr/park": "", "pa": "57", "dt": "", "img": "https://www.mlbstatic.com/team-logos/137.svg", "team": "sf", "start": "", "in": "7", "result": "Strikeout", "evo": "", "la": "", "dist": ""}, {"player": "austin slater", "game": "tex @ sf", "gameIdx": 0, "hr/park": "0/30", "pa": "56", "dt": "", "img": "https://www.mlbstatic.com/team-logos/137.svg", "team": "sf", "start": "", "in": "7", "result": "Lineout", "evo": "106.2", "la": "13", "dist": "306"}, {"player": "willie calhoun", "game": "tex @ sf", "gameIdx": 0, "hr/park": "0/30", "pa": "55", "dt": "", "img": "https://www.mlbstatic.com/team-logos/140.svg", "team": "tex", "start": "", "in": "7", "result": "Lineout", "evo": "91.6", "la": "23", "dist": "314"}, {"player": "khris davis", "game": "tex @ sf", "gameIdx": 0, "hr/park": "", "pa": "54", "dt": "", "img": "https://www.mlbstatic.com/team-logos/140.svg", "team": "tex", "start": "", "in": "7", "result": "Walk", "evo": "", "la": "", "dist": ""}, {"player": "jonah heim", "game": "tex @ sf", "gameIdx": 0, "hr/park": "", "pa": "53", "dt": "", "img": "https://www.mlbstatic.com/team-logos/140.svg", "team": "tex", "start": "", "in": "7", "result": "Groundout", "evo": "99.6", "la": "-5", "dist": "22"}, {"player": "charlie culberson", "game": "tex @ sf", "gameIdx": 0, "hr/park": "", "pa": "52", "dt": "", "img": "https://www.mlbstatic.com/team-logos/140.svg", "team": "tex", "start": "", "in": "7", "result": "Strikeout", "evo": "", "la": "", "dist": ""}, {"player": "david dahl", "game": "tex @ sf", "gameIdx": 0, "hr/park": "28/30", "pa": "51", "dt": "", "img": "https://www.mlbstatic.com/team-logos/140.svg", "team": "tex", "start": "", "in": "7", "result": "Home Run", "evo": "104.2", "la": "26", "dist": "406"}, {"player": "steven duggar", "game": "tex @ sf", "gameIdx": 0, "hr/park": "", "pa": "50", "dt": "", "img": "https://www.mlbstatic.com/team-logos/137.svg", "team": "sf", "start": "", "in": "6", "result": "Flyout", "evo": "90.3", "la": "46", "dist": "282"}, {"player": "curt casali", "game": "tex @ sf", "gameIdx": 0, "hr/park": "", "pa": "49", "dt": "", "img": "https://www.mlbstatic.com/team-logos/137.svg", "team": "sf", "start": "", "in": "6", "result": "Field Error", "evo": "89.5", "la": "3", "dist": "60"}, {"player": "brandon crawford", "game": "tex @ sf", "gameIdx": 0, "hr/park": "", "pa": "48", "dt": "", "img": "https://www.mlbstatic.com/team-logos/137.svg", "team": "sf", "start": "", "in": "6", "result": "Single", "evo": "85.4", "la": "11", "dist": "162"}, {"player": "wilmer flores", "game": "tex @ sf", "gameIdx": 0, "hr/park": "0/30", "pa": "47", "dt": "", "img": "https://www.mlbstatic.com/team-logos/137.svg", "team": "sf", "start": "", "in": "6", "result": "Flyout", "evo": "98.7", "la": "34", "dist": "376"}, {"player": "brandon belt", "game": "tex @ sf", "gameIdx": 0, "hr/park": "", "pa": "46", "dt": "", "img": "https://www.mlbstatic.com/team-logos/137.svg", "team": "sf", "start": "", "in": "6", "result": "Strikeout", "evo": "", "la": "", "dist": ""}, {"player": "evan longoria", "game": "tex @ sf", "gameIdx": 0, "hr/park": "", "pa": "45", "dt": "", "img": "https://www.mlbstatic.com/team-logos/137.svg", "team": "sf", "start": "", "in": "6", "result": "Walk", "evo": "", "la": "", "dist": ""}, {"player": "nick solak", "game": "tex @ sf", "gameIdx": 0, "hr/park": "", "pa": "44", "dt": "", "img": "https://www.mlbstatic.com/team-logos/140.svg", "team": "tex", "start": "", "in": "6", "result": "Strikeout", "evo": "", "la": "", "dist": ""}, {"player": "joey gallo", "game": "tex @ sf", "gameIdx": 0, "hr/park": "", "pa": "43", "dt": "", "img": "https://www.mlbstatic.com/team-logos/140.svg", "team": "tex", "start": "", "in": "6", "result": "Lineout", "evo": "101.9", "la": "14", "dist": "299"}, {"player": "nathaniel lowe", "game": "tex @ sf", "gameIdx": 0, "hr/park": "", "pa": "42", "dt": "", "img": "https://www.mlbstatic.com/team-logos/140.svg", "team": "tex", "start": "", "in": "6", "result": "Groundout", "evo": "79.8", "la": "-26", "dist": "6"}, {"player": "mike yastrzemski", "game": "tex @ sf", "gameIdx": 0, "hr/park": "0/30", "pa": "41", "dt": "", "img": "https://www.mlbstatic.com/team-logos/137.svg", "team": "sf", "start": "", "in": "5", "result": "Flyout", "evo": "98.7", "la": "36", "dist": "370"}, {"player": "mike tauchman", "game": "tex @ sf", "gameIdx": 0, "hr/park": "", "pa": "40", "dt": "", "img": "https://www.mlbstatic.com/team-logos/137.svg", "team": "sf", "start": "", "in": "5", "result": "Walk", "evo": "", "la": "", "dist": ""}, {"player": "logan webb", "game": "tex @ sf", "gameIdx": 0, "hr/park": "", "pa": "39", "dt": "", "img": "https://www.mlbstatic.com/team-logos/137.svg", "team": "sf", "start": "", "in": "5", "result": "Strikeout", "evo": "", "la": "", "dist": ""}, {"player": "steven duggar", "game": "tex @ sf", "gameIdx": 0, "hr/park": "", "pa": "38", "dt": "", "img": "https://www.mlbstatic.com/team-logos/137.svg", "team": "sf", "start": "", "in": "5", "result": "Bunt Lineout", "evo": "30.6", "la": "32", "dist": "58"}, {"player": "isiah kiner falefa", "game": "tex @ sf", "gameIdx": 0, "hr/park": "", "pa": "37", "dt": "", "img": "https://www.mlbstatic.com/team-logos/140.svg", "team": "tex", "start": "", "in": "5", "result": "Strikeout", "evo": "", "la": "", "dist": ""}, {"player": "willie calhoun", "game": "tex @ sf", "gameIdx": 0, "hr/park": "", "pa": "36", "dt": "", "img": "https://www.mlbstatic.com/team-logos/140.svg", "team": "tex", "start": "", "in": "5", "result": "Strikeout", "evo": "", "la": "", "dist": ""}, {"player": "jordan lyles", "game": "tex @ sf", "gameIdx": 0, "hr/park": "", "pa": "35", "dt": "", "img": "https://www.mlbstatic.com/team-logos/140.svg", "team": "tex", "start": "", "in": "5", "result": "Strikeout", "evo": "", "la": "", "dist": ""}, {"player": "curt casali", "game": "tex @ sf", "gameIdx": 0, "hr/park": "", "pa": "34", "dt": "", "img": "https://www.mlbstatic.com/team-logos/137.svg", "team": "sf", "start": "", "in": "4", "result": "Pop Out", "evo": "85.2", "la": "68", "dist": "141"}, {"player": "brandon crawford", "game": "tex @ sf", "gameIdx": 0, "hr/park": "", "pa": "33", "dt": "", "img": "https://www.mlbstatic.com/team-logos/137.svg", "team": "sf", "start": "", "in": "4", "result": "Strikeout", "evo": "", "la": "", "dist": ""}, {"player": "wilmer flores", "game": "tex @ sf", "gameIdx": 0, "hr/park": "", "pa": "32", "dt": "", "img": "https://www.mlbstatic.com/team-logos/137.svg", "team": "sf", "start": "", "in": "4", "result": "Pop Out", "evo": "81.2", "la": "81", "dist": "46"}, {"player": "jonah heim", "game": "tex @ sf", "gameIdx": 0, "hr/park": "", "pa": "31", "dt": "", "img": "https://www.mlbstatic.com/team-logos/140.svg", "team": "tex", "start": "", "in": "4", "result": "Strikeout", "evo": "", "la": "", "dist": ""}, {"player": "charlie culberson", "game": "tex @ sf", "gameIdx": 0, "hr/park": "", "pa": "30", "dt": "", "img": "https://www.mlbstatic.com/team-logos/140.svg", "team": "tex", "start": "", "in": "4", "result": "Strikeout", "evo": "", "la": "", "dist": ""}, {"player": "david dahl", "game": "tex @ sf", "gameIdx": 0, "hr/park": "", "pa": "29", "dt": "", "img": "https://www.mlbstatic.com/team-logos/140.svg", "team": "tex", "start": "", "in": "4", "result": "Single", "evo": "93.6", "la": "5", "dist": "89"}, {"player": "nick solak", "game": "tex @ sf", "gameIdx": 0, "hr/park": "", "pa": "28", "dt": "", "img": "https://www.mlbstatic.com/team-logos/140.svg", "team": "tex", "start": "", "in": "4", "result": "Groundout", "evo": "85.8", "la": "-35", "dist": "4"}, {"player": "brandon belt", "game": "tex @ sf", "gameIdx": 0, "hr/park": "", "pa": "27", "dt": "", "img": "https://www.mlbstatic.com/team-logos/137.svg", "team": "sf", "start": "", "in": "3", "result": "Groundout", "evo": "75.8", "la": "10", "dist": "101"}, {"player": "evan longoria", "game": "tex @ sf", "gameIdx": 0, "hr/park": "", "pa": "26", "dt": "", "img": "https://www.mlbstatic.com/team-logos/137.svg", "team": "sf", "start": "", "in": "3", "result": "GIDP", "evo": "102.1", "la": "-6", "dist": "26"}, {"player": "mike yastrzemski", "game": "tex @ sf", "gameIdx": 0, "hr/park": "", "pa": "25", "dt": "", "img": "https://www.mlbstatic.com/team-logos/137.svg", "team": "sf", "start": "", "in": "3", "result": "Walk", "evo": "", "la": "", "dist": ""}, {"player": "joey gallo", "game": "tex @ sf", "gameIdx": 0, "hr/park": "", "pa": "24", "dt": "", "img": "https://www.mlbstatic.com/team-logos/140.svg", "team": "tex", "start": "", "in": "3", "result": "Strikeout", "evo": "", "la": "", "dist": ""}, {"player": "nathaniel lowe", "game": "tex @ sf", "gameIdx": 0, "hr/park": "", "pa": "23", "dt": "", "img": "https://www.mlbstatic.com/team-logos/140.svg", "team": "tex", "start": "", "in": "3", "result": "Strikeout", "evo": "", "la": "", "dist": ""}, {"player": "isiah kiner falefa", "game": "tex @ sf", "gameIdx": 0, "hr/park": "", "pa": "22", "dt": "", "img": "https://www.mlbstatic.com/team-logos/140.svg", "team": "tex", "start": "", "in": "3", "result": "Hit By Pitch", "evo": "", "la": "", "dist": ""}, {"player": "willie calhoun", "game": "tex @ sf", "gameIdx": 0, "hr/park": "", "pa": "21", "dt": "", "img": "https://www.mlbstatic.com/team-logos/140.svg", "team": "tex", "start": "", "in": "3", "result": "Lineout", "evo": "85.9", "la": "22", "dist": "263"}, {"player": "mike yastrzemski", "game": "tex @ sf", "gameIdx": 0, "hr/park": "", "pa": "20", "dt": "", "img": "https://www.mlbstatic.com/team-logos/137.svg", "team": "sf", "start": "", "in": "2", "result": "Caught Stealing 2B", "evo": "", "la": "", "dist": ""}, {"player": "mike tauchman", "game": "tex @ sf", "gameIdx": 0, "hr/park": "", "pa": "19", "dt": "", "img": "https://www.mlbstatic.com/team-logos/137.svg", "team": "sf", "start": "", "in": "2", "result": "Walk", "evo": "", "la": "", "dist": ""}, {"player": "logan webb", "game": "tex @ sf", "gameIdx": 0, "hr/park": "", "pa": "18", "dt": "", "img": "https://www.mlbstatic.com/team-logos/137.svg", "team": "sf", "start": "", "in": "2", "result": "Strikeout", "evo": "", "la": "", "dist": ""}, {"player": "steven duggar", "game": "tex @ sf", "gameIdx": 0, "hr/park": "", "pa": "17", "dt": "", "img": "https://www.mlbstatic.com/team-logos/137.svg", "team": "sf", "start": "", "in": "2", "result": "Strikeout", "evo": "", "la": "", "dist": ""}, {"player": "jordan lyles", "game": "tex @ sf", "gameIdx": 0, "hr/park": "", "pa": "16", "dt": "", "img": "https://www.mlbstatic.com/team-logos/140.svg", "team": "tex", "start": "", "in": "2", "result": "Strikeout", "evo": "", "la": "", "dist": ""}, {"player": "jonah heim", "game": "tex @ sf", "gameIdx": 0, "hr/park": "", "pa": "15", "dt": "", "img": "https://www.mlbstatic.com/team-logos/140.svg", "team": "tex", "start": "", "in": "2", "result": "Flyout", "evo": "83.4", "la": "43", "dist": "269"}, {"player": "charlie culberson", "game": "tex @ sf", "gameIdx": 0, "hr/park": "", "pa": "14", "dt": "", "img": "https://www.mlbstatic.com/team-logos/140.svg", "team": "tex", "start": "", "in": "2", "result": "Groundout", "evo": "78.8", "la": "-16", "dist": "10"}, {"player": "curt casali", "game": "tex @ sf", "gameIdx": 0, "hr/park": "", "pa": "13", "dt": "", "img": "https://www.mlbstatic.com/team-logos/137.svg", "team": "sf", "start": "", "in": "1", "result": "Strikeout", "evo": "", "la": "", "dist": ""}, {"player": "brandon crawford", "game": "tex @ sf", "gameIdx": 0, "hr/park": "", "pa": "12", "dt": "", "img": "https://www.mlbstatic.com/team-logos/137.svg", "team": "sf", "start": "", "in": "1", "result": "Forceout", "evo": "89.6", "la": "-24", "dist": "6"}, {"player": "wilmer flores", "game": "tex @ sf", "gameIdx": 0, "hr/park": "", "pa": "11", "dt": "", "img": "https://www.mlbstatic.com/team-logos/137.svg", "team": "sf", "start": "", "in": "1", "result": "Walk", "evo": "", "la": "", "dist": ""}, {"player": "brandon belt", "game": "tex @ sf", "gameIdx": 0, "hr/park": "", "pa": "10", "dt": "", "img": "https://www.mlbstatic.com/team-logos/137.svg", "team": "sf", "start": "", "in": "1", "result": "Single", "evo": "102.2", "la": "15", "dist": "208"}, {"player": "evan longoria", "game": "tex @ sf", "gameIdx": 0, "hr/park": "", "pa": "9", "dt": "", "img": "https://www.mlbstatic.com/team-logos/137.svg", "team": "sf", "start": "", "in": "1", "result": "Strikeout", "evo": "", "la": "", "dist": ""}, {"player": "mike yastrzemski", "game": "tex @ sf", "gameIdx": 0, "hr/park": "", "pa": "8", "dt": "", "img": "https://www.mlbstatic.com/team-logos/137.svg", "team": "sf", "start": "", "in": "1", "result": "Double", "evo": "105.9", "la": "15", "dist": "267"}, {"player": "mike tauchman", "game": "tex @ sf", "gameIdx": 0, "hr/park": "", "pa": "7", "dt": "", "img": "https://www.mlbstatic.com/team-logos/137.svg", "team": "sf", "start": "", "in": "1", "result": "Walk", "evo": "", "la": "", "dist": ""}, {"player": "david dahl", "game": "tex @ sf", "gameIdx": 0, "hr/park": "", "pa": "6", "dt": "", "img": "https://www.mlbstatic.com/team-logos/140.svg", "team": "tex", "start": "", "in": "1", "result": "Strikeout", "evo": "", "la": "", "dist": ""}, {"player": "nick solak", "game": "tex @ sf", "gameIdx": 0, "hr/park": "", "pa": "5", "dt": "", "img": "https://www.mlbstatic.com/team-logos/140.svg", "team": "tex", "start": "", "in": "1", "result": "Walk", "evo": "", "la": "", "dist": ""}, {"player": "joey gallo", "game": "tex @ sf", "gameIdx": 0, "hr/park": "", "pa": "4", "dt": "", "img": "https://www.mlbstatic.com/team-logos/140.svg", "team": "tex", "start": "", "in": "1", "result": "Forceout", "evo": "105.4", "la": "-5", "dist": "19"}, {"player": "nathaniel lowe", "game": "tex @ sf", "gameIdx": 0, "hr/park": "", "pa": "3", "dt": "", "img": "https://www.mlbstatic.com/team-logos/140.svg", "team": "tex", "start": "", "in": "1", "result": "Walk", "evo": "", "la": "", "dist": ""}, {"player": "isiah kiner falefa", "game": "tex @ sf", "gameIdx": 0, "hr/park": "", "pa": "2", "dt": "", "img": "https://www.mlbstatic.com/team-logos/140.svg", "team": "tex", "start": "", "in": "1", "result": "Single", "evo": "100.5", "la": "10", "dist": "195"}, {"player": "willie calhoun", "game": "tex @ sf", "gameIdx": 0, "hr/park": "", "pa": "1", "dt": "", "img": "https://www.mlbstatic.com/team-logos/140.svg", "team": "tex", "start": "", "in": "1", "result": "Lineout", "evo": "97.0", "la": "18", "dist": "286"}], "chc @ cle": [], "cin @ pit": [], "phi @ wsh": [], "kc @ det": [], "bal @ nym": [], "ath @ bos": [{"player": "christian vazquez", "game": "ath @ bos", "gameIdx": 0, "hr/park": "", "pa": "69", "dt": "", "img": "https://www.mlbstatic.com/team-logos/111.svg", "team": "bos", "start": "", "in": "9", "result": "Pop Out", "evo": "83.0", "la": "82", "dist": "47"}, {"player": "rafael devers", "game": "ath @ bos", "gameIdx": 0, "hr/park": "", "pa": "68", "dt": "", "img": "https://www.mlbstatic.com/team-logos/111.svg", "team": "bos", "start": "", "in": "9", "result": "Forceout", "evo": "93.7", "la": "-19", "dist": "5"}, {"player": "xander bogaerts", "game": "ath @ bos", "gameIdx": 0, "hr/park": "", "pa": "67", "dt": "", "img": "https://www.mlbstatic.com/team-logos/111.svg", "team": "bos", "start": "", "in": "9", "result": "Walk", "evo": "", "la": "", "dist": ""}, {"player": "jd martinez", "game": "ath @ bos", "gameIdx": 0, "hr/park": "", "pa": "66", "dt": "", "img": "https://www.mlbstatic.com/team-logos/111.svg", "team": "bos", "start": "", "in": "9", "result": "Strikeout", "evo": "", "la": "", "dist": ""}, {"player": "alex verdugo", "game": "ath @ bos", "gameIdx": 0, "hr/park": "", "pa": "65", "dt": "", "img": "https://www.mlbstatic.com/team-logos/111.svg", "team": "bos", "start": "", "in": "9", "result": "Walk", "evo": "", "la": "", "dist": ""}, {"player": "elvis andrus", "game": "ath @ bos", "gameIdx": 0, "hr/park": "", "pa": "64", "dt": "", "img": "https://www.mlbstatic.com/team-logos/133.svg", "team": "ath", "start": "", "in": "9", "result": "Lineout", "evo": "84.4", "la": "17", "dist": "267"}, {"player": "sean murphy", "game": "ath @ bos", "gameIdx": 0, "hr/park": "", "pa": "63", "dt": "", "img": "https://www.mlbstatic.com/team-logos/133.svg", "team": "ath", "start": "", "in": "9", "result": "Strikeout", "evo": "", "la": "", "dist": ""}, {"player": "mitch moreland", "game": "ath @ bos", "gameIdx": 0, "hr/park": "", "pa": "62", "dt": "", "img": "https://www.mlbstatic.com/team-logos/133.svg", "team": "ath", "start": "", "in": "9", "result": "Single", "evo": "108.8", "la": "7", "dist": "144"}, {"player": "matt chapman", "game": "ath @ bos", "gameIdx": 0, "hr/park": "", "pa": "61", "dt": "", "img": "https://www.mlbstatic.com/team-logos/133.svg", "team": "ath", "start": "", "in": "9", "result": "Strikeout", "evo": "", "la": "", "dist": ""}, {"player": "marwin gonzalez", "game": "ath @ bos", "gameIdx": 0, "hr/park": "", "pa": "60", "dt": "", "img": "https://www.mlbstatic.com/team-logos/111.svg", "team": "bos", "start": "", "in": "8", "result": "Groundout", "evo": "76.6", "la": "-4", "dist": "28"}, {"player": "michael chavis", "game": "ath @ bos", "gameIdx": 0, "hr/park": "", "pa": "59", "dt": "", "img": "https://www.mlbstatic.com/team-logos/111.svg", "team": "bos", "start": "", "in": "8", "result": "Single", "evo": "64.9", "la": "-26", "dist": "7"}, {"player": "franchy cordero", "game": "ath @ bos", "gameIdx": 0, "hr/park": "0/30", "pa": "58", "dt": "", "img": "https://www.mlbstatic.com/team-logos/111.svg", "team": "bos", "start": "", "in": "8", "result": "Flyout", "evo": "87.1", "la": "28", "dist": "332"}, {"player": "hunter renfroe", "game": "ath @ bos", "gameIdx": 0, "hr/park": "", "pa": "57", "dt": "", "img": "https://www.mlbstatic.com/team-logos/111.svg", "team": "bos", "start": "", "in": "8", "result": "Groundout", "evo": "92.8", "la": "1", "dist": "60"}, {"player": "jed lowrie", "game": "ath @ bos", "gameIdx": 0, "hr/park": "", "pa": "56", "dt": "", "img": "https://www.mlbstatic.com/team-logos/133.svg", "team": "ath", "start": "", "in": "8", "result": "Strikeout", "evo": "", "la": "", "dist": ""}, {"player": "matt olson", "game": "ath @ bos", "gameIdx": 0, "hr/park": "0/30", "pa": "55", "dt": "", "img": "https://www.mlbstatic.com/team-logos/133.svg", "team": "ath", "start": "", "in": "8", "result": "Flyout", "evo": "95.9", "la": "47", "dist": "303"}, {"player": "ramon laureano", "game": "ath @ bos", "gameIdx": 0, "hr/park": "", "pa": "54", "dt": "", "img": "https://www.mlbstatic.com/team-logos/133.svg", "team": "ath", "start": "", "in": "8", "result": "Single", "evo": "87.3", "la": "9", "dist": "138"}, {"player": "seth brown", "game": "ath @ bos", "gameIdx": 0, "hr/park": "", "pa": "53", "dt": "", "img": "https://www.mlbstatic.com/team-logos/133.svg", "team": "ath", "start": "", "in": "8", "result": "Strikeout", "evo": "", "la": "", "dist": ""}, {"player": "christian vazquez", "game": "ath @ bos", "gameIdx": 0, "hr/park": "", "pa": "52", "dt": "", "img": "https://www.mlbstatic.com/team-logos/111.svg", "team": "bos", "start": "", "in": "7", "result": "Groundout", "evo": "82.1", "la": "-45", "dist": "3"}, {"player": "rafael devers", "game": "ath @ bos", "gameIdx": 0, "hr/park": "8/30", "pa": "51", "dt": "", "img": "https://www.mlbstatic.com/team-logos/111.svg", "team": "bos", "start": "", "in": "7", "result": "Home Run", "evo": "98.5", "la": "30", "dist": "353"}, {"player": "xander bogaerts", "game": "ath @ bos", "gameIdx": 0, "hr/park": "", "pa": "50", "dt": "", "img": "https://www.mlbstatic.com/team-logos/111.svg", "team": "bos", "start": "", "in": "7", "result": "Strikeout", "evo": "", "la": "", "dist": ""}, {"player": "jd martinez", "game": "ath @ bos", "gameIdx": 0, "hr/park": "", "pa": "49", "dt": "", "img": "https://www.mlbstatic.com/team-logos/111.svg", "team": "bos", "start": "", "in": "7", "result": "Groundout", "evo": "43.4", "la": "8", "dist": "42"}, {"player": "mark canha", "game": "ath @ bos", "gameIdx": 0, "hr/park": "", "pa": "48", "dt": "", "img": "https://www.mlbstatic.com/team-logos/133.svg", "team": "ath", "start": "", "in": "7", "result": "Lineout", "evo": "81.9", "la": "21", "dist": "257"}, {"player": "elvis andrus", "game": "ath @ bos", "gameIdx": 0, "hr/park": "", "pa": "47", "dt": "", "img": "https://www.mlbstatic.com/team-logos/133.svg", "team": "ath", "start": "", "in": "7", "result": "Single", "evo": "76.7", "la": "23", "dist": "231"}, {"player": "sean murphy", "game": "ath @ bos", "gameIdx": 0, "hr/park": "", "pa": "46", "dt": "", "img": "https://www.mlbstatic.com/team-logos/133.svg", "team": "ath", "start": "", "in": "7", "result": "Fielders Choice Out", "evo": "56.4", "la": "", "dist": "32"}, {"player": "mitch moreland", "game": "ath @ bos", "gameIdx": 0, "hr/park": "", "pa": "45", "dt": "", "img": "https://www.mlbstatic.com/team-logos/133.svg", "team": "ath", "start": "", "in": "7", "result": "Groundout", "evo": "105.6", "la": "4", "dist": "136"}, {"player": "matt chapman", "game": "ath @ bos", "gameIdx": 0, "hr/park": "", "pa": "44", "dt": "", "img": "https://www.mlbstatic.com/team-logos/133.svg", "team": "ath", "start": "", "in": "7", "result": "Single", "evo": "98.8", "la": "8", "dist": "144"}, {"player": "jed lowrie", "game": "ath @ bos", "gameIdx": 0, "hr/park": "", "pa": "43", "dt": "", "img": "https://www.mlbstatic.com/team-logos/133.svg", "team": "ath", "start": "", "in": "7", "result": "Single", "evo": "106.2", "la": "11", "dist": "207"}, {"player": "matt olson", "game": "ath @ bos", "gameIdx": 0, "hr/park": "", "pa": "42", "dt": "", "img": "https://www.mlbstatic.com/team-logos/133.svg", "team": "ath", "start": "", "in": "7", "result": "Walk", "evo": "", "la": "", "dist": ""}, {"player": "alex verdugo", "game": "ath @ bos", "gameIdx": 0, "hr/park": "", "pa": "41", "dt": "", "img": "https://www.mlbstatic.com/team-logos/111.svg", "team": "bos", "start": "", "in": "6", "result": "Flyout", "evo": "91.2", "la": "43", "dist": "288"}, {"player": "marwin gonzalez", "game": "ath @ bos", "gameIdx": 0, "hr/park": "", "pa": "40", "dt": "", "img": "https://www.mlbstatic.com/team-logos/111.svg", "team": "bos", "start": "", "in": "6", "result": "Strikeout", "evo": "", "la": "", "dist": ""}, {"player": "michael chavis", "game": "ath @ bos", "gameIdx": 0, "hr/park": "", "pa": "39", "dt": "", "img": "https://www.mlbstatic.com/team-logos/111.svg", "team": "bos", "start": "", "in": "6", "result": "Single", "evo": "100.4", "la": "11", "dist": "244"}, {"player": "franchy cordero", "game": "ath @ bos", "gameIdx": 0, "hr/park": "", "pa": "38", "dt": "", "img": "https://www.mlbstatic.com/team-logos/111.svg", "team": "bos", "start": "", "in": "6", "result": "Strikeout", "evo": "", "la": "", "dist": ""}, {"player": "ramon laureano", "game": "ath @ bos", "gameIdx": 0, "hr/park": "", "pa": "37", "dt": "", "img": "https://www.mlbstatic.com/team-logos/133.svg", "team": "ath", "start": "", "in": "6", "result": "Groundout", "evo": "83.0", "la": "-25", "dist": "6"}, {"player": "seth brown", "game": "ath @ bos", "gameIdx": 0, "hr/park": "", "pa": "36", "dt": "", "img": "https://www.mlbstatic.com/team-logos/133.svg", "team": "ath", "start": "", "in": "6", "result": "Strikeout", "evo": "", "la": "", "dist": ""}, {"player": "mark canha", "game": "ath @ bos", "gameIdx": 0, "hr/park": "4/30", "pa": "35", "dt": "", "img": "https://www.mlbstatic.com/team-logos/133.svg", "team": "ath", "start": "", "in": "6", "result": "Double", "evo": "103.1", "la": "23", "dist": "392"}, {"player": "elvis andrus", "game": "ath @ bos", "gameIdx": 0, "hr/park": "", "pa": "34", "dt": "", "img": "https://www.mlbstatic.com/team-logos/133.svg", "team": "ath", "start": "", "in": "6", "result": "Groundout", "evo": "74.8", "la": "4", "dist": "61"}, {"player": "hunter renfroe", "game": "ath @ bos", "gameIdx": 0, "hr/park": "", "pa": "33", "dt": "", "img": "https://www.mlbstatic.com/team-logos/111.svg", "team": "bos", "start": "", "in": "5", "result": "Strikeout", "evo": "", "la": "", "dist": ""}, {"player": "christian vazquez", "game": "ath @ bos", "gameIdx": 0, "hr/park": "", "pa": "32", "dt": "", "img": "https://www.mlbstatic.com/team-logos/111.svg", "team": "bos", "start": "", "in": "5", "result": "Groundout", "evo": "84.1", "la": "", "dist": "30"}, {"player": "rafael devers", "game": "ath @ bos", "gameIdx": 0, "hr/park": "", "pa": "31", "dt": "", "img": "https://www.mlbstatic.com/team-logos/111.svg", "team": "bos", "start": "", "in": "5", "result": "Strikeout", "evo": "", "la": "", "dist": ""}, {"player": "sean murphy", "game": "ath @ bos", "gameIdx": 0, "hr/park": "", "pa": "30", "dt": "", "img": "https://www.mlbstatic.com/team-logos/133.svg", "team": "ath", "start": "", "in": "5", "result": "Strikeout", "evo": "", "la": "", "dist": ""}, {"player": "mitch moreland", "game": "ath @ bos", "gameIdx": 0, "hr/park": "", "pa": "29", "dt": "", "img": "https://www.mlbstatic.com/team-logos/133.svg", "team": "ath", "start": "", "in": "5", "result": "Flyout", "evo": "80.7", "la": "33", "dist": "268"}, {"player": "matt chapman", "game": "ath @ bos", "gameIdx": 0, "hr/park": "", "pa": "28", "dt": "", "img": "https://www.mlbstatic.com/team-logos/133.svg", "team": "ath", "start": "", "in": "5", "result": "Groundout", "evo": "81.7", "la": "-19", "dist": "9"}, {"player": "xander bogaerts", "game": "ath @ bos", "gameIdx": 0, "hr/park": "", "pa": "27", "dt": "", "img": "https://www.mlbstatic.com/team-logos/111.svg", "team": "bos", "start": "", "in": "4", "result": "Strikeout", "evo": "", "la": "", "dist": ""}, {"player": "jd martinez", "game": "ath @ bos", "gameIdx": 0, "hr/park": "1/30", "pa": "26", "dt": "", "img": "https://www.mlbstatic.com/team-logos/111.svg", "team": "bos", "start": "", "in": "4", "result": "Flyout", "evo": "97.0", "la": "39", "dist": "343"}, {"player": "alex verdugo", "game": "ath @ bos", "gameIdx": 0, "hr/park": "0/30", "pa": "25", "dt": "", "img": "https://www.mlbstatic.com/team-logos/111.svg", "team": "bos", "start": "", "in": "4", "result": "Lineout", "evo": "107.0", "la": "14", "dist": "318"}, {"player": "jed lowrie", "game": "ath @ bos", "gameIdx": 0, "hr/park": "", "pa": "24", "dt": "", "img": "https://www.mlbstatic.com/team-logos/133.svg", "team": "ath", "start": "", "in": "4", "result": "GIDP", "evo": "98.5", "la": "-9", "dist": "13"}, {"player": "matt olson", "game": "ath @ bos", "gameIdx": 0, "hr/park": "", "pa": "23", "dt": "", "img": "https://www.mlbstatic.com/team-logos/133.svg", "team": "ath", "start": "", "in": "4", "result": "Single", "evo": "96.9", "la": "1", "dist": "58"}, {"player": "ramon laureano", "game": "ath @ bos", "gameIdx": 0, "hr/park": "", "pa": "22", "dt": "", "img": "https://www.mlbstatic.com/team-logos/133.svg", "team": "ath", "start": "", "in": "4", "result": "Groundout", "evo": "76.7", "la": "-66", "dist": "2"}, {"player": "seth brown", "game": "ath @ bos", "gameIdx": 0, "hr/park": "", "pa": "21", "dt": "", "img": "https://www.mlbstatic.com/team-logos/133.svg", "team": "ath", "start": "", "in": "4", "result": "Walk", "evo": "", "la": "", "dist": ""}, {"player": "marwin gonzalez", "game": "ath @ bos", "gameIdx": 0, "hr/park": "14/30", "pa": "20", "dt": "", "img": "https://www.mlbstatic.com/team-logos/111.svg", "team": "bos", "start": "", "in": "3", "result": "Flyout", "evo": "100.7", "la": "40", "dist": "368"}, {"player": "michael chavis", "game": "ath @ bos", "gameIdx": 0, "hr/park": "", "pa": "19", "dt": "", "img": "https://www.mlbstatic.com/team-logos/111.svg", "team": "bos", "start": "", "in": "3", "result": "Strikeout", "evo": "", "la": "", "dist": ""}, {"player": "franchy cordero", "game": "ath @ bos", "gameIdx": 0, "hr/park": "", "pa": "18", "dt": "", "img": "https://www.mlbstatic.com/team-logos/111.svg", "team": "bos", "start": "", "in": "3", "result": "Strikeout", "evo": "", "la": "", "dist": ""}, {"player": "mark canha", "game": "ath @ bos", "gameIdx": 0, "hr/park": "", "pa": "17", "dt": "", "img": "https://www.mlbstatic.com/team-logos/133.svg", "team": "ath", "start": "", "in": "3", "result": "Strikeout", "evo": "", "la": "", "dist": ""}, {"player": "elvis andrus", "game": "ath @ bos", "gameIdx": 0, "hr/park": "0/30", "pa": "16", "dt": "", "img": "https://www.mlbstatic.com/team-logos/133.svg", "team": "ath", "start": "", "in": "3", "result": "Flyout", "evo": "93.5", "la": "30", "dist": "310"}, {"player": "sean murphy", "game": "ath @ bos", "gameIdx": 0, "hr/park": "0/30", "pa": "15", "dt": "", "img": "https://www.mlbstatic.com/team-logos/133.svg", "team": "ath", "start": "", "in": "3", "result": "Flyout", "evo": "97.4", "la": "34", "dist": "338"}, {"player": "hunter renfroe", "game": "ath @ bos", "gameIdx": 0, "hr/park": "", "pa": "14", "dt": "", "img": "https://www.mlbstatic.com/team-logos/111.svg", "team": "bos", "start": "", "in": "2", "result": "Groundout", "evo": "60.5", "la": "-35", "dist": "5"}, {"player": "christian vazquez", "game": "ath @ bos", "gameIdx": 0, "hr/park": "", "pa": "13", "dt": "", "img": "https://www.mlbstatic.com/team-logos/111.svg", "team": "bos", "start": "", "in": "2", "result": "Strikeout", "evo": "", "la": "", "dist": ""}, {"player": "rafael devers", "game": "ath @ bos", "gameIdx": 0, "hr/park": "", "pa": "12", "dt": "", "img": "https://www.mlbstatic.com/team-logos/111.svg", "team": "bos", "start": "", "in": "2", "result": "Strikeout", "evo": "", "la": "", "dist": ""}, {"player": "mitch moreland", "game": "ath @ bos", "gameIdx": 0, "hr/park": "", "pa": "11", "dt": "", "img": "https://www.mlbstatic.com/team-logos/133.svg", "team": "ath", "start": "", "in": "2", "result": "Groundout", "evo": "56.1", "la": "-32", "dist": "8"}, {"player": "matt chapman", "game": "ath @ bos", "gameIdx": 0, "hr/park": "", "pa": "10", "dt": "", "img": "https://www.mlbstatic.com/team-logos/133.svg", "team": "ath", "start": "", "in": "2", "result": "Walk", "evo": "", "la": "", "dist": ""}, {"player": "jed lowrie", "game": "ath @ bos", "gameIdx": 0, "hr/park": "", "pa": "9", "dt": "", "img": "https://www.mlbstatic.com/team-logos/133.svg", "team": "ath", "start": "", "in": "2", "result": "Pop Out", "evo": "87.9", "la": "63", "dist": "184"}, {"player": "matt olson", "game": "ath @ bos", "gameIdx": 0, "hr/park": "", "pa": "8", "dt": "", "img": "https://www.mlbstatic.com/team-logos/133.svg", "team": "ath", "start": "", "in": "2", "result": "Strikeout", "evo": "", "la": "", "dist": ""}, {"player": "xander bogaerts", "game": "ath @ bos", "gameIdx": 0, "hr/park": "", "pa": "7", "dt": "", "img": "https://www.mlbstatic.com/team-logos/111.svg", "team": "bos", "start": "", "in": "1", "result": "Groundout", "evo": "105.1", "la": "2", "dist": "81"}, {"player": "jd martinez", "game": "ath @ bos", "gameIdx": 0, "hr/park": "", "pa": "6", "dt": "", "img": "https://www.mlbstatic.com/team-logos/111.svg", "team": "bos", "start": "", "in": "1", "result": "Sac Fly", "evo": "90.3", "la": "20", "dist": "292"}, {"player": "alex verdugo", "game": "ath @ bos", "gameIdx": 0, "hr/park": "", "pa": "5", "dt": "", "img": "https://www.mlbstatic.com/team-logos/111.svg", "team": "bos", "start": "", "in": "1", "result": "Single", "evo": "104.1", "la": "11", "dist": "213"}, {"player": "marwin gonzalez", "game": "ath @ bos", "gameIdx": 0, "hr/park": "", "pa": "4", "dt": "", "img": "https://www.mlbstatic.com/team-logos/111.svg", "team": "bos", "start": "", "in": "1", "result": "Groundout", "evo": "64.3", "la": "-49", "dist": "4"}, {"player": "ramon laureano", "game": "ath @ bos", "gameIdx": 0, "hr/park": "", "pa": "3", "dt": "", "img": "https://www.mlbstatic.com/team-logos/133.svg", "team": "ath", "start": "", "in": "1", "result": "Flyout", "evo": "79.8", "la": "29", "dist": "267"}, {"player": "seth brown", "game": "ath @ bos", "gameIdx": 0, "hr/park": "0/30", "pa": "2", "dt": "", "img": "https://www.mlbstatic.com/team-logos/133.svg", "team": "ath", "start": "", "in": "1", "result": "Lineout", "evo": "96.1", "la": "20", "dist": "340"}, {"player": "mark canha", "game": "ath @ bos", "gameIdx": 0, "hr/park": "", "pa": "1", "dt": "", "img": "https://www.mlbstatic.com/team-logos/133.svg", "team": "ath", "start": "", "in": "1", "result": "Lineout", "evo": "79.4", "la": "28", "dist": "287"}], "nyy @ tb": [], "tor @ atl": [], "stl @ mil": [], "laa @ hou": [{"player": "mike trout", "game": "laa @ hou", "gameIdx": 0, "hr/park": "2/30", "pa": "65", "dt": "", "img": "https://www.mlbstatic.com/team-logos/108.svg", "team": "laa", "start": "", "in": "9", "result": "Flyout", "evo": "101.7", "la": "25", "dist": "395"}, {"player": "shohei ohtani", "game": "laa @ hou", "gameIdx": 0, "hr/park": "", "pa": "64", "dt": "", "img": "https://www.mlbstatic.com/team-logos/108.svg", "team": "laa", "start": "", "in": "9", "result": "Strikeout", "evo": "", "la": "", "dist": ""}, {"player": "david fletcher", "game": "laa @ hou", "gameIdx": 0, "hr/park": "", "pa": "63", "dt": "", "img": "https://www.mlbstatic.com/team-logos/108.svg", "team": "laa", "start": "", "in": "9", "result": "Pop Out", "evo": "77.1", "la": "67", "dist": "116"}, {"player": "myles straw", "game": "laa @ hou", "gameIdx": 0, "hr/park": "", "pa": "62", "dt": "", "img": "https://www.mlbstatic.com/team-logos/117.svg", "team": "hou", "start": "", "in": "8", "result": "Lineout", "evo": "94.8", "la": "9", "dist": "170"}, {"player": "kyle tucker", "game": "laa @ hou", "gameIdx": 0, "hr/park": "", "pa": "61", "dt": "", "img": "https://www.mlbstatic.com/team-logos/117.svg", "team": "hou", "start": "", "in": "8", "result": "Single", "evo": "100.8", "la": "-3", "dist": "25"}, {"player": "carlos correa", "game": "laa @ hou", "gameIdx": 0, "hr/park": "", "pa": "60", "dt": "", "img": "https://www.mlbstatic.com/team-logos/117.svg", "team": "hou", "start": "", "in": "8", "result": "Walk", "evo": "", "la": "", "dist": ""}, {"player": "yuli gurriel", "game": "laa @ hou", "gameIdx": 0, "hr/park": "28/30", "pa": "59", "dt": "", "img": "https://www.mlbstatic.com/team-logos/117.svg", "team": "hou", "start": "", "in": "8", "result": "Home Run", "evo": "95.9", "la": "27", "dist": "360"}, {"player": "yordan alvarez", "game": "laa @ hou", "gameIdx": 0, "hr/park": "", "pa": "58", "dt": "", "img": "https://www.mlbstatic.com/team-logos/117.svg", "team": "hou", "start": "", "in": "8", "result": "Fielders Choice Out", "evo": "97.5", "la": "-3", "dist": "26"}, {"player": "michael brantley", "game": "laa @ hou", "gameIdx": 0, "hr/park": "", "pa": "57", "dt": "", "img": "https://www.mlbstatic.com/team-logos/117.svg", "team": "hou", "start": "", "in": "8", "result": "Single", "evo": "99.4", "la": "13", "dist": "224"}, {"player": "aledmys diaz", "game": "laa @ hou", "gameIdx": 0, "hr/park": "", "pa": "56", "dt": "", "img": "https://www.mlbstatic.com/team-logos/117.svg", "team": "hou", "start": "", "in": "8", "result": "Single", "evo": "82.2", "la": "5", "dist": "93"}, {"player": "jose altuve", "game": "laa @ hou", "gameIdx": 0, "hr/park": "", "pa": "55", "dt": "", "img": "https://www.mlbstatic.com/team-logos/117.svg", "team": "hou", "start": "", "in": "8", "result": "Forceout", "evo": "51.8", "la": "-56", "dist": "3"}, {"player": "martin maldonado", "game": "laa @ hou", "gameIdx": 0, "hr/park": "", "pa": "54", "dt": "", "img": "https://www.mlbstatic.com/team-logos/117.svg", "team": "hou", "start": "", "in": "8", "result": "Walk", "evo": "", "la": "", "dist": ""}, {"player": "kurt suzuki", "game": "laa @ hou", "gameIdx": 0, "hr/park": "", "pa": "53", "dt": "", "img": "https://www.mlbstatic.com/team-logos/108.svg", "team": "laa", "start": "", "in": "8", "result": "Groundout", "evo": "96.6", "la": "5", "dist": "103"}, {"player": "phil gosselin", "game": "laa @ hou", "gameIdx": 0, "hr/park": "", "pa": "52", "dt": "", "img": "https://www.mlbstatic.com/team-logos/108.svg", "team": "laa", "start": "", "in": "8", "result": "Groundout", "evo": "94.1", "la": "-21", "dist": "6"}, {"player": "taylor ward", "game": "laa @ hou", "gameIdx": 0, "hr/park": "9/30", "pa": "51", "dt": "", "img": "https://www.mlbstatic.com/team-logos/108.svg", "team": "laa", "start": "", "in": "8", "result": "Home Run", "evo": "99.0", "la": "26", "dist": "366"}, {"player": "jose rojas", "game": "laa @ hou", "gameIdx": 0, "hr/park": "", "pa": "50", "dt": "", "img": "https://www.mlbstatic.com/team-logos/108.svg", "team": "laa", "start": "", "in": "8", "result": "Groundout", "evo": "97.7", "la": "-3", "dist": "31"}, {"player": "myles straw", "game": "laa @ hou", "gameIdx": 0, "hr/park": "", "pa": "49", "dt": "", "img": "https://www.mlbstatic.com/team-logos/117.svg", "team": "hou", "start": "", "in": "7", "result": "Strikeout", "evo": "", "la": "", "dist": ""}, {"player": "kyle tucker", "game": "laa @ hou", "gameIdx": 0, "hr/park": "0/30", "pa": "48", "dt": "", "img": "https://www.mlbstatic.com/team-logos/117.svg", "team": "hou", "start": "", "in": "7", "result": "Flyout", "evo": "95.2", "la": "38", "dist": "338"}, {"player": "carlos correa", "game": "laa @ hou", "gameIdx": 0, "hr/park": "", "pa": "47", "dt": "", "img": "https://www.mlbstatic.com/team-logos/117.svg", "team": "hou", "start": "", "in": "7", "result": "Groundout", "evo": "73.5", "la": "-22", "dist": "6"}, {"player": "justin upton", "game": "laa @ hou", "gameIdx": 0, "hr/park": "", "pa": "46", "dt": "", "img": "https://www.mlbstatic.com/team-logos/108.svg", "team": "laa", "start": "", "in": "7", "result": "Groundout", "evo": "104.0", "la": "-6", "dist": "17"}, {"player": "jared walsh", "game": "laa @ hou", "gameIdx": 0, "hr/park": "", "pa": "45", "dt": "", "img": "https://www.mlbstatic.com/team-logos/108.svg", "team": "laa", "start": "", "in": "7", "result": "GIDP", "evo": "88.3", "la": "1", "dist": "50"}, {"player": "mike trout", "game": "laa @ hou", "gameIdx": 0, "hr/park": "", "pa": "44", "dt": "", "img": "https://www.mlbstatic.com/team-logos/108.svg", "team": "laa", "start": "", "in": "7", "result": "Walk", "evo": "", "la": "", "dist": ""}, {"player": "shohei ohtani", "game": "laa @ hou", "gameIdx": 0, "hr/park": "", "pa": "43", "dt": "", "img": "https://www.mlbstatic.com/team-logos/108.svg", "team": "laa", "start": "", "in": "7", "result": "Single", "evo": "94.7", "la": "13", "dist": "197"}, {"player": "yuli gurriel", "game": "laa @ hou", "gameIdx": 0, "hr/park": "", "pa": "42", "dt": "", "img": "https://www.mlbstatic.com/team-logos/117.svg", "team": "hou", "start": "", "in": "6", "result": "Strikeout", "evo": "", "la": "", "dist": ""}, {"player": "yordan alvarez", "game": "laa @ hou", "gameIdx": 0, "hr/park": "", "pa": "41", "dt": "", "img": "https://www.mlbstatic.com/team-logos/117.svg", "team": "hou", "start": "", "in": "6", "result": "Single", "evo": "28.4", "la": "-43", "dist": "4"}, {"player": "michael brantley", "game": "laa @ hou", "gameIdx": 0, "hr/park": "", "pa": "40", "dt": "", "img": "https://www.mlbstatic.com/team-logos/117.svg", "team": "hou", "start": "", "in": "6", "result": "Groundout", "evo": "88.9", "la": "-8", "dist": "9"}, {"player": "aledmys diaz", "game": "laa @ hou", "gameIdx": 0, "hr/park": "", "pa": "39", "dt": "", "img": "https://www.mlbstatic.com/team-logos/117.svg", "team": "hou", "start": "", "in": "6", "result": "Flyout", "evo": "97.9", "la": "56", "dist": "228"}, {"player": "david fletcher", "game": "laa @ hou", "gameIdx": 0, "hr/park": "", "pa": "38", "dt": "", "img": "https://www.mlbstatic.com/team-logos/108.svg", "team": "laa", "start": "", "in": "6", "result": "Strikeout", "evo": "", "la": "", "dist": ""}, {"player": "kurt suzuki", "game": "laa @ hou", "gameIdx": 0, "hr/park": "", "pa": "37", "dt": "", "img": "https://www.mlbstatic.com/team-logos/108.svg", "team": "laa", "start": "", "in": "6", "result": "Strikeout", "evo": "", "la": "", "dist": ""}, {"player": "phil gosselin", "game": "laa @ hou", "gameIdx": 0, "hr/park": "", "pa": "36", "dt": "", "img": "https://www.mlbstatic.com/team-logos/108.svg", "team": "laa", "start": "", "in": "6", "result": "Strikeout", "evo": "", "la": "", "dist": ""}, {"player": "jose altuve", "game": "laa @ hou", "gameIdx": 0, "hr/park": "", "pa": "35", "dt": "", "img": "https://www.mlbstatic.com/team-logos/117.svg", "team": "hou", "start": "", "in": "5", "result": "Flyout", "evo": "83.7", "la": "60", "dist": "192"}, {"player": "martin maldonado", "game": "laa @ hou", "gameIdx": 0, "hr/park": "", "pa": "34", "dt": "", "img": "https://www.mlbstatic.com/team-logos/117.svg", "team": "hou", "start": "", "in": "5", "result": "Strikeout", "evo": "", "la": "", "dist": ""}, {"player": "myles straw", "game": "laa @ hou", "gameIdx": 0, "hr/park": "", "pa": "33", "dt": "", "img": "https://www.mlbstatic.com/team-logos/117.svg", "team": "hou", "start": "", "in": "5", "result": "Strikeout", "evo": "", "la": "", "dist": ""}, {"player": "kyle tucker", "game": "laa @ hou", "gameIdx": 0, "hr/park": "16/30", "pa": "32", "dt": "", "img": "https://www.mlbstatic.com/team-logos/117.svg", "team": "hou", "start": "", "in": "5", "result": "Home Run", "evo": "100.9", "la": "32", "dist": "373"}, {"player": "taylor ward", "game": "laa @ hou", "gameIdx": 0, "hr/park": "", "pa": "31", "dt": "", "img": "https://www.mlbstatic.com/team-logos/108.svg", "team": "laa", "start": "", "in": "5", "result": "Strikeout", "evo": "", "la": "", "dist": ""}, {"player": "jose rojas", "game": "laa @ hou", "gameIdx": 0, "hr/park": "", "pa": "30", "dt": "", "img": "https://www.mlbstatic.com/team-logos/108.svg", "team": "laa", "start": "", "in": "5", "result": "Lineout", "evo": "96.8", "la": "4", "dist": "103"}, {"player": "justin upton", "game": "laa @ hou", "gameIdx": 0, "hr/park": "", "pa": "29", "dt": "", "img": "https://www.mlbstatic.com/team-logos/108.svg", "team": "laa", "start": "", "in": "5", "result": "Groundout", "evo": "94.1", "la": "-20", "dist": "4"}, {"player": "carlos correa", "game": "laa @ hou", "gameIdx": 0, "hr/park": "", "pa": "28", "dt": "", "img": "https://www.mlbstatic.com/team-logos/117.svg", "team": "hou", "start": "", "in": "4", "result": "Strikeout", "evo": "", "la": "", "dist": ""}, {"player": "yuli gurriel", "game": "laa @ hou", "gameIdx": 0, "hr/park": "", "pa": "27", "dt": "", "img": "https://www.mlbstatic.com/team-logos/117.svg", "team": "hou", "start": "", "in": "4", "result": "Strikeout", "evo": "", "la": "", "dist": ""}, {"player": "yordan alvarez", "game": "laa @ hou", "gameIdx": 0, "hr/park": "", "pa": "26", "dt": "", "img": "https://www.mlbstatic.com/team-logos/117.svg", "team": "hou", "start": "", "in": "4", "result": "Strikeout", "evo": "", "la": "", "dist": ""}, {"player": "michael brantley", "game": "laa @ hou", "gameIdx": 0, "hr/park": "", "pa": "25", "dt": "", "img": "https://www.mlbstatic.com/team-logos/117.svg", "team": "hou", "start": "", "in": "4", "result": "Single", "evo": "79.7", "la": "18", "dist": "207"}, {"player": "jared walsh", "game": "laa @ hou", "gameIdx": 0, "hr/park": "", "pa": "24", "dt": "", "img": "https://www.mlbstatic.com/team-logos/108.svg", "team": "laa", "start": "", "in": "4", "result": "Strikeout", "evo": "", "la": "", "dist": ""}, {"player": "mike trout", "game": "laa @ hou", "gameIdx": 0, "hr/park": "", "pa": "23", "dt": "", "img": "https://www.mlbstatic.com/team-logos/108.svg", "team": "laa", "start": "", "in": "4", "result": "Groundout", "evo": "107.7", "la": "-17", "dist": "8"}, {"player": "shohei ohtani", "game": "laa @ hou", "gameIdx": 0, "hr/park": "", "pa": "22", "dt": "", "img": "https://www.mlbstatic.com/team-logos/108.svg", "team": "laa", "start": "", "in": "4", "result": "Strikeout", "evo": "", "la": "", "dist": ""}, {"player": "aledmys diaz", "game": "laa @ hou", "gameIdx": 0, "hr/park": "", "pa": "21", "dt": "", "img": "https://www.mlbstatic.com/team-logos/117.svg", "team": "hou", "start": "", "in": "3", "result": "Pop Out", "evo": "75.4", "la": "63", "dist": "149"}, {"player": "jose altuve", "game": "laa @ hou", "gameIdx": 0, "hr/park": "", "pa": "20", "dt": "", "img": "https://www.mlbstatic.com/team-logos/117.svg", "team": "hou", "start": "", "in": "3", "result": "Lineout", "evo": "82.4", "la": "23", "dist": "272"}, {"player": "martin maldonado", "game": "laa @ hou", "gameIdx": 0, "hr/park": "", "pa": "19", "dt": "", "img": "https://www.mlbstatic.com/team-logos/117.svg", "team": "hou", "start": "", "in": "3", "result": "Strikeout", "evo": "", "la": "", "dist": ""}, {"player": "david fletcher", "game": "laa @ hou", "gameIdx": 0, "hr/park": "", "pa": "18", "dt": "", "img": "https://www.mlbstatic.com/team-logos/108.svg", "team": "laa", "start": "", "in": "3", "result": "Flyout", "evo": "80.9", "la": "39", "dist": "273"}, {"player": "kurt suzuki", "game": "laa @ hou", "gameIdx": 0, "hr/park": "", "pa": "17", "dt": "", "img": "https://www.mlbstatic.com/team-logos/108.svg", "team": "laa", "start": "", "in": "3", "result": "Flyout", "evo": "87.3", "la": "58", "dist": "196"}, {"player": "phil gosselin", "game": "laa @ hou", "gameIdx": 0, "hr/park": "", "pa": "16", "dt": "", "img": "https://www.mlbstatic.com/team-logos/108.svg", "team": "laa", "start": "", "in": "3", "result": "Walk", "evo": "", "la": "", "dist": ""}, {"player": "taylor ward", "game": "laa @ hou", "gameIdx": 0, "hr/park": "", "pa": "15", "dt": "", "img": "https://www.mlbstatic.com/team-logos/108.svg", "team": "laa", "start": "", "in": "3", "result": "Single", "evo": "105.4", "la": "-14", "dist": "7"}, {"player": "myles straw", "game": "laa @ hou", "gameIdx": 0, "hr/park": "", "pa": "14", "dt": "", "img": "https://www.mlbstatic.com/team-logos/117.svg", "team": "hou", "start": "", "in": "2", "result": "Forceout", "evo": "98.0", "la": "-7", "dist": "19"}, {"player": "kyle tucker", "game": "laa @ hou", "gameIdx": 0, "hr/park": "", "pa": "13", "dt": "", "img": "https://www.mlbstatic.com/team-logos/117.svg", "team": "hou", "start": "", "in": "2", "result": "Walk", "evo": "", "la": "", "dist": ""}, {"player": "carlos correa", "game": "laa @ hou", "gameIdx": 0, "hr/park": "0/30", "pa": "12", "dt": "", "img": "https://www.mlbstatic.com/team-logos/117.svg", "team": "hou", "start": "", "in": "2", "result": "Flyout", "evo": "96.1", "la": "28", "dist": "366"}, {"player": "yuli gurriel", "game": "laa @ hou", "gameIdx": 0, "hr/park": "", "pa": "11", "dt": "", "img": "https://www.mlbstatic.com/team-logos/117.svg", "team": "hou", "start": "", "in": "2", "result": "Pop Out", "evo": "85.6", "la": "82", "dist": "7"}, {"player": "jose rojas", "game": "laa @ hou", "gameIdx": 0, "hr/park": "", "pa": "10", "dt": "", "img": "https://www.mlbstatic.com/team-logos/108.svg", "team": "laa", "start": "", "in": "2", "result": "GIDP", "evo": "96.3", "la": "-14", "dist": "9"}, {"player": "justin upton", "game": "laa @ hou", "gameIdx": 0, "hr/park": "", "pa": "9", "dt": "", "img": "https://www.mlbstatic.com/team-logos/108.svg", "team": "laa", "start": "", "in": "2", "result": "Strikeout", "evo": "", "la": "", "dist": ""}, {"player": "jared walsh", "game": "laa @ hou", "gameIdx": 0, "hr/park": "", "pa": "8", "dt": "", "img": "https://www.mlbstatic.com/team-logos/108.svg", "team": "laa", "start": "", "in": "2", "result": "Field Error", "evo": "101.4", "la": "-7", "dist": "21"}, {"player": "yordan alvarez", "game": "laa @ hou", "gameIdx": 0, "hr/park": "", "pa": "7", "dt": "", "img": "https://www.mlbstatic.com/team-logos/117.svg", "team": "hou", "start": "", "in": "1", "result": "Groundout", "evo": "96.2", "la": "-12", "dist": "10"}, {"player": "michael brantley", "game": "laa @ hou", "gameIdx": 0, "hr/park": "", "pa": "6", "dt": "", "img": "https://www.mlbstatic.com/team-logos/117.svg", "team": "hou", "start": "", "in": "1", "result": "Strikeout", "evo": "", "la": "", "dist": ""}, {"player": "aledmys diaz", "game": "laa @ hou", "gameIdx": 0, "hr/park": "", "pa": "5", "dt": "", "img": "https://www.mlbstatic.com/team-logos/117.svg", "team": "hou", "start": "", "in": "1", "result": "Strikeout", "evo": "", "la": "", "dist": ""}, {"player": "jose altuve", "game": "laa @ hou", "gameIdx": 0, "hr/park": "0/30", "pa": "4", "dt": "", "img": "https://www.mlbstatic.com/team-logos/117.svg", "team": "hou", "start": "", "in": "1", "result": "Single", "evo": "100.8", "la": "16", "dist": "314"}, {"player": "mike trout", "game": "laa @ hou", "gameIdx": 0, "hr/park": "", "pa": "3", "dt": "", "img": "https://www.mlbstatic.com/team-logos/108.svg", "team": "laa", "start": "", "in": "1", "result": "Strikeout", "evo": "", "la": "", "dist": ""}, {"player": "shohei ohtani", "game": "laa @ hou", "gameIdx": 0, "hr/park": "", "pa": "2", "dt": "", "img": "https://www.mlbstatic.com/team-logos/108.svg", "team": "laa", "start": "", "in": "1", "result": "Groundout", "evo": "76.6", "la": "-42", "dist": "3"}, {"player": "david fletcher", "game": "laa @ hou", "gameIdx": 0, "hr/park": "", "pa": "1", "dt": "", "img": "https://www.mlbstatic.com/team-logos/108.svg", "team": "laa", "start": "", "in": "1", "result": "Strikeout", "evo": "", "la": "", "dist": ""}], "min @ chw": [], "sd @ col": [], "mia @ ari": [], "sea @ lad": []}