{"all": {"pitchers": "10", "batters": "24", "pitches": "291", "max velomax pitch velocity": "101.8", "min velomin pitch velocity": "74.4", "ff%fourseam fastball %": "38.1", "si%sinker %": "16.8", "fc%cutter %": "8.2", "fs%splitter %": "0.0", "ch%changeup %": "10.3", "sl%slider %": "16.5", "cu%curve %": "10.0", "max evmax exit velocity": "112.0", "hhhard hit": "22", "hh%hard hit %": "42.3", "brlbarrels": "1", "brl%barrel %": "1.9", "ab": "65", "avg": ".231", "h": "15", "1b": "14", "2b": "0", "3b": "0", "hr": "1", "so": "18", "bipballs in play": "52", "liveGames": 0, "totGames": 15}, "chc @ wsh": [], "phi @ pit": [], "kc @ tor": [], "bal @ det": [], "cin @ nym": [], "bos @ tb": [], "nyy @ mia": [{"player": "magneuris sierra", "game": "nyy @ mia", "gameIdx": 0, "hr/park": "", "pa": "75", "dt": "", "img": "https://www.mlbstatic.com/team-logos/146.svg", "team": "mia", "start": "", "in": "9", "result": "Strikeout", "evo": "", "la": "", "dist": ""}, {"player": "joe panik", "game": "nyy @ mia", "gameIdx": 0, "hr/park": "", "pa": "74", "dt": "", "img": "https://www.mlbstatic.com/team-logos/146.svg", "team": "mia", "start": "", "in": "9", "result": "Hit By Pitch", "evo": "", "la": "", "dist": ""}, {"player": "lewis brinson", "game": "nyy @ mia", "gameIdx": 0, "hr/park": "", "pa": "73", "dt": "", "img": "https://www.mlbstatic.com/team-logos/146.svg", "team": "mia", "start": "", "in": "9", "result": "Groundout", "evo": "75.9", "la": "-9", "dist": "11"}, {"player": "bryan de la cruz", "game": "nyy @ mia", "gameIdx": 0, "hr/park": "", "pa": "72", "dt": "", "img": "https://www.mlbstatic.com/team-logos/146.svg", "team": "mia", "start": "", "in": "9", "result": "Flyout", "evo": "76.0", "la": "32", "dist": "249"}, {"player": "joey gallo", "game": "nyy @ mia", "gameIdx": 0, "hr/park": "", "pa": "71", "dt": "", "img": "https://www.mlbstatic.com/team-logos/147.svg", "team": "nyy", "start": "", "in": "9", "result": "Groundout", "evo": "100.6", "la": "-1", "dist": "47"}, {"player": "dj lemahieu", "game": "nyy @ mia", "gameIdx": 0, "hr/park": "", "pa": "70", "dt": "", "img": "https://www.mlbstatic.com/team-logos/147.svg", "team": "nyy", "start": "", "in": "9", "result": "Single", "evo": "100.9", "la": "-1", "dist": "32"}, {"player": "greg allen", "game": "nyy @ mia", "gameIdx": 0, "hr/park": "", "pa": "69", "dt": "", "img": "https://www.mlbstatic.com/team-logos/147.svg", "team": "nyy", "start": "", "in": "9", "result": "Bunt Groundout", "evo": "23.8", "la": "-50", "dist": "3"}, {"player": "tyler wade", "game": "nyy @ mia", "gameIdx": 0, "hr/park": "0/30", "pa": "68", "dt": "", "img": "https://www.mlbstatic.com/team-logos/147.svg", "team": "nyy", "start": "", "in": "9", "result": "Lineout", "evo": "92.9", "la": "23", "dist": "344"}, {"player": "jorge alfaro", "game": "nyy @ mia", "gameIdx": 0, "hr/park": "", "pa": "67", "dt": "", "img": "https://www.mlbstatic.com/team-logos/146.svg", "team": "mia", "start": "", "in": "8", "result": "Strikeout", "evo": "", "la": "", "dist": ""}, {"player": "brian anderson", "game": "nyy @ mia", "gameIdx": 0, "hr/park": "", "pa": "66", "dt": "", "img": "https://www.mlbstatic.com/team-logos/146.svg", "team": "mia", "start": "", "in": "8", "result": "GIDP", "evo": "46.8", "la": "23", "dist": "108"}, {"player": "jesus aguilar", "game": "nyy @ mia", "gameIdx": 0, "hr/park": "", "pa": "65", "dt": "", "img": "https://www.mlbstatic.com/team-logos/146.svg", "team": "mia", "start": "", "in": "8", "result": "Single", "evo": "67.6", "la": "44", "dist": "192"}, {"player": "jazz chisholm", "game": "nyy @ mia", "gameIdx": 0, "hr/park": "", "pa": "64", "dt": "", "img": "https://www.mlbstatic.com/team-logos/146.svg", "team": "mia", "start": "", "in": "8", "result": "Single", "evo": "101.1", "la": "-12", "dist": "9"}, {"player": "gary sanchez", "game": "nyy @ mia", "gameIdx": 0, "hr/park": "", "pa": "63", "dt": "", "img": "https://www.mlbstatic.com/team-logos/147.svg", "team": "nyy", "start": "", "in": "8", "result": "GIDP", "evo": "68.7", "la": "-12", "dist": "10"}, {"player": "rougned odor", "game": "nyy @ mia", "gameIdx": 0, "hr/park": "", "pa": "62", "dt": "", "img": "https://www.mlbstatic.com/team-logos/147.svg", "team": "nyy", "start": "", "in": "8", "result": "Single", "evo": "106.1", "la": "6", "dist": "138"}, {"player": "gio urshela", "game": "nyy @ mia", "gameIdx": 0, "hr/park": "", "pa": "61", "dt": "", "img": "https://www.mlbstatic.com/team-logos/147.svg", "team": "nyy", "start": "", "in": "8", "result": "Single", "evo": "105.4", "la": "11", "dist": "214"}, {"player": "anthony rizzo", "game": "nyy @ mia", "gameIdx": 0, "hr/park": "", "pa": "60", "dt": "", "img": "https://www.mlbstatic.com/team-logos/147.svg", "team": "nyy", "start": "", "in": "8", "result": "Single", "evo": "102.9", "la": "10", "dist": "213"}, {"player": "aaron judge", "game": "nyy @ mia", "gameIdx": 0, "hr/park": "", "pa": "59", "dt": "", "img": "https://www.mlbstatic.com/team-logos/147.svg", "team": "nyy", "start": "", "in": "8", "result": "Hit By Pitch", "evo": "", "la": "", "dist": ""}, {"player": "joey gallo", "game": "nyy @ mia", "gameIdx": 0, "hr/park": "", "pa": "58", "dt": "", "img": "https://www.mlbstatic.com/team-logos/147.svg", "team": "nyy", "start": "", "in": "8", "result": "Strikeout", "evo": "", "la": "", "dist": ""}, {"player": "miguel rojas", "game": "nyy @ mia", "gameIdx": 0, "hr/park": "", "pa": "57", "dt": "", "img": "https://www.mlbstatic.com/team-logos/146.svg", "team": "mia", "start": "", "in": "7", "result": "Strikeout", "evo": "", "la": "", "dist": ""}, {"player": "magneuris sierra", "game": "nyy @ mia", "gameIdx": 0, "hr/park": "", "pa": "56", "dt": "", "img": "https://www.mlbstatic.com/team-logos/146.svg", "team": "mia", "start": "", "in": "7", "result": "Single", "evo": "87.6", "la": "17", "dist": "272"}, {"player": "lewin diaz", "game": "nyy @ mia", "gameIdx": 0, "hr/park": "0/30", "pa": "55", "dt": "", "img": "https://www.mlbstatic.com/team-logos/146.svg", "team": "mia", "start": "", "in": "7", "result": "Flyout", "evo": "97.0", "la": "25", "dist": "346"}, {"player": "brian miller", "game": "nyy @ mia", "gameIdx": 0, "hr/park": "", "pa": "54", "dt": "", "img": "https://www.mlbstatic.com/team-logos/146.svg", "team": "mia", "start": "", "in": "7", "result": "Strikeout", "evo": "", "la": "", "dist": ""}, {"player": "gleyber torres", "game": "nyy @ mia", "gameIdx": 0, "hr/park": "", "pa": "53", "dt": "", "img": "https://www.mlbstatic.com/team-logos/147.svg", "team": "nyy", "start": "", "in": "7", "result": "Strikeout", "evo": "", "la": "", "dist": ""}, {"player": "greg allen", "game": "nyy @ mia", "gameIdx": 0, "hr/park": "", "pa": "52", "dt": "", "img": "https://www.mlbstatic.com/team-logos/147.svg", "team": "nyy", "start": "", "in": "7", "result": "Strikeout", "evo": "", "la": "", "dist": ""}, {"player": "tyler wade", "game": "nyy @ mia", "gameIdx": 0, "hr/park": "", "pa": "51", "dt": "", "img": "https://www.mlbstatic.com/team-logos/147.svg", "team": "nyy", "start": "", "in": "7", "result": "Walk", "evo": "", "la": "", "dist": ""}, {"player": "bryan de la cruz", "game": "nyy @ mia", "gameIdx": 0, "hr/park": "", "pa": "50", "dt": "", "img": "https://www.mlbstatic.com/team-logos/146.svg", "team": "mia", "start": "", "in": "6", "result": "Forceout", "evo": "81.2", "la": "-2", "dist": "35"}, {"player": "jorge alfaro", "game": "nyy @ mia", "gameIdx": 0, "hr/park": "", "pa": "49", "dt": "", "img": "https://www.mlbstatic.com/team-logos/146.svg", "team": "mia", "start": "", "in": "6", "result": "Field Error", "evo": "101.8", "la": "-6", "dist": "28"}, {"player": "brian anderson", "game": "nyy @ mia", "gameIdx": 0, "hr/park": "", "pa": "48", "dt": "", "img": "https://www.mlbstatic.com/team-logos/146.svg", "team": "mia", "start": "", "in": "6", "result": "Walk", "evo": "", "la": "", "dist": ""}, {"player": "jesus aguilar", "game": "nyy @ mia", "gameIdx": 0, "hr/park": "", "pa": "47", "dt": "", "img": "https://www.mlbstatic.com/team-logos/146.svg", "team": "mia", "start": "", "in": "6", "result": "Groundout", "evo": "97.8", "la": "-15", "dist": "8"}, {"player": "jazz chisholm", "game": "nyy @ mia", "gameIdx": 0, "hr/park": "", "pa": "46", "dt": "", "img": "https://www.mlbstatic.com/team-logos/146.svg", "team": "mia", "start": "", "in": "6", "result": "Groundout", "evo": "84.5", "la": "-20", "dist": "6"}, {"player": "gary sanchez", "game": "nyy @ mia", "gameIdx": 0, "hr/park": "", "pa": "45", "dt": "", "img": "https://www.mlbstatic.com/team-logos/147.svg", "team": "nyy", "start": "", "in": "6", "result": "Strikeout", "evo": "", "la": "", "dist": ""}, {"player": "rougned odor", "game": "nyy @ mia", "gameIdx": 0, "hr/park": "", "pa": "44", "dt": "", "img": "https://www.mlbstatic.com/team-logos/147.svg", "team": "nyy", "start": "", "in": "6", "result": "Hit By Pitch", "evo": "", "la": "", "dist": ""}, {"player": "giancarlo stanton", "game": "nyy @ mia", "gameIdx": 0, "hr/park": "", "pa": "43", "dt": "", "img": "https://www.mlbstatic.com/team-logos/147.svg", "team": "nyy", "start": "", "in": "6", "result": "Groundout", "evo": "99.2", "la": "-22", "dist": "6"}, {"player": "anthony rizzo", "game": "nyy @ mia", "gameIdx": 0, "hr/park": "30/30", "pa": "42", "dt": "", "img": "https://www.mlbstatic.com/team-logos/147.svg", "team": "nyy", "start": "", "in": "6", "result": "Home Run", "evo": "112.0", "la": "26", "dist": "449"}, {"player": "aaron judge", "game": "nyy @ mia", "gameIdx": 0, "hr/park": "", "pa": "41", "dt": "", "img": "https://www.mlbstatic.com/team-logos/147.svg", "team": "nyy", "start": "", "in": "6", "result": "Strikeout", "evo": "", "la": "", "dist": ""}, {"player": "miguel rojas", "game": "nyy @ mia", "gameIdx": 0, "hr/park": "", "pa": "40", "dt": "", "img": "https://www.mlbstatic.com/team-logos/146.svg", "team": "mia", "start": "", "in": "5", "result": "Groundout", "evo": "105.6", "la": "-3", "dist": "24"}, {"player": "magneuris sierra", "game": "nyy @ mia", "gameIdx": 0, "hr/park": "0/30", "pa": "39", "dt": "", "img": "https://www.mlbstatic.com/team-logos/146.svg", "team": "mia", "start": "", "in": "5", "result": "Lineout", "evo": "95.5", "la": "17", "dist": "302"}, {"player": "zach thompson", "game": "nyy @ mia", "gameIdx": 0, "hr/park": "", "pa": "38", "dt": "", "img": "https://www.mlbstatic.com/team-logos/146.svg", "team": "mia", "start": "", "in": "5", "result": "Strikeout", "evo": "", "la": "", "dist": ""}, {"player": "brian miller", "game": "nyy @ mia", "gameIdx": 0, "hr/park": "", "pa": "37", "dt": "", "img": "https://www.mlbstatic.com/team-logos/146.svg", "team": "mia", "start": "", "in": "5", "result": "Single", "evo": "103.8", "la": "6", "dist": "120"}, {"player": "joey gallo", "game": "nyy @ mia", "gameIdx": 0, "hr/park": "0/30", "pa": "36", "dt": "", "img": "https://www.mlbstatic.com/team-logos/147.svg", "team": "nyy", "start": "", "in": "5", "result": "Flyout", "evo": "97.0", "la": "31", "dist": "374"}, {"player": "gleyber torres", "game": "nyy @ mia", "gameIdx": 0, "hr/park": "", "pa": "35", "dt": "", "img": "https://www.mlbstatic.com/team-logos/147.svg", "team": "nyy", "start": "", "in": "5", "result": "GIDP", "evo": "73.8", "la": "-7", "dist": "14"}, {"player": "jameson taillon", "game": "nyy @ mia", "gameIdx": 0, "hr/park": "", "pa": "34", "dt": "", "img": "https://www.mlbstatic.com/team-logos/147.svg", "team": "nyy", "start": "", "in": "5", "result": "Walk", "evo": "", "la": "", "dist": ""}, {"player": "bryan de la cruz", "game": "nyy @ mia", "gameIdx": 0, "hr/park": "", "pa": "33", "dt": "", "img": "https://www.mlbstatic.com/team-logos/146.svg", "team": "mia", "start": "", "in": "4", "result": "Strikeout", "evo": "", "la": "", "dist": ""}, {"player": "jorge alfaro", "game": "nyy @ mia", "gameIdx": 0, "hr/park": "", "pa": "32", "dt": "", "img": "https://www.mlbstatic.com/team-logos/146.svg", "team": "mia", "start": "", "in": "4", "result": "Strikeout", "evo": "", "la": "", "dist": ""}, {"player": "brian anderson", "game": "nyy @ mia", "gameIdx": 0, "hr/park": "", "pa": "31", "dt": "", "img": "https://www.mlbstatic.com/team-logos/146.svg", "team": "mia", "start": "", "in": "4", "result": "Single", "evo": "97.0", "la": "2", "dist": "56"}, {"player": "jesus aguilar", "game": "nyy @ mia", "gameIdx": 0, "hr/park": "", "pa": "30", "dt": "", "img": "https://www.mlbstatic.com/team-logos/146.svg", "team": "mia", "start": "", "in": "4", "result": "Strikeout", "evo": "", "la": "", "dist": ""}, {"player": "tyler wade", "game": "nyy @ mia", "gameIdx": 0, "hr/park": "", "pa": "29", "dt": "", "img": "https://www.mlbstatic.com/team-logos/147.svg", "team": "nyy", "start": "", "in": "4", "result": "Bunt Groundout", "evo": "46.9", "la": "-51", "dist": "2"}, {"player": "gary sanchez", "game": "nyy @ mia", "gameIdx": 0, "hr/park": "0/30", "pa": "28", "dt": "", "img": "https://www.mlbstatic.com/team-logos/147.svg", "team": "nyy", "start": "", "in": "4", "result": "Flyout", "evo": "100.9", "la": "23", "dist": "365"}, {"player": "rougned odor", "game": "nyy @ mia", "gameIdx": 0, "hr/park": "", "pa": "27", "dt": "", "img": "https://www.mlbstatic.com/team-logos/147.svg", "team": "nyy", "start": "", "in": "4", "result": "Walk", "evo": "", "la": "", "dist": ""}, {"player": "giancarlo stanton", "game": "nyy @ mia", "gameIdx": 0, "hr/park": "", "pa": "26", "dt": "", "img": "https://www.mlbstatic.com/team-logos/147.svg", "team": "nyy", "start": "", "in": "4", "result": "Groundout", "evo": "71.6", "la": "-41", "dist": "4"}, {"player": "jazz chisholm", "game": "nyy @ mia", "gameIdx": 0, "hr/park": "", "pa": "25", "dt": "", "img": "https://www.mlbstatic.com/team-logos/146.svg", "team": "mia", "start": "", "in": "3", "result": "Flyout", "evo": "78.7", "la": "50", "dist": "226"}, {"player": "miguel rojas", "game": "nyy @ mia", "gameIdx": 0, "hr/park": "", "pa": "24", "dt": "", "img": "https://www.mlbstatic.com/team-logos/146.svg", "team": "mia", "start": "", "in": "3", "result": "Single", "evo": "79.9", "la": "17", "dist": "230"}, {"player": "magneuris sierra", "game": "nyy @ mia", "gameIdx": 0, "hr/park": "", "pa": "23", "dt": "", "img": "https://www.mlbstatic.com/team-logos/146.svg", "team": "mia", "start": "", "in": "3", "result": "Walk", "evo": "", "la": "", "dist": ""}, {"player": "zach thompson", "game": "nyy @ mia", "gameIdx": 0, "hr/park": "0/30", "pa": "22", "dt": "", "img": "https://www.mlbstatic.com/team-logos/146.svg", "team": "mia", "start": "", "in": "3", "result": "Flyout", "evo": "94.3", "la": "39", "dist": "333"}, {"player": "brian miller", "game": "nyy @ mia", "gameIdx": 0, "hr/park": "", "pa": "21", "dt": "", "img": "https://www.mlbstatic.com/team-logos/146.svg", "team": "mia", "start": "", "in": "3", "result": "Flyout", "evo": "81.7", "la": "39", "dist": "266"}, {"player": "anthony rizzo", "game": "nyy @ mia", "gameIdx": 0, "hr/park": "", "pa": "20", "dt": "", "img": "https://www.mlbstatic.com/team-logos/147.svg", "team": "nyy", "start": "", "in": "3", "result": "Groundout", "evo": "94.6", "la": "-2", "dist": "38"}, {"player": "aaron judge", "game": "nyy @ mia", "gameIdx": 0, "hr/park": "", "pa": "19", "dt": "", "img": "https://www.mlbstatic.com/team-logos/147.svg", "team": "nyy", "start": "", "in": "3", "result": "Groundout", "evo": "69.1", "la": "-31", "dist": "6"}, {"player": "joey gallo", "game": "nyy @ mia", "gameIdx": 0, "hr/park": "", "pa": "18", "dt": "", "img": "https://www.mlbstatic.com/team-logos/147.svg", "team": "nyy", "start": "", "in": "3", "result": "Walk", "evo": "", "la": "", "dist": ""}, {"player": "gleyber torres", "game": "nyy @ mia", "gameIdx": 0, "hr/park": "", "pa": "17", "dt": "", "img": "https://www.mlbstatic.com/team-logos/147.svg", "team": "nyy", "start": "", "in": "3", "result": "Pop Out", "evo": "91.8", "la": "63", "dist": "171"}, {"player": "bryan de la cruz", "game": "nyy @ mia", "gameIdx": 0, "hr/park": "", "pa": "16", "dt": "", "img": "https://www.mlbstatic.com/team-logos/146.svg", "team": "mia", "start": "", "in": "2", "result": "Flyout", "evo": "95.9", "la": "49", "dist": "278"}, {"player": "jorge alfaro", "game": "nyy @ mia", "gameIdx": 0, "hr/park": "", "pa": "15", "dt": "", "img": "https://www.mlbstatic.com/team-logos/146.svg", "team": "mia", "start": "", "in": "2", "result": "Strikeout", "evo": "", "la": "", "dist": ""}, {"player": "brian anderson", "game": "nyy @ mia", "gameIdx": 0, "hr/park": "0/30", "pa": "14", "dt": "", "img": "https://www.mlbstatic.com/team-logos/146.svg", "team": "mia", "start": "", "in": "2", "result": "Flyout", "evo": "95.4", "la": "28", "dist": "380"}, {"player": "jameson taillon", "game": "nyy @ mia", "gameIdx": 0, "hr/park": "", "pa": "13", "dt": "", "img": "https://www.mlbstatic.com/team-logos/147.svg", "team": "nyy", "start": "", "in": "2", "result": "Groundout", "evo": "75.9", "la": "-12", "dist": "11"}, {"player": "tyler wade", "game": "nyy @ mia", "gameIdx": 0, "hr/park": "", "pa": "12", "dt": "", "img": "https://www.mlbstatic.com/team-logos/147.svg", "team": "nyy", "start": "", "in": "2", "result": "Single", "evo": "78.9", "la": "6", "dist": "92"}, {"player": "gary sanchez", "game": "nyy @ mia", "gameIdx": 0, "hr/park": "", "pa": "11", "dt": "", "img": "https://www.mlbstatic.com/team-logos/147.svg", "team": "nyy", "start": "", "in": "2", "result": "Strikeout", "evo": "", "la": "", "dist": ""}, {"player": "rougned odor", "game": "nyy @ mia", "gameIdx": 0, "hr/park": "", "pa": "10", "dt": "", "img": "https://www.mlbstatic.com/team-logos/147.svg", "team": "nyy", "start": "", "in": "2", "result": "Groundout", "evo": "101.7", "la": "1", "dist": "52"}, {"player": "jesus aguilar", "game": "nyy @ mia", "gameIdx": 0, "hr/park": "0/30", "pa": "9", "dt": "", "img": "https://www.mlbstatic.com/team-logos/146.svg", "team": "mia", "start": "", "in": "1", "result": "Flyout", "evo": "85.8", "la": "33", "dist": "323"}, {"player": "jazz chisholm", "game": "nyy @ mia", "gameIdx": 0, "hr/park": "", "pa": "8", "dt": "", "img": "https://www.mlbstatic.com/team-logos/146.svg", "team": "mia", "start": "", "in": "1", "result": "Single", "evo": "61.9", "la": "-11", "dist": "12"}, {"player": "miguel rojas", "game": "nyy @ mia", "gameIdx": 0, "hr/park": "", "pa": "7", "dt": "", "img": "https://www.mlbstatic.com/team-logos/146.svg", "team": "mia", "start": "", "in": "1", "result": "GIDP", "evo": "102.7", "la": "-5", "dist": "21"}, {"player": "magneuris sierra", "game": "nyy @ mia", "gameIdx": 0, "hr/park": "", "pa": "6", "dt": "", "img": "https://www.mlbstatic.com/team-logos/146.svg", "team": "mia", "start": "", "in": "1", "result": "Single", "evo": "98.7", "la": "11", "dist": "237"}, {"player": "giancarlo stanton", "game": "nyy @ mia", "gameIdx": 0, "hr/park": "", "pa": "5", "dt": "", "img": "https://www.mlbstatic.com/team-logos/147.svg", "team": "nyy", "start": "", "in": "1", "result": "Strikeout", "evo": "", "la": "", "dist": ""}, {"player": "anthony rizzo", "game": "nyy @ mia", "gameIdx": 0, "hr/park": "", "pa": "4", "dt": "", "img": "https://www.mlbstatic.com/team-logos/147.svg", "team": "nyy", "start": "", "in": "1", "result": "Walk", "evo": "", "la": "", "dist": ""}, {"player": "aaron judge", "game": "nyy @ mia", "gameIdx": 0, "hr/park": "", "pa": "3", "dt": "", "img": "https://www.mlbstatic.com/team-logos/147.svg", "team": "nyy", "start": "", "in": "1", "result": "Single", "evo": "68.0", "la": "41", "dist": "215"}, {"player": "joey gallo", "game": "nyy @ mia", "gameIdx": 0, "hr/park": "", "pa": "2", "dt": "", "img": "https://www.mlbstatic.com/team-logos/147.svg", "team": "nyy", "start": "", "in": "1", "result": "Strikeout", "evo": "", "la": "", "dist": ""}, {"player": "gleyber torres", "game": "nyy @ mia", "gameIdx": 0, "hr/park": "", "pa": "1", "dt": "", "img": "https://www.mlbstatic.com/team-logos/147.svg", "team": "nyy", "start": "", "in": "1", "result": "Strikeout", "evo": "", "la": "", "dist": ""}], "mil @ atl": [], "sea @ tex": [], "cle @ chw": [], "min @ stl": [], "ath @ laa": [], "lad @ ari": [], "hou @ sf": [], "col @ sd": []}