{"all": {"pitchers": "17", "batters": "42", "pitches": "743", "max velomax pitch velocity": "100.7", "min velomin pitch velocity": "73.6", "ff%fourseam fastball %": "38.5", "si%sinker %": "20.1", "fc%cutter %": "1.9", "fs%splitter %": "3.8", "ch%changeup %": "12.5", "sl%slider %": "21.4", "cu%curve %": "1.9", "max evmax exit velocity": "114.8", "hhhard hit": "52", "hh%hard hit %": "39.1", "brlbarrels": "17", "brl%barrel %": "12.8", "ab": "153", "avg": ".333", "h": "51", "1b": "27", "2b": "14", "3b": "1", "hr": "9", "so": "29", "bipballs in play": "133", "liveGames": 0, "totGames": 16}, "stl @ cle": [], "det @ min": [{"player": "willians astudillo", "game": "det @ min", "gameIdx": 0, "hr/park": "", "pa": "102", "dt": "", "img": "https://www.mlbstatic.com/team-logos/142.svg", "team": "min", "start": "", "in": "9", "result": "Groundout", "evo": "45.1", "la": "22", "dist": "72"}, {"player": "trevor larnach", "game": "det @ min", "gameIdx": 0, "hr/park": "", "pa": "101", "dt": "", "img": "https://www.mlbstatic.com/team-logos/142.svg", "team": "min", "start": "", "in": "9", "result": "Strikeout", "evo": "", "la": "", "dist": ""}, {"player": "miguel sano", "game": "det @ min", "gameIdx": 0, "hr/park": "", "pa": "100", "dt": "", "img": "https://www.mlbstatic.com/team-logos/142.svg", "team": "min", "start": "", "in": "9", "result": "Strikeout", "evo": "", "la": "", "dist": ""}, {"player": "jorge polanco", "game": "det @ min", "gameIdx": 0, "hr/park": "30/30", "pa": "99", "dt": "", "img": "https://www.mlbstatic.com/team-logos/142.svg", "team": "min", "start": "", "in": "9", "result": "Home Run", "evo": "103.6", "la": "38", "dist": "399"}, {"player": "brent rooker", "game": "det @ min", "gameIdx": 0, "hr/park": "", "pa": "98", "dt": "", "img": "https://www.mlbstatic.com/team-logos/142.svg", "team": "min", "start": "", "in": "9", "result": "Walk", "evo": "", "la": "", "dist": ""}, {"player": "zack short", "game": "det @ min", "gameIdx": 0, "hr/park": "0/30", "pa": "97", "dt": "", "img": "https://www.mlbstatic.com/team-logos/116.svg", "team": "det", "start": "", "in": "9", "result": "Flyout", "evo": "92.4", "la": "28", "dist": "342"}, {"player": "jeimer candelario", "game": "det @ min", "gameIdx": 0, "hr/park": "", "pa": "96", "dt": "", "img": "https://www.mlbstatic.com/team-logos/116.svg", "team": "det", "start": "", "in": "9", "result": "Double", "evo": "76.0", "la": "32", "dist": "258"}, {"player": "eric haase", "game": "det @ min", "gameIdx": 0, "hr/park": "", "pa": "95", "dt": "", "img": "https://www.mlbstatic.com/team-logos/116.svg", "team": "det", "start": "", "in": "9", "result": "Double", "evo": "108.6", "la": "6", "dist": "130"}, {"player": "robbie grossman", "game": "det @ min", "gameIdx": 0, "hr/park": "", "pa": "94", "dt": "", "img": "https://www.mlbstatic.com/team-logos/116.svg", "team": "det", "start": "", "in": "9", "result": "Walk", "evo": "", "la": "", "dist": ""}, {"player": "derek hill", "game": "det @ min", "gameIdx": 0, "hr/park": "", "pa": "93", "dt": "", "img": "https://www.mlbstatic.com/team-logos/116.svg", "team": "det", "start": "", "in": "9", "result": "Single", "evo": "106.6", "la": "9", "dist": "168"}, {"player": "akil baddoo", "game": "det @ min", "gameIdx": 0, "hr/park": "", "pa": "92", "dt": "", "img": "https://www.mlbstatic.com/team-logos/116.svg", "team": "det", "start": "", "in": "9", "result": "Strikeout", "evo": "", "la": "", "dist": ""}, {"player": "grayson greiner", "game": "det @ min", "gameIdx": 0, "hr/park": "", "pa": "91", "dt": "", "img": "https://www.mlbstatic.com/team-logos/116.svg", "team": "det", "start": "", "in": "9", "result": "Walk", "evo": "", "la": "", "dist": ""}, {"player": "harold castro", "game": "det @ min", "gameIdx": 0, "hr/park": "", "pa": "90", "dt": "", "img": "https://www.mlbstatic.com/team-logos/116.svg", "team": "det", "start": "", "in": "9", "result": "Strikeout", "evo": "", "la": "", "dist": ""}, {"player": "max kepler", "game": "det @ min", "gameIdx": 0, "hr/park": "", "pa": "89", "dt": "", "img": "https://www.mlbstatic.com/team-logos/142.svg", "team": "min", "start": "", "in": "8", "result": "Strikeout", "evo": "", "la": "", "dist": ""}, {"player": "josh donaldson", "game": "det @ min", "gameIdx": 0, "hr/park": "", "pa": "88", "dt": "", "img": "https://www.mlbstatic.com/team-logos/142.svg", "team": "min", "start": "", "in": "8", "result": "Walk", "evo": "", "la": "", "dist": ""}, {"player": "ryan jeffers", "game": "det @ min", "gameIdx": 0, "hr/park": "27/30", "pa": "87", "dt": "", "img": "https://www.mlbstatic.com/team-logos/142.svg", "team": "min", "start": "", "in": "8", "result": "Home Run", "evo": "100.2", "la": "28", "dist": "396"}, {"player": "nick gordon", "game": "det @ min", "gameIdx": 0, "hr/park": "", "pa": "86", "dt": "", "img": "https://www.mlbstatic.com/team-logos/142.svg", "team": "min", "start": "", "in": "8", "result": "Strikeout", "evo": "", "la": "", "dist": ""}, {"player": "willians astudillo", "game": "det @ min", "gameIdx": 0, "hr/park": "1/30", "pa": "85", "dt": "", "img": "https://www.mlbstatic.com/team-logos/142.svg", "team": "min", "start": "", "in": "8", "result": "Double", "evo": "100.5", "la": "20", "dist": "375"}, {"player": "trevor larnach", "game": "det @ min", "gameIdx": 0, "hr/park": "", "pa": "84", "dt": "", "img": "https://www.mlbstatic.com/team-logos/142.svg", "team": "min", "start": "", "in": "8", "result": "Flyout", "evo": "85.0", "la": "43", "dist": "279"}, {"player": "miguel sano", "game": "det @ min", "gameIdx": 0, "hr/park": "30/30", "pa": "83", "dt": "", "img": "https://www.mlbstatic.com/team-logos/142.svg", "team": "min", "start": "", "in": "8", "result": "Home Run", "evo": "114.8", "la": "30", "dist": "473"}, {"player": "jorge polanco", "game": "det @ min", "gameIdx": 0, "hr/park": "", "pa": "82", "dt": "", "img": "https://www.mlbstatic.com/team-logos/142.svg", "team": "min", "start": "", "in": "8", "result": "Walk", "evo": "", "la": "", "dist": ""}, {"player": "brent rooker", "game": "det @ min", "gameIdx": 0, "hr/park": "30/30", "pa": "81", "dt": "", "img": "https://www.mlbstatic.com/team-logos/142.svg", "team": "min", "start": "", "in": "8", "result": "Home Run", "evo": "110.1", "la": "23", "dist": "436"}, {"player": "max kepler", "game": "det @ min", "gameIdx": 0, "hr/park": "30/30", "pa": "80", "dt": "", "img": "https://www.mlbstatic.com/team-logos/142.svg", "team": "min", "start": "", "in": "8", "result": "Home Run", "evo": "106.9", "la": "36", "dist": "409"}, {"player": "willi castro", "game": "det @ min", "gameIdx": 0, "hr/park": "", "pa": "79", "dt": "", "img": "https://www.mlbstatic.com/team-logos/116.svg", "team": "det", "start": "", "in": "8", "result": "Groundout", "evo": "", "la": "", "dist": ""}, {"player": "zack short", "game": "det @ min", "gameIdx": 0, "hr/park": "", "pa": "78", "dt": "", "img": "https://www.mlbstatic.com/team-logos/116.svg", "team": "det", "start": "", "in": "8", "result": "Strikeout", "evo": "", "la": "", "dist": ""}, {"player": "jeimer candelario", "game": "det @ min", "gameIdx": 0, "hr/park": "", "pa": "77", "dt": "", "img": "https://www.mlbstatic.com/team-logos/116.svg", "team": "det", "start": "", "in": "8", "result": "Groundout", "evo": "100.8", "la": "-2", "dist": "30"}, {"player": "andrelton simmons", "game": "det @ min", "gameIdx": 0, "hr/park": "", "pa": "76", "dt": "", "img": "https://www.mlbstatic.com/team-logos/142.svg", "team": "min", "start": "", "in": "7", "result": "Groundout", "evo": "76.4", "la": "2", "dist": "51"}, {"player": "ryan jeffers", "game": "det @ min", "gameIdx": 0, "hr/park": "", "pa": "75", "dt": "", "img": "https://www.mlbstatic.com/team-logos/142.svg", "team": "min", "start": "", "in": "7", "result": "Strikeout", "evo": "", "la": "", "dist": ""}, {"player": "nick gordon", "game": "det @ min", "gameIdx": 0, "hr/park": "", "pa": "74", "dt": "", "img": "https://www.mlbstatic.com/team-logos/142.svg", "team": "min", "start": "", "in": "7", "result": "Groundout", "evo": "95.0", "la": "5", "dist": "88"}, {"player": "eric haase", "game": "det @ min", "gameIdx": 0, "hr/park": "", "pa": "73", "dt": "", "img": "https://www.mlbstatic.com/team-logos/116.svg", "team": "det", "start": "", "in": "7", "result": "Groundout", "evo": "88.6", "la": "1", "dist": "45"}, {"player": "robbie grossman", "game": "det @ min", "gameIdx": 0, "hr/park": "", "pa": "72", "dt": "", "img": "https://www.mlbstatic.com/team-logos/116.svg", "team": "det", "start": "", "in": "7", "result": "Flyout", "evo": "90.9", "la": "47", "dist": "296"}, {"player": "derek hill", "game": "det @ min", "gameIdx": 0, "hr/park": "0/30", "pa": "71", "dt": "", "img": "https://www.mlbstatic.com/team-logos/116.svg", "team": "det", "start": "", "in": "7", "result": "Flyout", "evo": "90.6", "la": "38", "dist": "309"}, {"player": "willians astudillo", "game": "det @ min", "gameIdx": 0, "hr/park": "", "pa": "70", "dt": "", "img": "https://www.mlbstatic.com/team-logos/142.svg", "team": "min", "start": "", "in": "6", "result": "Pop Out", "evo": "79.4", "la": "75", "dist": "58"}, {"player": "trevor larnach", "game": "det @ min", "gameIdx": 0, "hr/park": "", "pa": "69", "dt": "", "img": "https://www.mlbstatic.com/team-logos/142.svg", "team": "min", "start": "", "in": "6", "result": "Flyout", "evo": "97.7", "la": "59", "dist": "201"}, {"player": "miguel sano", "game": "det @ min", "gameIdx": 0, "hr/park": "", "pa": "68", "dt": "", "img": "https://www.mlbstatic.com/team-logos/142.svg", "team": "min", "start": "", "in": "6", "result": "Flyout", "evo": "94.5", "la": "47", "dist": "281"}, {"player": "akil baddoo", "game": "det @ min", "gameIdx": 0, "hr/park": "", "pa": "67", "dt": "", "img": "https://www.mlbstatic.com/team-logos/116.svg", "team": "det", "start": "", "in": "6", "result": "Groundout", "evo": "74.9", "la": "-2", "dist": "26"}, {"player": "grayson greiner", "game": "det @ min", "gameIdx": 0, "hr/park": "18/30", "pa": "66", "dt": "", "img": "https://www.mlbstatic.com/team-logos/116.svg", "team": "det", "start": "", "in": "6", "result": "Double", "evo": "103.7", "la": "25", "dist": "400"}, {"player": "harold castro", "game": "det @ min", "gameIdx": 0, "hr/park": "", "pa": "65", "dt": "", "img": "https://www.mlbstatic.com/team-logos/116.svg", "team": "det", "start": "", "in": "6", "result": "Flyout", "evo": "74.9", "la": "43", "dist": "263"}, {"player": "willi castro", "game": "det @ min", "gameIdx": 0, "hr/park": "", "pa": "64", "dt": "", "img": "https://www.mlbstatic.com/team-logos/116.svg", "team": "det", "start": "", "in": "6", "result": "Sac Fly", "evo": "97.7", "la": "52", "dist": "289"}, {"player": "zack short", "game": "det @ min", "gameIdx": 0, "hr/park": "", "pa": "63", "dt": "", "img": "https://www.mlbstatic.com/team-logos/116.svg", "team": "det", "start": "", "in": "6", "result": "Double", "evo": "77.0", "la": "10", "dist": "110"}, {"player": "jeimer candelario", "game": "det @ min", "gameIdx": 0, "hr/park": "", "pa": "62", "dt": "", "img": "https://www.mlbstatic.com/team-logos/116.svg", "team": "det", "start": "", "in": "6", "result": "Walk", "evo": "", "la": "", "dist": ""}, {"player": "eric haase", "game": "det @ min", "gameIdx": 0, "hr/park": "", "pa": "61", "dt": "", "img": "https://www.mlbstatic.com/team-logos/116.svg", "team": "det", "start": "", "in": "6", "result": "Walk", "evo": "", "la": "", "dist": ""}, {"player": "jorge polanco", "game": "det @ min", "gameIdx": 0, "hr/park": "", "pa": "60", "dt": "", "img": "https://www.mlbstatic.com/team-logos/142.svg", "team": "min", "start": "", "in": "5", "result": "Strikeout", "evo": "", "la": "", "dist": ""}, {"player": "brent rooker", "game": "det @ min", "gameIdx": 0, "hr/park": "", "pa": "59", "dt": "", "img": "https://www.mlbstatic.com/team-logos/142.svg", "team": "min", "start": "", "in": "5", "result": "Walk", "evo": "", "la": "", "dist": ""}, {"player": "max kepler", "game": "det @ min", "gameIdx": 0, "hr/park": "", "pa": "58", "dt": "", "img": "https://www.mlbstatic.com/team-logos/142.svg", "team": "min", "start": "", "in": "5", "result": "Pop Out", "evo": "82.1", "la": "67", "dist": "142"}, {"player": "andrelton simmons", "game": "det @ min", "gameIdx": 0, "hr/park": "", "pa": "57", "dt": "", "img": "https://www.mlbstatic.com/team-logos/142.svg", "team": "min", "start": "", "in": "5", "result": "Forceout", "evo": "60.3", "la": "16", "dist": "140"}, {"player": "ryan jeffers", "game": "det @ min", "gameIdx": 0, "hr/park": "", "pa": "56", "dt": "", "img": "https://www.mlbstatic.com/team-logos/142.svg", "team": "min", "start": "", "in": "5", "result": "Walk", "evo": "", "la": "", "dist": ""}, {"player": "nick gordon", "game": "det @ min", "gameIdx": 0, "hr/park": "", "pa": "55", "dt": "", "img": "https://www.mlbstatic.com/team-logos/142.svg", "team": "min", "start": "", "in": "5", "result": "Single", "evo": "82.3", "la": "-42", "dist": "2"}, {"player": "robbie grossman", "game": "det @ min", "gameIdx": 0, "hr/park": "0/30", "pa": "54", "dt": "", "img": "https://www.mlbstatic.com/team-logos/116.svg", "team": "det", "start": "", "in": "5", "result": "Flyout", "evo": "87.9", "la": "36", "dist": "334"}, {"player": "derek hill", "game": "det @ min", "gameIdx": 0, "hr/park": "", "pa": "53", "dt": "", "img": "https://www.mlbstatic.com/team-logos/116.svg", "team": "det", "start": "", "in": "5", "result": "Strikeout", "evo": "", "la": "", "dist": ""}, {"player": "akil baddoo", "game": "det @ min", "gameIdx": 0, "hr/park": "", "pa": "52", "dt": "", "img": "https://www.mlbstatic.com/team-logos/116.svg", "team": "det", "start": "", "in": "5", "result": "Walk", "evo": "", "la": "", "dist": ""}, {"player": "willians astudillo", "game": "det @ min", "gameIdx": 0, "hr/park": "", "pa": "51", "dt": "", "img": "https://www.mlbstatic.com/team-logos/142.svg", "team": "min", "start": "", "in": "4", "result": "Forceout", "evo": "90.9", "la": "-33", "dist": "2"}, {"player": "trevor larnach", "game": "det @ min", "gameIdx": 0, "hr/park": "", "pa": "50", "dt": "", "img": "https://www.mlbstatic.com/team-logos/142.svg", "team": "min", "start": "", "in": "4", "result": "Strikeout", "evo": "", "la": "", "dist": ""}, {"player": "miguel sano", "game": "det @ min", "gameIdx": 0, "hr/park": "", "pa": "49", "dt": "", "img": "https://www.mlbstatic.com/team-logos/142.svg", "team": "min", "start": "", "in": "4", "result": "Single", "evo": "89.8", "la": "8", "dist": "112"}, {"player": "jorge polanco", "game": "det @ min", "gameIdx": 0, "hr/park": "", "pa": "48", "dt": "", "img": "https://www.mlbstatic.com/team-logos/142.svg", "team": "min", "start": "", "in": "4", "result": "Single", "evo": "98.7", "la": "-4", "dist": "26"}, {"player": "brent rooker", "game": "det @ min", "gameIdx": 0, "hr/park": "", "pa": "47", "dt": "", "img": "https://www.mlbstatic.com/team-logos/142.svg", "team": "min", "start": "", "in": "4", "result": "Single", "evo": "106.9", "la": "5", "dist": "104"}, {"player": "max kepler", "game": "det @ min", "gameIdx": 0, "hr/park": "", "pa": "46", "dt": "", "img": "https://www.mlbstatic.com/team-logos/142.svg", "team": "min", "start": "", "in": "4", "result": "Hit By Pitch", "evo": "", "la": "", "dist": ""}, {"player": "andrelton simmons", "game": "det @ min", "gameIdx": 0, "hr/park": "0/30", "pa": "45", "dt": "", "img": "https://www.mlbstatic.com/team-logos/142.svg", "team": "min", "start": "", "in": "4", "result": "Lineout", "evo": "92.1", "la": "25", "dist": "333"}, {"player": "ryan jeffers", "game": "det @ min", "gameIdx": 0, "hr/park": "26/30", "pa": "44", "dt": "", "img": "https://www.mlbstatic.com/team-logos/142.svg", "team": "min", "start": "", "in": "4", "result": "Home Run", "evo": "101.9", "la": "29", "dist": "418"}, {"player": "nick gordon", "game": "det @ min", "gameIdx": 0, "hr/park": "", "pa": "43", "dt": "", "img": "https://www.mlbstatic.com/team-logos/142.svg", "team": "min", "start": "", "in": "4", "result": "Single", "evo": "94.3", "la": "8", "dist": "154"}, {"player": "willians astudillo", "game": "det @ min", "gameIdx": 0, "hr/park": "", "pa": "42", "dt": "", "img": "https://www.mlbstatic.com/team-logos/142.svg", "team": "min", "start": "", "in": "4", "result": "Single", "evo": "75.3", "la": "28", "dist": "249"}, {"player": "trevor larnach", "game": "det @ min", "gameIdx": 0, "hr/park": "13/30", "pa": "41", "dt": "", "img": "https://www.mlbstatic.com/team-logos/142.svg", "team": "min", "start": "", "in": "4", "result": "Single", "evo": "110.5", "la": "22", "dist": "363"}, {"player": "miguel sano", "game": "det @ min", "gameIdx": 0, "hr/park": "27/30", "pa": "40", "dt": "", "img": "https://www.mlbstatic.com/team-logos/142.svg", "team": "min", "start": "", "in": "4", "result": "Home Run", "evo": "111.0", "la": "22", "dist": "429"}, {"player": "grayson greiner", "game": "det @ min", "gameIdx": 0, "hr/park": "", "pa": "39", "dt": "", "img": "https://www.mlbstatic.com/team-logos/116.svg", "team": "det", "start": "", "in": "4", "result": "Groundout", "evo": "85.4", "la": "-6", "dist": "24"}, {"player": "harold castro", "game": "det @ min", "gameIdx": 0, "hr/park": "0/30", "pa": "38", "dt": "", "img": "https://www.mlbstatic.com/team-logos/116.svg", "team": "det", "start": "", "in": "4", "result": "Sac Fly", "evo": "93.2", "la": "41", "dist": "341"}, {"player": "willi castro", "game": "det @ min", "gameIdx": 0, "hr/park": "0/30", "pa": "37", "dt": "", "img": "https://www.mlbstatic.com/team-logos/116.svg", "team": "det", "start": "", "in": "4", "result": "Triple", "evo": "98.1", "la": "24", "dist": "380"}, {"player": "zack short", "game": "det @ min", "gameIdx": 0, "hr/park": "0/30", "pa": "36", "dt": "", "img": "https://www.mlbstatic.com/team-logos/116.svg", "team": "det", "start": "", "in": "4", "result": "Sac Fly", "evo": "90.8", "la": "31", "dist": "345"}, {"player": "jeimer candelario", "game": "det @ min", "gameIdx": 0, "hr/park": "0/30", "pa": "35", "dt": "", "img": "https://www.mlbstatic.com/team-logos/116.svg", "team": "det", "start": "", "in": "4", "result": "Double", "evo": "107.3", "la": "18", "dist": "362"}, {"player": "eric haase", "game": "det @ min", "gameIdx": 0, "hr/park": "", "pa": "34", "dt": "", "img": "https://www.mlbstatic.com/team-logos/116.svg", "team": "det", "start": "", "in": "4", "result": "Walk", "evo": "", "la": "", "dist": ""}, {"player": "robbie grossman", "game": "det @ min", "gameIdx": 0, "hr/park": "", "pa": "33", "dt": "", "img": "https://www.mlbstatic.com/team-logos/116.svg", "team": "det", "start": "", "in": "4", "result": "Single", "evo": "93.5", "la": "12", "dist": "224"}, {"player": "derek hill", "game": "det @ min", "gameIdx": 0, "hr/park": "", "pa": "32", "dt": "", "img": "https://www.mlbstatic.com/team-logos/116.svg", "team": "det", "start": "", "in": "4", "result": "Single", "evo": "91.1", "la": "5", "dist": "94"}, {"player": "akil baddoo", "game": "det @ min", "gameIdx": 0, "hr/park": "", "pa": "31", "dt": "", "img": "https://www.mlbstatic.com/team-logos/116.svg", "team": "det", "start": "", "in": "4", "result": "Double", "evo": "99.9", "la": "", "dist": "52"}, {"player": "grayson greiner", "game": "det @ min", "gameIdx": 0, "hr/park": "", "pa": "30", "dt": "", "img": "https://www.mlbstatic.com/team-logos/116.svg", "team": "det", "start": "", "in": "4", "result": "Walk", "evo": "", "la": "", "dist": ""}, {"player": "harold castro", "game": "det @ min", "gameIdx": 0, "hr/park": "", "pa": "29", "dt": "", "img": "https://www.mlbstatic.com/team-logos/116.svg", "team": "det", "start": "", "in": "4", "result": "Single", "evo": "103.7", "la": "12", "dist": "252"}, {"player": "jorge polanco", "game": "det @ min", "gameIdx": 0, "hr/park": "", "pa": "28", "dt": "", "img": "https://www.mlbstatic.com/team-logos/142.svg", "team": "min", "start": "", "in": "3", "result": "Groundout", "evo": "101.0", "la": "-1", "dist": "51"}, {"player": "brent rooker", "game": "det @ min", "gameIdx": 0, "hr/park": "", "pa": "27", "dt": "", "img": "https://www.mlbstatic.com/team-logos/142.svg", "team": "min", "start": "", "in": "3", "result": "Groundout", "evo": "81.1", "la": "-6", "dist": "19"}, {"player": "max kepler", "game": "det @ min", "gameIdx": 0, "hr/park": "1/30", "pa": "26", "dt": "", "img": "https://www.mlbstatic.com/team-logos/142.svg", "team": "min", "start": "", "in": "3", "result": "Flyout", "evo": "95.3", "la": "27", "dist": "345"}, {"player": "willi castro", "game": "det @ min", "gameIdx": 0, "hr/park": "", "pa": "25", "dt": "", "img": "https://www.mlbstatic.com/team-logos/116.svg", "team": "det", "start": "", "in": "3", "result": "Lineout", "evo": "107.0", "la": "7", "dist": "146"}, {"player": "zack short", "game": "det @ min", "gameIdx": 0, "hr/park": "0/30", "pa": "24", "dt": "", "img": "https://www.mlbstatic.com/team-logos/116.svg", "team": "det", "start": "", "in": "3", "result": "Flyout", "evo": "93.1", "la": "48", "dist": "301"}, {"player": "jeimer candelario", "game": "det @ min", "gameIdx": 0, "hr/park": "", "pa": "23", "dt": "", "img": "https://www.mlbstatic.com/team-logos/116.svg", "team": "det", "start": "", "in": "3", "result": "Groundout", "evo": "76.1", "la": "6", "dist": "82"}, {"player": "andrelton simmons", "game": "det @ min", "gameIdx": 0, "hr/park": "", "pa": "22", "dt": "", "img": "https://www.mlbstatic.com/team-logos/142.svg", "team": "min", "start": "", "in": "2", "result": "Forceout", "evo": "93.5", "la": "", "dist": "52"}, {"player": "ryan jeffers", "game": "det @ min", "gameIdx": 0, "hr/park": "", "pa": "21", "dt": "", "img": "https://www.mlbstatic.com/team-logos/142.svg", "team": "min", "start": "", "in": "2", "result": "Walk", "evo": "", "la": "", "dist": ""}, {"player": "nick gordon", "game": "det @ min", "gameIdx": 0, "hr/park": "", "pa": "20", "dt": "", "img": "https://www.mlbstatic.com/team-logos/142.svg", "team": "min", "start": "", "in": "2", "result": "Forceout", "evo": "67.0", "la": "-15", "dist": "11"}, {"player": "willians astudillo", "game": "det @ min", "gameIdx": 0, "hr/park": "", "pa": "19", "dt": "", "img": "https://www.mlbstatic.com/team-logos/142.svg", "team": "min", "start": "", "in": "2", "result": "Single", "evo": "92.9", "la": "11", "dist": "197"}, {"player": "trevor larnach", "game": "det @ min", "gameIdx": 0, "hr/park": "0/30", "pa": "18", "dt": "", "img": "https://www.mlbstatic.com/team-logos/142.svg", "team": "min", "start": "", "in": "2", "result": "Lineout", "evo": "90.7", "la": "24", "dist": "304"}, {"player": "miguel sano", "game": "det @ min", "gameIdx": 0, "hr/park": "", "pa": "17", "dt": "", "img": "https://www.mlbstatic.com/team-logos/142.svg", "team": "min", "start": "", "in": "2", "result": "Walk", "evo": "", "la": "", "dist": ""}, {"player": "eric haase", "game": "det @ min", "gameIdx": 0, "hr/park": "4/30", "pa": "16", "dt": "", "img": "https://www.mlbstatic.com/team-logos/116.svg", "team": "det", "start": "", "in": "2", "result": "Flyout", "evo": "98.4", "la": "29", "dist": "338"}, {"player": "robbie grossman", "game": "det @ min", "gameIdx": 0, "hr/park": "", "pa": "15", "dt": "", "img": "https://www.mlbstatic.com/team-logos/116.svg", "team": "det", "start": "", "in": "2", "result": "Walk", "evo": "", "la": "", "dist": ""}, {"player": "derek hill", "game": "det @ min", "gameIdx": 0, "hr/park": "", "pa": "14", "dt": "", "img": "https://www.mlbstatic.com/team-logos/116.svg", "team": "det", "start": "", "in": "2", "result": "Single", "evo": "34.5", "la": "-19", "dist": "8"}, {"player": "akil baddoo", "game": "det @ min", "gameIdx": 0, "hr/park": "", "pa": "13", "dt": "", "img": "https://www.mlbstatic.com/team-logos/116.svg", "team": "det", "start": "", "in": "2", "result": "Forceout", "evo": "79.0", "la": "-15", "dist": "9"}, {"player": "grayson greiner", "game": "det @ min", "gameIdx": 0, "hr/park": "", "pa": "12", "dt": "", "img": "https://www.mlbstatic.com/team-logos/116.svg", "team": "det", "start": "", "in": "2", "result": "Single", "evo": "89.7", "la": "2", "dist": "52"}, {"player": "harold castro", "game": "det @ min", "gameIdx": 0, "hr/park": "", "pa": "11", "dt": "", "img": "https://www.mlbstatic.com/team-logos/116.svg", "team": "det", "start": "", "in": "2", "result": "Single", "evo": "99.1", "la": "12", "dist": "187"}, {"player": "willi castro", "game": "det @ min", "gameIdx": 0, "hr/park": "", "pa": "10", "dt": "", "img": "https://www.mlbstatic.com/team-logos/116.svg", "team": "det", "start": "", "in": "2", "result": "Single", "evo": "77.6", "la": "16", "dist": "214"}, {"player": "zack short", "game": "det @ min", "gameIdx": 0, "hr/park": "0/30", "pa": "9", "dt": "", "img": "https://www.mlbstatic.com/team-logos/116.svg", "team": "det", "start": "", "in": "2", "result": "Flyout", "evo": "90.7", "la": "42", "dist": "318"}, {"player": "jorge polanco", "game": "det @ min", "gameIdx": 0, "hr/park": "", "pa": "8", "dt": "", "img": "https://www.mlbstatic.com/team-logos/142.svg", "team": "min", "start": "", "in": "1", "result": "Groundout", "evo": "70.4", "la": "-43", "dist": "5"}, {"player": "brent rooker", "game": "det @ min", "gameIdx": 0, "hr/park": "", "pa": "7", "dt": "", "img": "https://www.mlbstatic.com/team-logos/142.svg", "team": "min", "start": "", "in": "1", "result": "Flyout", "evo": "87.3", "la": "60", "dist": "202"}, {"player": "max kepler", "game": "det @ min", "gameIdx": 0, "hr/park": "", "pa": "6", "dt": "", "img": "https://www.mlbstatic.com/team-logos/142.svg", "team": "min", "start": "", "in": "1", "result": "Strikeout", "evo": "", "la": "", "dist": ""}, {"player": "jeimer candelario", "game": "det @ min", "gameIdx": 0, "hr/park": "", "pa": "5", "dt": "", "img": "https://www.mlbstatic.com/team-logos/116.svg", "team": "det", "start": "", "in": "1", "result": "Strikeout", "evo": "", "la": "", "dist": ""}, {"player": "eric haase", "game": "det @ min", "gameIdx": 0, "hr/park": "", "pa": "4", "dt": "", "img": "https://www.mlbstatic.com/team-logos/116.svg", "team": "det", "start": "", "in": "1", "result": "Walk", "evo": "", "la": "", "dist": ""}, {"player": "robbie grossman", "game": "det @ min", "gameIdx": 0, "hr/park": "", "pa": "3", "dt": "", "img": "https://www.mlbstatic.com/team-logos/116.svg", "team": "det", "start": "", "in": "1", "result": "Strikeout", "evo": "", "la": "", "dist": ""}, {"player": "derek hill", "game": "det @ min", "gameIdx": 0, "hr/park": "", "pa": "2", "dt": "", "img": "https://www.mlbstatic.com/team-logos/116.svg", "team": "det", "start": "", "in": "1", "result": "Groundout", "evo": "66.8", "la": "-66", "dist": "2"}, {"player": "akil baddoo", "game": "det @ min", "gameIdx": 0, "hr/park": "", "pa": "1", "dt": "", "img": "https://www.mlbstatic.com/team-logos/116.svg", "team": "det", "start": "", "in": "1", "result": "Single", "evo": "64.3", "la": "29", "dist": "196"}], "tor @ bos": [], "hou @ sea": [], "ath @ sd": [], "mia @ bal": [], "mil @ pit": [], "atl @ nym": [], "nyy @ tb": [], "cin @ chc": [{"player": "rafael ortega", "game": "cin @ chc", "gameIdx": 0, "hr/park": "0/30", "pa": "83", "dt": "", "img": "https://www.mlbstatic.com/team-logos/112.svg", "team": "chc", "start": "", "in": "9", "result": "Flyout", "evo": "91.1", "la": "41", "dist": "325"}, {"player": "ian happ", "game": "cin @ chc", "gameIdx": 0, "hr/park": "", "pa": "82", "dt": "", "img": "https://www.mlbstatic.com/team-logos/112.svg", "team": "chc", "start": "", "in": "9", "result": "Single", "evo": "91.1", "la": "5", "dist": "85"}, {"player": "david bote", "game": "cin @ chc", "gameIdx": 0, "hr/park": "", "pa": "81", "dt": "", "img": "https://www.mlbstatic.com/team-logos/112.svg", "team": "chc", "start": "", "in": "9", "result": "Single", "evo": "107.0", "la": "2", "dist": "82"}, {"player": "robinson chirinos", "game": "cin @ chc", "gameIdx": 0, "hr/park": "", "pa": "80", "dt": "", "img": "https://www.mlbstatic.com/team-logos/112.svg", "team": "chc", "start": "", "in": "9", "result": "Strikeout", "evo": "", "la": "", "dist": ""}, {"player": "jason heyward", "game": "cin @ chc", "gameIdx": 0, "hr/park": "", "pa": "79", "dt": "", "img": "https://www.mlbstatic.com/team-logos/112.svg", "team": "chc", "start": "", "in": "9", "result": "Groundout", "evo": "91.5", "la": "-3", "dist": "37"}, {"player": "matt duffy", "game": "cin @ chc", "gameIdx": 0, "hr/park": "", "pa": "78", "dt": "", "img": "https://www.mlbstatic.com/team-logos/112.svg", "team": "chc", "start": "", "in": "9", "result": "Single", "evo": "88.8", "la": "-4", "dist": "33"}, {"player": "jonathan india", "game": "cin @ chc", "gameIdx": 0, "hr/park": "", "pa": "77", "dt": "", "img": "https://www.mlbstatic.com/team-logos/113.svg", "team": "cin", "start": "", "in": "9", "result": "Lineout", "evo": "91.2", "la": "17", "dist": "263"}, {"player": "shogo akiyama", "game": "cin @ chc", "gameIdx": 0, "hr/park": "", "pa": "76", "dt": "", "img": "https://www.mlbstatic.com/team-logos/113.svg", "team": "cin", "start": "", "in": "9", "result": "Double", "evo": "101.8", "la": "13", "dist": "280"}, {"player": "mike freeman", "game": "cin @ chc", "gameIdx": 0, "hr/park": "", "pa": "75", "dt": "", "img": "https://www.mlbstatic.com/team-logos/113.svg", "team": "cin", "start": "", "in": "9", "result": "Flyout", "evo": "76.6", "la": "38", "dist": "259"}, {"player": "tyler naquin", "game": "cin @ chc", "gameIdx": 0, "hr/park": "", "pa": "74", "dt": "", "img": "https://www.mlbstatic.com/team-logos/113.svg", "team": "cin", "start": "", "in": "9", "result": "Walk", "evo": "", "la": "", "dist": ""}, {"player": "kyle farmer", "game": "cin @ chc", "gameIdx": 0, "hr/park": "", "pa": "73", "dt": "", "img": "https://www.mlbstatic.com/team-logos/113.svg", "team": "cin", "start": "", "in": "9", "result": "Single", "evo": "98.3", "la": "-9", "dist": "17"}, {"player": "eugenio suarez", "game": "cin @ chc", "gameIdx": 0, "hr/park": "", "pa": "72", "dt": "", "img": "https://www.mlbstatic.com/team-logos/113.svg", "team": "cin", "start": "", "in": "9", "result": "Flyout", "evo": "90.1", "la": "62", "dist": "215"}, {"player": "joey votto", "game": "cin @ chc", "gameIdx": 0, "hr/park": "27/30", "pa": "71", "dt": "", "img": "https://www.mlbstatic.com/team-logos/113.svg", "team": "cin", "start": "", "in": "9", "result": "Home Run", "evo": "105.9", "la": "27", "dist": "421"}, {"player": "tyler stephenson", "game": "cin @ chc", "gameIdx": 0, "hr/park": "", "pa": "70", "dt": "", "img": "https://www.mlbstatic.com/team-logos/113.svg", "team": "cin", "start": "", "in": "9", "result": "Walk", "evo": "", "la": "", "dist": ""}, {"player": "patrick wisdom", "game": "cin @ chc", "gameIdx": 0, "hr/park": "", "pa": "69", "dt": "", "img": "https://www.mlbstatic.com/team-logos/112.svg", "team": "chc", "start": "", "in": "8", "result": "Groundout", "evo": "88.8", "la": "-30", "dist": "3"}, {"player": "anthony rizzo", "game": "cin @ chc", "gameIdx": 0, "hr/park": "", "pa": "68", "dt": "", "img": "https://www.mlbstatic.com/team-logos/112.svg", "team": "chc", "start": "", "in": "8", "result": "Forceout", "evo": "77.0", "la": "", "dist": "43"}, {"player": "kris bryant", "game": "cin @ chc", "gameIdx": 0, "hr/park": "", "pa": "67", "dt": "", "img": "https://www.mlbstatic.com/team-logos/112.svg", "team": "chc", "start": "", "in": "8", "result": "Strikeout", "evo": "", "la": "", "dist": ""}, {"player": "rafael ortega", "game": "cin @ chc", "gameIdx": 0, "hr/park": "", "pa": "66", "dt": "", "img": "https://www.mlbstatic.com/team-logos/112.svg", "team": "chc", "start": "", "in": "8", "result": "Walk", "evo": "", "la": "", "dist": ""}, {"player": "jesse winker", "game": "cin @ chc", "gameIdx": 0, "hr/park": "", "pa": "65", "dt": "", "img": "https://www.mlbstatic.com/team-logos/113.svg", "team": "cin", "start": "", "in": "8", "result": "Groundout", "evo": "73.6", "la": "4", "dist": "65"}, {"player": "jonathan india", "game": "cin @ chc", "gameIdx": 0, "hr/park": "", "pa": "64", "dt": "", "img": "https://www.mlbstatic.com/team-logos/113.svg", "team": "cin", "start": "", "in": "8", "result": "Pop Out", "evo": "79.4", "la": "64", "dist": "170"}, {"player": "shogo akiyama", "game": "cin @ chc", "gameIdx": 0, "hr/park": "", "pa": "63", "dt": "", "img": "https://www.mlbstatic.com/team-logos/113.svg", "team": "cin", "start": "", "in": "8", "result": "Hit By Pitch", "evo": "", "la": "", "dist": ""}, {"player": "max schrock", "game": "cin @ chc", "gameIdx": 0, "hr/park": "", "pa": "62", "dt": "", "img": "https://www.mlbstatic.com/team-logos/113.svg", "team": "cin", "start": "", "in": "8", "result": "Walk", "evo": "", "la": "", "dist": ""}, {"player": "tyler naquin", "game": "cin @ chc", "gameIdx": 0, "hr/park": "", "pa": "61", "dt": "", "img": "https://www.mlbstatic.com/team-logos/113.svg", "team": "cin", "start": "", "in": "8", "result": "Groundout", "evo": "71.3", "la": "-53", "dist": "2"}, {"player": "kyle farmer", "game": "cin @ chc", "gameIdx": 0, "hr/park": "", "pa": "60", "dt": "", "img": "https://www.mlbstatic.com/team-logos/113.svg", "team": "cin", "start": "", "in": "8", "result": "Hit By Pitch", "evo": "", "la": "", "dist": ""}, {"player": "eugenio suarez", "game": "cin @ chc", "gameIdx": 0, "hr/park": "4/30", "pa": "59", "dt": "", "img": "https://www.mlbstatic.com/team-logos/113.svg", "team": "cin", "start": "", "in": "8", "result": "Double", "evo": "101.4", "la": "31", "dist": "386"}, {"player": "ian happ", "game": "cin @ chc", "gameIdx": 0, "hr/park": "0/30", "pa": "58", "dt": "", "img": "https://www.mlbstatic.com/team-logos/112.svg", "team": "chc", "start": "", "in": "7", "result": "Lineout", "evo": "92.6", "la": "23", "dist": "315"}, {"player": "nico hoerner", "game": "cin @ chc", "gameIdx": 0, "hr/park": "", "pa": "57", "dt": "", "img": "https://www.mlbstatic.com/team-logos/112.svg", "team": "chc", "start": "", "in": "7", "result": "Strikeout", "evo": "", "la": "", "dist": ""}, {"player": "robinson chirinos", "game": "cin @ chc", "gameIdx": 0, "hr/park": "0/30", "pa": "56", "dt": "", "img": "https://www.mlbstatic.com/team-logos/112.svg", "team": "chc", "start": "", "in": "7", "result": "Flyout", "evo": "94.4", "la": "46", "dist": "320"}, {"player": "joey votto", "game": "cin @ chc", "gameIdx": 0, "hr/park": "", "pa": "55", "dt": "", "img": "https://www.mlbstatic.com/team-logos/113.svg", "team": "cin", "start": "", "in": "7", "result": "Strikeout", "evo": "", "la": "", "dist": ""}, {"player": "tyler stephenson", "game": "cin @ chc", "gameIdx": 0, "hr/park": "", "pa": "54", "dt": "", "img": "https://www.mlbstatic.com/team-logos/113.svg", "team": "cin", "start": "", "in": "7", "result": "Strikeout", "evo": "", "la": "", "dist": ""}, {"player": "jesse winker", "game": "cin @ chc", "gameIdx": 0, "hr/park": "", "pa": "53", "dt": "", "img": "https://www.mlbstatic.com/team-logos/113.svg", "team": "cin", "start": "", "in": "7", "result": "Groundout", "evo": "98.3", "la": "-4", "dist": "27"}, {"player": "jason heyward", "game": "cin @ chc", "gameIdx": 0, "hr/park": "", "pa": "52", "dt": "", "img": "https://www.mlbstatic.com/team-logos/112.svg", "team": "chc", "start": "", "in": "6", "result": "GIDP", "evo": "105.6", "la": "-9", "dist": "13"}, {"player": "matt duffy", "game": "cin @ chc", "gameIdx": 0, "hr/park": "", "pa": "51", "dt": "", "img": "https://www.mlbstatic.com/team-logos/112.svg", "team": "chc", "start": "", "in": "6", "result": "Flyout", "evo": "70.5", "la": "43", "dist": "229"}, {"player": "patrick wisdom", "game": "cin @ chc", "gameIdx": 0, "hr/park": "", "pa": "50", "dt": "", "img": "https://www.mlbstatic.com/team-logos/112.svg", "team": "chc", "start": "", "in": "6", "result": "Single", "evo": "103.2", "la": "7", "dist": "147"}, {"player": "jonathan india", "game": "cin @ chc", "gameIdx": 0, "hr/park": "", "pa": "49", "dt": "", "img": "https://www.mlbstatic.com/team-logos/113.svg", "team": "cin", "start": "", "in": "6", "result": "Forceout", "evo": "96.3", "la": "", "dist": "46"}, {"player": "tyler mahle", "game": "cin @ chc", "gameIdx": 0, "hr/park": "", "pa": "48", "dt": "", "img": "https://www.mlbstatic.com/team-logos/113.svg", "team": "cin", "start": "", "in": "6", "result": "Single", "evo": "99.1", "la": "4", "dist": "107"}, {"player": "aristides aquino", "game": "cin @ chc", "gameIdx": 0, "hr/park": "", "pa": "47", "dt": "", "img": "https://www.mlbstatic.com/team-logos/113.svg", "team": "cin", "start": "", "in": "6", "result": "Strikeout", "evo": "", "la": "", "dist": ""}, {"player": "tyler naquin", "game": "cin @ chc", "gameIdx": 0, "hr/park": "0/30", "pa": "46", "dt": "", "img": "https://www.mlbstatic.com/team-logos/113.svg", "team": "cin", "start": "", "in": "6", "result": "Lineout", "evo": "107.1", "la": "18", "dist": "310"}, {"player": "anthony rizzo", "game": "cin @ chc", "gameIdx": 0, "hr/park": "", "pa": "45", "dt": "", "img": "https://www.mlbstatic.com/team-logos/112.svg", "team": "chc", "start": "", "in": "5", "result": "Groundout", "evo": "105.3", "la": "-4", "dist": "23"}, {"player": "kris bryant", "game": "cin @ chc", "gameIdx": 0, "hr/park": "", "pa": "44", "dt": "", "img": "https://www.mlbstatic.com/team-logos/112.svg", "team": "chc", "start": "", "in": "5", "result": "Groundout", "evo": "74.1", "la": "-4", "dist": "18"}, {"player": "rafael ortega", "game": "cin @ chc", "gameIdx": 0, "hr/park": "", "pa": "43", "dt": "", "img": "https://www.mlbstatic.com/team-logos/112.svg", "team": "chc", "start": "", "in": "5", "result": "Groundout", "evo": "84.5", "la": "-23", "dist": "6"}, {"player": "kyle farmer", "game": "cin @ chc", "gameIdx": 0, "hr/park": "", "pa": "42", "dt": "", "img": "https://www.mlbstatic.com/team-logos/113.svg", "team": "cin", "start": "", "in": "5", "result": "Flyout", "evo": "93.6", "la": "47", "dist": "297"}, {"player": "eugenio suarez", "game": "cin @ chc", "gameIdx": 0, "hr/park": "", "pa": "41", "dt": "", "img": "https://www.mlbstatic.com/team-logos/113.svg", "team": "cin", "start": "", "in": "5", "result": "Strikeout", "evo": "", "la": "", "dist": ""}, {"player": "joey votto", "game": "cin @ chc", "gameIdx": 0, "hr/park": "", "pa": "40", "dt": "", "img": "https://www.mlbstatic.com/team-logos/113.svg", "team": "cin", "start": "", "in": "5", "result": "Walk", "evo": "", "la": "", "dist": ""}, {"player": "tyler stephenson", "game": "cin @ chc", "gameIdx": 0, "hr/park": "0/30", "pa": "39", "dt": "", "img": "https://www.mlbstatic.com/team-logos/113.svg", "team": "cin", "start": "", "in": "5", "result": "Single", "evo": "100.6", "la": "20", "dist": "344"}, {"player": "jesse winker", "game": "cin @ chc", "gameIdx": 0, "hr/park": "", "pa": "38", "dt": "", "img": "https://www.mlbstatic.com/team-logos/113.svg", "team": "cin", "start": "", "in": "5", "result": "Double", "evo": "101.3", "la": "16", "dist": "272"}, {"player": "jonathan india", "game": "cin @ chc", "gameIdx": 0, "hr/park": "", "pa": "37", "dt": "", "img": "https://www.mlbstatic.com/team-logos/113.svg", "team": "cin", "start": "", "in": "5", "result": "Single", "evo": "99.0", "la": "7", "dist": "117"}, {"player": "zach davies", "game": "cin @ chc", "gameIdx": 0, "hr/park": "0/30", "pa": "36", "dt": "", "img": "https://www.mlbstatic.com/team-logos/112.svg", "team": "chc", "start": "", "in": "4", "result": "Lineout", "evo": "94.8", "la": "18", "dist": "309"}, {"player": "nico hoerner", "game": "cin @ chc", "gameIdx": 0, "hr/park": "", "pa": "35", "dt": "", "img": "https://www.mlbstatic.com/team-logos/112.svg", "team": "chc", "start": "", "in": "4", "result": "Single", "evo": "79.2", "la": "27", "dist": "287"}, {"player": "robinson chirinos", "game": "cin @ chc", "gameIdx": 0, "hr/park": "", "pa": "34", "dt": "", "img": "https://www.mlbstatic.com/team-logos/112.svg", "team": "chc", "start": "", "in": "4", "result": "Strikeout", "evo": "", "la": "", "dist": ""}, {"player": "jason heyward", "game": "cin @ chc", "gameIdx": 0, "hr/park": "", "pa": "33", "dt": "", "img": "https://www.mlbstatic.com/team-logos/112.svg", "team": "chc", "start": "", "in": "4", "result": "Strikeout", "evo": "", "la": "", "dist": ""}, {"player": "tyler mahle", "game": "cin @ chc", "gameIdx": 0, "hr/park": "", "pa": "32", "dt": "", "img": "https://www.mlbstatic.com/team-logos/113.svg", "team": "cin", "start": "", "in": "4", "result": "Strikeout", "evo": "", "la": "", "dist": ""}, {"player": "aristides aquino", "game": "cin @ chc", "gameIdx": 0, "hr/park": "", "pa": "31", "dt": "", "img": "https://www.mlbstatic.com/team-logos/113.svg", "team": "cin", "start": "", "in": "4", "result": "Strikeout", "evo": "", "la": "", "dist": ""}, {"player": "tyler naquin", "game": "cin @ chc", "gameIdx": 0, "hr/park": "", "pa": "30", "dt": "", "img": "https://www.mlbstatic.com/team-logos/113.svg", "team": "cin", "start": "", "in": "4", "result": "Strikeout", "evo": "", "la": "", "dist": ""}, {"player": "kyle farmer", "game": "cin @ chc", "gameIdx": 0, "hr/park": "", "pa": "29", "dt": "", "img": "https://www.mlbstatic.com/team-logos/113.svg", "team": "cin", "start": "", "in": "4", "result": "Double", "evo": "99.7", "la": "18", "dist": "264"}, {"player": "matt duffy", "game": "cin @ chc", "gameIdx": 0, "hr/park": "0/30", "pa": "28", "dt": "", "img": "https://www.mlbstatic.com/team-logos/112.svg", "team": "chc", "start": "", "in": "3", "result": "Flyout", "evo": "92.9", "la": "43", "dist": "316"}, {"player": "patrick wisdom", "game": "cin @ chc", "gameIdx": 0, "hr/park": "", "pa": "27", "dt": "", "img": "https://www.mlbstatic.com/team-logos/112.svg", "team": "chc", "start": "", "in": "3", "result": "Pop Out", "evo": "95.0", "la": "77", "dist": "75"}, {"player": "anthony rizzo", "game": "cin @ chc", "gameIdx": 0, "hr/park": "", "pa": "26", "dt": "", "img": "https://www.mlbstatic.com/team-logos/112.svg", "team": "chc", "start": "", "in": "3", "result": "Flyout", "evo": "71.3", "la": "30", "dist": "256"}, {"player": "kris bryant", "game": "cin @ chc", "gameIdx": 0, "hr/park": "", "pa": "25", "dt": "", "img": "https://www.mlbstatic.com/team-logos/112.svg", "team": "chc", "start": "", "in": "3", "result": "Hit By Pitch", "evo": "", "la": "", "dist": ""}, {"player": "eugenio suarez", "game": "cin @ chc", "gameIdx": 0, "hr/park": "", "pa": "24", "dt": "", "img": "https://www.mlbstatic.com/team-logos/113.svg", "team": "cin", "start": "", "in": "3", "result": "Forceout", "evo": "82.3", "la": "2", "dist": "54"}, {"player": "tyler stephenson", "game": "cin @ chc", "gameIdx": 0, "hr/park": "", "pa": "22", "dt": "", "img": "https://www.mlbstatic.com/team-logos/113.svg", "team": "cin", "start": "", "in": "3", "result": "Groundout", "evo": "90.5", "la": "-15", "dist": "9"}, {"player": "jesse winker", "game": "cin @ chc", "gameIdx": 0, "hr/park": "0/30", "pa": "21", "dt": "", "img": "https://www.mlbstatic.com/team-logos/113.svg", "team": "cin", "start": "", "in": "3", "result": "Double", "evo": "105.7", "la": "19", "dist": "396"}, {"player": "jonathan india", "game": "cin @ chc", "gameIdx": 0, "hr/park": "", "pa": "20", "dt": "", "img": "https://www.mlbstatic.com/team-logos/113.svg", "team": "cin", "start": "", "in": "3", "result": "Walk", "evo": "", "la": "", "dist": ""}, {"player": "tyler mahle", "game": "cin @ chc", "gameIdx": 0, "hr/park": "", "pa": "19", "dt": "", "img": "https://www.mlbstatic.com/team-logos/113.svg", "team": "cin", "start": "", "in": "3", "result": "Groundout", "evo": "94.3", "la": "-31", "dist": "5"}, {"player": "rafael ortega", "game": "cin @ chc", "gameIdx": 0, "hr/park": "", "pa": "18", "dt": "", "img": "https://www.mlbstatic.com/team-logos/112.svg", "team": "chc", "start": "", "in": "2", "result": "Lineout", "evo": "102.3", "la": "8", "dist": "163"}, {"player": "zach davies", "game": "cin @ chc", "gameIdx": 0, "hr/park": "", "pa": "17", "dt": "", "img": "https://www.mlbstatic.com/team-logos/112.svg", "team": "chc", "start": "", "in": "2", "result": "Groundout", "evo": "97.0", "la": "-3", "dist": "31"}, {"player": "nico hoerner", "game": "cin @ chc", "gameIdx": 0, "hr/park": "", "pa": "16", "dt": "", "img": "https://www.mlbstatic.com/team-logos/112.svg", "team": "chc", "start": "", "in": "2", "result": "Double", "evo": "97.0", "la": "-8", "dist": "21"}, {"player": "robinson chirinos", "game": "cin @ chc", "gameIdx": 0, "hr/park": "0/30", "pa": "15", "dt": "", "img": "https://www.mlbstatic.com/team-logos/112.svg", "team": "chc", "start": "", "in": "2", "result": "Flyout", "evo": "91.6", "la": "46", "dist": "325"}, {"player": "aristides aquino", "game": "cin @ chc", "gameIdx": 0, "hr/park": "", "pa": "14", "dt": "", "img": "https://www.mlbstatic.com/team-logos/113.svg", "team": "cin", "start": "", "in": "2", "result": "Strikeout", "evo": "", "la": "", "dist": ""}, {"player": "tyler naquin", "game": "cin @ chc", "gameIdx": 0, "hr/park": "", "pa": "13", "dt": "", "img": "https://www.mlbstatic.com/team-logos/113.svg", "team": "cin", "start": "", "in": "2", "result": "Lineout", "evo": "74.8", "la": "29", "dist": "264"}, {"player": "kyle farmer", "game": "cin @ chc", "gameIdx": 0, "hr/park": "", "pa": "12", "dt": "", "img": "https://www.mlbstatic.com/team-logos/113.svg", "team": "cin", "start": "", "in": "2", "result": "Strikeout", "evo": "", "la": "", "dist": ""}, {"player": "eugenio suarez", "game": "cin @ chc", "gameIdx": 0, "hr/park": "", "pa": "11", "dt": "", "img": "https://www.mlbstatic.com/team-logos/113.svg", "team": "cin", "start": "", "in": "2", "result": "Walk", "evo": "", "la": "", "dist": ""}, {"player": "joey votto", "game": "cin @ chc", "gameIdx": 0, "hr/park": "29/30", "pa": "10", "dt": "", "img": "https://www.mlbstatic.com/team-logos/113.svg", "team": "cin", "start": "", "in": "2", "result": "Home Run", "evo": "100.4", "la": "28", "dist": "394"}, {"player": "jason heyward", "game": "cin @ chc", "gameIdx": 0, "hr/park": "0/30", "pa": "9", "dt": "", "img": "https://www.mlbstatic.com/team-logos/112.svg", "team": "chc", "start": "", "in": "1", "result": "Lineout", "evo": "96.4", "la": "21", "dist": "348"}, {"player": "matt duffy", "game": "cin @ chc", "gameIdx": 0, "hr/park": "", "pa": "8", "dt": "", "img": "https://www.mlbstatic.com/team-logos/112.svg", "team": "chc", "start": "", "in": "1", "result": "Walk", "evo": "", "la": "", "dist": ""}, {"player": "patrick wisdom", "game": "cin @ chc", "gameIdx": 0, "hr/park": "8/30", "pa": "7", "dt": "", "img": "https://www.mlbstatic.com/team-logos/112.svg", "team": "chc", "start": "", "in": "1", "result": "Double", "evo": "105.3", "la": "19", "dist": "391"}, {"player": "anthony rizzo", "game": "cin @ chc", "gameIdx": 0, "hr/park": "", "pa": "6", "dt": "", "img": "https://www.mlbstatic.com/team-logos/112.svg", "team": "chc", "start": "", "in": "1", "result": "Single", "evo": "104.6", "la": "1", "dist": "48"}, {"player": "kris bryant", "game": "cin @ chc", "gameIdx": 0, "hr/park": "", "pa": "5", "dt": "", "img": "https://www.mlbstatic.com/team-logos/112.svg", "team": "chc", "start": "", "in": "1", "result": "Lineout", "evo": "79.5", "la": "29", "dist": "298"}, {"player": "rafael ortega", "game": "cin @ chc", "gameIdx": 0, "hr/park": "", "pa": "4", "dt": "", "img": "https://www.mlbstatic.com/team-logos/112.svg", "team": "chc", "start": "", "in": "1", "result": "Pop Out", "evo": "63.5", "la": "77", "dist": "55"}, {"player": "tyler stephenson", "game": "cin @ chc", "gameIdx": 0, "hr/park": "", "pa": "3", "dt": "", "img": "https://www.mlbstatic.com/team-logos/113.svg", "team": "cin", "start": "", "in": "1", "result": "Groundout", "evo": "89.5", "la": "-11", "dist": "9"}, {"player": "jesse winker", "game": "cin @ chc", "gameIdx": 0, "hr/park": "", "pa": "2", "dt": "", "img": "https://www.mlbstatic.com/team-logos/113.svg", "team": "cin", "start": "", "in": "1", "result": "Groundout", "evo": "72.6", "la": "-49", "dist": "4"}, {"player": "jonathan india", "game": "cin @ chc", "gameIdx": 0, "hr/park": "", "pa": "1", "dt": "", "img": "https://www.mlbstatic.com/team-logos/113.svg", "team": "cin", "start": "", "in": "1", "result": "Strikeout", "evo": "", "la": "", "dist": ""}], "ari @ tex": [], "chw @ kc": [], "col @ laa": [], "lad @ sf": [], "wsh @ phi": []}