{"all": {"pitchers": "22", "batters": "62", "pitches": "859", "max velomax pitch velocity": "100.2", "min velomin pitch velocity": "69.4", "ff%fourseam fastball %": "38.1", "si%sinker %": "20.1", "fc%cutter %": "4.0", "fs%splitter %": "0.8", "ch%changeup %": "10.5", "sl%slider %": "19.4", "cu%curve %": "7.1", "max evmax exit velocity": "110.3", "hhhard hit": "61", "hh%hard hit %": "36.5", "brlbarrels": "11", "brl%barrel %": "6.6", "ab": "201", "avg": ".254", "h": "51", "1b": "31", "2b": "11", "3b": "2", "hr": "7", "so": "43", "bipballs in play": "167", "liveGames": 0, "totGames": 15}, "tb @ tor": [], "chw @ nyy": [], "ari @ col": [], "bal @ wsh": [], "hou @ tex": [], "det @ kc": [{"player": "willi castro", "game": "det @ kc", "gameIdx": 0, "hr/park": "", "pa": "81", "dt": "", "img": "https://www.mlbstatic.com/team-logos/116.svg", "team": "det", "start": "", "in": "9", "result": "Strikeout", "evo": "", "la": "", "dist": ""}, {"player": "jonathan schoop", "game": "det @ kc", "gameIdx": 0, "hr/park": "", "pa": "80", "dt": "", "img": "https://www.mlbstatic.com/team-logos/116.svg", "team": "det", "start": "", "in": "9", "result": "Strikeout", "evo": "", "la": "", "dist": ""}, {"player": "niko goodrum", "game": "det @ kc", "gameIdx": 0, "hr/park": "", "pa": "79", "dt": "", "img": "https://www.mlbstatic.com/team-logos/116.svg", "team": "det", "start": "", "in": "9", "result": "Single", "evo": "97.7", "la": "16", "dist": "261"}, {"player": "miguel cabrera", "game": "det @ kc", "gameIdx": 0, "hr/park": "", "pa": "78", "dt": "", "img": "https://www.mlbstatic.com/team-logos/116.svg", "team": "det", "start": "", "in": "9", "result": "Flyout", "evo": "75.2", "la": "44", "dist": "232"}, {"player": "jeimer candelario", "game": "det @ kc", "gameIdx": 0, "hr/park": "", "pa": "77", "dt": "", "img": "https://www.mlbstatic.com/team-logos/116.svg", "team": "det", "start": "", "in": "9", "result": "Walk", "evo": "", "la": "", "dist": ""}, {"player": "harold castro", "game": "det @ kc", "gameIdx": 0, "hr/park": "", "pa": "76", "dt": "", "img": "https://www.mlbstatic.com/team-logos/116.svg", "team": "det", "start": "", "in": "9", "result": "Single", "evo": "95.2", "la": "12", "dist": "217"}, {"player": "robbie grossman", "game": "det @ kc", "gameIdx": 0, "hr/park": "30/30", "pa": "75", "dt": "", "img": "https://www.mlbstatic.com/team-logos/116.svg", "team": "det", "start": "", "in": "9", "result": "Home Run", "evo": "103.3", "la": "36", "dist": "395"}, {"player": "akil baddoo", "game": "det @ kc", "gameIdx": 0, "hr/park": "", "pa": "74", "dt": "", "img": "https://www.mlbstatic.com/team-logos/116.svg", "team": "det", "start": "", "in": "9", "result": "Single", "evo": "99.0", "la": "-4", "dist": "23"}, {"player": "carlos santana", "game": "det @ kc", "gameIdx": 0, "hr/park": "", "pa": "73", "dt": "", "img": "https://www.mlbstatic.com/team-logos/118.svg", "team": "kc", "start": "", "in": "8", "result": "Groundout", "evo": "76.7", "la": "-10", "dist": "11"}, {"player": "whit merrifield", "game": "det @ kc", "gameIdx": 0, "hr/park": "", "pa": "72", "dt": "", "img": "https://www.mlbstatic.com/team-logos/118.svg", "team": "kc", "start": "", "in": "8", "result": "Single", "evo": "102.1", "la": "-6", "dist": "18"}, {"player": "nicky lopez", "game": "det @ kc", "gameIdx": 0, "hr/park": "", "pa": "71", "dt": "", "img": "https://www.mlbstatic.com/team-logos/118.svg", "team": "kc", "start": "", "in": "8", "result": "Groundout", "evo": "81.5", "la": "-3", "dist": "31"}, {"player": "hanser alberto", "game": "det @ kc", "gameIdx": 0, "hr/park": "", "pa": "70", "dt": "", "img": "https://www.mlbstatic.com/team-logos/118.svg", "team": "kc", "start": "", "in": "8", "result": "Groundout", "evo": "83.5", "la": "-18", "dist": "8"}, {"player": "wilson ramos", "game": "det @ kc", "gameIdx": 0, "hr/park": "", "pa": "69", "dt": "", "img": "https://www.mlbstatic.com/team-logos/116.svg", "team": "det", "start": "", "in": "8", "result": "Groundout", "evo": "102.0", "la": "-25", "dist": "4"}, {"player": "willi castro", "game": "det @ kc", "gameIdx": 0, "hr/park": "0/30", "pa": "68", "dt": "", "img": "https://www.mlbstatic.com/team-logos/116.svg", "team": "det", "start": "", "in": "8", "result": "Flyout", "evo": "91.5", "la": "27", "dist": "325"}, {"player": "jonathan schoop", "game": "det @ kc", "gameIdx": 0, "hr/park": "", "pa": "67", "dt": "", "img": "https://www.mlbstatic.com/team-logos/116.svg", "team": "det", "start": "", "in": "8", "result": "Field Error", "evo": "91.2", "la": "-6", "dist": "18"}, {"player": "niko goodrum", "game": "det @ kc", "gameIdx": 0, "hr/park": "0/30", "pa": "66", "dt": "", "img": "https://www.mlbstatic.com/team-logos/116.svg", "team": "det", "start": "", "in": "8", "result": "Flyout", "evo": "92.0", "la": "44", "dist": "301"}, {"player": "michael a taylor", "game": "det @ kc", "gameIdx": 0, "hr/park": "", "pa": "65", "dt": "", "img": "https://www.mlbstatic.com/team-logos/118.svg", "team": "kc", "start": "", "in": "7", "result": "Strikeout", "evo": "", "la": "", "dist": ""}, {"player": "kelvin gutierrez", "game": "det @ kc", "gameIdx": 0, "hr/park": "", "pa": "64", "dt": "", "img": "https://www.mlbstatic.com/team-logos/118.svg", "team": "kc", "start": "", "in": "7", "result": "Groundout", "evo": "91.9", "la": "-16", "dist": "11"}, {"player": "andrew benintendi", "game": "det @ kc", "gameIdx": 0, "hr/park": "", "pa": "63", "dt": "", "img": "https://www.mlbstatic.com/team-logos/118.svg", "team": "kc", "start": "", "in": "7", "result": "Walk", "evo": "", "la": "", "dist": ""}, {"player": "jorge soler", "game": "det @ kc", "gameIdx": 0, "hr/park": "", "pa": "62", "dt": "", "img": "https://www.mlbstatic.com/team-logos/118.svg", "team": "kc", "start": "", "in": "7", "result": "Strikeout", "evo": "", "la": "", "dist": ""}, {"player": "miguel cabrera", "game": "det @ kc", "gameIdx": 0, "hr/park": "", "pa": "61", "dt": "", "img": "https://www.mlbstatic.com/team-logos/116.svg", "team": "det", "start": "", "in": "7", "result": "Strikeout", "evo": "", "la": "", "dist": ""}, {"player": "jeimer candelario", "game": "det @ kc", "gameIdx": 0, "hr/park": "", "pa": "60", "dt": "", "img": "https://www.mlbstatic.com/team-logos/116.svg", "team": "det", "start": "", "in": "7", "result": "Strikeout", "evo": "", "la": "", "dist": ""}, {"player": "harold castro", "game": "det @ kc", "gameIdx": 0, "hr/park": "", "pa": "59", "dt": "", "img": "https://www.mlbstatic.com/team-logos/116.svg", "team": "det", "start": "", "in": "7", "result": "Walk", "evo": "", "la": "", "dist": ""}, {"player": "robbie grossman", "game": "det @ kc", "gameIdx": 0, "hr/park": "", "pa": "58", "dt": "", "img": "https://www.mlbstatic.com/team-logos/116.svg", "team": "det", "start": "", "in": "7", "result": "Single", "evo": "96.5", "la": "15", "dist": "233"}, {"player": "akil baddoo", "game": "det @ kc", "gameIdx": 0, "hr/park": "", "pa": "57", "dt": "", "img": "https://www.mlbstatic.com/team-logos/116.svg", "team": "det", "start": "", "in": "7", "result": "Walk", "evo": "", "la": "", "dist": ""}, {"player": "wilson ramos", "game": "det @ kc", "gameIdx": 0, "hr/park": "", "pa": "56", "dt": "", "img": "https://www.mlbstatic.com/team-logos/116.svg", "team": "det", "start": "", "in": "7", "result": "Groundout", "evo": "47.6", "la": "-13", "dist": "12"}, {"player": "salvador perez", "game": "det @ kc", "gameIdx": 0, "hr/park": "", "pa": "55", "dt": "", "img": "https://www.mlbstatic.com/team-logos/118.svg", "team": "kc", "start": "", "in": "6", "result": "Strikeout", "evo": "", "la": "", "dist": ""}, {"player": "carlos santana", "game": "det @ kc", "gameIdx": 0, "hr/park": "", "pa": "54", "dt": "", "img": "https://www.mlbstatic.com/team-logos/118.svg", "team": "kc", "start": "", "in": "6", "result": "Sac Fly", "evo": "86.7", "la": "44", "dist": "286"}, {"player": "whit merrifield", "game": "det @ kc", "gameIdx": 0, "hr/park": "", "pa": "53", "dt": "", "img": "https://www.mlbstatic.com/team-logos/118.svg", "team": "kc", "start": "", "in": "6", "result": "Groundout", "evo": "52.7", "la": "9", "dist": "71"}, {"player": "nicky lopez", "game": "det @ kc", "gameIdx": 0, "hr/park": "", "pa": "52", "dt": "", "img": "https://www.mlbstatic.com/team-logos/118.svg", "team": "kc", "start": "", "in": "6", "result": "Double", "evo": "69.6", "la": "-1", "dist": "29"}, {"player": "willi castro", "game": "det @ kc", "gameIdx": 0, "hr/park": "", "pa": "51", "dt": "", "img": "https://www.mlbstatic.com/team-logos/116.svg", "team": "det", "start": "", "in": "6", "result": "Flyout", "evo": "76.3", "la": "41", "dist": "251"}, {"player": "jonathan schoop", "game": "det @ kc", "gameIdx": 0, "hr/park": "", "pa": "50", "dt": "", "img": "https://www.mlbstatic.com/team-logos/116.svg", "team": "det", "start": "", "in": "6", "result": "Strikeout", "evo": "", "la": "", "dist": ""}, {"player": "nomar mazara", "game": "det @ kc", "gameIdx": 0, "hr/park": "", "pa": "49", "dt": "", "img": "https://www.mlbstatic.com/team-logos/116.svg", "team": "det", "start": "", "in": "6", "result": "Groundout", "evo": "93.1", "la": "-20", "dist": "6"}, {"player": "hanser alberto", "game": "det @ kc", "gameIdx": 0, "hr/park": "", "pa": "48", "dt": "", "img": "https://www.mlbstatic.com/team-logos/118.svg", "team": "kc", "start": "", "in": "5", "result": "Pop Out", "evo": "67.8", "la": "53", "dist": "194"}, {"player": "michael a taylor", "game": "det @ kc", "gameIdx": 0, "hr/park": "", "pa": "47", "dt": "", "img": "https://www.mlbstatic.com/team-logos/118.svg", "team": "kc", "start": "", "in": "5", "result": "Walk", "evo": "", "la": "", "dist": ""}, {"player": "kelvin gutierrez", "game": "det @ kc", "gameIdx": 0, "hr/park": "", "pa": "46", "dt": "", "img": "https://www.mlbstatic.com/team-logos/118.svg", "team": "kc", "start": "", "in": "5", "result": "Walk", "evo": "", "la": "", "dist": ""}, {"player": "andrew benintendi", "game": "det @ kc", "gameIdx": 0, "hr/park": "", "pa": "45", "dt": "", "img": "https://www.mlbstatic.com/team-logos/118.svg", "team": "kc", "start": "", "in": "5", "result": "Single", "evo": "63.9", "la": "-18", "dist": "7"}, {"player": "jorge soler", "game": "det @ kc", "gameIdx": 0, "hr/park": "", "pa": "44", "dt": "", "img": "https://www.mlbstatic.com/team-logos/118.svg", "team": "kc", "start": "", "in": "5", "result": "Strikeout", "evo": "", "la": "", "dist": ""}, {"player": "salvador perez", "game": "det @ kc", "gameIdx": 0, "hr/park": "0/30", "pa": "43", "dt": "", "img": "https://www.mlbstatic.com/team-logos/118.svg", "team": "kc", "start": "", "in": "5", "result": "Flyout", "evo": "107.9", "la": "45", "dist": "363"}, {"player": "carlos santana", "game": "det @ kc", "gameIdx": 0, "hr/park": "", "pa": "42", "dt": "", "img": "https://www.mlbstatic.com/team-logos/118.svg", "team": "kc", "start": "", "in": "5", "result": "Single", "evo": "98.3", "la": "3", "dist": "68"}, {"player": "miguel cabrera", "game": "det @ kc", "gameIdx": 0, "hr/park": "", "pa": "41", "dt": "", "img": "https://www.mlbstatic.com/team-logos/116.svg", "team": "det", "start": "", "in": "5", "result": "Forceout", "evo": "75.7", "la": "-12", "dist": "15"}, {"player": "jeimer candelario", "game": "det @ kc", "gameIdx": 0, "hr/park": "", "pa": "40", "dt": "", "img": "https://www.mlbstatic.com/team-logos/116.svg", "team": "det", "start": "", "in": "5", "result": "Strikeout", "evo": "", "la": "", "dist": ""}, {"player": "harold castro", "game": "det @ kc", "gameIdx": 0, "hr/park": "", "pa": "39", "dt": "", "img": "https://www.mlbstatic.com/team-logos/116.svg", "team": "det", "start": "", "in": "5", "result": "Single", "evo": "102.2", "la": "9", "dist": "181"}, {"player": "robbie grossman", "game": "det @ kc", "gameIdx": 0, "hr/park": "", "pa": "38", "dt": "", "img": "https://www.mlbstatic.com/team-logos/116.svg", "team": "det", "start": "", "in": "5", "result": "Strikeout", "evo": "", "la": "", "dist": ""}, {"player": "akil baddoo", "game": "det @ kc", "gameIdx": 0, "hr/park": "", "pa": "37", "dt": "", "img": "https://www.mlbstatic.com/team-logos/116.svg", "team": "det", "start": "", "in": "5", "result": "Double", "evo": "66.4", "la": "17", "dist": "142"}, {"player": "wilson ramos", "game": "det @ kc", "gameIdx": 0, "hr/park": "", "pa": "36", "dt": "", "img": "https://www.mlbstatic.com/team-logos/116.svg", "team": "det", "start": "", "in": "5", "result": "Single", "evo": "91.3", "la": "4", "dist": "88"}, {"player": "whit merrifield", "game": "det @ kc", "gameIdx": 0, "hr/park": "0/30", "pa": "35", "dt": "", "img": "https://www.mlbstatic.com/team-logos/118.svg", "team": "kc", "start": "", "in": "4", "result": "Flyout", "evo": "99.2", "la": "42", "dist": "347"}, {"player": "nicky lopez", "game": "det @ kc", "gameIdx": 0, "hr/park": "0/30", "pa": "34", "dt": "", "img": "https://www.mlbstatic.com/team-logos/118.svg", "team": "kc", "start": "", "in": "4", "result": "Sac Fly", "evo": "95.0", "la": "19", "dist": "314"}, {"player": "hanser alberto", "game": "det @ kc", "gameIdx": 0, "hr/park": "", "pa": "33", "dt": "", "img": "https://www.mlbstatic.com/team-logos/118.svg", "team": "kc", "start": "", "in": "4", "result": "Sac Bunt", "evo": "29.8", "la": "-52", "dist": "5"}, {"player": "michael a taylor", "game": "det @ kc", "gameIdx": 0, "hr/park": "", "pa": "32", "dt": "", "img": "https://www.mlbstatic.com/team-logos/118.svg", "team": "kc", "start": "", "in": "4", "result": "Double", "evo": "93.0", "la": "-1", "dist": "38"}, {"player": "kelvin gutierrez", "game": "det @ kc", "gameIdx": 0, "hr/park": "10/30", "pa": "31", "dt": "", "img": "https://www.mlbstatic.com/team-logos/118.svg", "team": "kc", "start": "", "in": "4", "result": "Double", "evo": "104.5", "la": "21", "dist": "355"}, {"player": "willi castro", "game": "det @ kc", "gameIdx": 0, "hr/park": "", "pa": "30", "dt": "", "img": "https://www.mlbstatic.com/team-logos/116.svg", "team": "det", "start": "", "in": "4", "result": "Pop Out", "evo": "58.6", "la": "69", "dist": "96"}, {"player": "jonathan schoop", "game": "det @ kc", "gameIdx": 0, "hr/park": "", "pa": "29", "dt": "", "img": "https://www.mlbstatic.com/team-logos/116.svg", "team": "det", "start": "", "in": "4", "result": "Groundout", "evo": "88.1", "la": "-19", "dist": "10"}, {"player": "nomar mazara", "game": "det @ kc", "gameIdx": 0, "hr/park": "", "pa": "28", "dt": "", "img": "https://www.mlbstatic.com/team-logos/116.svg", "team": "det", "start": "", "in": "4", "result": "Groundout", "evo": "93.7", "la": "-44", "dist": "3"}, {"player": "andrew benintendi", "game": "det @ kc", "gameIdx": 0, "hr/park": "", "pa": "27", "dt": "", "img": "https://www.mlbstatic.com/team-logos/118.svg", "team": "kc", "start": "", "in": "3", "result": "Groundout", "evo": "67.9", "la": "-1", "dist": "33"}, {"player": "jorge soler", "game": "det @ kc", "gameIdx": 0, "hr/park": "", "pa": "26", "dt": "", "img": "https://www.mlbstatic.com/team-logos/118.svg", "team": "kc", "start": "", "in": "3", "result": "Strikeout", "evo": "", "la": "", "dist": ""}, {"player": "salvador perez", "game": "det @ kc", "gameIdx": 0, "hr/park": "", "pa": "25", "dt": "", "img": "https://www.mlbstatic.com/team-logos/118.svg", "team": "kc", "start": "", "in": "3", "result": "Strikeout", "evo": "", "la": "", "dist": ""}, {"player": "miguel cabrera", "game": "det @ kc", "gameIdx": 0, "hr/park": "", "pa": "24", "dt": "", "img": "https://www.mlbstatic.com/team-logos/116.svg", "team": "det", "start": "", "in": "3", "result": "Strikeout", "evo": "", "la": "", "dist": ""}, {"player": "jeimer candelario", "game": "det @ kc", "gameIdx": 0, "hr/park": "", "pa": "23", "dt": "", "img": "https://www.mlbstatic.com/team-logos/116.svg", "team": "det", "start": "", "in": "3", "result": "Groundout", "evo": "80.6", "la": "-19", "dist": "8"}, {"player": "harold castro", "game": "det @ kc", "gameIdx": 0, "hr/park": "", "pa": "22", "dt": "", "img": "https://www.mlbstatic.com/team-logos/116.svg", "team": "det", "start": "", "in": "3", "result": "Groundout", "evo": "76.0", "la": "-18", "dist": "8"}, {"player": "carlos santana", "game": "det @ kc", "gameIdx": 0, "hr/park": "0/30", "pa": "21", "dt": "", "img": "https://www.mlbstatic.com/team-logos/118.svg", "team": "kc", "start": "", "in": "2", "result": "Flyout", "evo": "86.9", "la": "33", "dist": "317"}, {"player": "whit merrifield", "game": "det @ kc", "gameIdx": 0, "hr/park": "", "pa": "20", "dt": "", "img": "https://www.mlbstatic.com/team-logos/118.svg", "team": "kc", "start": "", "in": "2", "result": "Lineout", "evo": "97.3", "la": "11", "dist": "191"}, {"player": "nicky lopez", "game": "det @ kc", "gameIdx": 0, "hr/park": "", "pa": "19", "dt": "", "img": "https://www.mlbstatic.com/team-logos/118.svg", "team": "kc", "start": "", "in": "2", "result": "Forceout", "evo": "32.3", "la": "-35", "dist": "7"}, {"player": "hanser alberto", "game": "det @ kc", "gameIdx": 0, "hr/park": "", "pa": "18", "dt": "", "img": "https://www.mlbstatic.com/team-logos/118.svg", "team": "kc", "start": "", "in": "2", "result": "Single", "evo": "46.5", "la": "-59", "dist": "5"}, {"player": "robbie grossman", "game": "det @ kc", "gameIdx": 0, "hr/park": "", "pa": "17", "dt": "", "img": "https://www.mlbstatic.com/team-logos/116.svg", "team": "det", "start": "", "in": "2", "result": "Flyout", "evo": "77.2", "la": "32", "dist": "276"}, {"player": "akil baddoo", "game": "det @ kc", "gameIdx": 0, "hr/park": "", "pa": "16", "dt": "", "img": "https://www.mlbstatic.com/team-logos/116.svg", "team": "det", "start": "", "in": "2", "result": "Single", "evo": "65.2", "la": "12", "dist": "105"}, {"player": "wilson ramos", "game": "det @ kc", "gameIdx": 0, "hr/park": "", "pa": "15", "dt": "", "img": "https://www.mlbstatic.com/team-logos/116.svg", "team": "det", "start": "", "in": "2", "result": "Walk", "evo": "", "la": "", "dist": ""}, {"player": "willi castro", "game": "det @ kc", "gameIdx": 0, "hr/park": "", "pa": "14", "dt": "", "img": "https://www.mlbstatic.com/team-logos/116.svg", "team": "det", "start": "", "in": "2", "result": "Forceout", "evo": "102.5", "la": "4", "dist": "109"}, {"player": "jonathan schoop", "game": "det @ kc", "gameIdx": 0, "hr/park": "", "pa": "13", "dt": "", "img": "https://www.mlbstatic.com/team-logos/116.svg", "team": "det", "start": "", "in": "2", "result": "Single", "evo": "77.3", "la": "-67", "dist": "1"}, {"player": "nomar mazara", "game": "det @ kc", "gameIdx": 0, "hr/park": "", "pa": "12", "dt": "", "img": "https://www.mlbstatic.com/team-logos/116.svg", "team": "det", "start": "", "in": "2", "result": "Strikeout", "evo": "", "la": "", "dist": ""}, {"player": "miguel cabrera", "game": "det @ kc", "gameIdx": 0, "hr/park": "", "pa": "11", "dt": "", "img": "https://www.mlbstatic.com/team-logos/116.svg", "team": "det", "start": "", "in": "2", "result": "Single", "evo": "107.8", "la": "11", "dist": "205"}, {"player": "michael a taylor", "game": "det @ kc", "gameIdx": 0, "hr/park": "", "pa": "10", "dt": "", "img": "https://www.mlbstatic.com/team-logos/118.svg", "team": "kc", "start": "", "in": "1", "result": "Strikeout", "evo": "", "la": "", "dist": ""}, {"player": "kelvin gutierrez", "game": "det @ kc", "gameIdx": 0, "hr/park": "", "pa": "9", "dt": "", "img": "https://www.mlbstatic.com/team-logos/118.svg", "team": "kc", "start": "", "in": "1", "result": "Strikeout", "evo": "", "la": "", "dist": ""}, {"player": "andrew benintendi", "game": "det @ kc", "gameIdx": 0, "hr/park": "", "pa": "8", "dt": "", "img": "https://www.mlbstatic.com/team-logos/118.svg", "team": "kc", "start": "", "in": "1", "result": "Single", "evo": "100.8", "la": "-3", "dist": "31"}, {"player": "jorge soler", "game": "det @ kc", "gameIdx": 0, "hr/park": "", "pa": "7", "dt": "", "img": "https://www.mlbstatic.com/team-logos/118.svg", "team": "kc", "start": "", "in": "1", "result": "Pop Out", "evo": "90.2", "la": "74", "dist": "84"}, {"player": "salvador perez", "game": "det @ kc", "gameIdx": 0, "hr/park": "", "pa": "6", "dt": "", "img": "https://www.mlbstatic.com/team-logos/118.svg", "team": "kc", "start": "", "in": "1", "result": "Single", "evo": "84.1", "la": "12", "dist": "168"}, {"player": "carlos santana", "game": "det @ kc", "gameIdx": 0, "hr/park": "", "pa": "5", "dt": "", "img": "https://www.mlbstatic.com/team-logos/118.svg", "team": "kc", "start": "", "in": "1", "result": "Single", "evo": "109.5", "la": "2", "dist": "71"}, {"player": "whit merrifield", "game": "det @ kc", "gameIdx": 0, "hr/park": "", "pa": "4", "dt": "", "img": "https://www.mlbstatic.com/team-logos/118.svg", "team": "kc", "start": "", "in": "1", "result": "Walk", "evo": "", "la": "", "dist": ""}, {"player": "jeimer candelario", "game": "det @ kc", "gameIdx": 0, "hr/park": "", "pa": "3", "dt": "", "img": "https://www.mlbstatic.com/team-logos/116.svg", "team": "det", "start": "", "in": "1", "result": "Strikeout", "evo": "", "la": "", "dist": ""}, {"player": "harold castro", "game": "det @ kc", "gameIdx": 0, "hr/park": "", "pa": "2", "dt": "", "img": "https://www.mlbstatic.com/team-logos/116.svg", "team": "det", "start": "", "in": "1", "result": "Groundout", "evo": "95.6", "la": "-19", "dist": "8"}, {"player": "robbie grossman", "game": "det @ kc", "gameIdx": 0, "hr/park": "", "pa": "1", "dt": "", "img": "https://www.mlbstatic.com/team-logos/116.svg", "team": "det", "start": "", "in": "1", "result": "Flyout", "evo": "89.9", "la": "28", "dist": "298"}], "min @ cle": [], "pit @ atl": [], "nym @ mia": [], "mil @ cin": [], "lad @ sf": [{"player": "mauricio dubon", "game": "lad @ sf", "gameIdx": 0, "hr/park": "", "pa": "71", "dt": "", "img": "https://www.mlbstatic.com/team-logos/137.svg", "team": "sf", "start": "", "in": "9", "result": "Groundout", "evo": "99.8", "la": "-17", "dist": "7"}, {"player": "alex dickerson", "game": "lad @ sf", "gameIdx": 0, "hr/park": "", "pa": "70", "dt": "", "img": "https://www.mlbstatic.com/team-logos/137.svg", "team": "sf", "start": "", "in": "9", "result": "Strikeout", "evo": "", "la": "", "dist": ""}, {"player": "evan longoria", "game": "lad @ sf", "gameIdx": 0, "hr/park": "0/30", "pa": "69", "dt": "", "img": "https://www.mlbstatic.com/team-logos/137.svg", "team": "sf", "start": "", "in": "9", "result": "Lineout", "evo": "100.6", "la": "21", "dist": "334"}, {"player": "chris taylor", "game": "lad @ sf", "gameIdx": 0, "hr/park": "", "pa": "68", "dt": "", "img": "https://www.mlbstatic.com/team-logos/119.svg", "team": "lad", "start": "", "in": "9", "result": "Strikeout", "evo": "", "la": "", "dist": ""}, {"player": "yoshi tsutsugo", "game": "lad @ sf", "gameIdx": 0, "hr/park": "", "pa": "67", "dt": "", "img": "https://www.mlbstatic.com/team-logos/119.svg", "team": "lad", "start": "", "in": "9", "result": "Flyout", "evo": "82.3", "la": "43", "dist": "281"}, {"player": "dj peters", "game": "lad @ sf", "gameIdx": 0, "hr/park": "", "pa": "66", "dt": "", "img": "https://www.mlbstatic.com/team-logos/119.svg", "team": "lad", "start": "", "in": "9", "result": "Flyout", "evo": "89.0", "la": "45", "dist": "274"}, {"player": "brandon belt", "game": "lad @ sf", "gameIdx": 0, "hr/park": "", "pa": "65", "dt": "", "img": "https://www.mlbstatic.com/team-logos/137.svg", "team": "sf", "start": "", "in": "8", "result": "Pop Out", "evo": "88.8", "la": "63", "dist": "181"}, {"player": "brandon crawford", "game": "lad @ sf", "gameIdx": 0, "hr/park": "", "pa": "64", "dt": "", "img": "https://www.mlbstatic.com/team-logos/137.svg", "team": "sf", "start": "", "in": "8", "result": "Strikeout", "evo": "", "la": "", "dist": ""}, {"player": "buster posey", "game": "lad @ sf", "gameIdx": 0, "hr/park": "30/30", "pa": "63", "dt": "", "img": "https://www.mlbstatic.com/team-logos/137.svg", "team": "sf", "start": "", "in": "8", "result": "Home Run", "evo": "109.2", "la": "23", "dist": "381"}, {"player": "mike yastrzemski", "game": "lad @ sf", "gameIdx": 0, "hr/park": "", "pa": "62", "dt": "", "img": "https://www.mlbstatic.com/team-logos/137.svg", "team": "sf", "start": "", "in": "8", "result": "Walk", "evo": "", "la": "", "dist": ""}, {"player": "austin slater", "game": "lad @ sf", "gameIdx": 0, "hr/park": "", "pa": "61", "dt": "", "img": "https://www.mlbstatic.com/team-logos/137.svg", "team": "sf", "start": "", "in": "8", "result": "Flyout", "evo": "89.2", "la": "39", "dist": "297"}, {"player": "matt beaty", "game": "lad @ sf", "gameIdx": 0, "hr/park": "", "pa": "60", "dt": "", "img": "https://www.mlbstatic.com/team-logos/119.svg", "team": "lad", "start": "", "in": "8", "result": "Strikeout", "evo": "", "la": "", "dist": ""}, {"player": "austin barnes", "game": "lad @ sf", "gameIdx": 0, "hr/park": "", "pa": "59", "dt": "", "img": "https://www.mlbstatic.com/team-logos/119.svg", "team": "lad", "start": "", "in": "8", "result": "Sac Bunt", "evo": "45.7", "la": "-60", "dist": "1"}, {"player": "gavin lux", "game": "lad @ sf", "gameIdx": 0, "hr/park": "", "pa": "58", "dt": "", "img": "https://www.mlbstatic.com/team-logos/119.svg", "team": "lad", "start": "", "in": "8", "result": "Forceout", "evo": "101.7", "la": "-5", "dist": "21"}, {"player": "albert pujols", "game": "lad @ sf", "gameIdx": 0, "hr/park": "", "pa": "57", "dt": "", "img": "https://www.mlbstatic.com/team-logos/119.svg", "team": "lad", "start": "", "in": "8", "result": "Single", "evo": "73.5", "la": "21", "dist": "218"}, {"player": "max muncy", "game": "lad @ sf", "gameIdx": 0, "hr/park": "", "pa": "56", "dt": "", "img": "https://www.mlbstatic.com/team-logos/119.svg", "team": "lad", "start": "", "in": "8", "result": "Single", "evo": "102.4", "la": "13", "dist": "252"}, {"player": "justin turner", "game": "lad @ sf", "gameIdx": 0, "hr/park": "0/30", "pa": "55", "dt": "", "img": "https://www.mlbstatic.com/team-logos/119.svg", "team": "lad", "start": "", "in": "8", "result": "Field Error", "evo": "99.4", "la": "22", "dist": "341"}, {"player": "darin ruf", "game": "lad @ sf", "gameIdx": 0, "hr/park": "", "pa": "54", "dt": "", "img": "https://www.mlbstatic.com/team-logos/137.svg", "team": "sf", "start": "", "in": "7", "result": "Strikeout", "evo": "", "la": "", "dist": ""}, {"player": "mauricio dubon", "game": "lad @ sf", "gameIdx": 0, "hr/park": "", "pa": "53", "dt": "", "img": "https://www.mlbstatic.com/team-logos/137.svg", "team": "sf", "start": "", "in": "7", "result": "Strikeout", "evo": "", "la": "", "dist": ""}, {"player": "alex dickerson", "game": "lad @ sf", "gameIdx": 0, "hr/park": "", "pa": "52", "dt": "", "img": "https://www.mlbstatic.com/team-logos/137.svg", "team": "sf", "start": "", "in": "7", "result": "Single", "evo": "70.6", "la": "21", "dist": "176"}, {"player": "evan longoria", "game": "lad @ sf", "gameIdx": 0, "hr/park": "", "pa": "51", "dt": "", "img": "https://www.mlbstatic.com/team-logos/137.svg", "team": "sf", "start": "", "in": "7", "result": "Single", "evo": "84.8", "la": "53", "dist": "237"}, {"player": "brandon belt", "game": "lad @ sf", "gameIdx": 0, "hr/park": "", "pa": "50", "dt": "", "img": "https://www.mlbstatic.com/team-logos/137.svg", "team": "sf", "start": "", "in": "7", "result": "Strikeout", "evo": "", "la": "", "dist": ""}, {"player": "brandon crawford", "game": "lad @ sf", "gameIdx": 0, "hr/park": "0/30", "pa": "49", "dt": "", "img": "https://www.mlbstatic.com/team-logos/137.svg", "team": "sf", "start": "", "in": "7", "result": "Double", "evo": "103.2", "la": "24", "dist": "402"}, {"player": "chris taylor", "game": "lad @ sf", "gameIdx": 0, "hr/park": "0/30", "pa": "48", "dt": "", "img": "https://www.mlbstatic.com/team-logos/119.svg", "team": "lad", "start": "", "in": "7", "result": "Lineout", "evo": "93.4", "la": "24", "dist": "332"}, {"player": "walker buehler", "game": "lad @ sf", "gameIdx": 0, "hr/park": "", "pa": "47", "dt": "", "img": "https://www.mlbstatic.com/team-logos/119.svg", "team": "lad", "start": "", "in": "7", "result": "Sac Bunt", "evo": "31.2", "la": "-27", "dist": "7"}, {"player": "dj peters", "game": "lad @ sf", "gameIdx": 0, "hr/park": "", "pa": "46", "dt": "", "img": "https://www.mlbstatic.com/team-logos/119.svg", "team": "lad", "start": "", "in": "7", "result": "Single", "evo": "72.1", "la": "24", "dist": "239"}, {"player": "matt beaty", "game": "lad @ sf", "gameIdx": 0, "hr/park": "", "pa": "45", "dt": "", "img": "https://www.mlbstatic.com/team-logos/119.svg", "team": "lad", "start": "", "in": "7", "result": "Double", "evo": "80.2", "la": "20", "dist": "225"}, {"player": "austin barnes", "game": "lad @ sf", "gameIdx": 0, "hr/park": "", "pa": "44", "dt": "", "img": "https://www.mlbstatic.com/team-logos/119.svg", "team": "lad", "start": "", "in": "7", "result": "Strikeout", "evo": "", "la": "", "dist": ""}, {"player": "gavin lux", "game": "lad @ sf", "gameIdx": 0, "hr/park": "", "pa": "43", "dt": "", "img": "https://www.mlbstatic.com/team-logos/119.svg", "team": "lad", "start": "", "in": "7", "result": "Single", "evo": "71.2", "la": "31", "dist": "234"}, {"player": "buster posey", "game": "lad @ sf", "gameIdx": 0, "hr/park": "", "pa": "42", "dt": "", "img": "https://www.mlbstatic.com/team-logos/137.svg", "team": "sf", "start": "", "in": "6", "result": "Groundout", "evo": "89.8", "la": "-24", "dist": "8"}, {"player": "mike yastrzemski", "game": "lad @ sf", "gameIdx": 0, "hr/park": "", "pa": "41", "dt": "", "img": "https://www.mlbstatic.com/team-logos/137.svg", "team": "sf", "start": "", "in": "6", "result": "Flyout", "evo": "90.7", "la": "48", "dist": "278"}, {"player": "steven duggar", "game": "lad @ sf", "gameIdx": 0, "hr/park": "", "pa": "40", "dt": "", "img": "https://www.mlbstatic.com/team-logos/137.svg", "team": "sf", "start": "", "in": "6", "result": "Groundout", "evo": "59.0", "la": "-17", "dist": "7"}, {"player": "albert pujols", "game": "lad @ sf", "gameIdx": 0, "hr/park": "", "pa": "39", "dt": "", "img": "https://www.mlbstatic.com/team-logos/119.svg", "team": "lad", "start": "", "in": "6", "result": "Groundout", "evo": "75.2", "la": "-27", "dist": "7"}, {"player": "max muncy", "game": "lad @ sf", "gameIdx": 0, "hr/park": "", "pa": "38", "dt": "", "img": "https://www.mlbstatic.com/team-logos/119.svg", "team": "lad", "start": "", "in": "6", "result": "Forceout", "evo": "79.9", "la": "-20", "dist": "9"}, {"player": "justin turner", "game": "lad @ sf", "gameIdx": 0, "hr/park": "", "pa": "37", "dt": "", "img": "https://www.mlbstatic.com/team-logos/119.svg", "team": "lad", "start": "", "in": "6", "result": "Walk", "evo": "", "la": "", "dist": ""}, {"player": "chris taylor", "game": "lad @ sf", "gameIdx": 0, "hr/park": "", "pa": "36", "dt": "", "img": "https://www.mlbstatic.com/team-logos/119.svg", "team": "lad", "start": "", "in": "6", "result": "Groundout", "evo": "89.5", "la": "-11", "dist": "12"}, {"player": "mike tauchman", "game": "lad @ sf", "gameIdx": 0, "hr/park": "", "pa": "35", "dt": "", "img": "https://www.mlbstatic.com/team-logos/137.svg", "team": "sf", "start": "", "in": "5", "result": "Flyout", "evo": "98.5", "la": "49", "dist": "299"}, {"player": "mauricio dubon", "game": "lad @ sf", "gameIdx": 0, "hr/park": "0/30", "pa": "34", "dt": "", "img": "https://www.mlbstatic.com/team-logos/137.svg", "team": "sf", "start": "", "in": "5", "result": "Flyout", "evo": "101.1", "la": "38", "dist": "344"}, {"player": "alex dickerson", "game": "lad @ sf", "gameIdx": 0, "hr/park": "", "pa": "33", "dt": "", "img": "https://www.mlbstatic.com/team-logos/137.svg", "team": "sf", "start": "", "in": "5", "result": "Flyout", "evo": "83.6", "la": "42", "dist": "263"}, {"player": "walker buehler", "game": "lad @ sf", "gameIdx": 0, "hr/park": "", "pa": "32", "dt": "", "img": "https://www.mlbstatic.com/team-logos/119.svg", "team": "lad", "start": "", "in": "5", "result": "Flyout", "evo": "77.9", "la": "42", "dist": "232"}, {"player": "dj peters", "game": "lad @ sf", "gameIdx": 0, "hr/park": "", "pa": "31", "dt": "", "img": "https://www.mlbstatic.com/team-logos/119.svg", "team": "lad", "start": "", "in": "5", "result": "Double", "evo": "108.9", "la": "2", "dist": "70"}, {"player": "matt beaty", "game": "lad @ sf", "gameIdx": 0, "hr/park": "", "pa": "30", "dt": "", "img": "https://www.mlbstatic.com/team-logos/119.svg", "team": "lad", "start": "", "in": "5", "result": "Lineout", "evo": "104.9", "la": "7", "dist": "153"}, {"player": "austin barnes", "game": "lad @ sf", "gameIdx": 0, "hr/park": "23/30", "pa": "29", "dt": "", "img": "https://www.mlbstatic.com/team-logos/119.svg", "team": "lad", "start": "", "in": "5", "result": "Home Run", "evo": "109.0", "la": "18", "dist": "398"}, {"player": "gavin lux", "game": "lad @ sf", "gameIdx": 0, "hr/park": "", "pa": "28", "dt": "", "img": "https://www.mlbstatic.com/team-logos/119.svg", "team": "lad", "start": "", "in": "5", "result": "Groundout", "evo": "49.8", "la": "15", "dist": "87"}, {"player": "evan longoria", "game": "lad @ sf", "gameIdx": 0, "hr/park": "", "pa": "27", "dt": "", "img": "https://www.mlbstatic.com/team-logos/137.svg", "team": "sf", "start": "", "in": "4", "result": "GIDP", "evo": "101.6", "la": "-32", "dist": "5"}, {"player": "brandon belt", "game": "lad @ sf", "gameIdx": 0, "hr/park": "", "pa": "26", "dt": "", "img": "https://www.mlbstatic.com/team-logos/137.svg", "team": "sf", "start": "", "in": "4", "result": "Single", "evo": "37.6", "la": "-20", "dist": "8"}, {"player": "brandon crawford", "game": "lad @ sf", "gameIdx": 0, "hr/park": "", "pa": "25", "dt": "", "img": "https://www.mlbstatic.com/team-logos/137.svg", "team": "sf", "start": "", "in": "4", "result": "Groundout", "evo": "69.8", "la": "-19", "dist": "4"}, {"player": "albert pujols", "game": "lad @ sf", "gameIdx": 0, "hr/park": "", "pa": "24", "dt": "", "img": "https://www.mlbstatic.com/team-logos/119.svg", "team": "lad", "start": "", "in": "4", "result": "GIDP", "evo": "87.4", "la": "3", "dist": "62"}, {"player": "max muncy", "game": "lad @ sf", "gameIdx": 0, "hr/park": "", "pa": "23", "dt": "", "img": "https://www.mlbstatic.com/team-logos/119.svg", "team": "lad", "start": "", "in": "4", "result": "Single", "evo": "109.1", "la": "10", "dist": "201"}, {"player": "justin turner", "game": "lad @ sf", "gameIdx": 0, "hr/park": "0/30", "pa": "22", "dt": "", "img": "https://www.mlbstatic.com/team-logos/119.svg", "team": "lad", "start": "", "in": "4", "result": "Flyout", "evo": "100.5", "la": "34", "dist": "377"}, {"player": "buster posey", "game": "lad @ sf", "gameIdx": 0, "hr/park": "", "pa": "21", "dt": "", "img": "https://www.mlbstatic.com/team-logos/137.svg", "team": "sf", "start": "", "in": "3", "result": "Groundout", "evo": "72.8", "la": "-21", "dist": "4"}, {"player": "mike yastrzemski", "game": "lad @ sf", "gameIdx": 0, "hr/park": "", "pa": "20", "dt": "", "img": "https://www.mlbstatic.com/team-logos/137.svg", "team": "sf", "start": "", "in": "3", "result": "Strikeout", "evo": "", "la": "", "dist": ""}, {"player": "scott kazmir", "game": "lad @ sf", "gameIdx": 0, "hr/park": "", "pa": "19", "dt": "", "img": "https://www.mlbstatic.com/team-logos/137.svg", "team": "sf", "start": "", "in": "3", "result": "Sac Bunt", "evo": "24.4", "la": "23", "dist": "35"}, {"player": "mike tauchman", "game": "lad @ sf", "gameIdx": 0, "hr/park": "", "pa": "18", "dt": "", "img": "https://www.mlbstatic.com/team-logos/137.svg", "team": "sf", "start": "", "in": "3", "result": "Single", "evo": "63.8", "la": "18", "dist": "130"}, {"player": "chris taylor", "game": "lad @ sf", "gameIdx": 0, "hr/park": "", "pa": "17", "dt": "", "img": "https://www.mlbstatic.com/team-logos/119.svg", "team": "lad", "start": "", "in": "3", "result": "Strikeout", "evo": "", "la": "", "dist": ""}, {"player": "walker buehler", "game": "lad @ sf", "gameIdx": 0, "hr/park": "", "pa": "16", "dt": "", "img": "https://www.mlbstatic.com/team-logos/119.svg", "team": "lad", "start": "", "in": "3", "result": "Groundout", "evo": "86.4", "la": "-40", "dist": "3"}, {"player": "dj peters", "game": "lad @ sf", "gameIdx": 0, "hr/park": "", "pa": "15", "dt": "", "img": "https://www.mlbstatic.com/team-logos/119.svg", "team": "lad", "start": "", "in": "3", "result": "Pop Out", "evo": "101.8", "la": "67", "dist": "180"}, {"player": "mauricio dubon", "game": "lad @ sf", "gameIdx": 0, "hr/park": "", "pa": "14", "dt": "", "img": "https://www.mlbstatic.com/team-logos/137.svg", "team": "sf", "start": "", "in": "2", "result": "Groundout", "evo": "94.6", "la": "-18", "dist": "12"}, {"player": "alex dickerson", "game": "lad @ sf", "gameIdx": 0, "hr/park": "", "pa": "13", "dt": "", "img": "https://www.mlbstatic.com/team-logos/137.svg", "team": "sf", "start": "", "in": "2", "result": "Walk", "evo": "", "la": "", "dist": ""}, {"player": "evan longoria", "game": "lad @ sf", "gameIdx": 0, "hr/park": "", "pa": "12", "dt": "", "img": "https://www.mlbstatic.com/team-logos/137.svg", "team": "sf", "start": "", "in": "2", "result": "Groundout", "evo": "95.5", "la": "-22", "dist": "4"}, {"player": "brandon belt", "game": "lad @ sf", "gameIdx": 0, "hr/park": "", "pa": "11", "dt": "", "img": "https://www.mlbstatic.com/team-logos/137.svg", "team": "sf", "start": "", "in": "2", "result": "Strikeout", "evo": "", "la": "", "dist": ""}, {"player": "matt beaty", "game": "lad @ sf", "gameIdx": 0, "hr/park": "", "pa": "10", "dt": "", "img": "https://www.mlbstatic.com/team-logos/119.svg", "team": "lad", "start": "", "in": "2", "result": "Groundout", "evo": "88.6", "la": "-19", "dist": "7"}, {"player": "austin barnes", "game": "lad @ sf", "gameIdx": 0, "hr/park": "", "pa": "9", "dt": "", "img": "https://www.mlbstatic.com/team-logos/119.svg", "team": "lad", "start": "", "in": "2", "result": "Flyout", "evo": "83.2", "la": "44", "dist": "242"}, {"player": "gavin lux", "game": "lad @ sf", "gameIdx": 0, "hr/park": "", "pa": "8", "dt": "", "img": "https://www.mlbstatic.com/team-logos/119.svg", "team": "lad", "start": "", "in": "2", "result": "Groundout", "evo": "80.6", "la": "8", "dist": "107"}, {"player": "brandon crawford", "game": "lad @ sf", "gameIdx": 0, "hr/park": "", "pa": "7", "dt": "", "img": "https://www.mlbstatic.com/team-logos/137.svg", "team": "sf", "start": "", "in": "1", "result": "Groundout", "evo": "87.9", "la": "-17", "dist": "5"}, {"player": "buster posey", "game": "lad @ sf", "gameIdx": 0, "hr/park": "", "pa": "6", "dt": "", "img": "https://www.mlbstatic.com/team-logos/137.svg", "team": "sf", "start": "", "in": "1", "result": "GIDP", "evo": "103.3", "la": "-3", "dist": "33"}, {"player": "mike yastrzemski", "game": "lad @ sf", "gameIdx": 0, "hr/park": "", "pa": "5", "dt": "", "img": "https://www.mlbstatic.com/team-logos/137.svg", "team": "sf", "start": "", "in": "1", "result": "Single", "evo": "99.5", "la": "15", "dist": "227"}, {"player": "albert pujols", "game": "lad @ sf", "gameIdx": 0, "hr/park": "", "pa": "4", "dt": "", "img": "https://www.mlbstatic.com/team-logos/119.svg", "team": "lad", "start": "", "in": "1", "result": "Groundout", "evo": "103.5", "la": "-23", "dist": "7"}, {"player": "max muncy", "game": "lad @ sf", "gameIdx": 0, "hr/park": "30/30", "pa": "3", "dt": "", "img": "https://www.mlbstatic.com/team-logos/119.svg", "team": "lad", "start": "", "in": "1", "result": "Home Run", "evo": "108.2", "la": "30", "dist": "423"}, {"player": "justin turner", "game": "lad @ sf", "gameIdx": 0, "hr/park": "", "pa": "2", "dt": "", "img": "https://www.mlbstatic.com/team-logos/119.svg", "team": "lad", "start": "", "in": "1", "result": "Strikeout", "evo": "", "la": "", "dist": ""}, {"player": "chris taylor", "game": "lad @ sf", "gameIdx": 0, "hr/park": "", "pa": "1", "dt": "", "img": "https://www.mlbstatic.com/team-logos/119.svg", "team": "lad", "start": "", "in": "1", "result": "Groundout", "evo": "78.5", "la": "-11", "dist": "14"}], "chc @ stl": [], "bos @ phi": [], "sea @ sd": [], "ath @ laa": [{"player": "phil gosselin", "game": "ath @ laa", "gameIdx": 0, "hr/park": "", "pa": "73", "dt": "", "img": "https://www.mlbstatic.com/team-logos/108.svg", "team": "laa", "start": "", "in": "9", "result": "Strikeout", "evo": "", "la": "", "dist": ""}, {"player": "justin upton", "game": "ath @ laa", "gameIdx": 0, "hr/park": "", "pa": "72", "dt": "", "img": "https://www.mlbstatic.com/team-logos/108.svg", "team": "laa", "start": "", "in": "9", "result": "Strikeout", "evo": "", "la": "", "dist": ""}, {"player": "jared walsh", "game": "ath @ laa", "gameIdx": 0, "hr/park": "", "pa": "71", "dt": "", "img": "https://www.mlbstatic.com/team-logos/108.svg", "team": "laa", "start": "", "in": "9", "result": "Groundout", "evo": "95.2", "la": "-23", "dist": "9"}, {"player": "matt olson", "game": "ath @ laa", "gameIdx": 0, "hr/park": "", "pa": "70", "dt": "", "img": "https://www.mlbstatic.com/team-logos/133.svg", "team": "ath", "start": "", "in": "9", "result": "Groundout", "evo": "91.0", "la": "-34", "dist": "4"}, {"player": "ramon laureano", "game": "ath @ laa", "gameIdx": 0, "hr/park": "", "pa": "69", "dt": "", "img": "https://www.mlbstatic.com/team-logos/133.svg", "team": "ath", "start": "", "in": "9", "result": "Flyout", "evo": "83.0", "la": "34", "dist": "280"}, {"player": "matt chapman", "game": "ath @ laa", "gameIdx": 0, "hr/park": "", "pa": "68", "dt": "", "img": "https://www.mlbstatic.com/team-logos/133.svg", "team": "ath", "start": "", "in": "9", "result": "Flyout", "evo": "78.3", "la": "32", "dist": "277"}, {"player": "anthony rendon", "game": "ath @ laa", "gameIdx": 0, "hr/park": "", "pa": "67", "dt": "", "img": "https://www.mlbstatic.com/team-logos/108.svg", "team": "laa", "start": "", "in": "8", "result": "Pop Out", "evo": "66.2", "la": "76", "dist": "77"}, {"player": "shohei ohtani", "game": "ath @ laa", "gameIdx": 0, "hr/park": "0/30", "pa": "66", "dt": "", "img": "https://www.mlbstatic.com/team-logos/108.svg", "team": "laa", "start": "", "in": "8", "result": "Triple", "evo": "102.3", "la": "22", "dist": "397"}, {"player": "jose iglesias", "game": "ath @ laa", "gameIdx": 0, "hr/park": "", "pa": "65", "dt": "", "img": "https://www.mlbstatic.com/team-logos/108.svg", "team": "laa", "start": "", "in": "8", "result": "Forceout", "evo": "60.2", "la": "-4", "dist": "19"}, {"player": "david fletcher", "game": "ath @ laa", "gameIdx": 0, "hr/park": "", "pa": "64", "dt": "", "img": "https://www.mlbstatic.com/team-logos/108.svg", "team": "laa", "start": "", "in": "8", "result": "Single", "evo": "86.7", "la": "-3", "dist": "31"}, {"player": "kurt suzuki", "game": "ath @ laa", "gameIdx": 0, "hr/park": "", "pa": "63", "dt": "", "img": "https://www.mlbstatic.com/team-logos/108.svg", "team": "laa", "start": "", "in": "8", "result": "Pop Out", "evo": "60.1", "la": "31", "dist": "183"}, {"player": "juan lagares", "game": "ath @ laa", "gameIdx": 0, "hr/park": "", "pa": "62", "dt": "", "img": "https://www.mlbstatic.com/team-logos/108.svg", "team": "laa", "start": "", "in": "8", "result": "Single", "evo": "106.9", "la": "7", "dist": "197"}, {"player": "luis barrera", "game": "ath @ laa", "gameIdx": 0, "hr/park": "", "pa": "61", "dt": "", "img": "https://www.mlbstatic.com/team-logos/133.svg", "team": "ath", "start": "", "in": "8", "result": "Groundout", "evo": "95.7", "la": "-9", "dist": "9"}, {"player": "aramis garcia", "game": "ath @ laa", "gameIdx": 0, "hr/park": "", "pa": "60", "dt": "", "img": "https://www.mlbstatic.com/team-logos/133.svg", "team": "ath", "start": "", "in": "8", "result": "Flyout", "evo": "94.3", "la": "40", "dist": "298"}, {"player": "elvis andrus", "game": "ath @ laa", "gameIdx": 0, "hr/park": "", "pa": "59", "dt": "", "img": "https://www.mlbstatic.com/team-logos/133.svg", "team": "ath", "start": "", "in": "8", "result": "Pop Out", "evo": "84.2", "la": "64", "dist": "162"}, {"player": "seth brown", "game": "ath @ laa", "gameIdx": 0, "hr/park": "30/30", "pa": "58", "dt": "", "img": "https://www.mlbstatic.com/team-logos/133.svg", "team": "ath", "start": "", "in": "8", "result": "Home Run", "evo": "103.8", "la": "31", "dist": "415"}, {"player": "jed lowrie", "game": "ath @ laa", "gameIdx": 0, "hr/park": "", "pa": "57", "dt": "", "img": "https://www.mlbstatic.com/team-logos/133.svg", "team": "ath", "start": "", "in": "8", "result": "Walk", "evo": "", "la": "", "dist": ""}, {"player": "jose rojas", "game": "ath @ laa", "gameIdx": 0, "hr/park": "", "pa": "56", "dt": "", "img": "https://www.mlbstatic.com/team-logos/108.svg", "team": "laa", "start": "", "in": "7", "result": "Groundout", "evo": "55.2", "la": "-15", "dist": "9"}, {"player": "justin upton", "game": "ath @ laa", "gameIdx": 0, "hr/park": "", "pa": "55", "dt": "", "img": "https://www.mlbstatic.com/team-logos/108.svg", "team": "laa", "start": "", "in": "7", "result": "Groundout", "evo": "86.9", "la": "-19", "dist": "8"}, {"player": "jared walsh", "game": "ath @ laa", "gameIdx": 0, "hr/park": "", "pa": "54", "dt": "", "img": "https://www.mlbstatic.com/team-logos/108.svg", "team": "laa", "start": "", "in": "7", "result": "Flyout", "evo": "90.0", "la": "48", "dist": "276"}, {"player": "chad pinder", "game": "ath @ laa", "gameIdx": 0, "hr/park": "", "pa": "53", "dt": "", "img": "https://www.mlbstatic.com/team-logos/133.svg", "team": "ath", "start": "", "in": "7", "result": "Forceout", "evo": "110.3", "la": "-24", "dist": "6"}, {"player": "ramon laureano", "game": "ath @ laa", "gameIdx": 0, "hr/park": "14/30", "pa": "51", "dt": "", "img": "https://www.mlbstatic.com/team-logos/133.svg", "team": "ath", "start": "", "in": "7", "result": "Double", "evo": "102.4", "la": "24", "dist": "369"}, {"player": "matt chapman", "game": "ath @ laa", "gameIdx": 0, "hr/park": "", "pa": "50", "dt": "", "img": "https://www.mlbstatic.com/team-logos/133.svg", "team": "ath", "start": "", "in": "7", "result": "Groundout", "evo": "68.3", "la": "-34", "dist": "3"}, {"player": "mark canha", "game": "ath @ laa", "gameIdx": 0, "hr/park": "0/30", "pa": "49", "dt": "", "img": "https://www.mlbstatic.com/team-logos/133.svg", "team": "ath", "start": "", "in": "7", "result": "Flyout", "evo": "95.5", "la": "30", "dist": "372"}, {"player": "aramis garcia", "game": "ath @ laa", "gameIdx": 0, "hr/park": "30/30", "pa": "48", "dt": "", "img": "https://www.mlbstatic.com/team-logos/133.svg", "team": "ath", "start": "", "in": "7", "result": "Home Run", "evo": "102.1", "la": "30", "dist": "408"}, {"player": "anthony rendon", "game": "ath @ laa", "gameIdx": 0, "hr/park": "", "pa": "47", "dt": "", "img": "https://www.mlbstatic.com/team-logos/108.svg", "team": "laa", "start": "", "in": "6", "result": "Strikeout", "evo": "", "la": "", "dist": ""}, {"player": "shohei ohtani", "game": "ath @ laa", "gameIdx": 0, "hr/park": "", "pa": "46", "dt": "", "img": "https://www.mlbstatic.com/team-logos/108.svg", "team": "laa", "start": "", "in": "6", "result": "Double", "evo": "68.5", "la": "7", "dist": "81"}, {"player": "jose iglesias", "game": "ath @ laa", "gameIdx": 0, "hr/park": "", "pa": "45", "dt": "", "img": "https://www.mlbstatic.com/team-logos/108.svg", "team": "laa", "start": "", "in": "6", "result": "Strikeout", "evo": "", "la": "", "dist": ""}, {"player": "david fletcher", "game": "ath @ laa", "gameIdx": 0, "hr/park": "0/30", "pa": "44", "dt": "", "img": "https://www.mlbstatic.com/team-logos/108.svg", "team": "laa", "start": "", "in": "6", "result": "Lineout", "evo": "94.8", "la": "20", "dist": "335"}, {"player": "elvis andrus", "game": "ath @ laa", "gameIdx": 0, "hr/park": "", "pa": "43", "dt": "", "img": "https://www.mlbstatic.com/team-logos/133.svg", "team": "ath", "start": "", "in": "6", "result": "Lineout", "evo": "76.6", "la": "27", "dist": "254"}, {"player": "seth brown", "game": "ath @ laa", "gameIdx": 0, "hr/park": "", "pa": "42", "dt": "", "img": "https://www.mlbstatic.com/team-logos/133.svg", "team": "ath", "start": "", "in": "6", "result": "Groundout", "evo": "85.5", "la": "-24", "dist": "5"}, {"player": "jed lowrie", "game": "ath @ laa", "gameIdx": 0, "hr/park": "", "pa": "41", "dt": "", "img": "https://www.mlbstatic.com/team-logos/133.svg", "team": "ath", "start": "", "in": "6", "result": "Groundout", "evo": "102.5", "la": "7", "dist": "142"}, {"player": "chad pinder", "game": "ath @ laa", "gameIdx": 0, "hr/park": "", "pa": "40", "dt": "", "img": "https://www.mlbstatic.com/team-logos/133.svg", "team": "ath", "start": "", "in": "6", "result": "Double", "evo": "83.1", "la": "-1", "dist": "27"}, {"player": "matt olson", "game": "ath @ laa", "gameIdx": 0, "hr/park": "29/30", "pa": "39", "dt": "", "img": "https://www.mlbstatic.com/team-logos/133.svg", "team": "ath", "start": "", "in": "6", "result": "Home Run", "evo": "95.6", "la": "40", "dist": "371"}, {"player": "kurt suzuki", "game": "ath @ laa", "gameIdx": 0, "hr/park": "0/30", "pa": "38", "dt": "", "img": "https://www.mlbstatic.com/team-logos/108.svg", "team": "laa", "start": "", "in": "5", "result": "Lineout", "evo": "96.7", "la": "20", "dist": "324"}, {"player": "juan lagares", "game": "ath @ laa", "gameIdx": 0, "hr/park": "", "pa": "37", "dt": "", "img": "https://www.mlbstatic.com/team-logos/108.svg", "team": "laa", "start": "", "in": "5", "result": "Strikeout", "evo": "", "la": "", "dist": ""}, {"player": "jose rojas", "game": "ath @ laa", "gameIdx": 0, "hr/park": "0/30", "pa": "36", "dt": "", "img": "https://www.mlbstatic.com/team-logos/108.svg", "team": "laa", "start": "", "in": "5", "result": "Flyout", "evo": "94.7", "la": "34", "dist": "361"}, {"player": "ramon laureano", "game": "ath @ laa", "gameIdx": 0, "hr/park": "", "pa": "35", "dt": "", "img": "https://www.mlbstatic.com/team-logos/133.svg", "team": "ath", "start": "", "in": "5", "result": "GIDP", "evo": "74.4", "la": "3", "dist": "55"}, {"player": "matt chapman", "game": "ath @ laa", "gameIdx": 0, "hr/park": "", "pa": "34", "dt": "", "img": "https://www.mlbstatic.com/team-logos/133.svg", "team": "ath", "start": "", "in": "5", "result": "Walk", "evo": "", "la": "", "dist": ""}, {"player": "mark canha", "game": "ath @ laa", "gameIdx": 0, "hr/park": "", "pa": "33", "dt": "", "img": "https://www.mlbstatic.com/team-logos/133.svg", "team": "ath", "start": "", "in": "5", "result": "Hit By Pitch", "evo": "", "la": "", "dist": ""}, {"player": "aramis garcia", "game": "ath @ laa", "gameIdx": 0, "hr/park": "", "pa": "32", "dt": "", "img": "https://www.mlbstatic.com/team-logos/133.svg", "team": "ath", "start": "", "in": "5", "result": "Strikeout", "evo": "", "la": "", "dist": ""}, {"player": "justin upton", "game": "ath @ laa", "gameIdx": 0, "hr/park": "", "pa": "31", "dt": "", "img": "https://www.mlbstatic.com/team-logos/108.svg", "team": "laa", "start": "", "in": "4", "result": "Groundout", "evo": "101.6", "la": "-8", "dist": "15"}, {"player": "jared walsh", "game": "ath @ laa", "gameIdx": 0, "hr/park": "", "pa": "30", "dt": "", "img": "https://www.mlbstatic.com/team-logos/108.svg", "team": "laa", "start": "", "in": "4", "result": "Strikeout", "evo": "", "la": "", "dist": ""}, {"player": "anthony rendon", "game": "ath @ laa", "gameIdx": 0, "hr/park": "0/30", "pa": "29", "dt": "", "img": "https://www.mlbstatic.com/team-logos/108.svg", "team": "laa", "start": "", "in": "4", "result": "Flyout", "evo": "99.9", "la": "48", "dist": "326"}, {"player": "elvis andrus", "game": "ath @ laa", "gameIdx": 0, "hr/park": "", "pa": "28", "dt": "", "img": "https://www.mlbstatic.com/team-logos/133.svg", "team": "ath", "start": "", "in": "4", "result": "Groundout", "evo": "79.9", "la": "-13", "dist": "14"}, {"player": "stephen piscotty", "game": "ath @ laa", "gameIdx": 0, "hr/park": "", "pa": "27", "dt": "", "img": "https://www.mlbstatic.com/team-logos/133.svg", "team": "ath", "start": "", "in": "4", "result": "Strikeout", "evo": "", "la": "", "dist": ""}, {"player": "jed lowrie", "game": "ath @ laa", "gameIdx": 0, "hr/park": "", "pa": "26", "dt": "", "img": "https://www.mlbstatic.com/team-logos/133.svg", "team": "ath", "start": "", "in": "4", "result": "Lineout", "evo": "83.9", "la": "27", "dist": "290"}, {"player": "shohei ohtani", "game": "ath @ laa", "gameIdx": 0, "hr/park": "", "pa": "25", "dt": "", "img": "https://www.mlbstatic.com/team-logos/108.svg", "team": "laa", "start": "", "in": "3", "result": "Strikeout", "evo": "", "la": "", "dist": ""}, {"player": "jose iglesias", "game": "ath @ laa", "gameIdx": 0, "hr/park": "", "pa": "24", "dt": "", "img": "https://www.mlbstatic.com/team-logos/108.svg", "team": "laa", "start": "", "in": "3", "result": "Forceout", "evo": "78.1", "la": "-37", "dist": "4"}, {"player": "david fletcher", "game": "ath @ laa", "gameIdx": 0, "hr/park": "", "pa": "23", "dt": "", "img": "https://www.mlbstatic.com/team-logos/108.svg", "team": "laa", "start": "", "in": "3", "result": "Single", "evo": "83.4", "la": "-2", "dist": "39"}, {"player": "kurt suzuki", "game": "ath @ laa", "gameIdx": 0, "hr/park": "0/30", "pa": "22", "dt": "", "img": "https://www.mlbstatic.com/team-logos/108.svg", "team": "laa", "start": "", "in": "3", "result": "Flyout", "evo": "87.3", "la": "35", "dist": "324"}, {"player": "chad pinder", "game": "ath @ laa", "gameIdx": 0, "hr/park": "", "pa": "21", "dt": "", "img": "https://www.mlbstatic.com/team-logos/133.svg", "team": "ath", "start": "", "in": "3", "result": "Strikeout", "evo": "", "la": "", "dist": ""}, {"player": "matt olson", "game": "ath @ laa", "gameIdx": 0, "hr/park": "", "pa": "20", "dt": "", "img": "https://www.mlbstatic.com/team-logos/133.svg", "team": "ath", "start": "", "in": "3", "result": "GIDP", "evo": "101.6", "la": "-25", "dist": "7"}, {"player": "ramon laureano", "game": "ath @ laa", "gameIdx": 0, "hr/park": "", "pa": "19", "dt": "", "img": "https://www.mlbstatic.com/team-logos/133.svg", "team": "ath", "start": "", "in": "3", "result": "Single", "evo": "100.2", "la": "4", "dist": "89"}, {"player": "matt chapman", "game": "ath @ laa", "gameIdx": 0, "hr/park": "", "pa": "18", "dt": "", "img": "https://www.mlbstatic.com/team-logos/133.svg", "team": "ath", "start": "", "in": "3", "result": "Walk", "evo": "", "la": "", "dist": ""}, {"player": "mark canha", "game": "ath @ laa", "gameIdx": 0, "hr/park": "0/30", "pa": "17", "dt": "", "img": "https://www.mlbstatic.com/team-logos/133.svg", "team": "ath", "start": "", "in": "3", "result": "Double", "evo": "105.9", "la": "16", "dist": "332"}, {"player": "juan lagares", "game": "ath @ laa", "gameIdx": 0, "hr/park": "", "pa": "16", "dt": "", "img": "https://www.mlbstatic.com/team-logos/108.svg", "team": "laa", "start": "", "in": "2", "result": "Strikeout", "evo": "", "la": "", "dist": ""}, {"player": "jose rojas", "game": "ath @ laa", "gameIdx": 0, "hr/park": "0/30", "pa": "15", "dt": "", "img": "https://www.mlbstatic.com/team-logos/108.svg", "team": "laa", "start": "", "in": "2", "result": "Flyout", "evo": "99.4", "la": "27", "dist": "390"}, {"player": "justin upton", "game": "ath @ laa", "gameIdx": 0, "hr/park": "", "pa": "14", "dt": "", "img": "https://www.mlbstatic.com/team-logos/108.svg", "team": "laa", "start": "", "in": "2", "result": "Lineout", "evo": "59.6", "la": "24", "dist": "133"}, {"player": "aramis garcia", "game": "ath @ laa", "gameIdx": 0, "hr/park": "0/30", "pa": "13", "dt": "", "img": "https://www.mlbstatic.com/team-logos/133.svg", "team": "ath", "start": "", "in": "2", "result": "Flyout", "evo": "92.9", "la": "40", "dist": "342"}, {"player": "elvis andrus", "game": "ath @ laa", "gameIdx": 0, "hr/park": "", "pa": "12", "dt": "", "img": "https://www.mlbstatic.com/team-logos/133.svg", "team": "ath", "start": "", "in": "2", "result": "Forceout", "evo": "90.6", "la": "-45", "dist": "3"}, {"player": "stephen piscotty", "game": "ath @ laa", "gameIdx": 0, "hr/park": "", "pa": "11", "dt": "", "img": "https://www.mlbstatic.com/team-logos/133.svg", "team": "ath", "start": "", "in": "2", "result": "Forceout", "evo": "48.5", "la": "-23", "dist": "8"}, {"player": "jed lowrie", "game": "ath @ laa", "gameIdx": 0, "hr/park": "", "pa": "10", "dt": "", "img": "https://www.mlbstatic.com/team-logos/133.svg", "team": "ath", "start": "", "in": "2", "result": "Field Error", "evo": "87.2", "la": "", "dist": "40"}, {"player": "jared walsh", "game": "ath @ laa", "gameIdx": 0, "hr/park": "", "pa": "9", "dt": "", "img": "https://www.mlbstatic.com/team-logos/108.svg", "team": "laa", "start": "", "in": "1", "result": "Strikeout", "evo": "", "la": "", "dist": ""}, {"player": "anthony rendon", "game": "ath @ laa", "gameIdx": 0, "hr/park": "", "pa": "8", "dt": "", "img": "https://www.mlbstatic.com/team-logos/108.svg", "team": "laa", "start": "", "in": "1", "result": "Pop Out", "evo": "58.0", "la": "39", "dist": "182"}, {"player": "shohei ohtani", "game": "ath @ laa", "gameIdx": 0, "hr/park": "", "pa": "7", "dt": "", "img": "https://www.mlbstatic.com/team-logos/108.svg", "team": "laa", "start": "", "in": "1", "result": "Strikeout", "evo": "", "la": "", "dist": ""}, {"player": "jose iglesias", "game": "ath @ laa", "gameIdx": 0, "hr/park": "", "pa": "6", "dt": "", "img": "https://www.mlbstatic.com/team-logos/108.svg", "team": "laa", "start": "", "in": "1", "result": "Walk", "evo": "", "la": "", "dist": ""}, {"player": "chad pinder", "game": "ath @ laa", "gameIdx": 0, "hr/park": "", "pa": "5", "dt": "", "img": "https://www.mlbstatic.com/team-logos/133.svg", "team": "ath", "start": "", "in": "1", "result": "Groundout", "evo": "98.9", "la": "-28", "dist": "4"}, {"player": "matt olson", "game": "ath @ laa", "gameIdx": 0, "hr/park": "", "pa": "4", "dt": "", "img": "https://www.mlbstatic.com/team-logos/133.svg", "team": "ath", "start": "", "in": "1", "result": "Pop Out", "evo": "64.1", "la": "77", "dist": "44"}, {"player": "ramon laureano", "game": "ath @ laa", "gameIdx": 0, "hr/park": "", "pa": "3", "dt": "", "img": "https://www.mlbstatic.com/team-logos/133.svg", "team": "ath", "start": "", "in": "1", "result": "Single", "evo": "83.4", "la": "26", "dist": "272"}, {"player": "matt chapman", "game": "ath @ laa", "gameIdx": 0, "hr/park": "0/30", "pa": "2", "dt": "", "img": "https://www.mlbstatic.com/team-logos/133.svg", "team": "ath", "start": "", "in": "1", "result": "Sac Fly", "evo": "98.3", "la": "45", "dist": "301"}, {"player": "mark canha", "game": "ath @ laa", "gameIdx": 0, "hr/park": "0/30", "pa": "1", "dt": "", "img": "https://www.mlbstatic.com/team-logos/133.svg", "team": "ath", "start": "", "in": "1", "result": "Triple", "evo": "95.8", "la": "29", "dist": "370"}]}