{"all": {"pitchers": "21", "batters": "58", "pitches": "781", "max velomax pitch velocity": "100.5", "min velomin pitch velocity": "73.2", "ff%fourseam fastball %": "31.2", "si%sinker %": "20.1", "fc%cutter %": "9.6", "fs%splitter %": "0.0", "ch%changeup %": "12.2", "sl%slider %": "12.0", "cu%curve %": "14.9", "max evmax exit velocity": "110.4", "hhhard hit": "52", "hh%hard hit %": "35.4", "brlbarrels": "10", "brl%barrel %": "6.8", "ab": "192", "avg": ".234", "h": "45", "1b": "28", "2b": "11", "3b": "2", "hr": "4", "so": "50", "bipballs in play": "147", "liveGames": 0, "totGames": 15}, "wsh @ bal": [], "atl @ phi": [], "stl @ cin": [], "tb @ cle": [], "tor @ nym": [], "sd @ mia": [], "nyy @ bos": [{"player": "rougned odor", "game": "nyy @ bos", "gameIdx": 0, "hr/park": "", "pa": "70", "dt": "", "img": "https://www.mlbstatic.com/team-logos/147.svg", "team": "nyy", "start": "", "in": "9", "result": "Pop Out", "evo": "84.5", "la": "76", "dist": "72"}, {"player": "giancarlo stanton", "game": "nyy @ bos", "gameIdx": 0, "hr/park": "", "pa": "69", "dt": "", "img": "https://www.mlbstatic.com/team-logos/147.svg", "team": "nyy", "start": "", "in": "9", "result": "Single", "evo": "109.3", "la": "8", "dist": "223"}, {"player": "dj lemahieu", "game": "nyy @ bos", "gameIdx": 0, "hr/park": "", "pa": "68", "dt": "", "img": "https://www.mlbstatic.com/team-logos/147.svg", "team": "nyy", "start": "", "in": "9", "result": "Groundout", "evo": "97.0", "la": "2", "dist": "69"}, {"player": "greg allen", "game": "nyy @ bos", "gameIdx": 0, "hr/park": "0/30", "pa": "67", "dt": "", "img": "https://www.mlbstatic.com/team-logos/147.svg", "team": "nyy", "start": "", "in": "9", "result": "Lineout", "evo": "87.7", "la": "25", "dist": "308"}, {"player": "rafael devers", "game": "nyy @ bos", "gameIdx": 0, "hr/park": "", "pa": "66", "dt": "", "img": "https://www.mlbstatic.com/team-logos/111.svg", "team": "bos", "start": "", "in": "8", "result": "Groundout", "evo": "67.2", "la": "-29", "dist": "4"}, {"player": "xander bogaerts", "game": "nyy @ bos", "gameIdx": 0, "hr/park": "", "pa": "65", "dt": "", "img": "https://www.mlbstatic.com/team-logos/111.svg", "team": "bos", "start": "", "in": "8", "result": "Sac Fly", "evo": "91.9", "la": "51", "dist": "266"}, {"player": "kevin plawecki", "game": "nyy @ bos", "gameIdx": 0, "hr/park": "", "pa": "64", "dt": "", "img": "https://www.mlbstatic.com/team-logos/111.svg", "team": "bos", "start": "", "in": "8", "result": "Groundout", "evo": "78.8", "la": "-35", "dist": "4"}, {"player": "enrique hernandez", "game": "nyy @ bos", "gameIdx": 0, "hr/park": "", "pa": "63", "dt": "", "img": "https://www.mlbstatic.com/team-logos/111.svg", "team": "bos", "start": "", "in": "8", "result": "Double", "evo": "109.1", "la": "10", "dist": "205"}, {"player": "franchy cordero", "game": "nyy @ bos", "gameIdx": 0, "hr/park": "", "pa": "62", "dt": "", "img": "https://www.mlbstatic.com/team-logos/111.svg", "team": "bos", "start": "", "in": "8", "result": "Single", "evo": "105.8", "la": "-1", "dist": "44"}, {"player": "christian vazquez", "game": "nyy @ bos", "gameIdx": 0, "hr/park": "", "pa": "61", "dt": "", "img": "https://www.mlbstatic.com/team-logos/111.svg", "team": "bos", "start": "", "in": "8", "result": "Single", "evo": "67.9", "la": "26", "dist": "214"}, {"player": "hunter renfroe", "game": "nyy @ bos", "gameIdx": 0, "hr/park": "", "pa": "60", "dt": "", "img": "https://www.mlbstatic.com/team-logos/111.svg", "team": "bos", "start": "", "in": "8", "result": "Double", "evo": "95.7", "la": "21", "dist": "293"}, {"player": "alex verdugo", "game": "nyy @ bos", "gameIdx": 0, "hr/park": "2/30", "pa": "59", "dt": "", "img": "https://www.mlbstatic.com/team-logos/111.svg", "team": "bos", "start": "", "in": "8", "result": "Double", "evo": "98.3", "la": "24", "dist": "372"}, {"player": "ryan lamarre", "game": "nyy @ bos", "gameIdx": 0, "hr/park": "", "pa": "58", "dt": "", "img": "https://www.mlbstatic.com/team-logos/147.svg", "team": "nyy", "start": "", "in": "8", "result": "Groundout", "evo": "94.8", "la": "-2", "dist": "28"}, {"player": "gio urshela", "game": "nyy @ bos", "gameIdx": 0, "hr/park": "", "pa": "57", "dt": "", "img": "https://www.mlbstatic.com/team-logos/147.svg", "team": "nyy", "start": "", "in": "8", "result": "Groundout", "evo": "98.9", "la": "-3", "dist": "25"}, {"player": "brett gardner", "game": "nyy @ bos", "gameIdx": 0, "hr/park": "", "pa": "56", "dt": "", "img": "https://www.mlbstatic.com/team-logos/147.svg", "team": "nyy", "start": "", "in": "8", "result": "Walk", "evo": "", "la": "", "dist": ""}, {"player": "gleyber torres", "game": "nyy @ bos", "gameIdx": 0, "hr/park": "", "pa": "55", "dt": "", "img": "https://www.mlbstatic.com/team-logos/147.svg", "team": "nyy", "start": "", "in": "8", "result": "Single", "evo": "92.9", "la": "10", "dist": "150"}, {"player": "gary sanchez", "game": "nyy @ bos", "gameIdx": 0, "hr/park": "24/30", "pa": "54", "dt": "", "img": "https://www.mlbstatic.com/team-logos/147.svg", "team": "nyy", "start": "", "in": "8", "result": "Triple", "evo": "102.6", "la": "33", "dist": "416"}, {"player": "jd martinez", "game": "nyy @ bos", "gameIdx": 0, "hr/park": "", "pa": "53", "dt": "", "img": "https://www.mlbstatic.com/team-logos/111.svg", "team": "bos", "start": "", "in": "7", "result": "Strikeout", "evo": "", "la": "", "dist": ""}, {"player": "rafael devers", "game": "nyy @ bos", "gameIdx": 0, "hr/park": "", "pa": "52", "dt": "", "img": "https://www.mlbstatic.com/team-logos/111.svg", "team": "bos", "start": "", "in": "7", "result": "Strikeout", "evo": "", "la": "", "dist": ""}, {"player": "xander bogaerts", "game": "nyy @ bos", "gameIdx": 0, "hr/park": "", "pa": "51", "dt": "", "img": "https://www.mlbstatic.com/team-logos/111.svg", "team": "bos", "start": "", "in": "7", "result": "Strikeout", "evo": "", "la": "", "dist": ""}, {"player": "jarren duran", "game": "nyy @ bos", "gameIdx": 0, "hr/park": "", "pa": "50", "dt": "", "img": "https://www.mlbstatic.com/team-logos/111.svg", "team": "bos", "start": "", "in": "7", "result": "Strikeout", "evo": "", "la": "", "dist": ""}, {"player": "rougned odor", "game": "nyy @ bos", "gameIdx": 0, "hr/park": "0/30", "pa": "49", "dt": "", "img": "https://www.mlbstatic.com/team-logos/147.svg", "team": "nyy", "start": "", "in": "7", "result": "Flyout", "evo": "101.5", "la": "51", "dist": "316"}, {"player": "giancarlo stanton", "game": "nyy @ bos", "gameIdx": 0, "hr/park": "", "pa": "48", "dt": "", "img": "https://www.mlbstatic.com/team-logos/147.svg", "team": "nyy", "start": "", "in": "7", "result": "Strikeout", "evo": "", "la": "", "dist": ""}, {"player": "dj lemahieu", "game": "nyy @ bos", "gameIdx": 0, "hr/park": "", "pa": "47", "dt": "", "img": "https://www.mlbstatic.com/team-logos/147.svg", "team": "nyy", "start": "", "in": "7", "result": "Walk", "evo": "", "la": "", "dist": ""}, {"player": "greg allen", "game": "nyy @ bos", "gameIdx": 0, "hr/park": "", "pa": "46", "dt": "", "img": "https://www.mlbstatic.com/team-logos/147.svg", "team": "nyy", "start": "", "in": "7", "result": "Hit By Pitch", "evo": "", "la": "", "dist": ""}, {"player": "ryan lamarre", "game": "nyy @ bos", "gameIdx": 0, "hr/park": "", "pa": "45", "dt": "", "img": "https://www.mlbstatic.com/team-logos/147.svg", "team": "nyy", "start": "", "in": "7", "result": "Pop Out", "evo": "55.1", "la": "56", "dist": "133"}, {"player": "gio urshela", "game": "nyy @ bos", "gameIdx": 0, "hr/park": "", "pa": "44", "dt": "", "img": "https://www.mlbstatic.com/team-logos/147.svg", "team": "nyy", "start": "", "in": "7", "result": "Walk", "evo": "", "la": "", "dist": ""}, {"player": "enrique hernandez", "game": "nyy @ bos", "gameIdx": 0, "hr/park": "", "pa": "43", "dt": "", "img": "https://www.mlbstatic.com/team-logos/111.svg", "team": "bos", "start": "", "in": "6", "result": "Groundout", "evo": "75.1", "la": "-7", "dist": "16"}, {"player": "franchy cordero", "game": "nyy @ bos", "gameIdx": 0, "hr/park": "", "pa": "42", "dt": "", "img": "https://www.mlbstatic.com/team-logos/111.svg", "team": "bos", "start": "", "in": "6", "result": "Strikeout", "evo": "", "la": "", "dist": ""}, {"player": "christian vazquez", "game": "nyy @ bos", "gameIdx": 0, "hr/park": "", "pa": "41", "dt": "", "img": "https://www.mlbstatic.com/team-logos/111.svg", "team": "bos", "start": "", "in": "6", "result": "Groundout", "evo": "93.2", "la": "-8", "dist": "23"}, {"player": "brett gardner", "game": "nyy @ bos", "gameIdx": 0, "hr/park": "", "pa": "40", "dt": "", "img": "https://www.mlbstatic.com/team-logos/147.svg", "team": "nyy", "start": "", "in": "6", "result": "Lineout", "evo": "99.2", "la": "16", "dist": "272"}, {"player": "gleyber torres", "game": "nyy @ bos", "gameIdx": 0, "hr/park": "", "pa": "39", "dt": "", "img": "https://www.mlbstatic.com/team-logos/147.svg", "team": "nyy", "start": "", "in": "6", "result": "Lineout", "evo": "82.6", "la": "13", "dist": "183"}, {"player": "gary sanchez", "game": "nyy @ bos", "gameIdx": 0, "hr/park": "", "pa": "38", "dt": "", "img": "https://www.mlbstatic.com/team-logos/147.svg", "team": "nyy", "start": "", "in": "6", "result": "Groundout", "evo": "108.1", "la": "5", "dist": "99"}, {"player": "rougned odor", "game": "nyy @ bos", "gameIdx": 0, "hr/park": "29/30", "pa": "37", "dt": "", "img": "https://www.mlbstatic.com/team-logos/147.svg", "team": "nyy", "start": "", "in": "6", "result": "Home Run", "evo": "101.1", "la": "30", "dist": "413"}, {"player": "hunter renfroe", "game": "nyy @ bos", "gameIdx": 0, "hr/park": "", "pa": "36", "dt": "", "img": "https://www.mlbstatic.com/team-logos/111.svg", "team": "bos", "start": "", "in": "5", "result": "Groundout", "evo": "67.6", "la": "-28", "dist": "6"}, {"player": "alex verdugo", "game": "nyy @ bos", "gameIdx": 0, "hr/park": "0/30", "pa": "35", "dt": "", "img": "https://www.mlbstatic.com/team-logos/111.svg", "team": "bos", "start": "", "in": "5", "result": "Flyout", "evo": "92.9", "la": "38", "dist": "346"}, {"player": "jd martinez", "game": "nyy @ bos", "gameIdx": 0, "hr/park": "", "pa": "34", "dt": "", "img": "https://www.mlbstatic.com/team-logos/111.svg", "team": "bos", "start": "", "in": "5", "result": "Groundout", "evo": "80.0", "la": "", "dist": "34"}, {"player": "giancarlo stanton", "game": "nyy @ bos", "gameIdx": 0, "hr/park": "", "pa": "33", "dt": "", "img": "https://www.mlbstatic.com/team-logos/147.svg", "team": "nyy", "start": "", "in": "5", "result": "Groundout", "evo": "75.9", "la": "-34", "dist": "5"}, {"player": "dj lemahieu", "game": "nyy @ bos", "gameIdx": 0, "hr/park": "", "pa": "32", "dt": "", "img": "https://www.mlbstatic.com/team-logos/147.svg", "team": "nyy", "start": "", "in": "5", "result": "GIDP", "evo": "84.8", "la": "-14", "dist": "8"}, {"player": "greg allen", "game": "nyy @ bos", "gameIdx": 0, "hr/park": "", "pa": "31", "dt": "", "img": "https://www.mlbstatic.com/team-logos/147.svg", "team": "nyy", "start": "", "in": "5", "result": "Single", "evo": "93.4", "la": "19", "dist": "274"}, {"player": "rafael devers", "game": "nyy @ bos", "gameIdx": 0, "hr/park": "", "pa": "30", "dt": "", "img": "https://www.mlbstatic.com/team-logos/111.svg", "team": "bos", "start": "", "in": "4", "result": "Strikeout", "evo": "", "la": "", "dist": ""}, {"player": "xander bogaerts", "game": "nyy @ bos", "gameIdx": 0, "hr/park": "", "pa": "29", "dt": "", "img": "https://www.mlbstatic.com/team-logos/111.svg", "team": "bos", "start": "", "in": "4", "result": "Groundout", "evo": "89.6", "la": "-29", "dist": "6"}, {"player": "jarren duran", "game": "nyy @ bos", "gameIdx": 0, "hr/park": "", "pa": "28", "dt": "", "img": "https://www.mlbstatic.com/team-logos/111.svg", "team": "bos", "start": "", "in": "4", "result": "Strikeout", "evo": "", "la": "", "dist": ""}, {"player": "ryan lamarre", "game": "nyy @ bos", "gameIdx": 0, "hr/park": "", "pa": "27", "dt": "", "img": "https://www.mlbstatic.com/team-logos/147.svg", "team": "nyy", "start": "", "in": "4", "result": "GIDP", "evo": "103.7", "la": "-2", "dist": "31"}, {"player": "gio urshela", "game": "nyy @ bos", "gameIdx": 0, "hr/park": "14/30", "pa": "26", "dt": "", "img": "https://www.mlbstatic.com/team-logos/147.svg", "team": "nyy", "start": "", "in": "4", "result": "Single", "evo": "97.7", "la": "25", "dist": "369"}, {"player": "brett gardner", "game": "nyy @ bos", "gameIdx": 0, "hr/park": "", "pa": "25", "dt": "", "img": "https://www.mlbstatic.com/team-logos/147.svg", "team": "nyy", "start": "", "in": "4", "result": "Sac Bunt", "evo": "43.0", "la": "-51", "dist": "2"}, {"player": "gleyber torres", "game": "nyy @ bos", "gameIdx": 0, "hr/park": "", "pa": "24", "dt": "", "img": "https://www.mlbstatic.com/team-logos/147.svg", "team": "nyy", "start": "", "in": "4", "result": "Double", "evo": "75.0", "la": "18", "dist": "177"}, {"player": "enrique hernandez", "game": "nyy @ bos", "gameIdx": 0, "hr/park": "", "pa": "23", "dt": "", "img": "https://www.mlbstatic.com/team-logos/111.svg", "team": "bos", "start": "", "in": "3", "result": "Forceout", "evo": "100.4", "la": "-12", "dist": "11"}, {"player": "franchy cordero", "game": "nyy @ bos", "gameIdx": 0, "hr/park": "", "pa": "22", "dt": "", "img": "https://www.mlbstatic.com/team-logos/111.svg", "team": "bos", "start": "", "in": "3", "result": "Strikeout", "evo": "", "la": "", "dist": ""}, {"player": "christian vazquez", "game": "nyy @ bos", "gameIdx": 0, "hr/park": "", "pa": "21", "dt": "", "img": "https://www.mlbstatic.com/team-logos/111.svg", "team": "bos", "start": "", "in": "3", "result": "Flyout", "evo": "88.7", "la": "43", "dist": "286"}, {"player": "hunter renfroe", "game": "nyy @ bos", "gameIdx": 0, "hr/park": "", "pa": "20", "dt": "", "img": "https://www.mlbstatic.com/team-logos/111.svg", "team": "bos", "start": "", "in": "3", "result": "Walk", "evo": "", "la": "", "dist": ""}, {"player": "gary sanchez", "game": "nyy @ bos", "gameIdx": 0, "hr/park": "", "pa": "19", "dt": "", "img": "https://www.mlbstatic.com/team-logos/147.svg", "team": "nyy", "start": "", "in": "3", "result": "Strikeout", "evo": "", "la": "", "dist": ""}, {"player": "rougned odor", "game": "nyy @ bos", "gameIdx": 0, "hr/park": "", "pa": "18", "dt": "", "img": "https://www.mlbstatic.com/team-logos/147.svg", "team": "nyy", "start": "", "in": "3", "result": "Single", "evo": "70.9", "la": "22", "dist": "212"}, {"player": "giancarlo stanton", "game": "nyy @ bos", "gameIdx": 0, "hr/park": "", "pa": "17", "dt": "", "img": "https://www.mlbstatic.com/team-logos/147.svg", "team": "nyy", "start": "", "in": "3", "result": "Walk", "evo": "", "la": "", "dist": ""}, {"player": "dj lemahieu", "game": "nyy @ bos", "gameIdx": 0, "hr/park": "", "pa": "16", "dt": "", "img": "https://www.mlbstatic.com/team-logos/147.svg", "team": "nyy", "start": "", "in": "3", "result": "Strikeout", "evo": "", "la": "", "dist": ""}, {"player": "greg allen", "game": "nyy @ bos", "gameIdx": 0, "hr/park": "", "pa": "15", "dt": "", "img": "https://www.mlbstatic.com/team-logos/147.svg", "team": "nyy", "start": "", "in": "3", "result": "Walk", "evo": "", "la": "", "dist": ""}, {"player": "ryan lamarre", "game": "nyy @ bos", "gameIdx": 0, "hr/park": "", "pa": "14", "dt": "", "img": "https://www.mlbstatic.com/team-logos/147.svg", "team": "nyy", "start": "", "in": "3", "result": "Strikeout", "evo": "", "la": "", "dist": ""}, {"player": "alex verdugo", "game": "nyy @ bos", "gameIdx": 0, "hr/park": "", "pa": "13", "dt": "", "img": "https://www.mlbstatic.com/team-logos/111.svg", "team": "bos", "start": "", "in": "2", "result": "Strikeout", "evo": "", "la": "", "dist": ""}, {"player": "jd martinez", "game": "nyy @ bos", "gameIdx": 0, "hr/park": "0/30", "pa": "12", "dt": "", "img": "https://www.mlbstatic.com/team-logos/111.svg", "team": "bos", "start": "", "in": "2", "result": "Flyout", "evo": "98.8", "la": "37", "dist": "354"}, {"player": "rafael devers", "game": "nyy @ bos", "gameIdx": 0, "hr/park": "", "pa": "11", "dt": "", "img": "https://www.mlbstatic.com/team-logos/111.svg", "team": "bos", "start": "", "in": "2", "result": "Pop Out", "evo": "80.6", "la": "60", "dist": "180"}, {"player": "gio urshela", "game": "nyy @ bos", "gameIdx": 0, "hr/park": "", "pa": "10", "dt": "", "img": "https://www.mlbstatic.com/team-logos/147.svg", "team": "nyy", "start": "", "in": "2", "result": "Groundout", "evo": "87.6", "la": "-7", "dist": "15"}, {"player": "brett gardner", "game": "nyy @ bos", "gameIdx": 0, "hr/park": "", "pa": "9", "dt": "", "img": "https://www.mlbstatic.com/team-logos/147.svg", "team": "nyy", "start": "", "in": "2", "result": "Pop Out", "evo": "89.2", "la": "63", "dist": "166"}, {"player": "gleyber torres", "game": "nyy @ bos", "gameIdx": 0, "hr/park": "", "pa": "8", "dt": "", "img": "https://www.mlbstatic.com/team-logos/147.svg", "team": "nyy", "start": "", "in": "2", "result": "Strikeout", "evo": "", "la": "", "dist": ""}, {"player": "xander bogaerts", "game": "nyy @ bos", "gameIdx": 0, "hr/park": "0/30", "pa": "7", "dt": "", "img": "https://www.mlbstatic.com/team-logos/111.svg", "team": "bos", "start": "", "in": "1", "result": "Flyout", "evo": "95.6", "la": "39", "dist": "333"}, {"player": "jarren duran", "game": "nyy @ bos", "gameIdx": 0, "hr/park": "", "pa": "6", "dt": "", "img": "https://www.mlbstatic.com/team-logos/111.svg", "team": "bos", "start": "", "in": "1", "result": "Strikeout", "evo": "", "la": "", "dist": ""}, {"player": "enrique hernandez", "game": "nyy @ bos", "gameIdx": 0, "hr/park": "", "pa": "5", "dt": "", "img": "https://www.mlbstatic.com/team-logos/111.svg", "team": "bos", "start": "", "in": "1", "result": "Groundout", "evo": "93.1", "la": "-3", "dist": "33"}, {"player": "gary sanchez", "game": "nyy @ bos", "gameIdx": 0, "hr/park": "0/30", "pa": "4", "dt": "", "img": "https://www.mlbstatic.com/team-logos/147.svg", "team": "nyy", "start": "", "in": "1", "result": "Lineout", "evo": "108.7", "la": "17", "dist": "319"}, {"player": "rougned odor", "game": "nyy @ bos", "gameIdx": 0, "hr/park": "", "pa": "3", "dt": "", "img": "https://www.mlbstatic.com/team-logos/147.svg", "team": "nyy", "start": "", "in": "1", "result": "Strikeout", "evo": "", "la": "", "dist": ""}, {"player": "giancarlo stanton", "game": "nyy @ bos", "gameIdx": 0, "hr/park": "", "pa": "2", "dt": "", "img": "https://www.mlbstatic.com/team-logos/147.svg", "team": "nyy", "start": "", "in": "1", "result": "Strikeout", "evo": "", "la": "", "dist": ""}, {"player": "dj lemahieu", "game": "nyy @ bos", "gameIdx": 0, "hr/park": "0/30", "pa": "1", "dt": "", "img": "https://www.mlbstatic.com/team-logos/147.svg", "team": "nyy", "start": "", "in": "1", "result": "Double", "evo": "100.2", "la": "20", "dist": "371"}], "det @ kc": [{"player": "robbie grossman", "game": "det @ kc", "gameIdx": 0, "hr/park": "", "pa": "65", "dt": "", "img": "https://www.mlbstatic.com/team-logos/116.svg", "team": "det", "start": "", "in": "9", "result": "GIDP", "evo": "96.2", "la": "-3", "dist": "28"}, {"player": "jeimer candelario", "game": "det @ kc", "gameIdx": 0, "hr/park": "", "pa": "64", "dt": "", "img": "https://www.mlbstatic.com/team-logos/116.svg", "team": "det", "start": "", "in": "9", "result": "Strikeout", "evo": "", "la": "", "dist": ""}, {"player": "miguel cabrera", "game": "det @ kc", "gameIdx": 0, "hr/park": "", "pa": "63", "dt": "", "img": "https://www.mlbstatic.com/team-logos/116.svg", "team": "det", "start": "", "in": "9", "result": "Single", "evo": "107.9", "la": "10", "dist": "180"}, {"player": "eric haase", "game": "det @ kc", "gameIdx": 0, "hr/park": "", "pa": "62", "dt": "", "img": "https://www.mlbstatic.com/team-logos/116.svg", "team": "det", "start": "", "in": "9", "result": "Single", "evo": "88.4", "la": "17", "dist": "266"}, {"player": "jonathan schoop", "game": "det @ kc", "gameIdx": 0, "hr/park": "", "pa": "61", "dt": "", "img": "https://www.mlbstatic.com/team-logos/116.svg", "team": "det", "start": "", "in": "9", "result": "Double", "evo": "90.5", "la": "7", "dist": "137"}, {"player": "hunter dozier", "game": "det @ kc", "gameIdx": 0, "hr/park": "", "pa": "60", "dt": "", "img": "https://www.mlbstatic.com/team-logos/118.svg", "team": "kc", "start": "", "in": "8", "result": "Strikeout", "evo": "", "la": "", "dist": ""}, {"player": "jorge soler", "game": "det @ kc", "gameIdx": 0, "hr/park": "", "pa": "59", "dt": "", "img": "https://www.mlbstatic.com/team-logos/118.svg", "team": "kc", "start": "", "in": "8", "result": "Strikeout", "evo": "", "la": "", "dist": ""}, {"player": "salvador perez", "game": "det @ kc", "gameIdx": 0, "hr/park": "0/30", "pa": "58", "dt": "", "img": "https://www.mlbstatic.com/team-logos/118.svg", "team": "kc", "start": "", "in": "8", "result": "Flyout", "evo": "90.7", "la": "40", "dist": "315"}, {"player": "akil baddoo", "game": "det @ kc", "gameIdx": 0, "hr/park": "", "pa": "57", "dt": "", "img": "https://www.mlbstatic.com/team-logos/116.svg", "team": "det", "start": "", "in": "8", "result": "Groundout", "evo": "96.8", "la": "4", "dist": "83"}, {"player": "derek hill", "game": "det @ kc", "gameIdx": 0, "hr/park": "0/30", "pa": "56", "dt": "", "img": "https://www.mlbstatic.com/team-logos/116.svg", "team": "det", "start": "", "in": "8", "result": "Lineout", "evo": "101.4", "la": "15", "dist": "307"}, {"player": "zack short", "game": "det @ kc", "gameIdx": 0, "hr/park": "0/30", "pa": "55", "dt": "", "img": "https://www.mlbstatic.com/team-logos/116.svg", "team": "det", "start": "", "in": "8", "result": "Single", "evo": "104.3", "la": "14", "dist": "302"}, {"player": "willi castro", "game": "det @ kc", "gameIdx": 0, "hr/park": "", "pa": "54", "dt": "", "img": "https://www.mlbstatic.com/team-logos/116.svg", "team": "det", "start": "", "in": "8", "result": "Groundout", "evo": "90.2", "la": "7", "dist": "110"}, {"player": "carlos santana", "game": "det @ kc", "gameIdx": 0, "hr/park": "", "pa": "53", "dt": "", "img": "https://www.mlbstatic.com/team-logos/118.svg", "team": "kc", "start": "", "in": "7", "result": "GIDP", "evo": "98.8", "la": "-12", "dist": "12"}, {"player": "whit merrifield", "game": "det @ kc", "gameIdx": 0, "hr/park": "", "pa": "52", "dt": "", "img": "https://www.mlbstatic.com/team-logos/118.svg", "team": "kc", "start": "", "in": "7", "result": "Strikeout", "evo": "", "la": "", "dist": ""}, {"player": "jarrod dyson", "game": "det @ kc", "gameIdx": 0, "hr/park": "", "pa": "51", "dt": "", "img": "https://www.mlbstatic.com/team-logos/118.svg", "team": "kc", "start": "", "in": "7", "result": "Single", "evo": "96.4", "la": "17", "dist": "284"}, {"player": "cam gallagher", "game": "det @ kc", "gameIdx": 0, "hr/park": "", "pa": "50", "dt": "", "img": "https://www.mlbstatic.com/team-logos/118.svg", "team": "kc", "start": "", "in": "7", "result": "Walk", "evo": "", "la": "", "dist": ""}, {"player": "michael a taylor", "game": "det @ kc", "gameIdx": 0, "hr/park": "", "pa": "49", "dt": "", "img": "https://www.mlbstatic.com/team-logos/118.svg", "team": "kc", "start": "", "in": "7", "result": "Single", "evo": "110.4", "la": "3", "dist": "77"}, {"player": "robbie grossman", "game": "det @ kc", "gameIdx": 0, "hr/park": "", "pa": "48", "dt": "", "img": "https://www.mlbstatic.com/team-logos/116.svg", "team": "det", "start": "", "in": "7", "result": "Strikeout", "evo": "", "la": "", "dist": ""}, {"player": "jeimer candelario", "game": "det @ kc", "gameIdx": 0, "hr/park": "", "pa": "47", "dt": "", "img": "https://www.mlbstatic.com/team-logos/116.svg", "team": "det", "start": "", "in": "7", "result": "Groundout", "evo": "94.1", "la": "6", "dist": "102"}, {"player": "miguel cabrera", "game": "det @ kc", "gameIdx": 0, "hr/park": "20/30", "pa": "46", "dt": "", "img": "https://www.mlbstatic.com/team-logos/116.svg", "team": "det", "start": "", "in": "7", "result": "Flyout", "evo": "102.8", "la": "30", "dist": "408"}, {"player": "hanser alberto", "game": "det @ kc", "gameIdx": 0, "hr/park": "", "pa": "45", "dt": "", "img": "https://www.mlbstatic.com/team-logos/118.svg", "team": "kc", "start": "", "in": "6", "result": "Lineout", "evo": "78.9", "la": "10", "dist": "153"}, {"player": "hunter dozier", "game": "det @ kc", "gameIdx": 0, "hr/park": "0/30", "pa": "44", "dt": "", "img": "https://www.mlbstatic.com/team-logos/118.svg", "team": "kc", "start": "", "in": "6", "result": "Lineout", "evo": "94.3", "la": "22", "dist": "349"}, {"player": "jorge soler", "game": "det @ kc", "gameIdx": 0, "hr/park": "", "pa": "43", "dt": "", "img": "https://www.mlbstatic.com/team-logos/118.svg", "team": "kc", "start": "", "in": "6", "result": "Single", "evo": "74.4", "la": "7", "dist": "107"}, {"player": "salvador perez", "game": "det @ kc", "gameIdx": 0, "hr/park": "", "pa": "42", "dt": "", "img": "https://www.mlbstatic.com/team-logos/118.svg", "team": "kc", "start": "", "in": "6", "result": "Strikeout", "evo": "", "la": "", "dist": ""}, {"player": "eric haase", "game": "det @ kc", "gameIdx": 0, "hr/park": "", "pa": "41", "dt": "", "img": "https://www.mlbstatic.com/team-logos/116.svg", "team": "det", "start": "", "in": "6", "result": "Strikeout", "evo": "", "la": "", "dist": ""}, {"player": "jonathan schoop", "game": "det @ kc", "gameIdx": 0, "hr/park": "", "pa": "40", "dt": "", "img": "https://www.mlbstatic.com/team-logos/116.svg", "team": "det", "start": "", "in": "6", "result": "GIDP", "evo": "93.8", "la": "5", "dist": "126"}, {"player": "akil baddoo", "game": "det @ kc", "gameIdx": 0, "hr/park": "", "pa": "39", "dt": "", "img": "https://www.mlbstatic.com/team-logos/116.svg", "team": "det", "start": "", "in": "6", "result": "Single", "evo": "74.4", "la": "27", "dist": "241"}, {"player": "derek hill", "game": "det @ kc", "gameIdx": 0, "hr/park": "", "pa": "38", "dt": "", "img": "https://www.mlbstatic.com/team-logos/116.svg", "team": "det", "start": "", "in": "6", "result": "Single", "evo": "58.1", "la": "10", "dist": "81"}, {"player": "carlos santana", "game": "det @ kc", "gameIdx": 0, "hr/park": "", "pa": "37", "dt": "", "img": "https://www.mlbstatic.com/team-logos/118.svg", "team": "kc", "start": "", "in": "5", "result": "Pop Out", "evo": "61.5", "la": "87", "dist": "45"}, {"player": "whit merrifield", "game": "det @ kc", "gameIdx": 0, "hr/park": "", "pa": "36", "dt": "", "img": "https://www.mlbstatic.com/team-logos/118.svg", "team": "kc", "start": "", "in": "5", "result": "Bunt Groundout", "evo": "45.5", "la": "-42", "dist": "5"}, {"player": "jarrod dyson", "game": "det @ kc", "gameIdx": 0, "hr/park": "", "pa": "35", "dt": "", "img": "https://www.mlbstatic.com/team-logos/118.svg", "team": "kc", "start": "", "in": "5", "result": "Groundout", "evo": "80.6", "la": "4", "dist": "65"}, {"player": "zack short", "game": "det @ kc", "gameIdx": 0, "hr/park": "", "pa": "34", "dt": "", "img": "https://www.mlbstatic.com/team-logos/116.svg", "team": "det", "start": "", "in": "5", "result": "Groundout", "evo": "88.2", "la": "-13", "dist": "9"}, {"player": "willi castro", "game": "det @ kc", "gameIdx": 0, "hr/park": "", "pa": "33", "dt": "", "img": "https://www.mlbstatic.com/team-logos/116.svg", "team": "det", "start": "", "in": "5", "result": "Groundout", "evo": "75.4", "la": "9", "dist": "121"}, {"player": "robbie grossman", "game": "det @ kc", "gameIdx": 0, "hr/park": "", "pa": "32", "dt": "", "img": "https://www.mlbstatic.com/team-logos/116.svg", "team": "det", "start": "", "in": "5", "result": "Strikeout", "evo": "", "la": "", "dist": ""}, {"player": "cam gallagher", "game": "det @ kc", "gameIdx": 0, "hr/park": "", "pa": "31", "dt": "", "img": "https://www.mlbstatic.com/team-logos/118.svg", "team": "kc", "start": "", "in": "4", "result": "Groundout", "evo": "103.0", "la": "3", "dist": "105"}, {"player": "michael a taylor", "game": "det @ kc", "gameIdx": 0, "hr/park": "0/30", "pa": "30", "dt": "", "img": "https://www.mlbstatic.com/team-logos/118.svg", "team": "kc", "start": "", "in": "4", "result": "Flyout", "evo": "82.7", "la": "29", "dist": "300"}, {"player": "hanser alberto", "game": "det @ kc", "gameIdx": 0, "hr/park": "", "pa": "29", "dt": "", "img": "https://www.mlbstatic.com/team-logos/118.svg", "team": "kc", "start": "", "in": "4", "result": "Strikeout", "evo": "", "la": "", "dist": ""}, {"player": "jeimer candelario", "game": "det @ kc", "gameIdx": 0, "hr/park": "", "pa": "28", "dt": "", "img": "https://www.mlbstatic.com/team-logos/116.svg", "team": "det", "start": "", "in": "4", "result": "Groundout", "evo": "68.1", "la": "-53", "dist": "3"}, {"player": "miguel cabrera", "game": "det @ kc", "gameIdx": 0, "hr/park": "", "pa": "27", "dt": "", "img": "https://www.mlbstatic.com/team-logos/116.svg", "team": "det", "start": "", "in": "4", "result": "Strikeout", "evo": "", "la": "", "dist": ""}, {"player": "eric haase", "game": "det @ kc", "gameIdx": 0, "hr/park": "", "pa": "26", "dt": "", "img": "https://www.mlbstatic.com/team-logos/116.svg", "team": "det", "start": "", "in": "4", "result": "Groundout", "evo": "103.2", "la": "-1", "dist": "40"}, {"player": "hunter dozier", "game": "det @ kc", "gameIdx": 0, "hr/park": "", "pa": "25", "dt": "", "img": "https://www.mlbstatic.com/team-logos/118.svg", "team": "kc", "start": "", "in": "3", "result": "Groundout", "evo": "64.8", "la": "-25", "dist": "8"}, {"player": "jorge soler", "game": "det @ kc", "gameIdx": 0, "hr/park": "30/30", "pa": "24", "dt": "", "img": "https://www.mlbstatic.com/team-logos/118.svg", "team": "kc", "start": "", "in": "3", "result": "Home Run", "evo": "107.4", "la": "24", "dist": "428"}, {"player": "salvador perez", "game": "det @ kc", "gameIdx": 0, "hr/park": "", "pa": "23", "dt": "", "img": "https://www.mlbstatic.com/team-logos/118.svg", "team": "kc", "start": "", "in": "3", "result": "Strikeout", "evo": "", "la": "", "dist": ""}, {"player": "carlos santana", "game": "det @ kc", "gameIdx": 0, "hr/park": "", "pa": "22", "dt": "", "img": "https://www.mlbstatic.com/team-logos/118.svg", "team": "kc", "start": "", "in": "3", "result": "Groundout", "evo": "89.4", "la": "-56", "dist": "3"}, {"player": "jonathan schoop", "game": "det @ kc", "gameIdx": 0, "hr/park": "", "pa": "21", "dt": "", "img": "https://www.mlbstatic.com/team-logos/116.svg", "team": "det", "start": "", "in": "3", "result": "Groundout", "evo": "72.7", "la": "-23", "dist": "5"}, {"player": "akil baddoo", "game": "det @ kc", "gameIdx": 0, "hr/park": "", "pa": "20", "dt": "", "img": "https://www.mlbstatic.com/team-logos/116.svg", "team": "det", "start": "", "in": "3", "result": "Groundout", "evo": "103.4", "la": "3", "dist": "81"}, {"player": "derek hill", "game": "det @ kc", "gameIdx": 0, "hr/park": "0/30", "pa": "19", "dt": "", "img": "https://www.mlbstatic.com/team-logos/116.svg", "team": "det", "start": "", "in": "3", "result": "Lineout", "evo": "100.0", "la": "18", "dist": "322"}, {"player": "whit merrifield", "game": "det @ kc", "gameIdx": 0, "hr/park": "", "pa": "18", "dt": "", "img": "https://www.mlbstatic.com/team-logos/118.svg", "team": "kc", "start": "", "in": "2", "result": "Groundout", "evo": "81.3", "la": "-31", "dist": "5"}, {"player": "jarrod dyson", "game": "det @ kc", "gameIdx": 0, "hr/park": "", "pa": "17", "dt": "", "img": "https://www.mlbstatic.com/team-logos/118.svg", "team": "kc", "start": "", "in": "2", "result": "Strikeout", "evo": "", "la": "", "dist": ""}, {"player": "cam gallagher", "game": "det @ kc", "gameIdx": 0, "hr/park": "", "pa": "16", "dt": "", "img": "https://www.mlbstatic.com/team-logos/118.svg", "team": "kc", "start": "", "in": "2", "result": "Groundout", "evo": "89.3", "la": "-22", "dist": "5"}, {"player": "zack short", "game": "det @ kc", "gameIdx": 0, "hr/park": "", "pa": "15", "dt": "", "img": "https://www.mlbstatic.com/team-logos/116.svg", "team": "det", "start": "", "in": "2", "result": "Groundout", "evo": "87.9", "la": "-24", "dist": "7"}, {"player": "willi castro", "game": "det @ kc", "gameIdx": 0, "hr/park": "", "pa": "14", "dt": "", "img": "https://www.mlbstatic.com/team-logos/116.svg", "team": "det", "start": "", "in": "2", "result": "Double", "evo": "78.1", "la": "14", "dist": "198"}, {"player": "robbie grossman", "game": "det @ kc", "gameIdx": 0, "hr/park": "", "pa": "13", "dt": "", "img": "https://www.mlbstatic.com/team-logos/116.svg", "team": "det", "start": "", "in": "2", "result": "Single", "evo": "86.7", "la": "6", "dist": "100"}, {"player": "jeimer candelario", "game": "det @ kc", "gameIdx": 0, "hr/park": "", "pa": "12", "dt": "", "img": "https://www.mlbstatic.com/team-logos/116.svg", "team": "det", "start": "", "in": "2", "result": "Groundout", "evo": "96.9", "la": "-28", "dist": "5"}, {"player": "miguel cabrera", "game": "det @ kc", "gameIdx": 0, "hr/park": "", "pa": "11", "dt": "", "img": "https://www.mlbstatic.com/team-logos/116.svg", "team": "det", "start": "", "in": "2", "result": "Groundout", "evo": "80.5", "la": "-47", "dist": "3"}, {"player": "michael a taylor", "game": "det @ kc", "gameIdx": 0, "hr/park": "", "pa": "10", "dt": "", "img": "https://www.mlbstatic.com/team-logos/118.svg", "team": "kc", "start": "", "in": "1", "result": "Groundout", "evo": "104.2", "la": "-9", "dist": "17"}, {"player": "hanser alberto", "game": "det @ kc", "gameIdx": 0, "hr/park": "", "pa": "9", "dt": "", "img": "https://www.mlbstatic.com/team-logos/118.svg", "team": "kc", "start": "", "in": "1", "result": "Groundout", "evo": "76.3", "la": "-6", "dist": "21"}, {"player": "hunter dozier", "game": "det @ kc", "gameIdx": 0, "hr/park": "", "pa": "8", "dt": "", "img": "https://www.mlbstatic.com/team-logos/118.svg", "team": "kc", "start": "", "in": "1", "result": "Strikeout", "evo": "", "la": "", "dist": ""}, {"player": "jorge soler", "game": "det @ kc", "gameIdx": 0, "hr/park": "26/30", "pa": "7", "dt": "", "img": "https://www.mlbstatic.com/team-logos/118.svg", "team": "kc", "start": "", "in": "1", "result": "Home Run", "evo": "108.1", "la": "23", "dist": "425"}, {"player": "salvador perez", "game": "det @ kc", "gameIdx": 0, "hr/park": "30/30", "pa": "6", "dt": "", "img": "https://www.mlbstatic.com/team-logos/118.svg", "team": "kc", "start": "", "in": "1", "result": "Home Run", "evo": "110.1", "la": "34", "dist": "454"}, {"player": "carlos santana", "game": "det @ kc", "gameIdx": 0, "hr/park": "", "pa": "5", "dt": "", "img": "https://www.mlbstatic.com/team-logos/118.svg", "team": "kc", "start": "", "in": "1", "result": "Single", "evo": "83.9", "la": "16", "dist": "224"}, {"player": "whit merrifield", "game": "det @ kc", "gameIdx": 0, "hr/park": "5/30", "pa": "4", "dt": "", "img": "https://www.mlbstatic.com/team-logos/118.svg", "team": "kc", "start": "", "in": "1", "result": "Double", "evo": "101.7", "la": "24", "dist": "401"}, {"player": "eric haase", "game": "det @ kc", "gameIdx": 0, "hr/park": "", "pa": "3", "dt": "", "img": "https://www.mlbstatic.com/team-logos/116.svg", "team": "det", "start": "", "in": "1", "result": "Flyout", "evo": "88.2", "la": "44", "dist": "288"}, {"player": "jonathan schoop", "game": "det @ kc", "gameIdx": 0, "hr/park": "", "pa": "2", "dt": "", "img": "https://www.mlbstatic.com/team-logos/116.svg", "team": "det", "start": "", "in": "1", "result": "Pop Out", "evo": "83.1", "la": "65", "dist": "152"}, {"player": "akil baddoo", "game": "det @ kc", "gameIdx": 0, "hr/park": "", "pa": "1", "dt": "", "img": "https://www.mlbstatic.com/team-logos/116.svg", "team": "det", "start": "", "in": "1", "result": "Pop Out", "evo": "65.7", "la": "77", "dist": "67"}], "tex @ hou": [], "laa @ min": [], "ari @ chc": [], "pit @ sf": [], "col @ lad": [], "ath @ sea": [], "chw @ mil": [{"player": "kolten wong", "game": "chw @ mil", "gameIdx": 0, "hr/park": "", "pa": "71", "dt": "", "img": "https://www.mlbstatic.com/team-logos/158.svg", "team": "mil", "start": "", "in": "9", "result": "Flyout", "evo": "83.1", "la": "49", "dist": "256"}, {"player": "luis urias", "game": "chw @ mil", "gameIdx": 0, "hr/park": "", "pa": "70", "dt": "", "img": "https://www.mlbstatic.com/team-logos/158.svg", "team": "mil", "start": "", "in": "9", "result": "Strikeout", "evo": "", "la": "", "dist": ""}, {"player": "jackie bradley", "game": "chw @ mil", "gameIdx": 0, "hr/park": "0/30", "pa": "69", "dt": "", "img": "https://www.mlbstatic.com/team-logos/158.svg", "team": "mil", "start": "", "in": "9", "result": "Flyout", "evo": "93.8", "la": "39", "dist": "337"}, {"player": "tyrone taylor", "game": "chw @ mil", "gameIdx": 0, "hr/park": "", "pa": "68", "dt": "", "img": "https://www.mlbstatic.com/team-logos/158.svg", "team": "mil", "start": "", "in": "9", "result": "Single", "evo": "102.0", "la": "7", "dist": "153"}, {"player": "leury garcia", "game": "chw @ mil", "gameIdx": 0, "hr/park": "", "pa": "67", "dt": "", "img": "https://www.mlbstatic.com/team-logos/145.svg", "team": "chw", "start": "", "in": "9", "result": "Flyout", "evo": "78.3", "la": "53", "dist": "214"}, {"player": "brian goodwin", "game": "chw @ mil", "gameIdx": 0, "hr/park": "", "pa": "66", "dt": "", "img": "https://www.mlbstatic.com/team-logos/145.svg", "team": "chw", "start": "", "in": "9", "result": "Strikeout", "evo": "", "la": "", "dist": ""}, {"player": "andrew vaughn", "game": "chw @ mil", "gameIdx": 0, "hr/park": "0/30", "pa": "65", "dt": "", "img": "https://www.mlbstatic.com/team-logos/145.svg", "team": "chw", "start": "", "in": "9", "result": "Double", "evo": "103.3", "la": "19", "dist": "368"}, {"player": "yoan moncada", "game": "chw @ mil", "gameIdx": 0, "hr/park": "", "pa": "64", "dt": "", "img": "https://www.mlbstatic.com/team-logos/145.svg", "team": "chw", "start": "", "in": "9", "result": "Strikeout", "evo": "", "la": "", "dist": ""}, {"player": "jace peterson", "game": "chw @ mil", "gameIdx": 0, "hr/park": "", "pa": "63", "dt": "", "img": "https://www.mlbstatic.com/team-logos/158.svg", "team": "mil", "start": "", "in": "8", "result": "Strikeout", "evo": "", "la": "", "dist": ""}, {"player": "rowdy tellez", "game": "chw @ mil", "gameIdx": 0, "hr/park": "", "pa": "62", "dt": "", "img": "https://www.mlbstatic.com/team-logos/158.svg", "team": "mil", "start": "", "in": "8", "result": "Pop Out", "evo": "81.3", "la": "65", "dist": "168"}, {"player": "omar narvaez", "game": "chw @ mil", "gameIdx": 0, "hr/park": "", "pa": "61", "dt": "", "img": "https://www.mlbstatic.com/team-logos/158.svg", "team": "mil", "start": "", "in": "8", "result": "Strikeout", "evo": "", "la": "", "dist": ""}, {"player": "willy adames", "game": "chw @ mil", "gameIdx": 0, "hr/park": "", "pa": "60", "dt": "", "img": "https://www.mlbstatic.com/team-logos/158.svg", "team": "mil", "start": "", "in": "8", "result": "Walk", "evo": "", "la": "", "dist": ""}, {"player": "jose abreu", "game": "chw @ mil", "gameIdx": 0, "hr/park": "1/30", "pa": "59", "dt": "", "img": "https://www.mlbstatic.com/team-logos/145.svg", "team": "chw", "start": "", "in": "8", "result": "Flyout", "evo": "100.9", "la": "34", "dist": "379"}, {"player": "gavin sheets", "game": "chw @ mil", "gameIdx": 0, "hr/park": "", "pa": "58", "dt": "", "img": "https://www.mlbstatic.com/team-logos/145.svg", "team": "chw", "start": "", "in": "8", "result": "Lineout", "evo": "84.9", "la": "23", "dist": "266"}, {"player": "tim anderson", "game": "chw @ mil", "gameIdx": 0, "hr/park": "", "pa": "57", "dt": "", "img": "https://www.mlbstatic.com/team-logos/145.svg", "team": "chw", "start": "", "in": "8", "result": "Single", "evo": "78.5", "la": "21", "dist": "220"}, {"player": "michael kopech", "game": "chw @ mil", "gameIdx": 0, "hr/park": "", "pa": "56", "dt": "", "img": "https://www.mlbstatic.com/team-logos/145.svg", "team": "chw", "start": "", "in": "8", "result": "Groundout", "evo": "80.4", "la": "-41", "dist": "3"}, {"player": "christian yelich", "game": "chw @ mil", "gameIdx": 0, "hr/park": "", "pa": "55", "dt": "", "img": "https://www.mlbstatic.com/team-logos/158.svg", "team": "mil", "start": "", "in": "7", "result": "Groundout", "evo": "102.4", "la": "-5", "dist": "29"}, {"player": "kolten wong", "game": "chw @ mil", "gameIdx": 0, "hr/park": "", "pa": "54", "dt": "", "img": "https://www.mlbstatic.com/team-logos/158.svg", "team": "mil", "start": "", "in": "7", "result": "Flyout", "evo": "86.6", "la": "56", "dist": "222"}, {"player": "avisail garcia", "game": "chw @ mil", "gameIdx": 0, "hr/park": "", "pa": "53", "dt": "", "img": "https://www.mlbstatic.com/team-logos/158.svg", "team": "mil", "start": "", "in": "7", "result": "Walk", "evo": "", "la": "", "dist": ""}, {"player": "jackie bradley", "game": "chw @ mil", "gameIdx": 0, "hr/park": "0/30", "pa": "52", "dt": "", "img": "https://www.mlbstatic.com/team-logos/158.svg", "team": "mil", "start": "", "in": "7", "result": "Double", "evo": "108.0", "la": "18", "dist": "337"}, {"player": "tyrone taylor", "game": "chw @ mil", "gameIdx": 0, "hr/park": "0/30", "pa": "51", "dt": "", "img": "https://www.mlbstatic.com/team-logos/158.svg", "team": "mil", "start": "", "in": "7", "result": "Lineout", "evo": "99.3", "la": "14", "dist": "303"}, {"player": "seby zavala", "game": "chw @ mil", "gameIdx": 0, "hr/park": "", "pa": "50", "dt": "", "img": "https://www.mlbstatic.com/team-logos/145.svg", "team": "chw", "start": "", "in": "7", "result": "Strikeout", "evo": "", "la": "", "dist": ""}, {"player": "leury garcia", "game": "chw @ mil", "gameIdx": 0, "hr/park": "", "pa": "49", "dt": "", "img": "https://www.mlbstatic.com/team-logos/145.svg", "team": "chw", "start": "", "in": "7", "result": "Lineout", "evo": "98.8", "la": "7", "dist": "137"}, {"player": "brian goodwin", "game": "chw @ mil", "gameIdx": 0, "hr/park": "", "pa": "48", "dt": "", "img": "https://www.mlbstatic.com/team-logos/145.svg", "team": "chw", "start": "", "in": "7", "result": "Groundout", "evo": "75.6", "la": "13", "dist": "148"}, {"player": "jace peterson", "game": "chw @ mil", "gameIdx": 0, "hr/park": "", "pa": "47", "dt": "", "img": "https://www.mlbstatic.com/team-logos/158.svg", "team": "mil", "start": "", "in": "6", "result": "Groundout", "evo": "66.6", "la": "-18", "dist": "8"}, {"player": "rowdy tellez", "game": "chw @ mil", "gameIdx": 0, "hr/park": "", "pa": "46", "dt": "", "img": "https://www.mlbstatic.com/team-logos/158.svg", "team": "mil", "start": "", "in": "6", "result": "Single", "evo": "99.2", "la": "12", "dist": "260"}, {"player": "omar narvaez", "game": "chw @ mil", "gameIdx": 0, "hr/park": "", "pa": "45", "dt": "", "img": "https://www.mlbstatic.com/team-logos/158.svg", "team": "mil", "start": "", "in": "6", "result": "Pop Out", "evo": "66.6", "la": "59", "dist": "155"}, {"player": "willy adames", "game": "chw @ mil", "gameIdx": 0, "hr/park": "", "pa": "44", "dt": "", "img": "https://www.mlbstatic.com/team-logos/158.svg", "team": "mil", "start": "", "in": "6", "result": "Single", "evo": "56.7", "la": "-7", "dist": "13"}, {"player": "christian yelich", "game": "chw @ mil", "gameIdx": 0, "hr/park": "", "pa": "43", "dt": "", "img": "https://www.mlbstatic.com/team-logos/158.svg", "team": "mil", "start": "", "in": "6", "result": "Groundout", "evo": "72.4", "la": "-8", "dist": "13"}, {"player": "andrew vaughn", "game": "chw @ mil", "gameIdx": 0, "hr/park": "", "pa": "42", "dt": "", "img": "https://www.mlbstatic.com/team-logos/145.svg", "team": "chw", "start": "", "in": "6", "result": "Strikeout", "evo": "", "la": "", "dist": ""}, {"player": "yoan moncada", "game": "chw @ mil", "gameIdx": 0, "hr/park": "", "pa": "41", "dt": "", "img": "https://www.mlbstatic.com/team-logos/145.svg", "team": "chw", "start": "", "in": "6", "result": "Strikeout", "evo": "", "la": "", "dist": ""}, {"player": "jose abreu", "game": "chw @ mil", "gameIdx": 0, "hr/park": "", "pa": "40", "dt": "", "img": "https://www.mlbstatic.com/team-logos/145.svg", "team": "chw", "start": "", "in": "6", "result": "Lineout", "evo": "82.1", "la": "26", "dist": "292"}, {"player": "kolten wong", "game": "chw @ mil", "gameIdx": 0, "hr/park": "", "pa": "39", "dt": "", "img": "https://www.mlbstatic.com/team-logos/158.svg", "team": "mil", "start": "", "in": "5", "result": "Strikeout", "evo": "", "la": "", "dist": ""}, {"player": "brandon woodruff", "game": "chw @ mil", "gameIdx": 0, "hr/park": "", "pa": "38", "dt": "", "img": "https://www.mlbstatic.com/team-logos/158.svg", "team": "mil", "start": "", "in": "5", "result": "Strikeout", "evo": "", "la": "", "dist": ""}, {"player": "jackie bradley", "game": "chw @ mil", "gameIdx": 0, "hr/park": "0/30", "pa": "37", "dt": "", "img": "https://www.mlbstatic.com/team-logos/158.svg", "team": "mil", "start": "", "in": "5", "result": "Double", "evo": "99.7", "la": "21", "dist": "381"}, {"player": "tyrone taylor", "game": "chw @ mil", "gameIdx": 0, "hr/park": "0/30", "pa": "36", "dt": "", "img": "https://www.mlbstatic.com/team-logos/158.svg", "team": "mil", "start": "", "in": "5", "result": "Triple", "evo": "102.0", "la": "17", "dist": "336"}, {"player": "jace peterson", "game": "chw @ mil", "gameIdx": 0, "hr/park": "3/30", "pa": "35", "dt": "", "img": "https://www.mlbstatic.com/team-logos/158.svg", "team": "mil", "start": "", "in": "5", "result": "Flyout", "evo": "97.8", "la": "28", "dist": "355"}, {"player": "gavin sheets", "game": "chw @ mil", "gameIdx": 0, "hr/park": "", "pa": "34", "dt": "", "img": "https://www.mlbstatic.com/team-logos/145.svg", "team": "chw", "start": "", "in": "5", "result": "Pop Out", "evo": "73.8", "la": "62", "dist": "167"}, {"player": "tim anderson", "game": "chw @ mil", "gameIdx": 0, "hr/park": "", "pa": "33", "dt": "", "img": "https://www.mlbstatic.com/team-logos/145.svg", "team": "chw", "start": "", "in": "5", "result": "Strikeout", "evo": "", "la": "", "dist": ""}, {"player": "lance lynn", "game": "chw @ mil", "gameIdx": 0, "hr/park": "", "pa": "32", "dt": "", "img": "https://www.mlbstatic.com/team-logos/145.svg", "team": "chw", "start": "", "in": "5", "result": "Strikeout", "evo": "", "la": "", "dist": ""}, {"player": "rowdy tellez", "game": "chw @ mil", "gameIdx": 0, "hr/park": "", "pa": "31", "dt": "", "img": "https://www.mlbstatic.com/team-logos/158.svg", "team": "mil", "start": "", "in": "4", "result": "Pop Out", "evo": "60.9", "la": "53", "dist": "158"}, {"player": "omar narvaez", "game": "chw @ mil", "gameIdx": 0, "hr/park": "", "pa": "30", "dt": "", "img": "https://www.mlbstatic.com/team-logos/158.svg", "team": "mil", "start": "", "in": "4", "result": "Flyout", "evo": "89.5", "la": "58", "dist": "208"}, {"player": "willy adames", "game": "chw @ mil", "gameIdx": 0, "hr/park": "", "pa": "29", "dt": "", "img": "https://www.mlbstatic.com/team-logos/158.svg", "team": "mil", "start": "", "in": "4", "result": "Groundout", "evo": "71.1", "la": "-30", "dist": "4"}, {"player": "seby zavala", "game": "chw @ mil", "gameIdx": 0, "hr/park": "", "pa": "28", "dt": "", "img": "https://www.mlbstatic.com/team-logos/145.svg", "team": "chw", "start": "", "in": "4", "result": "Groundout", "evo": "54.6", "la": "5", "dist": "47"}, {"player": "leury garcia", "game": "chw @ mil", "gameIdx": 0, "hr/park": "", "pa": "27", "dt": "", "img": "https://www.mlbstatic.com/team-logos/145.svg", "team": "chw", "start": "", "in": "4", "result": "Walk", "evo": "", "la": "", "dist": ""}, {"player": "brian goodwin", "game": "chw @ mil", "gameIdx": 0, "hr/park": "", "pa": "26", "dt": "", "img": "https://www.mlbstatic.com/team-logos/145.svg", "team": "chw", "start": "", "in": "4", "result": "Pop Out", "evo": "77.4", "la": "62", "dist": "180"}, {"player": "andrew vaughn", "game": "chw @ mil", "gameIdx": 0, "hr/park": "", "pa": "25", "dt": "", "img": "https://www.mlbstatic.com/team-logos/145.svg", "team": "chw", "start": "", "in": "4", "result": "Strikeout", "evo": "", "la": "", "dist": ""}, {"player": "christian yelich", "game": "chw @ mil", "gameIdx": 0, "hr/park": "", "pa": "24", "dt": "", "img": "https://www.mlbstatic.com/team-logos/158.svg", "team": "mil", "start": "", "in": "3", "result": "Strikeout", "evo": "", "la": "", "dist": ""}, {"player": "kolten wong", "game": "chw @ mil", "gameIdx": 0, "hr/park": "", "pa": "23", "dt": "", "img": "https://www.mlbstatic.com/team-logos/158.svg", "team": "mil", "start": "", "in": "3", "result": "Single", "evo": "79.8", "la": "19", "dist": "223"}, {"player": "brandon woodruff", "game": "chw @ mil", "gameIdx": 0, "hr/park": "", "pa": "22", "dt": "", "img": "https://www.mlbstatic.com/team-logos/158.svg", "team": "mil", "start": "", "in": "3", "result": "Single", "evo": "75.2", "la": "28", "dist": "265"}, {"player": "jackie bradley", "game": "chw @ mil", "gameIdx": 0, "hr/park": "", "pa": "21", "dt": "", "img": "https://www.mlbstatic.com/team-logos/158.svg", "team": "mil", "start": "", "in": "3", "result": "Groundout", "evo": "75.6", "la": "-41", "dist": "4"}, {"player": "tyrone taylor", "game": "chw @ mil", "gameIdx": 0, "hr/park": "", "pa": "20", "dt": "", "img": "https://www.mlbstatic.com/team-logos/158.svg", "team": "mil", "start": "", "in": "3", "result": "Flyout", "evo": "79.6", "la": "38", "dist": "272"}, {"player": "yoan moncada", "game": "chw @ mil", "gameIdx": 0, "hr/park": "", "pa": "19", "dt": "", "img": "https://www.mlbstatic.com/team-logos/145.svg", "team": "chw", "start": "", "in": "3", "result": "Strikeout", "evo": "", "la": "", "dist": ""}, {"player": "jose abreu", "game": "chw @ mil", "gameIdx": 0, "hr/park": "", "pa": "18", "dt": "", "img": "https://www.mlbstatic.com/team-logos/145.svg", "team": "chw", "start": "", "in": "3", "result": "GIDP", "evo": "55.4", "la": "-26", "dist": "6"}, {"player": "gavin sheets", "game": "chw @ mil", "gameIdx": 0, "hr/park": "", "pa": "17", "dt": "", "img": "https://www.mlbstatic.com/team-logos/145.svg", "team": "chw", "start": "", "in": "3", "result": "Single", "evo": "88.0", "la": "17", "dist": "255"}, {"player": "jace peterson", "game": "chw @ mil", "gameIdx": 0, "hr/park": "", "pa": "16", "dt": "", "img": "https://www.mlbstatic.com/team-logos/158.svg", "team": "mil", "start": "", "in": "2", "result": "Groundout", "evo": "103.1", "la": "", "dist": "55"}, {"player": "rowdy tellez", "game": "chw @ mil", "gameIdx": 0, "hr/park": "", "pa": "15", "dt": "", "img": "https://www.mlbstatic.com/team-logos/158.svg", "team": "mil", "start": "", "in": "2", "result": "Pop Out", "evo": "80.7", "la": "65", "dist": "167"}, {"player": "omar narvaez", "game": "chw @ mil", "gameIdx": 0, "hr/park": "", "pa": "14", "dt": "", "img": "https://www.mlbstatic.com/team-logos/158.svg", "team": "mil", "start": "", "in": "2", "result": "Groundout", "evo": "84.7", "la": "-12", "dist": "10"}, {"player": "tim anderson", "game": "chw @ mil", "gameIdx": 0, "hr/park": "0/30", "pa": "13", "dt": "", "img": "https://www.mlbstatic.com/team-logos/145.svg", "team": "chw", "start": "", "in": "2", "result": "Lineout", "evo": "98.5", "la": "23", "dist": "368"}, {"player": "lance lynn", "game": "chw @ mil", "gameIdx": 0, "hr/park": "", "pa": "12", "dt": "", "img": "https://www.mlbstatic.com/team-logos/145.svg", "team": "chw", "start": "", "in": "2", "result": "Single", "evo": "73.1", "la": "19", "dist": "197"}, {"player": "seby zavala", "game": "chw @ mil", "gameIdx": 0, "hr/park": "", "pa": "11", "dt": "", "img": "https://www.mlbstatic.com/team-logos/145.svg", "team": "chw", "start": "", "in": "2", "result": "Single", "evo": "86.3", "la": "13", "dist": "156"}, {"player": "leury garcia", "game": "chw @ mil", "gameIdx": 0, "hr/park": "", "pa": "10", "dt": "", "img": "https://www.mlbstatic.com/team-logos/145.svg", "team": "chw", "start": "", "in": "2", "result": "Single", "evo": "101.6", "la": "10", "dist": "156"}, {"player": "brian goodwin", "game": "chw @ mil", "gameIdx": 0, "hr/park": "", "pa": "9", "dt": "", "img": "https://www.mlbstatic.com/team-logos/145.svg", "team": "chw", "start": "", "in": "2", "result": "Walk", "evo": "", "la": "", "dist": ""}, {"player": "andrew vaughn", "game": "chw @ mil", "gameIdx": 0, "hr/park": "", "pa": "8", "dt": "", "img": "https://www.mlbstatic.com/team-logos/145.svg", "team": "chw", "start": "", "in": "2", "result": "GIDP", "evo": "66.1", "la": "11", "dist": "111"}, {"player": "yoan moncada", "game": "chw @ mil", "gameIdx": 0, "hr/park": "", "pa": "7", "dt": "", "img": "https://www.mlbstatic.com/team-logos/145.svg", "team": "chw", "start": "", "in": "2", "result": "Single", "evo": "92.4", "la": "11", "dist": "178"}, {"player": "willy adames", "game": "chw @ mil", "gameIdx": 0, "hr/park": "", "pa": "6", "dt": "", "img": "https://www.mlbstatic.com/team-logos/158.svg", "team": "mil", "start": "", "in": "1", "result": "Strikeout", "evo": "", "la": "", "dist": ""}, {"player": "christian yelich", "game": "chw @ mil", "gameIdx": 0, "hr/park": "", "pa": "5", "dt": "", "img": "https://www.mlbstatic.com/team-logos/158.svg", "team": "mil", "start": "", "in": "1", "result": "Strikeout", "evo": "", "la": "", "dist": ""}, {"player": "kolten wong", "game": "chw @ mil", "gameIdx": 0, "hr/park": "", "pa": "4", "dt": "", "img": "https://www.mlbstatic.com/team-logos/158.svg", "team": "mil", "start": "", "in": "1", "result": "Strikeout", "evo": "", "la": "", "dist": ""}, {"player": "jose abreu", "game": "chw @ mil", "gameIdx": 0, "hr/park": "", "pa": "3", "dt": "", "img": "https://www.mlbstatic.com/team-logos/145.svg", "team": "chw", "start": "", "in": "1", "result": "Strikeout", "evo": "", "la": "", "dist": ""}, {"player": "gavin sheets", "game": "chw @ mil", "gameIdx": 0, "hr/park": "", "pa": "2", "dt": "", "img": "https://www.mlbstatic.com/team-logos/145.svg", "team": "chw", "start": "", "in": "1", "result": "Strikeout", "evo": "", "la": "", "dist": ""}, {"player": "tim anderson", "game": "chw @ mil", "gameIdx": 0, "hr/park": "", "pa": "1", "dt": "", "img": "https://www.mlbstatic.com/team-logos/145.svg", "team": "chw", "start": "", "in": "1", "result": "Groundout", "evo": "73.8", "la": "-9", "dist": "13"}]}