{"all": {"pitchers": "35", "batters": "102", "pitches": "1455", "max velomax pitch velocity": "98.7", "min velomin pitch velocity": "70.8", "ff%fourseam fastball %": "29.4", "si%sinker %": "19.5", "fc%cutter %": "6.5", "fs%splitter %": "0.1", "ch%changeup %": "16.5", "sl%slider %": "14.4", "cu%curve %": "13.6", "max evmax exit velocity": "114.2", "hhhard hit": "109", "hh%hard hit %": "37.5", "brlbarrels": "18", "brl%barrel %": "6.2", "ab": "346", "avg": ".298", "h": "103", "1b": "67", "2b": "21", "3b": "1", "hr": "14", "so": "62", "bipballs in play": "291", "liveGames": 0, "totGames": 15}, "pit @ chc": [{"player": "bryan reynolds", "game": "pit @ chc", "gameIdx": 0, "hr/park": "", "pa": "71", "dt": "", "img": "https://www.mlbstatic.com/team-logos/134.svg", "team": "pit", "start": "", "in": "9", "result": "Flyout", "evo": "90.7", "la": "45", "dist": "273"}, {"player": "adam frazier", "game": "pit @ chc", "gameIdx": 0, "hr/park": "", "pa": "70", "dt": "", "img": "https://www.mlbstatic.com/team-logos/134.svg", "team": "pit", "start": "", "in": "9", "result": "Hit By Pitch", "evo": "", "la": "", "dist": ""}, {"player": "wilmer difo", "game": "pit @ chc", "gameIdx": 0, "hr/park": "", "pa": "69", "dt": "", "img": "https://www.mlbstatic.com/team-logos/134.svg", "team": "pit", "start": "", "in": "9", "result": "Single", "evo": "68.9", "la": "35", "dist": "224"}, {"player": "kaai tom", "game": "pit @ chc", "gameIdx": 0, "hr/park": "", "pa": "68", "dt": "", "img": "https://www.mlbstatic.com/team-logos/134.svg", "team": "pit", "start": "", "in": "9", "result": "Single", "evo": "71.5", "la": "20", "dist": "199"}, {"player": "todd frazier", "game": "pit @ chc", "gameIdx": 0, "hr/park": "", "pa": "67", "dt": "", "img": "https://www.mlbstatic.com/team-logos/134.svg", "team": "pit", "start": "", "in": "9", "result": "Groundout", "evo": "94.7", "la": "-19", "dist": "9"}, {"player": "jacob stallings", "game": "pit @ chc", "gameIdx": 0, "hr/park": "0/30", "pa": "66", "dt": "", "img": "https://www.mlbstatic.com/team-logos/134.svg", "team": "pit", "start": "", "in": "9", "result": "Double", "evo": "100.9", "la": "27", "dist": "366"}, {"player": "phillip evans", "game": "pit @ chc", "gameIdx": 0, "hr/park": "", "pa": "65", "dt": "", "img": "https://www.mlbstatic.com/team-logos/134.svg", "team": "pit", "start": "", "in": "9", "result": "Strikeout", "evo": "", "la": "", "dist": ""}, {"player": "colin moran", "game": "pit @ chc", "gameIdx": 0, "hr/park": "", "pa": "64", "dt": "", "img": "https://www.mlbstatic.com/team-logos/134.svg", "team": "pit", "start": "", "in": "9", "result": "Single", "evo": "92.9", "la": "-8", "dist": "16"}, {"player": "willson contreras", "game": "pit @ chc", "gameIdx": 0, "hr/park": "", "pa": "63", "dt": "", "img": "https://www.mlbstatic.com/team-logos/112.svg", "team": "chc", "start": "", "in": "8", "result": "Lineout", "evo": "57.8", "la": "35", "dist": "171"}, {"player": "anthony rizzo", "game": "pit @ chc", "gameIdx": 0, "hr/park": "0/30", "pa": "62", "dt": "", "img": "https://www.mlbstatic.com/team-logos/112.svg", "team": "chc", "start": "", "in": "8", "result": "Lineout", "evo": "106.6", "la": "20", "dist": "376"}, {"player": "javier baez", "game": "pit @ chc", "gameIdx": 0, "hr/park": "", "pa": "61", "dt": "", "img": "https://www.mlbstatic.com/team-logos/112.svg", "team": "chc", "start": "", "in": "8", "result": "Strikeout", "evo": "", "la": "", "dist": ""}, {"player": "erik gonzalez", "game": "pit @ chc", "gameIdx": 0, "hr/park": "", "pa": "60", "dt": "", "img": "https://www.mlbstatic.com/team-logos/134.svg", "team": "pit", "start": "", "in": "8", "result": "Forceout", "evo": "87.3", "la": "-7", "dist": "16"}, {"player": "bryan reynolds", "game": "pit @ chc", "gameIdx": 0, "hr/park": "", "pa": "59", "dt": "", "img": "https://www.mlbstatic.com/team-logos/134.svg", "team": "pit", "start": "", "in": "8", "result": "Forceout", "evo": "91.4", "la": "-7", "dist": "13"}, {"player": "adam frazier", "game": "pit @ chc", "gameIdx": 0, "hr/park": "", "pa": "58", "dt": "", "img": "https://www.mlbstatic.com/team-logos/134.svg", "team": "pit", "start": "", "in": "8", "result": "Walk", "evo": "", "la": "", "dist": ""}, {"player": "kevin newman", "game": "pit @ chc", "gameIdx": 0, "hr/park": "", "pa": "57", "dt": "", "img": "https://www.mlbstatic.com/team-logos/134.svg", "team": "pit", "start": "", "in": "8", "result": "Strikeout", "evo": "", "la": "", "dist": ""}, {"player": "javier baez", "game": "pit @ chc", "gameIdx": 0, "hr/park": "", "pa": "56", "dt": "", "img": "https://www.mlbstatic.com/team-logos/112.svg", "team": "chc", "start": "", "in": "7", "result": "Pickoff Caught Stealing 2B", "evo": "", "la": "", "dist": ""}, {"player": "kris bryant", "game": "pit @ chc", "gameIdx": 0, "hr/park": "", "pa": "55", "dt": "", "img": "https://www.mlbstatic.com/team-logos/112.svg", "team": "chc", "start": "", "in": "7", "result": "Strikeout", "evo": "", "la": "", "dist": ""}, {"player": "joc pederson", "game": "pit @ chc", "gameIdx": 0, "hr/park": "", "pa": "54", "dt": "", "img": "https://www.mlbstatic.com/team-logos/112.svg", "team": "chc", "start": "", "in": "7", "result": "Single", "evo": "99.7", "la": "14", "dist": "224"}, {"player": "nick martini", "game": "pit @ chc", "gameIdx": 0, "hr/park": "0/30", "pa": "53", "dt": "", "img": "https://www.mlbstatic.com/team-logos/112.svg", "team": "chc", "start": "", "in": "7", "result": "Flyout", "evo": "101.5", "la": "27", "dist": "375"}, {"player": "kaai tom", "game": "pit @ chc", "gameIdx": 0, "hr/park": "", "pa": "52", "dt": "", "img": "https://www.mlbstatic.com/team-logos/134.svg", "team": "pit", "start": "", "in": "7", "result": "GIDP", "evo": "76.9", "la": "-24", "dist": "3"}, {"player": "todd frazier", "game": "pit @ chc", "gameIdx": 0, "hr/park": "", "pa": "51", "dt": "", "img": "https://www.mlbstatic.com/team-logos/134.svg", "team": "pit", "start": "", "in": "7", "result": "Forceout", "evo": "63.5", "la": "-67", "dist": "5"}, {"player": "jacob stallings", "game": "pit @ chc", "gameIdx": 0, "hr/park": "", "pa": "50", "dt": "", "img": "https://www.mlbstatic.com/team-logos/134.svg", "team": "pit", "start": "", "in": "7", "result": "Walk", "evo": "", "la": "", "dist": ""}, {"player": "phillip evans", "game": "pit @ chc", "gameIdx": 0, "hr/park": "", "pa": "49", "dt": "", "img": "https://www.mlbstatic.com/team-logos/134.svg", "team": "pit", "start": "", "in": "7", "result": "Single", "evo": "108.3", "la": "7", "dist": "223"}, {"player": "colin moran", "game": "pit @ chc", "gameIdx": 0, "hr/park": "", "pa": "48", "dt": "", "img": "https://www.mlbstatic.com/team-logos/134.svg", "team": "pit", "start": "", "in": "7", "result": "Single", "evo": "52.8", "la": "-57", "dist": "4"}, {"player": "david bote", "game": "pit @ chc", "gameIdx": 0, "hr/park": "", "pa": "47", "dt": "", "img": "https://www.mlbstatic.com/team-logos/112.svg", "team": "chc", "start": "", "in": "6", "result": "Pop Out", "evo": "74.1", "la": "74", "dist": "43"}, {"player": "jason heyward", "game": "pit @ chc", "gameIdx": 0, "hr/park": "", "pa": "46", "dt": "", "img": "https://www.mlbstatic.com/team-logos/112.svg", "team": "chc", "start": "", "in": "6", "result": "Pop Out", "evo": "66.5", "la": "58", "dist": "137"}, {"player": "matt duffy", "game": "pit @ chc", "gameIdx": 0, "hr/park": "0/30", "pa": "45", "dt": "", "img": "https://www.mlbstatic.com/team-logos/112.svg", "team": "chc", "start": "", "in": "6", "result": "Lineout", "evo": "93.7", "la": "25", "dist": "338"}, {"player": "erik gonzalez", "game": "pit @ chc", "gameIdx": 0, "hr/park": "", "pa": "44", "dt": "", "img": "https://www.mlbstatic.com/team-logos/134.svg", "team": "pit", "start": "", "in": "6", "result": "Groundout", "evo": "84.1", "la": "-43", "dist": "3"}, {"player": "bryan reynolds", "game": "pit @ chc", "gameIdx": 0, "hr/park": "", "pa": "43", "dt": "", "img": "https://www.mlbstatic.com/team-logos/134.svg", "team": "pit", "start": "", "in": "6", "result": "Flyout", "evo": "77.9", "la": "34", "dist": "265"}, {"player": "adam frazier", "game": "pit @ chc", "gameIdx": 0, "hr/park": "", "pa": "42", "dt": "", "img": "https://www.mlbstatic.com/team-logos/134.svg", "team": "pit", "start": "", "in": "6", "result": "Single", "evo": "88.7", "la": "6", "dist": "89"}, {"player": "hunter owen", "game": "pit @ chc", "gameIdx": 0, "hr/park": "", "pa": "41", "dt": "", "img": "https://www.mlbstatic.com/team-logos/134.svg", "team": "pit", "start": "", "in": "6", "result": "Groundout", "evo": "71.1", "la": "5", "dist": "65"}, {"player": "willson contreras", "game": "pit @ chc", "gameIdx": 0, "hr/park": "", "pa": "40", "dt": "", "img": "https://www.mlbstatic.com/team-logos/112.svg", "team": "chc", "start": "", "in": "5", "result": "Groundout", "evo": "92.9", "la": "-11", "dist": "13"}, {"player": "anthony rizzo", "game": "pit @ chc", "gameIdx": 0, "hr/park": "", "pa": "39", "dt": "", "img": "https://www.mlbstatic.com/team-logos/112.svg", "team": "chc", "start": "", "in": "5", "result": "GIDP", "evo": "89.1", "la": "-18", "dist": "12"}, {"player": "javier baez", "game": "pit @ chc", "gameIdx": 0, "hr/park": "", "pa": "38", "dt": "", "img": "https://www.mlbstatic.com/team-logos/112.svg", "team": "chc", "start": "", "in": "5", "result": "Single", "evo": "111.3", "la": "12", "dist": "212"}, {"player": "kris bryant", "game": "pit @ chc", "gameIdx": 0, "hr/park": "", "pa": "37", "dt": "", "img": "https://www.mlbstatic.com/team-logos/112.svg", "team": "chc", "start": "", "in": "5", "result": "Single", "evo": "78.4", "la": "14", "dist": "158"}, {"player": "kaai tom", "game": "pit @ chc", "gameIdx": 0, "hr/park": "", "pa": "36", "dt": "", "img": "https://www.mlbstatic.com/team-logos/134.svg", "team": "pit", "start": "", "in": "5", "result": "Groundout", "evo": "79.5", "la": "3", "dist": "60"}, {"player": "todd frazier", "game": "pit @ chc", "gameIdx": 0, "hr/park": "", "pa": "35", "dt": "", "img": "https://www.mlbstatic.com/team-logos/134.svg", "team": "pit", "start": "", "in": "5", "result": "GIDP", "evo": "101.4", "la": "-12", "dist": "15"}, {"player": "jacob stallings", "game": "pit @ chc", "gameIdx": 0, "hr/park": "", "pa": "34", "dt": "", "img": "https://www.mlbstatic.com/team-logos/134.svg", "team": "pit", "start": "", "in": "5", "result": "Single", "evo": "98.4", "la": "18", "dist": "291"}, {"player": "joc pederson", "game": "pit @ chc", "gameIdx": 0, "hr/park": "", "pa": "33", "dt": "", "img": "https://www.mlbstatic.com/team-logos/112.svg", "team": "chc", "start": "", "in": "4", "result": "GIDP", "evo": "93.0", "la": "6", "dist": "95"}, {"player": "zach davies", "game": "pit @ chc", "gameIdx": 0, "hr/park": "", "pa": "32", "dt": "", "img": "https://www.mlbstatic.com/team-logos/112.svg", "team": "chc", "start": "", "in": "4", "result": "Forceout", "evo": "28.2", "la": "32", "dist": "51"}, {"player": "david bote", "game": "pit @ chc", "gameIdx": 0, "hr/park": "", "pa": "31", "dt": "", "img": "https://www.mlbstatic.com/team-logos/112.svg", "team": "chc", "start": "", "in": "4", "result": "Single", "evo": "92.5", "la": "7", "dist": "126"}, {"player": "phillip evans", "game": "pit @ chc", "gameIdx": 0, "hr/park": "", "pa": "30", "dt": "", "img": "https://www.mlbstatic.com/team-logos/134.svg", "team": "pit", "start": "", "in": "4", "result": "Flyout", "evo": "92.6", "la": "34", "dist": "294"}, {"player": "colin moran", "game": "pit @ chc", "gameIdx": 0, "hr/park": "", "pa": "29", "dt": "", "img": "https://www.mlbstatic.com/team-logos/134.svg", "team": "pit", "start": "", "in": "4", "result": "Groundout", "evo": "92.6", "la": "-5", "dist": "17"}, {"player": "erik gonzalez", "game": "pit @ chc", "gameIdx": 0, "hr/park": "", "pa": "28", "dt": "", "img": "https://www.mlbstatic.com/team-logos/134.svg", "team": "pit", "start": "", "in": "4", "result": "Groundout", "evo": "95.8", "la": "-7", "dist": "19"}, {"player": "jason heyward", "game": "pit @ chc", "gameIdx": 0, "hr/park": "", "pa": "27", "dt": "", "img": "https://www.mlbstatic.com/team-logos/112.svg", "team": "chc", "start": "", "in": "3", "result": "Pop Out", "evo": "49.5", "la": "65", "dist": "70"}, {"player": "matt duffy", "game": "pit @ chc", "gameIdx": 0, "hr/park": "", "pa": "26", "dt": "", "img": "https://www.mlbstatic.com/team-logos/112.svg", "team": "chc", "start": "", "in": "3", "result": "Sac Fly", "evo": "77.0", "la": "33", "dist": "272"}, {"player": "willson contreras", "game": "pit @ chc", "gameIdx": 0, "hr/park": "", "pa": "25", "dt": "", "img": "https://www.mlbstatic.com/team-logos/112.svg", "team": "chc", "start": "", "in": "3", "result": "Strikeout", "evo": "", "la": "", "dist": ""}, {"player": "anthony rizzo", "game": "pit @ chc", "gameIdx": 0, "hr/park": "", "pa": "24", "dt": "", "img": "https://www.mlbstatic.com/team-logos/112.svg", "team": "chc", "start": "", "in": "3", "result": "Single", "evo": "95.7", "la": "14", "dist": "207"}, {"player": "javier baez", "game": "pit @ chc", "gameIdx": 0, "hr/park": "", "pa": "23", "dt": "", "img": "https://www.mlbstatic.com/team-logos/112.svg", "team": "chc", "start": "", "in": "3", "result": "Single", "evo": "58.7", "la": "-25", "dist": "8"}, {"player": "bryan reynolds", "game": "pit @ chc", "gameIdx": 0, "hr/park": "", "pa": "22", "dt": "", "img": "https://www.mlbstatic.com/team-logos/134.svg", "team": "pit", "start": "", "in": "3", "result": "Groundout", "evo": "64.1", "la": "-20", "dist": "8"}, {"player": "adam frazier", "game": "pit @ chc", "gameIdx": 0, "hr/park": "0/30", "pa": "21", "dt": "", "img": "https://www.mlbstatic.com/team-logos/134.svg", "team": "pit", "start": "", "in": "3", "result": "Flyout", "evo": "89.0", "la": "37", "dist": "323"}, {"player": "trevor cahill", "game": "pit @ chc", "gameIdx": 0, "hr/park": "", "pa": "20", "dt": "", "img": "https://www.mlbstatic.com/team-logos/134.svg", "team": "pit", "start": "", "in": "3", "result": "Single", "evo": "35.9", "la": "11", "dist": "45"}, {"player": "kaai tom", "game": "pit @ chc", "gameIdx": 0, "hr/park": "", "pa": "19", "dt": "", "img": "https://www.mlbstatic.com/team-logos/134.svg", "team": "pit", "start": "", "in": "3", "result": "Hit By Pitch", "evo": "", "la": "", "dist": ""}, {"player": "todd frazier", "game": "pit @ chc", "gameIdx": 0, "hr/park": "", "pa": "18", "dt": "", "img": "https://www.mlbstatic.com/team-logos/134.svg", "team": "pit", "start": "", "in": "3", "result": "Groundout", "evo": "91.4", "la": "7", "dist": "118"}, {"player": "kris bryant", "game": "pit @ chc", "gameIdx": 0, "hr/park": "", "pa": "17", "dt": "", "img": "https://www.mlbstatic.com/team-logos/112.svg", "team": "chc", "start": "", "in": "2", "result": "Strikeout", "evo": "", "la": "", "dist": ""}, {"player": "joc pederson", "game": "pit @ chc", "gameIdx": 0, "hr/park": "", "pa": "16", "dt": "", "img": "https://www.mlbstatic.com/team-logos/112.svg", "team": "chc", "start": "", "in": "2", "result": "Single", "evo": "93.0", "la": "17", "dist": "263"}, {"player": "zach davies", "game": "pit @ chc", "gameIdx": 0, "hr/park": "", "pa": "15", "dt": "", "img": "https://www.mlbstatic.com/team-logos/112.svg", "team": "chc", "start": "", "in": "2", "result": "Sac Bunt", "evo": "38.2", "la": "-43", "dist": "5"}, {"player": "david bote", "game": "pit @ chc", "gameIdx": 0, "hr/park": "", "pa": "14", "dt": "", "img": "https://www.mlbstatic.com/team-logos/112.svg", "team": "chc", "start": "", "in": "2", "result": "Single", "evo": "96.1", "la": "-4", "dist": "25"}, {"player": "jason heyward", "game": "pit @ chc", "gameIdx": 0, "hr/park": "", "pa": "13", "dt": "", "img": "https://www.mlbstatic.com/team-logos/112.svg", "team": "chc", "start": "", "in": "2", "result": "Pop Out", "evo": "85.0", "la": "53", "dist": "188"}, {"player": "jacob stallings", "game": "pit @ chc", "gameIdx": 0, "hr/park": "0/30", "pa": "12", "dt": "", "img": "https://www.mlbstatic.com/team-logos/134.svg", "team": "pit", "start": "", "in": "2", "result": "Lineout", "evo": "98.9", "la": "21", "dist": "346"}, {"player": "phillip evans", "game": "pit @ chc", "gameIdx": 0, "hr/park": "0/30", "pa": "11", "dt": "", "img": "https://www.mlbstatic.com/team-logos/134.svg", "team": "pit", "start": "", "in": "2", "result": "Lineout", "evo": "105.7", "la": "16", "dist": "366"}, {"player": "colin moran", "game": "pit @ chc", "gameIdx": 0, "hr/park": "", "pa": "10", "dt": "", "img": "https://www.mlbstatic.com/team-logos/134.svg", "team": "pit", "start": "", "in": "2", "result": "Groundout", "evo": "89.2", "la": "-9", "dist": "14"}, {"player": "matt duffy", "game": "pit @ chc", "gameIdx": 0, "hr/park": "", "pa": "9", "dt": "", "img": "https://www.mlbstatic.com/team-logos/112.svg", "team": "chc", "start": "", "in": "1", "result": "Groundout", "evo": "90.2", "la": "-27", "dist": "5"}, {"player": "willson contreras", "game": "pit @ chc", "gameIdx": 0, "hr/park": "", "pa": "8", "dt": "", "img": "https://www.mlbstatic.com/team-logos/112.svg", "team": "chc", "start": "", "in": "1", "result": "Walk", "evo": "", "la": "", "dist": ""}, {"player": "anthony rizzo", "game": "pit @ chc", "gameIdx": 0, "hr/park": "", "pa": "7", "dt": "", "img": "https://www.mlbstatic.com/team-logos/112.svg", "team": "chc", "start": "", "in": "1", "result": "Field Error", "evo": "84.6", "la": "33", "dist": "286"}, {"player": "javier baez", "game": "pit @ chc", "gameIdx": 0, "hr/park": "", "pa": "6", "dt": "", "img": "https://www.mlbstatic.com/team-logos/112.svg", "team": "chc", "start": "", "in": "1", "result": "Groundout", "evo": "90.2", "la": "-22", "dist": "8"}, {"player": "kris bryant", "game": "pit @ chc", "gameIdx": 0, "hr/park": "", "pa": "5", "dt": "", "img": "https://www.mlbstatic.com/team-logos/112.svg", "team": "chc", "start": "", "in": "1", "result": "Groundout", "evo": "58.5", "la": "-57", "dist": "5"}, {"player": "joc pederson", "game": "pit @ chc", "gameIdx": 0, "hr/park": "", "pa": "4", "dt": "", "img": "https://www.mlbstatic.com/team-logos/112.svg", "team": "chc", "start": "", "in": "1", "result": "Single", "evo": "104.2", "la": "10", "dist": "218"}, {"player": "erik gonzalez", "game": "pit @ chc", "gameIdx": 0, "hr/park": "", "pa": "3", "dt": "", "img": "https://www.mlbstatic.com/team-logos/134.svg", "team": "pit", "start": "", "in": "1", "result": "Strikeout", "evo": "", "la": "", "dist": ""}, {"player": "bryan reynolds", "game": "pit @ chc", "gameIdx": 0, "hr/park": "0/30", "pa": "2", "dt": "", "img": "https://www.mlbstatic.com/team-logos/134.svg", "team": "pit", "start": "", "in": "1", "result": "Flyout", "evo": "94.9", "la": "38", "dist": "319"}, {"player": "adam frazier", "game": "pit @ chc", "gameIdx": 0, "hr/park": "", "pa": "1", "dt": "", "img": "https://www.mlbstatic.com/team-logos/134.svg", "team": "pit", "start": "", "in": "1", "result": "Groundout", "evo": "76.7", "la": "11", "dist": "114"}], "bos @ bal": [], "wsh @ nyy": [], "cin @ cle": [], "ari @ nym": [], "min @ det": [], "mil @ mia": [], "phi @ atl": [{"player": "austin riley", "game": "phi @ atl", "gameIdx": 0, "hr/park": "", "pa": "81", "dt": "", "img": "https://www.mlbstatic.com/team-logos/144.svg", "team": "atl", "start": "", "in": "9", "result": "Groundout", "evo": "91.5", "la": "-13", "dist": "10"}, {"player": "ozzie albies", "game": "phi @ atl", "gameIdx": 0, "hr/park": "0/30", "pa": "80", "dt": "", "img": "https://www.mlbstatic.com/team-logos/144.svg", "team": "atl", "start": "", "in": "9", "result": "Flyout", "evo": "99.8", "la": "23", "dist": "396"}, {"player": "marcell ozuna", "game": "phi @ atl", "gameIdx": 0, "hr/park": "", "pa": "79", "dt": "", "img": "https://www.mlbstatic.com/team-logos/144.svg", "team": "atl", "start": "", "in": "9", "result": "Strikeout", "evo": "", "la": "", "dist": ""}, {"player": "jt realmuto", "game": "phi @ atl", "gameIdx": 0, "hr/park": "", "pa": "78", "dt": "", "img": "https://www.mlbstatic.com/team-logos/143.svg", "team": "phi", "start": "", "in": "9", "result": "Strikeout", "evo": "", "la": "", "dist": ""}, {"player": "bryce harper", "game": "phi @ atl", "gameIdx": 0, "hr/park": "", "pa": "77", "dt": "", "img": "https://www.mlbstatic.com/team-logos/143.svg", "team": "phi", "start": "", "in": "9", "result": "Single", "evo": "79.3", "la": "20", "dist": "199"}, {"player": "andrew knapp", "game": "phi @ atl", "gameIdx": 0, "hr/park": "", "pa": "76", "dt": "", "img": "https://www.mlbstatic.com/team-logos/143.svg", "team": "phi", "start": "", "in": "9", "result": "Strikeout", "evo": "", "la": "", "dist": ""}, {"player": "andrew mccutchen", "game": "phi @ atl", "gameIdx": 0, "hr/park": "", "pa": "75", "dt": "", "img": "https://www.mlbstatic.com/team-logos/143.svg", "team": "phi", "start": "", "in": "9", "result": "Strikeout", "evo": "", "la": "", "dist": ""}, {"player": "freddie freeman", "game": "phi @ atl", "gameIdx": 0, "hr/park": "", "pa": "74", "dt": "", "img": "https://www.mlbstatic.com/team-logos/144.svg", "team": "atl", "start": "", "in": "8", "result": "Groundout", "evo": "104.5", "la": "", "dist": "55"}, {"player": "ronald acuna", "game": "phi @ atl", "gameIdx": 0, "hr/park": "", "pa": "73", "dt": "", "img": "https://www.mlbstatic.com/team-logos/144.svg", "team": "atl", "start": "", "in": "8", "result": "Strikeout", "evo": "", "la": "", "dist": ""}, {"player": "ehire adrianza", "game": "phi @ atl", "gameIdx": 0, "hr/park": "", "pa": "72", "dt": "", "img": "https://www.mlbstatic.com/team-logos/144.svg", "team": "atl", "start": "", "in": "8", "result": "Groundout", "evo": "54.2", "la": "-46", "dist": "3"}, {"player": "scott kingery", "game": "phi @ atl", "gameIdx": 0, "hr/park": "", "pa": "71", "dt": "", "img": "https://www.mlbstatic.com/team-logos/143.svg", "team": "phi", "start": "", "in": "8", "result": "Lineout", "evo": "53.1", "la": "27", "dist": "146"}, {"player": "odubel herrera", "game": "phi @ atl", "gameIdx": 0, "hr/park": "", "pa": "70", "dt": "", "img": "https://www.mlbstatic.com/team-logos/143.svg", "team": "phi", "start": "", "in": "8", "result": "Forceout", "evo": "76.3", "la": "-13", "dist": "10"}, {"player": "jean segura", "game": "phi @ atl", "gameIdx": 0, "hr/park": "", "pa": "69", "dt": "", "img": "https://www.mlbstatic.com/team-logos/143.svg", "team": "phi", "start": "", "in": "8", "result": "Single", "evo": "77.3", "la": "13", "dist": "169"}, {"player": "didi gregorius", "game": "phi @ atl", "gameIdx": 0, "hr/park": "", "pa": "68", "dt": "", "img": "https://www.mlbstatic.com/team-logos/143.svg", "team": "phi", "start": "", "in": "8", "result": "Walk", "evo": "", "la": "", "dist": ""}, {"player": "alec bohm", "game": "phi @ atl", "gameIdx": 0, "hr/park": "", "pa": "67", "dt": "", "img": "https://www.mlbstatic.com/team-logos/143.svg", "team": "phi", "start": "", "in": "8", "result": "Strikeout", "evo": "", "la": "", "dist": ""}, {"player": "jt realmuto", "game": "phi @ atl", "gameIdx": 0, "hr/park": "22/30", "pa": "66", "dt": "", "img": "https://www.mlbstatic.com/team-logos/143.svg", "team": "phi", "start": "", "in": "8", "result": "Home Run", "evo": "103.6", "la": "30", "dist": "416"}, {"player": "bryce harper", "game": "phi @ atl", "gameIdx": 0, "hr/park": "", "pa": "65", "dt": "", "img": "https://www.mlbstatic.com/team-logos/143.svg", "team": "phi", "start": "", "in": "8", "result": "Double", "evo": "98.4", "la": "-12", "dist": "14"}, {"player": "cristian pache", "game": "phi @ atl", "gameIdx": 0, "hr/park": "", "pa": "64", "dt": "", "img": "https://www.mlbstatic.com/team-logos/144.svg", "team": "atl", "start": "", "in": "7", "result": "Groundout", "evo": "51.7", "la": "-79", "dist": "4"}, {"player": "dansby swanson", "game": "phi @ atl", "gameIdx": 0, "hr/park": "", "pa": "63", "dt": "", "img": "https://www.mlbstatic.com/team-logos/144.svg", "team": "atl", "start": "", "in": "7", "result": "Groundout", "evo": "84.4", "la": "-4", "dist": "25"}, {"player": "william contreras", "game": "phi @ atl", "gameIdx": 0, "hr/park": "", "pa": "62", "dt": "", "img": "https://www.mlbstatic.com/team-logos/144.svg", "team": "atl", "start": "", "in": "7", "result": "Strikeout", "evo": "", "la": "", "dist": ""}, {"player": "rhys hoskins", "game": "phi @ atl", "gameIdx": 0, "hr/park": "", "pa": "61", "dt": "", "img": "https://www.mlbstatic.com/team-logos/143.svg", "team": "phi", "start": "", "in": "7", "result": "Strikeout", "evo": "", "la": "", "dist": ""}, {"player": "andrew mccutchen", "game": "phi @ atl", "gameIdx": 0, "hr/park": "", "pa": "60", "dt": "", "img": "https://www.mlbstatic.com/team-logos/143.svg", "team": "phi", "start": "", "in": "7", "result": "Single", "evo": "105.8", "la": "15", "dist": "244"}, {"player": "zach eflin", "game": "phi @ atl", "gameIdx": 0, "hr/park": "", "pa": "59", "dt": "", "img": "https://www.mlbstatic.com/team-logos/143.svg", "team": "phi", "start": "", "in": "7", "result": "Sac Bunt", "evo": "41.8", "la": "-73", "dist": "3"}, {"player": "odubel herrera", "game": "phi @ atl", "gameIdx": 0, "hr/park": "", "pa": "58", "dt": "", "img": "https://www.mlbstatic.com/team-logos/143.svg", "team": "phi", "start": "", "in": "7", "result": "Strikeout", "evo": "", "la": "", "dist": ""}, {"player": "jean segura", "game": "phi @ atl", "gameIdx": 0, "hr/park": "", "pa": "57", "dt": "", "img": "https://www.mlbstatic.com/team-logos/143.svg", "team": "phi", "start": "", "in": "7", "result": "Single", "evo": "101.3", "la": "3", "dist": "70"}, {"player": "austin riley", "game": "phi @ atl", "gameIdx": 0, "hr/park": "", "pa": "56", "dt": "", "img": "https://www.mlbstatic.com/team-logos/144.svg", "team": "atl", "start": "", "in": "6", "result": "GIDP", "evo": "64.3", "la": "-5", "dist": "23"}, {"player": "ozzie albies", "game": "phi @ atl", "gameIdx": 0, "hr/park": "", "pa": "55", "dt": "", "img": "https://www.mlbstatic.com/team-logos/144.svg", "team": "atl", "start": "", "in": "6", "result": "Flyout", "evo": "80.1", "la": "41", "dist": "290"}, {"player": "marcell ozuna", "game": "phi @ atl", "gameIdx": 0, "hr/park": "", "pa": "54", "dt": "", "img": "https://www.mlbstatic.com/team-logos/144.svg", "team": "atl", "start": "", "in": "6", "result": "Single", "evo": "82.9", "la": "18", "dist": "229"}, {"player": "didi gregorius", "game": "phi @ atl", "gameIdx": 0, "hr/park": "", "pa": "53", "dt": "", "img": "https://www.mlbstatic.com/team-logos/143.svg", "team": "phi", "start": "", "in": "6", "result": "Groundout", "evo": "68.9", "la": "1", "dist": "42"}, {"player": "alec bohm", "game": "phi @ atl", "gameIdx": 0, "hr/park": "", "pa": "52", "dt": "", "img": "https://www.mlbstatic.com/team-logos/143.svg", "team": "phi", "start": "", "in": "6", "result": "Single", "evo": "85.7", "la": "6", "dist": "114"}, {"player": "jt realmuto", "game": "phi @ atl", "gameIdx": 0, "hr/park": "", "pa": "51", "dt": "", "img": "https://www.mlbstatic.com/team-logos/143.svg", "team": "phi", "start": "", "in": "6", "result": "Walk", "evo": "", "la": "", "dist": ""}, {"player": "bryce harper", "game": "phi @ atl", "gameIdx": 0, "hr/park": "", "pa": "50", "dt": "", "img": "https://www.mlbstatic.com/team-logos/143.svg", "team": "phi", "start": "", "in": "6", "result": "Strikeout", "evo": "", "la": "", "dist": ""}, {"player": "rhys hoskins", "game": "phi @ atl", "gameIdx": 0, "hr/park": "", "pa": "49", "dt": "", "img": "https://www.mlbstatic.com/team-logos/143.svg", "team": "phi", "start": "", "in": "6", "result": "Walk", "evo": "", "la": "", "dist": ""}, {"player": "andrew mccutchen", "game": "phi @ atl", "gameIdx": 0, "hr/park": "", "pa": "48", "dt": "", "img": "https://www.mlbstatic.com/team-logos/143.svg", "team": "phi", "start": "", "in": "6", "result": "Pop Out", "evo": "90.4", "la": "61", "dist": "192"}, {"player": "freddie freeman", "game": "phi @ atl", "gameIdx": 0, "hr/park": "", "pa": "47", "dt": "", "img": "https://www.mlbstatic.com/team-logos/144.svg", "team": "atl", "start": "", "in": "5", "result": "Groundout", "evo": "93.7", "la": "-3", "dist": "33"}, {"player": "ronald acuna", "game": "phi @ atl", "gameIdx": 0, "hr/park": "", "pa": "46", "dt": "", "img": "https://www.mlbstatic.com/team-logos/144.svg", "team": "atl", "start": "", "in": "5", "result": "Single", "evo": "74.1", "la": "29", "dist": "234"}, {"player": "pablo sandoval", "game": "phi @ atl", "gameIdx": 0, "hr/park": "", "pa": "45", "dt": "", "img": "https://www.mlbstatic.com/team-logos/144.svg", "team": "atl", "start": "", "in": "5", "result": "Flyout", "evo": "90.3", "la": "56", "dist": "245"}, {"player": "cristian pache", "game": "phi @ atl", "gameIdx": 0, "hr/park": "", "pa": "44", "dt": "", "img": "https://www.mlbstatic.com/team-logos/144.svg", "team": "atl", "start": "", "in": "5", "result": "Strikeout", "evo": "", "la": "", "dist": ""}, {"player": "dansby swanson", "game": "phi @ atl", "gameIdx": 0, "hr/park": "", "pa": "43", "dt": "", "img": "https://www.mlbstatic.com/team-logos/144.svg", "team": "atl", "start": "", "in": "5", "result": "Double", "evo": "82.9", "la": "20", "dist": "246"}, {"player": "zach eflin", "game": "phi @ atl", "gameIdx": 0, "hr/park": "", "pa": "42", "dt": "", "img": "https://www.mlbstatic.com/team-logos/143.svg", "team": "phi", "start": "", "in": "5", "result": "Strikeout", "evo": "", "la": "", "dist": ""}, {"player": "odubel herrera", "game": "phi @ atl", "gameIdx": 0, "hr/park": "", "pa": "41", "dt": "", "img": "https://www.mlbstatic.com/team-logos/143.svg", "team": "phi", "start": "", "in": "5", "result": "Walk", "evo": "", "la": "", "dist": ""}, {"player": "jean segura", "game": "phi @ atl", "gameIdx": 0, "hr/park": "", "pa": "40", "dt": "", "img": "https://www.mlbstatic.com/team-logos/143.svg", "team": "phi", "start": "", "in": "5", "result": "Groundout", "evo": "98.7", "la": "", "dist": "39"}, {"player": "didi gregorius", "game": "phi @ atl", "gameIdx": 0, "hr/park": "", "pa": "39", "dt": "", "img": "https://www.mlbstatic.com/team-logos/143.svg", "team": "phi", "start": "", "in": "5", "result": "Pop Out", "evo": "77.8", "la": "60", "dist": "176"}, {"player": "william contreras", "game": "phi @ atl", "gameIdx": 0, "hr/park": "", "pa": "38", "dt": "", "img": "https://www.mlbstatic.com/team-logos/144.svg", "team": "atl", "start": "", "in": "4", "result": "Strikeout", "evo": "", "la": "", "dist": ""}, {"player": "austin riley", "game": "phi @ atl", "gameIdx": 0, "hr/park": "", "pa": "37", "dt": "", "img": "https://www.mlbstatic.com/team-logos/144.svg", "team": "atl", "start": "", "in": "4", "result": "Strikeout", "evo": "", "la": "", "dist": ""}, {"player": "ozzie albies", "game": "phi @ atl", "gameIdx": 0, "hr/park": "", "pa": "36", "dt": "", "img": "https://www.mlbstatic.com/team-logos/144.svg", "team": "atl", "start": "", "in": "4", "result": "Strikeout", "evo": "", "la": "", "dist": ""}, {"player": "alec bohm", "game": "phi @ atl", "gameIdx": 0, "hr/park": "", "pa": "35", "dt": "", "img": "https://www.mlbstatic.com/team-logos/143.svg", "team": "phi", "start": "", "in": "4", "result": "GIDP", "evo": "105.3", "la": "-3", "dist": "21"}, {"player": "jt realmuto", "game": "phi @ atl", "gameIdx": 0, "hr/park": "", "pa": "34", "dt": "", "img": "https://www.mlbstatic.com/team-logos/143.svg", "team": "phi", "start": "", "in": "4", "result": "Single", "evo": "88.7", "la": "18", "dist": "264"}, {"player": "bryce harper", "game": "phi @ atl", "gameIdx": 0, "hr/park": "0/30", "pa": "33", "dt": "", "img": "https://www.mlbstatic.com/team-logos/143.svg", "team": "phi", "start": "", "in": "4", "result": "Flyout", "evo": "97.1", "la": "47", "dist": "305"}, {"player": "marcell ozuna", "game": "phi @ atl", "gameIdx": 0, "hr/park": "", "pa": "32", "dt": "", "img": "https://www.mlbstatic.com/team-logos/144.svg", "team": "atl", "start": "", "in": "3", "result": "Flyout", "evo": "72.5", "la": "35", "dist": "257"}, {"player": "freddie freeman", "game": "phi @ atl", "gameIdx": 0, "hr/park": "0/30", "pa": "31", "dt": "", "img": "https://www.mlbstatic.com/team-logos/144.svg", "team": "atl", "start": "", "in": "3", "result": "Lineout", "evo": "97.3", "la": "22", "dist": "319"}, {"player": "ronald acuna", "game": "phi @ atl", "gameIdx": 0, "hr/park": "", "pa": "30", "dt": "", "img": "https://www.mlbstatic.com/team-logos/144.svg", "team": "atl", "start": "", "in": "3", "result": "Flyout", "evo": "82.1", "la": "49", "dist": "241"}, {"player": "rhys hoskins", "game": "phi @ atl", "gameIdx": 0, "hr/park": "", "pa": "29", "dt": "", "img": "https://www.mlbstatic.com/team-logos/143.svg", "team": "phi", "start": "", "in": "3", "result": "Strikeout", "evo": "", "la": "", "dist": ""}, {"player": "andrew mccutchen", "game": "phi @ atl", "gameIdx": 0, "hr/park": "", "pa": "28", "dt": "", "img": "https://www.mlbstatic.com/team-logos/143.svg", "team": "phi", "start": "", "in": "3", "result": "Forceout", "evo": "62.7", "la": "-27", "dist": "5"}, {"player": "zach eflin", "game": "phi @ atl", "gameIdx": 0, "hr/park": "", "pa": "27", "dt": "", "img": "https://www.mlbstatic.com/team-logos/143.svg", "team": "phi", "start": "", "in": "3", "result": "Strikeout", "evo": "", "la": "", "dist": ""}, {"player": "odubel herrera", "game": "phi @ atl", "gameIdx": 0, "hr/park": "", "pa": "26", "dt": "", "img": "https://www.mlbstatic.com/team-logos/143.svg", "team": "phi", "start": "", "in": "3", "result": "Single", "evo": "70.4", "la": "47", "dist": "203"}, {"player": "jean segura", "game": "phi @ atl", "gameIdx": 0, "hr/park": "", "pa": "25", "dt": "", "img": "https://www.mlbstatic.com/team-logos/143.svg", "team": "phi", "start": "", "in": "3", "result": "Single", "evo": "102.9", "la": "-11", "dist": "7"}, {"player": "didi gregorius", "game": "phi @ atl", "gameIdx": 0, "hr/park": "", "pa": "24", "dt": "", "img": "https://www.mlbstatic.com/team-logos/143.svg", "team": "phi", "start": "", "in": "3", "result": "Single", "evo": "106.2", "la": "8", "dist": "157"}, {"player": "josh tomlin", "game": "phi @ atl", "gameIdx": 0, "hr/park": "", "pa": "23", "dt": "", "img": "https://www.mlbstatic.com/team-logos/144.svg", "team": "atl", "start": "", "in": "2", "result": "Strikeout", "evo": "", "la": "", "dist": ""}, {"player": "cristian pache", "game": "phi @ atl", "gameIdx": 0, "hr/park": "", "pa": "22", "dt": "", "img": "https://www.mlbstatic.com/team-logos/144.svg", "team": "atl", "start": "", "in": "2", "result": "Lineout", "evo": "50.6", "la": "13", "dist": "87"}, {"player": "dansby swanson", "game": "phi @ atl", "gameIdx": 0, "hr/park": "21/30", "pa": "21", "dt": "", "img": "https://www.mlbstatic.com/team-logos/144.svg", "team": "atl", "start": "", "in": "2", "result": "Home Run", "evo": "102.4", "la": "32", "dist": "392"}, {"player": "william contreras", "game": "phi @ atl", "gameIdx": 0, "hr/park": "", "pa": "20", "dt": "", "img": "https://www.mlbstatic.com/team-logos/144.svg", "team": "atl", "start": "", "in": "2", "result": "Groundout", "evo": "85.5", "la": "-30", "dist": "3"}, {"player": "alec bohm", "game": "phi @ atl", "gameIdx": 0, "hr/park": "", "pa": "19", "dt": "", "img": "https://www.mlbstatic.com/team-logos/143.svg", "team": "phi", "start": "", "in": "2", "result": "Groundout", "evo": "76.3", "la": "-16", "dist": "8"}, {"player": "jt realmuto", "game": "phi @ atl", "gameIdx": 0, "hr/park": "", "pa": "18", "dt": "", "img": "https://www.mlbstatic.com/team-logos/143.svg", "team": "phi", "start": "", "in": "2", "result": "Groundout", "evo": "73.9", "la": "-27", "dist": "4"}, {"player": "bryce harper", "game": "phi @ atl", "gameIdx": 0, "hr/park": "", "pa": "17", "dt": "", "img": "https://www.mlbstatic.com/team-logos/143.svg", "team": "phi", "start": "", "in": "2", "result": "Strikeout", "evo": "", "la": "", "dist": ""}, {"player": "austin riley", "game": "phi @ atl", "gameIdx": 0, "hr/park": "", "pa": "16", "dt": "", "img": "https://www.mlbstatic.com/team-logos/144.svg", "team": "atl", "start": "", "in": "1", "result": "Pop Out", "evo": "81.8", "la": "67", "dist": "135"}, {"player": "ozzie albies", "game": "phi @ atl", "gameIdx": 0, "hr/park": "", "pa": "15", "dt": "", "img": "https://www.mlbstatic.com/team-logos/144.svg", "team": "atl", "start": "", "in": "1", "result": "Walk", "evo": "", "la": "", "dist": ""}, {"player": "marcell ozuna", "game": "phi @ atl", "gameIdx": 0, "hr/park": "", "pa": "14", "dt": "", "img": "https://www.mlbstatic.com/team-logos/144.svg", "team": "atl", "start": "", "in": "1", "result": "Single", "evo": "108.1", "la": "12", "dist": "225"}, {"player": "freddie freeman", "game": "phi @ atl", "gameIdx": 0, "hr/park": "", "pa": "13", "dt": "", "img": "https://www.mlbstatic.com/team-logos/144.svg", "team": "atl", "start": "", "in": "1", "result": "Strikeout", "evo": "", "la": "", "dist": ""}, {"player": "ronald acuna", "game": "phi @ atl", "gameIdx": 0, "hr/park": "", "pa": "12", "dt": "", "img": "https://www.mlbstatic.com/team-logos/144.svg", "team": "atl", "start": "", "in": "1", "result": "Strikeout", "evo": "", "la": "", "dist": ""}, {"player": "rhys hoskins", "game": "phi @ atl", "gameIdx": 0, "hr/park": "", "pa": "11", "dt": "", "img": "https://www.mlbstatic.com/team-logos/143.svg", "team": "phi", "start": "", "in": "1", "result": "Strikeout", "evo": "", "la": "", "dist": ""}, {"player": "andrew mccutchen", "game": "phi @ atl", "gameIdx": 0, "hr/park": "", "pa": "10", "dt": "", "img": "https://www.mlbstatic.com/team-logos/143.svg", "team": "phi", "start": "", "in": "1", "result": "Single", "evo": "54.4", "la": "-53", "dist": "5"}, {"player": "zach eflin", "game": "phi @ atl", "gameIdx": 0, "hr/park": "", "pa": "9", "dt": "", "img": "https://www.mlbstatic.com/team-logos/143.svg", "team": "phi", "start": "", "in": "1", "result": "Walk", "evo": "", "la": "", "dist": ""}, {"player": "odubel herrera", "game": "phi @ atl", "gameIdx": 0, "hr/park": "19/30", "pa": "8", "dt": "", "img": "https://www.mlbstatic.com/team-logos/143.svg", "team": "phi", "start": "", "in": "1", "result": "Home Run", "evo": "109.3", "la": "17", "dist": "412"}, {"player": "jean segura", "game": "phi @ atl", "gameIdx": 0, "hr/park": "", "pa": "7", "dt": "", "img": "https://www.mlbstatic.com/team-logos/143.svg", "team": "phi", "start": "", "in": "1", "result": "Single", "evo": "90.4", "la": "-4", "dist": "25"}, {"player": "didi gregorius", "game": "phi @ atl", "gameIdx": 0, "hr/park": "", "pa": "6", "dt": "", "img": "https://www.mlbstatic.com/team-logos/143.svg", "team": "phi", "start": "", "in": "1", "result": "Lineout", "evo": "57.5", "la": "25", "dist": "161"}, {"player": "alec bohm", "game": "phi @ atl", "gameIdx": 0, "hr/park": "", "pa": "5", "dt": "", "img": "https://www.mlbstatic.com/team-logos/143.svg", "team": "phi", "start": "", "in": "1", "result": "Single", "evo": "95.4", "la": "11", "dist": "201"}, {"player": "jt realmuto", "game": "phi @ atl", "gameIdx": 0, "hr/park": "", "pa": "4", "dt": "", "img": "https://www.mlbstatic.com/team-logos/143.svg", "team": "phi", "start": "", "in": "1", "result": "Single", "evo": "91.6", "la": "16", "dist": "249"}, {"player": "bryce harper", "game": "phi @ atl", "gameIdx": 0, "hr/park": "", "pa": "3", "dt": "", "img": "https://www.mlbstatic.com/team-logos/143.svg", "team": "phi", "start": "", "in": "1", "result": "Walk", "evo": "", "la": "", "dist": ""}, {"player": "rhys hoskins", "game": "phi @ atl", "gameIdx": 0, "hr/park": "", "pa": "2", "dt": "", "img": "https://www.mlbstatic.com/team-logos/143.svg", "team": "phi", "start": "", "in": "1", "result": "Strikeout", "evo": "", "la": "", "dist": ""}, {"player": "andrew mccutchen", "game": "phi @ atl", "gameIdx": 0, "hr/park": "", "pa": "1", "dt": "", "img": "https://www.mlbstatic.com/team-logos/143.svg", "team": "phi", "start": "", "in": "1", "result": "Groundout", "evo": "72.1", "la": "", "dist": "33"}], "sea @ tex": [{"player": "charlie culberson", "game": "sea @ tex", "gameIdx": 0, "hr/park": "", "pa": "75", "dt": "", "img": "https://www.mlbstatic.com/team-logos/140.svg", "team": "tex", "start": "", "in": "9", "result": "Strikeout", "evo": "", "la": "", "dist": ""}, {"player": "isiah kiner falefa", "game": "sea @ tex", "gameIdx": 0, "hr/park": "", "pa": "74", "dt": "", "img": "https://www.mlbstatic.com/team-logos/140.svg", "team": "tex", "start": "", "in": "9", "result": "Strikeout", "evo": "", "la": "", "dist": ""}, {"player": "david dahl", "game": "sea @ tex", "gameIdx": 0, "hr/park": "", "pa": "73", "dt": "", "img": "https://www.mlbstatic.com/team-logos/140.svg", "team": "tex", "start": "", "in": "9", "result": "Double", "evo": "103.3", "la": "13", "dist": "282"}, {"player": "adolis garcia", "game": "sea @ tex", "gameIdx": 0, "hr/park": "", "pa": "72", "dt": "", "img": "https://www.mlbstatic.com/team-logos/140.svg", "team": "tex", "start": "", "in": "9", "result": "Strikeout", "evo": "", "la": "", "dist": ""}, {"player": "kyle seager", "game": "sea @ tex", "gameIdx": 0, "hr/park": "", "pa": "71", "dt": "", "img": "https://www.mlbstatic.com/team-logos/136.svg", "team": "sea", "start": "", "in": "9", "result": "Strikeout", "evo": "", "la": "", "dist": ""}, {"player": "kyle lewis", "game": "sea @ tex", "gameIdx": 0, "hr/park": "", "pa": "70", "dt": "", "img": "https://www.mlbstatic.com/team-logos/136.svg", "team": "sea", "start": "", "in": "9", "result": "Double", "evo": "104.8", "la": "12", "dist": "211"}, {"player": "mitch haniger", "game": "sea @ tex", "gameIdx": 0, "hr/park": "", "pa": "69", "dt": "", "img": "https://www.mlbstatic.com/team-logos/136.svg", "team": "sea", "start": "", "in": "9", "result": "Groundout", "evo": "98.4", "la": "", "dist": "48"}, {"player": "taylor trammell", "game": "sea @ tex", "gameIdx": 0, "hr/park": "", "pa": "68", "dt": "", "img": "https://www.mlbstatic.com/team-logos/136.svg", "team": "sea", "start": "", "in": "9", "result": "Groundout", "evo": "80.7", "la": "-22", "dist": "8"}, {"player": "joey gallo", "game": "sea @ tex", "gameIdx": 0, "hr/park": "", "pa": "67", "dt": "", "img": "https://www.mlbstatic.com/team-logos/140.svg", "team": "tex", "start": "", "in": "8", "result": "Bunt Groundout", "evo": "38.5", "la": "-45", "dist": "4"}, {"player": "nathaniel lowe", "game": "sea @ tex", "gameIdx": 0, "hr/park": "", "pa": "66", "dt": "", "img": "https://www.mlbstatic.com/team-logos/140.svg", "team": "tex", "start": "", "in": "8", "result": "GIDP", "evo": "86.6", "la": "-11", "dist": "12"}, {"player": "nick solak", "game": "sea @ tex", "gameIdx": 0, "hr/park": "", "pa": "65", "dt": "", "img": "https://www.mlbstatic.com/team-logos/140.svg", "team": "tex", "start": "", "in": "8", "result": "Single", "evo": "98.8", "la": "14", "dist": "268"}, {"player": "evan white", "game": "sea @ tex", "gameIdx": 0, "hr/park": "", "pa": "64", "dt": "", "img": "https://www.mlbstatic.com/team-logos/136.svg", "team": "sea", "start": "", "in": "8", "result": "Forceout", "evo": "97.6", "la": "3", "dist": "81"}, {"player": "tom murphy", "game": "sea @ tex", "gameIdx": 0, "hr/park": "", "pa": "63", "dt": "", "img": "https://www.mlbstatic.com/team-logos/136.svg", "team": "sea", "start": "", "in": "8", "result": "Catcher Interference", "evo": "", "la": "", "dist": ""}, {"player": "dylan moore", "game": "sea @ tex", "gameIdx": 0, "hr/park": "", "pa": "62", "dt": "", "img": "https://www.mlbstatic.com/team-logos/136.svg", "team": "sea", "start": "", "in": "8", "result": "Walk", "evo": "", "la": "", "dist": ""}, {"player": "jp crawford", "game": "sea @ tex", "gameIdx": 0, "hr/park": "", "pa": "61", "dt": "", "img": "https://www.mlbstatic.com/team-logos/136.svg", "team": "sea", "start": "", "in": "8", "result": "Single", "evo": "98.1", "la": "-7", "dist": "17"}, {"player": "ty france", "game": "sea @ tex", "gameIdx": 0, "hr/park": "", "pa": "60", "dt": "", "img": "https://www.mlbstatic.com/team-logos/136.svg", "team": "sea", "start": "", "in": "8", "result": "Groundout", "evo": "72.0", "la": "-31", "dist": "4"}, {"player": "kyle seager", "game": "sea @ tex", "gameIdx": 0, "hr/park": "", "pa": "59", "dt": "", "img": "https://www.mlbstatic.com/team-logos/136.svg", "team": "sea", "start": "", "in": "8", "result": "Strikeout", "evo": "", "la": "", "dist": ""}, {"player": "willie calhoun", "game": "sea @ tex", "gameIdx": 0, "hr/park": "", "pa": "58", "dt": "", "img": "https://www.mlbstatic.com/team-logos/140.svg", "team": "tex", "start": "", "in": "7", "result": "GIDP", "evo": "94.0", "la": "-17", "dist": "7"}, {"player": "jose trevino", "game": "sea @ tex", "gameIdx": 0, "hr/park": "", "pa": "57", "dt": "", "img": "https://www.mlbstatic.com/team-logos/140.svg", "team": "tex", "start": "", "in": "7", "result": "Single", "evo": "80.2", "la": "22", "dist": "278"}, {"player": "charlie culberson", "game": "sea @ tex", "gameIdx": 0, "hr/park": "", "pa": "56", "dt": "", "img": "https://www.mlbstatic.com/team-logos/140.svg", "team": "tex", "start": "", "in": "7", "result": "Single", "evo": "105.5", "la": "7", "dist": "191"}, {"player": "isiah kiner falefa", "game": "sea @ tex", "gameIdx": 0, "hr/park": "", "pa": "55", "dt": "", "img": "https://www.mlbstatic.com/team-logos/140.svg", "team": "tex", "start": "", "in": "7", "result": "Groundout", "evo": "98.5", "la": "-18", "dist": "9"}, {"player": "kyle lewis", "game": "sea @ tex", "gameIdx": 0, "hr/park": "", "pa": "54", "dt": "", "img": "https://www.mlbstatic.com/team-logos/136.svg", "team": "sea", "start": "", "in": "7", "result": "Strikeout", "evo": "", "la": "", "dist": ""}, {"player": "mitch haniger", "game": "sea @ tex", "gameIdx": 0, "hr/park": "", "pa": "53", "dt": "", "img": "https://www.mlbstatic.com/team-logos/136.svg", "team": "sea", "start": "", "in": "7", "result": "Single", "evo": "102.3", "la": "7", "dist": "144"}, {"player": "taylor trammell", "game": "sea @ tex", "gameIdx": 0, "hr/park": "", "pa": "52", "dt": "", "img": "https://www.mlbstatic.com/team-logos/136.svg", "team": "sea", "start": "", "in": "7", "result": "Double", "evo": "68.8", "la": "48", "dist": "206"}, {"player": "evan white", "game": "sea @ tex", "gameIdx": 0, "hr/park": "", "pa": "51", "dt": "", "img": "https://www.mlbstatic.com/team-logos/136.svg", "team": "sea", "start": "", "in": "7", "result": "Flyout", "evo": "93.2", "la": "57", "dist": "223"}, {"player": "tom murphy", "game": "sea @ tex", "gameIdx": 0, "hr/park": "", "pa": "50", "dt": "", "img": "https://www.mlbstatic.com/team-logos/136.svg", "team": "sea", "start": "", "in": "7", "result": "Strikeout", "evo": "", "la": "", "dist": ""}, {"player": "david dahl", "game": "sea @ tex", "gameIdx": 0, "hr/park": "", "pa": "49", "dt": "", "img": "https://www.mlbstatic.com/team-logos/140.svg", "team": "tex", "start": "", "in": "6", "result": "Groundout", "evo": "74.4", "la": "-3", "dist": "20"}, {"player": "adolis garcia", "game": "sea @ tex", "gameIdx": 0, "hr/park": "1/30", "pa": "48", "dt": "", "img": "https://www.mlbstatic.com/team-logos/140.svg", "team": "tex", "start": "", "in": "6", "result": "Flyout", "evo": "95.4", "la": "46", "dist": "320"}, {"player": "joey gallo", "game": "sea @ tex", "gameIdx": 0, "hr/park": "", "pa": "47", "dt": "", "img": "https://www.mlbstatic.com/team-logos/140.svg", "team": "tex", "start": "", "in": "6", "result": "Strikeout", "evo": "", "la": "", "dist": ""}, {"player": "dylan moore", "game": "sea @ tex", "gameIdx": 0, "hr/park": "", "pa": "46", "dt": "", "img": "https://www.mlbstatic.com/team-logos/136.svg", "team": "sea", "start": "", "in": "6", "result": "Strikeout", "evo": "", "la": "", "dist": ""}, {"player": "jp crawford", "game": "sea @ tex", "gameIdx": 0, "hr/park": "", "pa": "45", "dt": "", "img": "https://www.mlbstatic.com/team-logos/136.svg", "team": "sea", "start": "", "in": "6", "result": "Hit By Pitch", "evo": "", "la": "", "dist": ""}, {"player": "ty france", "game": "sea @ tex", "gameIdx": 0, "hr/park": "0/30", "pa": "44", "dt": "", "img": "https://www.mlbstatic.com/team-logos/136.svg", "team": "sea", "start": "", "in": "6", "result": "Flyout", "evo": "93.8", "la": "31", "dist": "351"}, {"player": "nathaniel lowe", "game": "sea @ tex", "gameIdx": 0, "hr/park": "", "pa": "43", "dt": "", "img": "https://www.mlbstatic.com/team-logos/140.svg", "team": "tex", "start": "", "in": "5", "result": "GIDP", "evo": "75.1", "la": "-4", "dist": "21"}, {"player": "nick solak", "game": "sea @ tex", "gameIdx": 0, "hr/park": "", "pa": "42", "dt": "", "img": "https://www.mlbstatic.com/team-logos/140.svg", "team": "tex", "start": "", "in": "5", "result": "Single", "evo": "90.8", "la": "2", "dist": "58"}, {"player": "willie calhoun", "game": "sea @ tex", "gameIdx": 0, "hr/park": "0/30", "pa": "41", "dt": "", "img": "https://www.mlbstatic.com/team-logos/140.svg", "team": "tex", "start": "", "in": "5", "result": "Flyout", "evo": "90.4", "la": "27", "dist": "341"}, {"player": "kyle seager", "game": "sea @ tex", "gameIdx": 0, "hr/park": "", "pa": "40", "dt": "", "img": "https://www.mlbstatic.com/team-logos/136.svg", "team": "sea", "start": "", "in": "5", "result": "Flyout", "evo": "93.4", "la": "61", "dist": "215"}, {"player": "kyle lewis", "game": "sea @ tex", "gameIdx": 0, "hr/park": "", "pa": "39", "dt": "", "img": "https://www.mlbstatic.com/team-logos/136.svg", "team": "sea", "start": "", "in": "5", "result": "Single", "evo": "103.4", "la": "11", "dist": "193"}, {"player": "mitch haniger", "game": "sea @ tex", "gameIdx": 0, "hr/park": "", "pa": "38", "dt": "", "img": "https://www.mlbstatic.com/team-logos/136.svg", "team": "sea", "start": "", "in": "5", "result": "Groundout", "evo": "99.3", "la": "-6", "dist": "19"}, {"player": "taylor trammell", "game": "sea @ tex", "gameIdx": 0, "hr/park": "", "pa": "37", "dt": "", "img": "https://www.mlbstatic.com/team-logos/136.svg", "team": "sea", "start": "", "in": "5", "result": "Strikeout", "evo": "", "la": "", "dist": ""}, {"player": "jose trevino", "game": "sea @ tex", "gameIdx": 0, "hr/park": "", "pa": "36", "dt": "", "img": "https://www.mlbstatic.com/team-logos/140.svg", "team": "tex", "start": "", "in": "4", "result": "Groundout", "evo": "79.6", "la": "-11", "dist": "12"}, {"player": "charlie culberson", "game": "sea @ tex", "gameIdx": 0, "hr/park": "", "pa": "35", "dt": "", "img": "https://www.mlbstatic.com/team-logos/140.svg", "team": "tex", "start": "", "in": "4", "result": "Groundout", "evo": "74.1", "la": "-15", "dist": "13"}, {"player": "isiah kiner falefa", "game": "sea @ tex", "gameIdx": 0, "hr/park": "", "pa": "34", "dt": "", "img": "https://www.mlbstatic.com/team-logos/140.svg", "team": "tex", "start": "", "in": "4", "result": "Lineout", "evo": "59.4", "la": "38", "dist": "190"}, {"player": "evan white", "game": "sea @ tex", "gameIdx": 0, "hr/park": "", "pa": "33", "dt": "", "img": "https://www.mlbstatic.com/team-logos/136.svg", "team": "sea", "start": "", "in": "4", "result": "Strikeout", "evo": "", "la": "", "dist": ""}, {"player": "tom murphy", "game": "sea @ tex", "gameIdx": 0, "hr/park": "0/30", "pa": "32", "dt": "", "img": "https://www.mlbstatic.com/team-logos/136.svg", "team": "sea", "start": "", "in": "4", "result": "Lineout", "evo": "101.7", "la": "19", "dist": "334"}, {"player": "dylan moore", "game": "sea @ tex", "gameIdx": 0, "hr/park": "2/30", "pa": "31", "dt": "", "img": "https://www.mlbstatic.com/team-logos/136.svg", "team": "sea", "start": "", "in": "4", "result": "Flyout", "evo": "95.4", "la": "41", "dist": "340"}, {"player": "jp crawford", "game": "sea @ tex", "gameIdx": 0, "hr/park": "29/30", "pa": "30", "dt": "", "img": "https://www.mlbstatic.com/team-logos/136.svg", "team": "sea", "start": "", "in": "4", "result": "Home Run", "evo": "105.0", "la": "21", "dist": "376"}, {"player": "ty france", "game": "sea @ tex", "gameIdx": 0, "hr/park": "", "pa": "29", "dt": "", "img": "https://www.mlbstatic.com/team-logos/136.svg", "team": "sea", "start": "", "in": "4", "result": "Double", "evo": "108.5", "la": "12", "dist": "242"}, {"player": "david dahl", "game": "sea @ tex", "gameIdx": 0, "hr/park": "5/30", "pa": "28", "dt": "", "img": "https://www.mlbstatic.com/team-logos/140.svg", "team": "tex", "start": "", "in": "3", "result": "Flyout", "evo": "95.6", "la": "34", "dist": "368"}, {"player": "adolis garcia", "game": "sea @ tex", "gameIdx": 0, "hr/park": "", "pa": "27", "dt": "", "img": "https://www.mlbstatic.com/team-logos/140.svg", "team": "tex", "start": "", "in": "3", "result": "Single", "evo": "104.8", "la": "4", "dist": "94"}, {"player": "joey gallo", "game": "sea @ tex", "gameIdx": 0, "hr/park": "", "pa": "26", "dt": "", "img": "https://www.mlbstatic.com/team-logos/140.svg", "team": "tex", "start": "", "in": "3", "result": "Flyout", "evo": "97.1", "la": "64", "dist": "208"}, {"player": "nathaniel lowe", "game": "sea @ tex", "gameIdx": 0, "hr/park": "30/30", "pa": "25", "dt": "", "img": "https://www.mlbstatic.com/team-logos/140.svg", "team": "tex", "start": "", "in": "3", "result": "Home Run", "evo": "108.2", "la": "25", "dist": "451"}, {"player": "kyle seager", "game": "sea @ tex", "gameIdx": 0, "hr/park": "", "pa": "24", "dt": "", "img": "https://www.mlbstatic.com/team-logos/136.svg", "team": "sea", "start": "", "in": "3", "result": "Flyout", "evo": "69.7", "la": "50", "dist": "216"}, {"player": "kyle lewis", "game": "sea @ tex", "gameIdx": 0, "hr/park": "", "pa": "23", "dt": "", "img": "https://www.mlbstatic.com/team-logos/136.svg", "team": "sea", "start": "", "in": "3", "result": "Groundout", "evo": "88.6", "la": "-6", "dist": "22"}, {"player": "mitch haniger", "game": "sea @ tex", "gameIdx": 0, "hr/park": "", "pa": "22", "dt": "", "img": "https://www.mlbstatic.com/team-logos/136.svg", "team": "sea", "start": "", "in": "3", "result": "Pop Out", "evo": "65.0", "la": "77", "dist": "59"}, {"player": "nick solak", "game": "sea @ tex", "gameIdx": 0, "hr/park": "", "pa": "21", "dt": "", "img": "https://www.mlbstatic.com/team-logos/140.svg", "team": "tex", "start": "", "in": "2", "result": "Groundout", "evo": "100.2", "la": "-9", "dist": "13"}, {"player": "willie calhoun", "game": "sea @ tex", "gameIdx": 0, "hr/park": "", "pa": "20", "dt": "", "img": "https://www.mlbstatic.com/team-logos/140.svg", "team": "tex", "start": "", "in": "2", "result": "Single", "evo": "72.5", "la": "12", "dist": "151"}, {"player": "jose trevino", "game": "sea @ tex", "gameIdx": 0, "hr/park": "", "pa": "19", "dt": "", "img": "https://www.mlbstatic.com/team-logos/140.svg", "team": "tex", "start": "", "in": "2", "result": "Forceout", "evo": "96.6", "la": "-34", "dist": "4"}, {"player": "charlie culberson", "game": "sea @ tex", "gameIdx": 0, "hr/park": "", "pa": "18", "dt": "", "img": "https://www.mlbstatic.com/team-logos/140.svg", "team": "tex", "start": "", "in": "2", "result": "Walk", "evo": "", "la": "", "dist": ""}, {"player": "isiah kiner falefa", "game": "sea @ tex", "gameIdx": 0, "hr/park": "", "pa": "17", "dt": "", "img": "https://www.mlbstatic.com/team-logos/140.svg", "team": "tex", "start": "", "in": "2", "result": "Single", "evo": "97.9", "la": "-13", "dist": "12"}, {"player": "david dahl", "game": "sea @ tex", "gameIdx": 0, "hr/park": "", "pa": "16", "dt": "", "img": "https://www.mlbstatic.com/team-logos/140.svg", "team": "tex", "start": "", "in": "2", "result": "Groundout", "evo": "98.2", "la": "6", "dist": "111"}, {"player": "taylor trammell", "game": "sea @ tex", "gameIdx": 0, "hr/park": "", "pa": "15", "dt": "", "img": "https://www.mlbstatic.com/team-logos/136.svg", "team": "sea", "start": "", "in": "2", "result": "Pop Out", "evo": "80.4", "la": "82", "dist": "47"}, {"player": "evan white", "game": "sea @ tex", "gameIdx": 0, "hr/park": "", "pa": "14", "dt": "", "img": "https://www.mlbstatic.com/team-logos/136.svg", "team": "sea", "start": "", "in": "2", "result": "Flyout", "evo": "96.4", "la": "53", "dist": "261"}, {"player": "tom murphy", "game": "sea @ tex", "gameIdx": 0, "hr/park": "", "pa": "13", "dt": "", "img": "https://www.mlbstatic.com/team-logos/136.svg", "team": "sea", "start": "", "in": "2", "result": "Strikeout", "evo": "", "la": "", "dist": ""}, {"player": "dylan moore", "game": "sea @ tex", "gameIdx": 0, "hr/park": "21/30", "pa": "12", "dt": "", "img": "https://www.mlbstatic.com/team-logos/136.svg", "team": "sea", "start": "", "in": "2", "result": "Home Run", "evo": "103.9", "la": "35", "dist": "390"}, {"player": "jp crawford", "game": "sea @ tex", "gameIdx": 0, "hr/park": "", "pa": "11", "dt": "", "img": "https://www.mlbstatic.com/team-logos/136.svg", "team": "sea", "start": "", "in": "2", "result": "Single", "evo": "76.7", "la": "20", "dist": "245"}, {"player": "adolis garcia", "game": "sea @ tex", "gameIdx": 0, "hr/park": "", "pa": "9", "dt": "", "img": "https://www.mlbstatic.com/team-logos/140.svg", "team": "tex", "start": "", "in": "1", "result": "Single", "evo": "97.9", "la": "-4", "dist": "16"}, {"player": "joey gallo", "game": "sea @ tex", "gameIdx": 0, "hr/park": "", "pa": "8", "dt": "", "img": "https://www.mlbstatic.com/team-logos/140.svg", "team": "tex", "start": "", "in": "1", "result": "Groundout", "evo": "106.4", "la": "-1", "dist": "50"}, {"player": "nathaniel lowe", "game": "sea @ tex", "gameIdx": 0, "hr/park": "", "pa": "7", "dt": "", "img": "https://www.mlbstatic.com/team-logos/140.svg", "team": "tex", "start": "", "in": "1", "result": "Strikeout", "evo": "", "la": "", "dist": ""}, {"player": "nick solak", "game": "sea @ tex", "gameIdx": 0, "hr/park": "", "pa": "6", "dt": "", "img": "https://www.mlbstatic.com/team-logos/140.svg", "team": "tex", "start": "", "in": "1", "result": "Double", "evo": "104.7", "la": "9", "dist": "174"}, {"player": "willie calhoun", "game": "sea @ tex", "gameIdx": 0, "hr/park": "", "pa": "5", "dt": "", "img": "https://www.mlbstatic.com/team-logos/140.svg", "team": "tex", "start": "", "in": "1", "result": "Single", "evo": "105.9", "la": "6", "dist": "160"}, {"player": "ty france", "game": "sea @ tex", "gameIdx": 0, "hr/park": "0/30", "pa": "4", "dt": "", "img": "https://www.mlbstatic.com/team-logos/136.svg", "team": "sea", "start": "", "in": "1", "result": "Double Play", "evo": "91.0", "la": "37", "dist": "347"}, {"player": "kyle seager", "game": "sea @ tex", "gameIdx": 0, "hr/park": "", "pa": "3", "dt": "", "img": "https://www.mlbstatic.com/team-logos/136.svg", "team": "sea", "start": "", "in": "1", "result": "Walk", "evo": "", "la": "", "dist": ""}, {"player": "kyle lewis", "game": "sea @ tex", "gameIdx": 0, "hr/park": "", "pa": "2", "dt": "", "img": "https://www.mlbstatic.com/team-logos/136.svg", "team": "sea", "start": "", "in": "1", "result": "Single", "evo": "99.3", "la": "", "dist": "48"}, {"player": "mitch haniger", "game": "sea @ tex", "gameIdx": 0, "hr/park": "", "pa": "1", "dt": "", "img": "https://www.mlbstatic.com/team-logos/136.svg", "team": "sea", "start": "", "in": "1", "result": "Groundout", "evo": "101.3", "la": "-3", "dist": "36"}], "tor @ hou": [{"player": "lourdes gurriel", "game": "tor @ hou", "gameIdx": 0, "hr/park": "", "pa": "76", "dt": "", "img": "https://www.mlbstatic.com/team-logos/141.svg", "team": "tor", "start": "", "in": "9", "result": "Lineout", "evo": "84.7", "la": "23", "dist": "285"}, {"player": "randal grichuk", "game": "tor @ hou", "gameIdx": 0, "hr/park": "", "pa": "75", "dt": "", "img": "https://www.mlbstatic.com/team-logos/141.svg", "team": "tor", "start": "", "in": "9", "result": "Groundout", "evo": "106.5", "la": "-9", "dist": "17"}, {"player": "rowdy tellez", "game": "tor @ hou", "gameIdx": 0, "hr/park": "", "pa": "74", "dt": "", "img": "https://www.mlbstatic.com/team-logos/141.svg", "team": "tor", "start": "", "in": "9", "result": "Groundout", "evo": "56.4", "la": "-56", "dist": "5"}, {"player": "teoscar hernandez", "game": "tor @ hou", "gameIdx": 0, "hr/park": "6/30", "pa": "73", "dt": "", "img": "https://www.mlbstatic.com/team-logos/141.svg", "team": "tor", "start": "", "in": "9", "result": "Home Run", "evo": "101.7", "la": "36", "dist": "350"}, {"player": "vladimir guerrero", "game": "tor @ hou", "gameIdx": 0, "hr/park": "", "pa": "72", "dt": "", "img": "https://www.mlbstatic.com/team-logos/141.svg", "team": "tor", "start": "", "in": "9", "result": "Walk", "evo": "", "la": "", "dist": ""}, {"player": "robel garcia", "game": "tor @ hou", "gameIdx": 0, "hr/park": "", "pa": "71", "dt": "", "img": "https://www.mlbstatic.com/team-logos/117.svg", "team": "hou", "start": "", "in": "8", "result": "Strikeout", "evo": "", "la": "", "dist": ""}, {"player": "yuli gurriel", "game": "tor @ hou", "gameIdx": 0, "hr/park": "", "pa": "70", "dt": "", "img": "https://www.mlbstatic.com/team-logos/117.svg", "team": "hou", "start": "", "in": "8", "result": "Sac Fly", "evo": "82.7", "la": "47", "dist": "243"}, {"player": "yordan alvarez", "game": "tor @ hou", "gameIdx": 0, "hr/park": "", "pa": "69", "dt": "", "img": "https://www.mlbstatic.com/team-logos/117.svg", "team": "hou", "start": "", "in": "8", "result": "Groundout", "evo": "79.0", "la": "4", "dist": "63"}, {"player": "alex bregman", "game": "tor @ hou", "gameIdx": 0, "hr/park": "0/30", "pa": "68", "dt": "", "img": "https://www.mlbstatic.com/team-logos/117.svg", "team": "hou", "start": "", "in": "8", "result": "Double", "evo": "100.1", "la": "26", "dist": "365"}, {"player": "michael brantley", "game": "tor @ hou", "gameIdx": 0, "hr/park": "", "pa": "67", "dt": "", "img": "https://www.mlbstatic.com/team-logos/117.svg", "team": "hou", "start": "", "in": "8", "result": "Walk", "evo": "", "la": "", "dist": ""}, {"player": "jose altuve", "game": "tor @ hou", "gameIdx": 0, "hr/park": "", "pa": "66", "dt": "", "img": "https://www.mlbstatic.com/team-logos/117.svg", "team": "hou", "start": "", "in": "8", "result": "Single", "evo": "100.0", "la": "4", "dist": "81"}, {"player": "bo bichette", "game": "tor @ hou", "gameIdx": 0, "hr/park": "", "pa": "65", "dt": "", "img": "https://www.mlbstatic.com/team-logos/141.svg", "team": "tor", "start": "", "in": "8", "result": "Groundout", "evo": "95.8", "la": "-3", "dist": "18"}, {"player": "marcus semien", "game": "tor @ hou", "gameIdx": 0, "hr/park": "", "pa": "64", "dt": "", "img": "https://www.mlbstatic.com/team-logos/141.svg", "team": "tor", "start": "", "in": "8", "result": "Lineout", "evo": "101.3", "la": "16", "dist": "292"}, {"player": "danny jansen", "game": "tor @ hou", "gameIdx": 0, "hr/park": "0/30", "pa": "63", "dt": "", "img": "https://www.mlbstatic.com/team-logos/141.svg", "team": "tor", "start": "", "in": "8", "result": "Lineout", "evo": "92.6", "la": "20", "dist": "305"}, {"player": "cavan biggio", "game": "tor @ hou", "gameIdx": 0, "hr/park": "", "pa": "62", "dt": "", "img": "https://www.mlbstatic.com/team-logos/141.svg", "team": "tor", "start": "", "in": "8", "result": "Single", "evo": "83.6", "la": "13", "dist": "175"}, {"player": "martin maldonado", "game": "tor @ hou", "gameIdx": 0, "hr/park": "0/30", "pa": "61", "dt": "", "img": "https://www.mlbstatic.com/team-logos/117.svg", "team": "hou", "start": "", "in": "7", "result": "Flyout", "evo": "94.0", "la": "32", "dist": "380"}, {"player": "myles straw", "game": "tor @ hou", "gameIdx": 0, "hr/park": "", "pa": "60", "dt": "", "img": "https://www.mlbstatic.com/team-logos/117.svg", "team": "hou", "start": "", "in": "7", "result": "Flyout", "evo": "71.0", "la": "34", "dist": "227"}, {"player": "kyle tucker", "game": "tor @ hou", "gameIdx": 0, "hr/park": "1/30", "pa": "59", "dt": "", "img": "https://www.mlbstatic.com/team-logos/117.svg", "team": "hou", "start": "", "in": "7", "result": "Double", "evo": "99.6", "la": "27", "dist": "381"}, {"player": "carlos correa", "game": "tor @ hou", "gameIdx": 0, "hr/park": "", "pa": "58", "dt": "", "img": "https://www.mlbstatic.com/team-logos/117.svg", "team": "hou", "start": "", "in": "7", "result": "Strikeout", "evo": "", "la": "", "dist": ""}, {"player": "yuli gurriel", "game": "tor @ hou", "gameIdx": 0, "hr/park": "", "pa": "57", "dt": "", "img": "https://www.mlbstatic.com/team-logos/117.svg", "team": "hou", "start": "", "in": "7", "result": "Single", "evo": "100.6", "la": "6", "dist": "134"}, {"player": "yordan alvarez", "game": "tor @ hou", "gameIdx": 0, "hr/park": "", "pa": "56", "dt": "", "img": "https://www.mlbstatic.com/team-logos/117.svg", "team": "hou", "start": "", "in": "7", "result": "Single", "evo": "85.7", "la": "16", "dist": "232"}, {"player": "alex bregman", "game": "tor @ hou", "gameIdx": 0, "hr/park": "", "pa": "55", "dt": "", "img": "https://www.mlbstatic.com/team-logos/117.svg", "team": "hou", "start": "", "in": "7", "result": "Single", "evo": "102.0", "la": "10", "dist": "216"}, {"player": "lourdes gurriel", "game": "tor @ hou", "gameIdx": 0, "hr/park": "", "pa": "54", "dt": "", "img": "https://www.mlbstatic.com/team-logos/141.svg", "team": "tor", "start": "", "in": "7", "result": "Flyout", "evo": "89.1", "la": "52", "dist": "248"}, {"player": "randal grichuk", "game": "tor @ hou", "gameIdx": 0, "hr/park": "0/30", "pa": "53", "dt": "", "img": "https://www.mlbstatic.com/team-logos/141.svg", "team": "tor", "start": "", "in": "7", "result": "Lineout", "evo": "96.5", "la": "21", "dist": "306"}, {"player": "rowdy tellez", "game": "tor @ hou", "gameIdx": 0, "hr/park": "", "pa": "52", "dt": "", "img": "https://www.mlbstatic.com/team-logos/141.svg", "team": "tor", "start": "", "in": "7", "result": "Strikeout", "evo": "", "la": "", "dist": ""}, {"player": "michael brantley", "game": "tor @ hou", "gameIdx": 0, "hr/park": "", "pa": "51", "dt": "", "img": "https://www.mlbstatic.com/team-logos/117.svg", "team": "hou", "start": "", "in": "6", "result": "Double Play", "evo": "97.1", "la": "16", "dist": "277"}, {"player": "jose altuve", "game": "tor @ hou", "gameIdx": 0, "hr/park": "", "pa": "50", "dt": "", "img": "https://www.mlbstatic.com/team-logos/117.svg", "team": "hou", "start": "", "in": "6", "result": "Single", "evo": "88.4", "la": "22", "dist": "298"}, {"player": "martin maldonado", "game": "tor @ hou", "gameIdx": 0, "hr/park": "", "pa": "49", "dt": "", "img": "https://www.mlbstatic.com/team-logos/117.svg", "team": "hou", "start": "", "in": "6", "result": "Pop Out", "evo": "86.8", "la": "65", "dist": "184"}, {"player": "myles straw", "game": "tor @ hou", "gameIdx": 0, "hr/park": "", "pa": "48", "dt": "", "img": "https://www.mlbstatic.com/team-logos/117.svg", "team": "hou", "start": "", "in": "6", "result": "Walk", "evo": "", "la": "", "dist": ""}, {"player": "teoscar hernandez", "game": "tor @ hou", "gameIdx": 0, "hr/park": "0/30", "pa": "47", "dt": "", "img": "https://www.mlbstatic.com/team-logos/141.svg", "team": "tor", "start": "", "in": "6", "result": "Lineout", "evo": "102.1", "la": "20", "dist": "311"}, {"player": "vladimir guerrero", "game": "tor @ hou", "gameIdx": 0, "hr/park": "", "pa": "46", "dt": "", "img": "https://www.mlbstatic.com/team-logos/141.svg", "team": "tor", "start": "", "in": "6", "result": "Groundout", "evo": "93.7", "la": "-16", "dist": "10"}, {"player": "bo bichette", "game": "tor @ hou", "gameIdx": 0, "hr/park": "", "pa": "45", "dt": "", "img": "https://www.mlbstatic.com/team-logos/141.svg", "team": "tor", "start": "", "in": "6", "result": "Lineout", "evo": "92.8", "la": "19", "dist": "291"}, {"player": "kyle tucker", "game": "tor @ hou", "gameIdx": 0, "hr/park": "0/30", "pa": "44", "dt": "", "img": "https://www.mlbstatic.com/team-logos/117.svg", "team": "hou", "start": "", "in": "5", "result": "Lineout", "evo": "95.1", "la": "17", "dist": "303"}, {"player": "carlos correa", "game": "tor @ hou", "gameIdx": 0, "hr/park": "", "pa": "43", "dt": "", "img": "https://www.mlbstatic.com/team-logos/117.svg", "team": "hou", "start": "", "in": "5", "result": "Lineout", "evo": "77.5", "la": "13", "dist": "149"}, {"player": "yuli gurriel", "game": "tor @ hou", "gameIdx": 0, "hr/park": "25/30", "pa": "42", "dt": "", "img": "https://www.mlbstatic.com/team-logos/117.svg", "team": "hou", "start": "", "in": "5", "result": "Home Run", "evo": "100.0", "la": "21", "dist": "392"}, {"player": "yordan alvarez", "game": "tor @ hou", "gameIdx": 0, "hr/park": "", "pa": "41", "dt": "", "img": "https://www.mlbstatic.com/team-logos/117.svg", "team": "hou", "start": "", "in": "5", "result": "Single", "evo": "66.2", "la": "11", "dist": "123"}, {"player": "alex bregman", "game": "tor @ hou", "gameIdx": 0, "hr/park": "", "pa": "40", "dt": "", "img": "https://www.mlbstatic.com/team-logos/117.svg", "team": "hou", "start": "", "in": "5", "result": "Groundout", "evo": "104.4", "la": "1", "dist": "53"}, {"player": "marcus semien", "game": "tor @ hou", "gameIdx": 0, "hr/park": "", "pa": "39", "dt": "", "img": "https://www.mlbstatic.com/team-logos/141.svg", "team": "tor", "start": "", "in": "5", "result": "Flyout", "evo": "88.4", "la": "48", "dist": "287"}, {"player": "danny jansen", "game": "tor @ hou", "gameIdx": 0, "hr/park": "", "pa": "38", "dt": "", "img": "https://www.mlbstatic.com/team-logos/141.svg", "team": "tor", "start": "", "in": "5", "result": "Lineout", "evo": "102.3", "la": "9", "dist": "153"}, {"player": "cavan biggio", "game": "tor @ hou", "gameIdx": 0, "hr/park": "", "pa": "37", "dt": "", "img": "https://www.mlbstatic.com/team-logos/141.svg", "team": "tor", "start": "", "in": "5", "result": "Walk", "evo": "", "la": "", "dist": ""}, {"player": "michael brantley", "game": "tor @ hou", "gameIdx": 0, "hr/park": "", "pa": "36", "dt": "", "img": "https://www.mlbstatic.com/team-logos/117.svg", "team": "hou", "start": "", "in": "4", "result": "Groundout", "evo": "100.1", "la": "-11", "dist": "10"}, {"player": "jose altuve", "game": "tor @ hou", "gameIdx": 0, "hr/park": "", "pa": "35", "dt": "", "img": "https://www.mlbstatic.com/team-logos/117.svg", "team": "hou", "start": "", "in": "4", "result": "Flyout", "evo": "92.1", "la": "57", "dist": "226"}, {"player": "martin maldonado", "game": "tor @ hou", "gameIdx": 0, "hr/park": "", "pa": "34", "dt": "", "img": "https://www.mlbstatic.com/team-logos/117.svg", "team": "hou", "start": "", "in": "4", "result": "Pop Out", "evo": "89.5", "la": "75", "dist": "87"}, {"player": "myles straw", "game": "tor @ hou", "gameIdx": 0, "hr/park": "", "pa": "33", "dt": "", "img": "https://www.mlbstatic.com/team-logos/117.svg", "team": "hou", "start": "", "in": "4", "result": "Walk", "evo": "", "la": "", "dist": ""}, {"player": "lourdes gurriel", "game": "tor @ hou", "gameIdx": 0, "hr/park": "", "pa": "32", "dt": "", "img": "https://www.mlbstatic.com/team-logos/141.svg", "team": "tor", "start": "", "in": "4", "result": "Forceout", "evo": "98.7", "la": "-3", "dist": "25"}, {"player": "randal grichuk", "game": "tor @ hou", "gameIdx": 0, "hr/park": "", "pa": "31", "dt": "", "img": "https://www.mlbstatic.com/team-logos/141.svg", "team": "tor", "start": "", "in": "4", "result": "Single", "evo": "82.1", "la": "16", "dist": "217"}, {"player": "rowdy tellez", "game": "tor @ hou", "gameIdx": 0, "hr/park": "", "pa": "30", "dt": "", "img": "https://www.mlbstatic.com/team-logos/141.svg", "team": "tor", "start": "", "in": "4", "result": "Lineout", "evo": "82.2", "la": "24", "dist": "279"}, {"player": "teoscar hernandez", "game": "tor @ hou", "gameIdx": 0, "hr/park": "", "pa": "29", "dt": "", "img": "https://www.mlbstatic.com/team-logos/141.svg", "team": "tor", "start": "", "in": "4", "result": "Pop Out", "evo": "85.2", "la": "71", "dist": "120"}, {"player": "kyle tucker", "game": "tor @ hou", "gameIdx": 0, "hr/park": "", "pa": "28", "dt": "", "img": "https://www.mlbstatic.com/team-logos/117.svg", "team": "hou", "start": "", "in": "3", "result": "Strikeout", "evo": "", "la": "", "dist": ""}, {"player": "carlos correa", "game": "tor @ hou", "gameIdx": 0, "hr/park": "", "pa": "27", "dt": "", "img": "https://www.mlbstatic.com/team-logos/117.svg", "team": "hou", "start": "", "in": "3", "result": "GIDP", "evo": "87.7", "la": "2", "dist": "65"}, {"player": "yuli gurriel", "game": "tor @ hou", "gameIdx": 0, "hr/park": "", "pa": "26", "dt": "", "img": "https://www.mlbstatic.com/team-logos/117.svg", "team": "hou", "start": "", "in": "3", "result": "Single", "evo": "97.9", "la": "6", "dist": "133"}, {"player": "vladimir guerrero", "game": "tor @ hou", "gameIdx": 0, "hr/park": "", "pa": "25", "dt": "", "img": "https://www.mlbstatic.com/team-logos/141.svg", "team": "tor", "start": "", "in": "3", "result": "Groundout", "evo": "90.2", "la": "-13", "dist": "10"}, {"player": "bo bichette", "game": "tor @ hou", "gameIdx": 0, "hr/park": "", "pa": "24", "dt": "", "img": "https://www.mlbstatic.com/team-logos/141.svg", "team": "tor", "start": "", "in": "3", "result": "Groundout", "evo": "75.0", "la": "11", "dist": "132"}, {"player": "marcus semien", "game": "tor @ hou", "gameIdx": 0, "hr/park": "0/30", "pa": "23", "dt": "", "img": "https://www.mlbstatic.com/team-logos/141.svg", "team": "tor", "start": "", "in": "3", "result": "Double", "evo": "103.9", "la": "18", "dist": "306"}, {"player": "danny jansen", "game": "tor @ hou", "gameIdx": 0, "hr/park": "2/30", "pa": "22", "dt": "", "img": "https://www.mlbstatic.com/team-logos/141.svg", "team": "tor", "start": "", "in": "3", "result": "Home Run", "evo": "94.1", "la": "41", "dist": "353"}, {"player": "cavan biggio", "game": "tor @ hou", "gameIdx": 0, "hr/park": "", "pa": "21", "dt": "", "img": "https://www.mlbstatic.com/team-logos/141.svg", "team": "tor", "start": "", "in": "3", "result": "Lineout", "evo": "94.2", "la": "15", "dist": "258"}, {"player": "yordan alvarez", "game": "tor @ hou", "gameIdx": 0, "hr/park": "", "pa": "20", "dt": "", "img": "https://www.mlbstatic.com/team-logos/117.svg", "team": "hou", "start": "", "in": "2", "result": "Strikeout", "evo": "", "la": "", "dist": ""}, {"player": "alex bregman", "game": "tor @ hou", "gameIdx": 0, "hr/park": "", "pa": "19", "dt": "", "img": "https://www.mlbstatic.com/team-logos/117.svg", "team": "hou", "start": "", "in": "2", "result": "Walk", "evo": "", "la": "", "dist": ""}, {"player": "michael brantley", "game": "tor @ hou", "gameIdx": 0, "hr/park": "", "pa": "18", "dt": "", "img": "https://www.mlbstatic.com/team-logos/117.svg", "team": "hou", "start": "", "in": "2", "result": "Single", "evo": "95.8", "la": "1", "dist": "58"}, {"player": "jose altuve", "game": "tor @ hou", "gameIdx": 0, "hr/park": "", "pa": "17", "dt": "", "img": "https://www.mlbstatic.com/team-logos/117.svg", "team": "hou", "start": "", "in": "2", "result": "Walk", "evo": "", "la": "", "dist": ""}, {"player": "martin maldonado", "game": "tor @ hou", "gameIdx": 0, "hr/park": "0/30", "pa": "16", "dt": "", "img": "https://www.mlbstatic.com/team-logos/117.svg", "team": "hou", "start": "", "in": "2", "result": "Double", "evo": "86.4", "la": "33", "dist": "335"}, {"player": "myles straw", "game": "tor @ hou", "gameIdx": 0, "hr/park": "", "pa": "15", "dt": "", "img": "https://www.mlbstatic.com/team-logos/117.svg", "team": "hou", "start": "", "in": "2", "result": "Strikeout", "evo": "", "la": "", "dist": ""}, {"player": "kyle tucker", "game": "tor @ hou", "gameIdx": 0, "hr/park": "", "pa": "14", "dt": "", "img": "https://www.mlbstatic.com/team-logos/117.svg", "team": "hou", "start": "", "in": "2", "result": "Bunt Groundout", "evo": "41.6", "la": "-41", "dist": "4"}, {"player": "carlos correa", "game": "tor @ hou", "gameIdx": 0, "hr/park": "30/30", "pa": "13", "dt": "", "img": "https://www.mlbstatic.com/team-logos/117.svg", "team": "hou", "start": "", "in": "2", "result": "Home Run", "evo": "100.0", "la": "31", "dist": "397"}, {"player": "yuli gurriel", "game": "tor @ hou", "gameIdx": 0, "hr/park": "", "pa": "12", "dt": "", "img": "https://www.mlbstatic.com/team-logos/117.svg", "team": "hou", "start": "", "in": "2", "result": "Single", "evo": "95.0", "la": "-6", "dist": "26"}, {"player": "lourdes gurriel", "game": "tor @ hou", "gameIdx": 0, "hr/park": "", "pa": "11", "dt": "", "img": "https://www.mlbstatic.com/team-logos/141.svg", "team": "tor", "start": "", "in": "2", "result": "Groundout", "evo": "106.5", "la": "6", "dist": "159"}, {"player": "randal grichuk", "game": "tor @ hou", "gameIdx": 0, "hr/park": "0/30", "pa": "10", "dt": "", "img": "https://www.mlbstatic.com/team-logos/141.svg", "team": "tor", "start": "", "in": "2", "result": "Flyout", "evo": "100.6", "la": "46", "dist": "324"}, {"player": "rowdy tellez", "game": "tor @ hou", "gameIdx": 0, "hr/park": "", "pa": "9", "dt": "", "img": "https://www.mlbstatic.com/team-logos/141.svg", "team": "tor", "start": "", "in": "2", "result": "Groundout", "evo": "67.2", "la": "-17", "dist": "6"}, {"player": "yordan alvarez", "game": "tor @ hou", "gameIdx": 0, "hr/park": "0/30", "pa": "8", "dt": "", "img": "https://www.mlbstatic.com/team-logos/117.svg", "team": "hou", "start": "", "in": "1", "result": "Lineout", "evo": "94.9", "la": "23", "dist": "346"}, {"player": "alex bregman", "game": "tor @ hou", "gameIdx": 0, "hr/park": "", "pa": "7", "dt": "", "img": "https://www.mlbstatic.com/team-logos/117.svg", "team": "hou", "start": "", "in": "1", "result": "Single", "evo": "97.0", "la": "13", "dist": "231"}, {"player": "michael brantley", "game": "tor @ hou", "gameIdx": 0, "hr/park": "", "pa": "6", "dt": "", "img": "https://www.mlbstatic.com/team-logos/117.svg", "team": "hou", "start": "", "in": "1", "result": "Flyout", "evo": "77.2", "la": "33", "dist": "264"}, {"player": "jose altuve", "game": "tor @ hou", "gameIdx": 0, "hr/park": "0/30", "pa": "5", "dt": "", "img": "https://www.mlbstatic.com/team-logos/117.svg", "team": "hou", "start": "", "in": "1", "result": "Lineout", "evo": "99.9", "la": "18", "dist": "325"}, {"player": "teoscar hernandez", "game": "tor @ hou", "gameIdx": 0, "hr/park": "", "pa": "4", "dt": "", "img": "https://www.mlbstatic.com/team-logos/141.svg", "team": "tor", "start": "", "in": "1", "result": "Lineout", "evo": "92.7", "la": "19", "dist": "280"}, {"player": "vladimir guerrero", "game": "tor @ hou", "gameIdx": 0, "hr/park": "", "pa": "3", "dt": "", "img": "https://www.mlbstatic.com/team-logos/141.svg", "team": "tor", "start": "", "in": "1", "result": "Flyout", "evo": "80.4", "la": "34", "dist": "259"}, {"player": "bo bichette", "game": "tor @ hou", "gameIdx": 0, "hr/park": "30/30", "pa": "2", "dt": "", "img": "https://www.mlbstatic.com/team-logos/141.svg", "team": "tor", "start": "", "in": "1", "result": "Home Run", "evo": "99.7", "la": "28", "dist": "392"}, {"player": "marcus semien", "game": "tor @ hou", "gameIdx": 0, "hr/park": "", "pa": "1", "dt": "", "img": "https://www.mlbstatic.com/team-logos/141.svg", "team": "tor", "start": "", "in": "1", "result": "Strikeout", "evo": "", "la": "", "dist": ""}], "chw @ kc": [], "col @ stl": [], "lad @ laa": [{"player": "justin turner", "game": "lad @ laa", "gameIdx": 0, "hr/park": "", "pa": "78", "dt": "", "img": "https://www.mlbstatic.com/team-logos/119.svg", "team": "lad", "start": "", "in": "9", "result": "Groundout", "evo": "103.1", "la": "6", "dist": "111"}, {"player": "corey seager", "game": "lad @ laa", "gameIdx": 0, "hr/park": "", "pa": "77", "dt": "", "img": "https://www.mlbstatic.com/team-logos/119.svg", "team": "lad", "start": "", "in": "9", "result": "Groundout", "evo": "96.9", "la": "-3", "dist": "29"}, {"player": "mookie betts", "game": "lad @ laa", "gameIdx": 0, "hr/park": "30/30", "pa": "76", "dt": "", "img": "https://www.mlbstatic.com/team-logos/119.svg", "team": "lad", "start": "", "in": "9", "result": "Home Run", "evo": "105.5", "la": "28", "dist": "426"}, {"player": "gavin lux", "game": "lad @ laa", "gameIdx": 0, "hr/park": "", "pa": "75", "dt": "", "img": "https://www.mlbstatic.com/team-logos/119.svg", "team": "lad", "start": "", "in": "9", "result": "Strikeout", "evo": "", "la": "", "dist": ""}, {"player": "shohei ohtani", "game": "lad @ laa", "gameIdx": 0, "hr/park": "", "pa": "74", "dt": "", "img": "https://www.mlbstatic.com/team-logos/108.svg", "team": "laa", "start": "", "in": "8", "result": "Pop Out", "evo": "75.2", "la": "68", "dist": "127"}, {"player": "david fletcher", "game": "lad @ laa", "gameIdx": 0, "hr/park": "0/30", "pa": "73", "dt": "", "img": "https://www.mlbstatic.com/team-logos/108.svg", "team": "laa", "start": "", "in": "8", "result": "Lineout", "evo": "95.2", "la": "16", "dist": "329"}, {"player": "drew butera", "game": "lad @ laa", "gameIdx": 0, "hr/park": "", "pa": "72", "dt": "", "img": "https://www.mlbstatic.com/team-logos/108.svg", "team": "laa", "start": "", "in": "8", "result": "Groundout", "evo": "79.3", "la": "-1", "dist": "40"}, {"player": "sheldon neuse", "game": "lad @ laa", "gameIdx": 0, "hr/park": "", "pa": "71", "dt": "", "img": "https://www.mlbstatic.com/team-logos/119.svg", "team": "lad", "start": "", "in": "8", "result": "Groundout", "evo": "97.3", "la": "-4", "dist": "27"}, {"player": "edwin uceta", "game": "lad @ laa", "gameIdx": 0, "hr/park": "", "pa": "70", "dt": "", "img": "https://www.mlbstatic.com/team-logos/119.svg", "team": "lad", "start": "", "in": "8", "result": "Groundout", "evo": "77.7", "la": "-79", "dist": "1"}, {"player": "chris taylor", "game": "lad @ laa", "gameIdx": 0, "hr/park": "", "pa": "69", "dt": "", "img": "https://www.mlbstatic.com/team-logos/119.svg", "team": "lad", "start": "", "in": "8", "result": "Double", "evo": "67.7", "la": "20", "dist": "159"}, {"player": "keibert ruiz", "game": "lad @ laa", "gameIdx": 0, "hr/park": "", "pa": "68", "dt": "", "img": "https://www.mlbstatic.com/team-logos/119.svg", "team": "lad", "start": "", "in": "8", "result": "Groundout", "evo": "93.9", "la": "5", "dist": "88"}, {"player": "jose rojas", "game": "lad @ laa", "gameIdx": 0, "hr/park": "", "pa": "67", "dt": "", "img": "https://www.mlbstatic.com/team-logos/108.svg", "team": "laa", "start": "", "in": "7", "result": "Lineout", "evo": "97.6", "la": "9", "dist": "165"}, {"player": "taylor ward", "game": "lad @ laa", "gameIdx": 0, "hr/park": "", "pa": "66", "dt": "", "img": "https://www.mlbstatic.com/team-logos/108.svg", "team": "laa", "start": "", "in": "7", "result": "Groundout", "evo": "84.4", "la": "-25", "dist": "6"}, {"player": "jose iglesias", "game": "lad @ laa", "gameIdx": 0, "hr/park": "", "pa": "65", "dt": "", "img": "https://www.mlbstatic.com/team-logos/108.svg", "team": "laa", "start": "", "in": "7", "result": "Flyout", "evo": "90.6", "la": "49", "dist": "260"}, {"player": "max muncy", "game": "lad @ laa", "gameIdx": 0, "hr/park": "", "pa": "64", "dt": "", "img": "https://www.mlbstatic.com/team-logos/119.svg", "team": "lad", "start": "", "in": "7", "result": "Groundout", "evo": "101.1", "la": "-9", "dist": "16"}, {"player": "justin turner", "game": "lad @ laa", "gameIdx": 0, "hr/park": "", "pa": "63", "dt": "", "img": "https://www.mlbstatic.com/team-logos/119.svg", "team": "lad", "start": "", "in": "7", "result": "Walk", "evo": "", "la": "", "dist": ""}, {"player": "corey seager", "game": "lad @ laa", "gameIdx": 0, "hr/park": "", "pa": "62", "dt": "", "img": "https://www.mlbstatic.com/team-logos/119.svg", "team": "lad", "start": "", "in": "7", "result": "Strikeout", "evo": "", "la": "", "dist": ""}, {"player": "mookie betts", "game": "lad @ laa", "gameIdx": 0, "hr/park": "", "pa": "61", "dt": "", "img": "https://www.mlbstatic.com/team-logos/119.svg", "team": "lad", "start": "", "in": "7", "result": "Walk", "evo": "", "la": "", "dist": ""}, {"player": "gavin lux", "game": "lad @ laa", "gameIdx": 0, "hr/park": "", "pa": "60", "dt": "", "img": "https://www.mlbstatic.com/team-logos/119.svg", "team": "lad", "start": "", "in": "7", "result": "Strikeout", "evo": "", "la": "", "dist": ""}, {"player": "jared walsh", "game": "lad @ laa", "gameIdx": 0, "hr/park": "", "pa": "59", "dt": "", "img": "https://www.mlbstatic.com/team-logos/108.svg", "team": "laa", "start": "", "in": "6", "result": "Strikeout", "evo": "", "la": "", "dist": ""}, {"player": "justin upton", "game": "lad @ laa", "gameIdx": 0, "hr/park": "", "pa": "58", "dt": "", "img": "https://www.mlbstatic.com/team-logos/108.svg", "team": "laa", "start": "", "in": "6", "result": "Walk", "evo": "", "la": "", "dist": ""}, {"player": "mike trout", "game": "lad @ laa", "gameIdx": 0, "hr/park": "", "pa": "57", "dt": "", "img": "https://www.mlbstatic.com/team-logos/108.svg", "team": "laa", "start": "", "in": "6", "result": "Triple", "evo": "92.1", "la": "20", "dist": "269"}, {"player": "shohei ohtani", "game": "lad @ laa", "gameIdx": 0, "hr/park": "0/30", "pa": "56", "dt": "", "img": "https://www.mlbstatic.com/team-logos/108.svg", "team": "laa", "start": "", "in": "6", "result": "Double", "evo": "97.1", "la": "24", "dist": "369"}, {"player": "david fletcher", "game": "lad @ laa", "gameIdx": 0, "hr/park": "", "pa": "55", "dt": "", "img": "https://www.mlbstatic.com/team-logos/108.svg", "team": "laa", "start": "", "in": "6", "result": "Double", "evo": "72.4", "la": "21", "dist": "186"}, {"player": "drew butera", "game": "lad @ laa", "gameIdx": 0, "hr/park": "", "pa": "54", "dt": "", "img": "https://www.mlbstatic.com/team-logos/108.svg", "team": "laa", "start": "", "in": "6", "result": "Lineout", "evo": "87.8", "la": "12", "dist": "176"}, {"player": "jose rojas", "game": "lad @ laa", "gameIdx": 0, "hr/park": "", "pa": "53", "dt": "", "img": "https://www.mlbstatic.com/team-logos/108.svg", "team": "laa", "start": "", "in": "6", "result": "Double", "evo": "104.5", "la": "14", "dist": "284"}, {"player": "taylor ward", "game": "lad @ laa", "gameIdx": 0, "hr/park": "", "pa": "52", "dt": "", "img": "https://www.mlbstatic.com/team-logos/108.svg", "team": "laa", "start": "", "in": "6", "result": "Groundout", "evo": "66.8", "la": "10", "dist": "101"}, {"player": "jose iglesias", "game": "lad @ laa", "gameIdx": 0, "hr/park": "", "pa": "51", "dt": "", "img": "https://www.mlbstatic.com/team-logos/108.svg", "team": "laa", "start": "", "in": "6", "result": "Single", "evo": "86.8", "la": "15", "dist": "262"}, {"player": "sheldon neuse", "game": "lad @ laa", "gameIdx": 0, "hr/park": "0/30", "pa": "50", "dt": "", "img": "https://www.mlbstatic.com/team-logos/119.svg", "team": "lad", "start": "", "in": "6", "result": "Flyout", "evo": "96.8", "la": "41", "dist": "335"}, {"player": "aj pollock", "game": "lad @ laa", "gameIdx": 0, "hr/park": "", "pa": "49", "dt": "", "img": "https://www.mlbstatic.com/team-logos/119.svg", "team": "lad", "start": "", "in": "6", "result": "Strikeout", "evo": "", "la": "", "dist": ""}, {"player": "chris taylor", "game": "lad @ laa", "gameIdx": 0, "hr/park": "", "pa": "48", "dt": "", "img": "https://www.mlbstatic.com/team-logos/119.svg", "team": "lad", "start": "", "in": "6", "result": "Single", "evo": "83.3", "la": "-8", "dist": "21"}, {"player": "will smith", "game": "lad @ laa", "gameIdx": 0, "hr/park": "", "pa": "47", "dt": "", "img": "https://www.mlbstatic.com/team-logos/119.svg", "team": "lad", "start": "", "in": "6", "result": "Double", "evo": "88.0", "la": "61", "dist": "185"}, {"player": "max muncy", "game": "lad @ laa", "gameIdx": 0, "hr/park": "", "pa": "46", "dt": "", "img": "https://www.mlbstatic.com/team-logos/119.svg", "team": "lad", "start": "", "in": "6", "result": "Pop Out", "evo": "86.8", "la": "75", "dist": "101"}, {"player": "jared walsh", "game": "lad @ laa", "gameIdx": 0, "hr/park": "", "pa": "45", "dt": "", "img": "https://www.mlbstatic.com/team-logos/108.svg", "team": "laa", "start": "", "in": "5", "result": "Groundout", "evo": "71.9", "la": "-29", "dist": "5"}, {"player": "justin upton", "game": "lad @ laa", "gameIdx": 0, "hr/park": "", "pa": "44", "dt": "", "img": "https://www.mlbstatic.com/team-logos/108.svg", "team": "laa", "start": "", "in": "5", "result": "Strikeout", "evo": "", "la": "", "dist": ""}, {"player": "mike trout", "game": "lad @ laa", "gameIdx": 0, "hr/park": "", "pa": "43", "dt": "", "img": "https://www.mlbstatic.com/team-logos/108.svg", "team": "laa", "start": "", "in": "5", "result": "Single", "evo": "101.9", "la": "-1", "dist": "50"}, {"player": "shohei ohtani", "game": "lad @ laa", "gameIdx": 0, "hr/park": "0/30", "pa": "42", "dt": "", "img": "https://www.mlbstatic.com/team-logos/108.svg", "team": "laa", "start": "", "in": "5", "result": "Double", "evo": "104.7", "la": "22", "dist": "354"}, {"player": "david fletcher", "game": "lad @ laa", "gameIdx": 0, "hr/park": "", "pa": "41", "dt": "", "img": "https://www.mlbstatic.com/team-logos/108.svg", "team": "laa", "start": "", "in": "5", "result": "Single", "evo": "89.3", "la": "17", "dist": "270"}, {"player": "drew butera", "game": "lad @ laa", "gameIdx": 0, "hr/park": "", "pa": "40", "dt": "", "img": "https://www.mlbstatic.com/team-logos/108.svg", "team": "laa", "start": "", "in": "5", "result": "Strikeout", "evo": "", "la": "", "dist": ""}, {"player": "justin turner", "game": "lad @ laa", "gameIdx": 0, "hr/park": "", "pa": "39", "dt": "", "img": "https://www.mlbstatic.com/team-logos/119.svg", "team": "lad", "start": "", "in": "5", "result": "Groundout", "evo": "54.0", "la": "-38", "dist": "4"}, {"player": "corey seager", "game": "lad @ laa", "gameIdx": 0, "hr/park": "", "pa": "38", "dt": "", "img": "https://www.mlbstatic.com/team-logos/119.svg", "team": "lad", "start": "", "in": "5", "result": "Groundout", "evo": "87.3", "la": "-2", "dist": "31"}, {"player": "mookie betts", "game": "lad @ laa", "gameIdx": 0, "hr/park": "", "pa": "37", "dt": "", "img": "https://www.mlbstatic.com/team-logos/119.svg", "team": "lad", "start": "", "in": "5", "result": "Double", "evo": "93.3", "la": "22", "dist": "294"}, {"player": "gavin lux", "game": "lad @ laa", "gameIdx": 0, "hr/park": "", "pa": "36", "dt": "", "img": "https://www.mlbstatic.com/team-logos/119.svg", "team": "lad", "start": "", "in": "5", "result": "Single", "evo": "76.8", "la": "18", "dist": "207"}, {"player": "matt beaty", "game": "lad @ laa", "gameIdx": 0, "hr/park": "0/30", "pa": "35", "dt": "", "img": "https://www.mlbstatic.com/team-logos/119.svg", "team": "lad", "start": "", "in": "5", "result": "Flyout", "evo": "95.1", "la": "42", "dist": "320"}, {"player": "jose rojas", "game": "lad @ laa", "gameIdx": 0, "hr/park": "", "pa": "34", "dt": "", "img": "https://www.mlbstatic.com/team-logos/108.svg", "team": "laa", "start": "", "in": "4", "result": "Pop Out", "evo": "82.2", "la": "67", "dist": "136"}, {"player": "taylor ward", "game": "lad @ laa", "gameIdx": 0, "hr/park": "0/30", "pa": "33", "dt": "", "img": "https://www.mlbstatic.com/team-logos/108.svg", "team": "laa", "start": "", "in": "4", "result": "Flyout", "evo": "97.1", "la": "33", "dist": "326"}, {"player": "jose iglesias", "game": "lad @ laa", "gameIdx": 0, "hr/park": "", "pa": "32", "dt": "", "img": "https://www.mlbstatic.com/team-logos/108.svg", "team": "laa", "start": "", "in": "4", "result": "Single", "evo": "66.8", "la": "-76", "dist": "2"}, {"player": "aj pollock", "game": "lad @ laa", "gameIdx": 0, "hr/park": "8/30", "pa": "31", "dt": "", "img": "https://www.mlbstatic.com/team-logos/119.svg", "team": "lad", "start": "", "in": "4", "result": "Flyout", "evo": "104.7", "la": "39", "dist": "379"}, {"player": "chris taylor", "game": "lad @ laa", "gameIdx": 0, "hr/park": "", "pa": "30", "dt": "", "img": "https://www.mlbstatic.com/team-logos/119.svg", "team": "lad", "start": "", "in": "4", "result": "Flyout", "evo": "77.5", "la": "36", "dist": "279"}, {"player": "will smith", "game": "lad @ laa", "gameIdx": 0, "hr/park": "", "pa": "29", "dt": "", "img": "https://www.mlbstatic.com/team-logos/119.svg", "team": "lad", "start": "", "in": "4", "result": "Flyout", "evo": "77.4", "la": "47", "dist": "225"}, {"player": "jared walsh", "game": "lad @ laa", "gameIdx": 0, "hr/park": "", "pa": "28", "dt": "", "img": "https://www.mlbstatic.com/team-logos/108.svg", "team": "laa", "start": "", "in": "3", "result": "Groundout", "evo": "49.0", "la": "-35", "dist": "3"}, {"player": "justin upton", "game": "lad @ laa", "gameIdx": 0, "hr/park": "", "pa": "27", "dt": "", "img": "https://www.mlbstatic.com/team-logos/108.svg", "team": "laa", "start": "", "in": "3", "result": "Strikeout", "evo": "", "la": "", "dist": ""}, {"player": "mike trout", "game": "lad @ laa", "gameIdx": 0, "hr/park": "", "pa": "26", "dt": "", "img": "https://www.mlbstatic.com/team-logos/108.svg", "team": "laa", "start": "", "in": "3", "result": "Groundout", "evo": "47.9", "la": "-19", "dist": "8"}, {"player": "max muncy", "game": "lad @ laa", "gameIdx": 0, "hr/park": "0/30", "pa": "25", "dt": "", "img": "https://www.mlbstatic.com/team-logos/119.svg", "team": "lad", "start": "", "in": "3", "result": "Flyout", "evo": "97.7", "la": "42", "dist": "333"}, {"player": "justin turner", "game": "lad @ laa", "gameIdx": 0, "hr/park": "", "pa": "24", "dt": "", "img": "https://www.mlbstatic.com/team-logos/119.svg", "team": "lad", "start": "", "in": "3", "result": "Strikeout", "evo": "", "la": "", "dist": ""}, {"player": "corey seager", "game": "lad @ laa", "gameIdx": 0, "hr/park": "", "pa": "23", "dt": "", "img": "https://www.mlbstatic.com/team-logos/119.svg", "team": "lad", "start": "", "in": "3", "result": "Walk", "evo": "", "la": "", "dist": ""}, {"player": "mookie betts", "game": "lad @ laa", "gameIdx": 0, "hr/park": "", "pa": "22", "dt": "", "img": "https://www.mlbstatic.com/team-logos/119.svg", "team": "lad", "start": "", "in": "3", "result": "Pop Out", "evo": "77.4", "la": "75", "dist": "72"}, {"player": "shohei ohtani", "game": "lad @ laa", "gameIdx": 0, "hr/park": "", "pa": "21", "dt": "", "img": "https://www.mlbstatic.com/team-logos/108.svg", "team": "laa", "start": "", "in": "2", "result": "Flyout", "evo": "89.8", "la": "43", "dist": "291"}, {"player": "david fletcher", "game": "lad @ laa", "gameIdx": 0, "hr/park": "", "pa": "20", "dt": "", "img": "https://www.mlbstatic.com/team-logos/108.svg", "team": "laa", "start": "", "in": "2", "result": "Single", "evo": "78.3", "la": "19", "dist": "248"}, {"player": "drew butera", "game": "lad @ laa", "gameIdx": 0, "hr/park": "", "pa": "19", "dt": "", "img": "https://www.mlbstatic.com/team-logos/108.svg", "team": "laa", "start": "", "in": "2", "result": "Double", "evo": "99.6", "la": "12", "dist": "188"}, {"player": "jose rojas", "game": "lad @ laa", "gameIdx": 0, "hr/park": "", "pa": "18", "dt": "", "img": "https://www.mlbstatic.com/team-logos/108.svg", "team": "laa", "start": "", "in": "2", "result": "Hit By Pitch", "evo": "", "la": "", "dist": ""}, {"player": "taylor ward", "game": "lad @ laa", "gameIdx": 0, "hr/park": "30/30", "pa": "17", "dt": "", "img": "https://www.mlbstatic.com/team-logos/108.svg", "team": "laa", "start": "", "in": "2", "result": "Home Run", "evo": "106.4", "la": "34", "dist": "413"}, {"player": "jose iglesias", "game": "lad @ laa", "gameIdx": 0, "hr/park": "0/30", "pa": "16", "dt": "", "img": "https://www.mlbstatic.com/team-logos/108.svg", "team": "laa", "start": "", "in": "2", "result": "Flyout", "evo": "89.5", "la": "40", "dist": "314"}, {"player": "jared walsh", "game": "lad @ laa", "gameIdx": 0, "hr/park": "", "pa": "15", "dt": "", "img": "https://www.mlbstatic.com/team-logos/108.svg", "team": "laa", "start": "", "in": "2", "result": "Groundout", "evo": "44.4", "la": "-39", "dist": "6"}, {"player": "justin upton", "game": "lad @ laa", "gameIdx": 0, "hr/park": "30/30", "pa": "14", "dt": "", "img": "https://www.mlbstatic.com/team-logos/108.svg", "team": "laa", "start": "", "in": "2", "result": "Home Run", "evo": "114.2", "la": "21", "dist": "436"}, {"player": "gavin lux", "game": "lad @ laa", "gameIdx": 0, "hr/park": "", "pa": "13", "dt": "", "img": "https://www.mlbstatic.com/team-logos/119.svg", "team": "lad", "start": "", "in": "2", "result": "Pop Out", "evo": "65.8", "la": "61", "dist": "143"}, {"player": "matt beaty", "game": "lad @ laa", "gameIdx": 0, "hr/park": "", "pa": "12", "dt": "", "img": "https://www.mlbstatic.com/team-logos/119.svg", "team": "lad", "start": "", "in": "2", "result": "Groundout", "evo": "75.1", "la": "-8", "dist": "20"}, {"player": "aj pollock", "game": "lad @ laa", "gameIdx": 0, "hr/park": "0/30", "pa": "11", "dt": "", "img": "https://www.mlbstatic.com/team-logos/119.svg", "team": "lad", "start": "", "in": "2", "result": "Double", "evo": "94.4", "la": "21", "dist": "334"}, {"player": "chris taylor", "game": "lad @ laa", "gameIdx": 0, "hr/park": "", "pa": "10", "dt": "", "img": "https://www.mlbstatic.com/team-logos/119.svg", "team": "lad", "start": "", "in": "2", "result": "Strikeout", "evo": "", "la": "", "dist": ""}, {"player": "will smith", "game": "lad @ laa", "gameIdx": 0, "hr/park": "", "pa": "9", "dt": "", "img": "https://www.mlbstatic.com/team-logos/119.svg", "team": "lad", "start": "", "in": "2", "result": "Walk", "evo": "", "la": "", "dist": ""}, {"player": "mike trout", "game": "lad @ laa", "gameIdx": 0, "hr/park": "", "pa": "8", "dt": "", "img": "https://www.mlbstatic.com/team-logos/108.svg", "team": "laa", "start": "", "in": "1", "result": "Pop Out", "evo": "94.3", "la": "67", "dist": "162"}, {"player": "shohei ohtani", "game": "lad @ laa", "gameIdx": 0, "hr/park": "", "pa": "7", "dt": "", "img": "https://www.mlbstatic.com/team-logos/108.svg", "team": "laa", "start": "", "in": "1", "result": "Strikeout", "evo": "", "la": "", "dist": ""}, {"player": "david fletcher", "game": "lad @ laa", "gameIdx": 0, "hr/park": "", "pa": "6", "dt": "", "img": "https://www.mlbstatic.com/team-logos/108.svg", "team": "laa", "start": "", "in": "1", "result": "Lineout", "evo": "92.2", "la": "8", "dist": "177"}, {"player": "will smith", "game": "lad @ laa", "gameIdx": 0, "hr/park": "", "pa": "5", "dt": "", "img": "https://www.mlbstatic.com/team-logos/119.svg", "team": "lad", "start": "", "in": "1", "result": "Pickoff 2B", "evo": "", "la": "", "dist": ""}, {"player": "max muncy", "game": "lad @ laa", "gameIdx": 0, "hr/park": "", "pa": "4", "dt": "", "img": "https://www.mlbstatic.com/team-logos/119.svg", "team": "lad", "start": "", "in": "1", "result": "Strikeout", "evo": "", "la": "", "dist": ""}, {"player": "justin turner", "game": "lad @ laa", "gameIdx": 0, "hr/park": "", "pa": "3", "dt": "", "img": "https://www.mlbstatic.com/team-logos/119.svg", "team": "lad", "start": "", "in": "1", "result": "Single", "evo": "91.3", "la": "14", "dist": "213"}, {"player": "corey seager", "game": "lad @ laa", "gameIdx": 0, "hr/park": "", "pa": "2", "dt": "", "img": "https://www.mlbstatic.com/team-logos/119.svg", "team": "lad", "start": "", "in": "1", "result": "Walk", "evo": "", "la": "", "dist": ""}, {"player": "mookie betts", "game": "lad @ laa", "gameIdx": 0, "hr/park": "", "pa": "1", "dt": "", "img": "https://www.mlbstatic.com/team-logos/119.svg", "team": "lad", "start": "", "in": "1", "result": "Flyout", "evo": "87.0", "la": "55", "dist": "227"}], "tb @ ath": [], "sd @ sf": []}