{"all": {"pitchers": "14", "batters": "40", "pitches": "575", "max velomax pitch velocity": "100.3", "min velomin pitch velocity": "39.6", "ff%fourseam fastball %": "32.0", "si%sinker %": "8.9", "fc%cutter %": "6.6", "fs%splitter %": "2.1", "ch%changeup %": "12.2", "sl%slider %": "19.0", "cu%curve %": "11.5", "max evmax exit velocity": "111.6", "hhhard hit": "29", "hh%hard hit %": "31.5", "brlbarrels": "6", "brl%barrel %": "6.5", "ab": "134", "avg": ".239", "h": "32", "1b": "19", "2b": "6", "3b": "1", "hr": "6", "so": "43", "bipballs in play": "92", "liveGames": 0, "totGames": 8}, "chw @ bos": [{"player": "nick madrigal", "game": "chw @ bos", "gameIdx": 0, "hr/park": "", "pa": "82", "dt": "", "img": "https://www.mlbstatic.com/team-logos/145.svg", "team": "chw", "start": "", "in": "9", "result": "Groundout", "evo": "84.5", "la": "-5", "dist": "19"}, {"player": "leury garcia", "game": "chw @ bos", "gameIdx": 0, "hr/park": "", "pa": "81", "dt": "", "img": "https://www.mlbstatic.com/team-logos/145.svg", "team": "chw", "start": "", "in": "9", "result": "Groundout", "evo": "70.9", "la": "-11", "dist": "16"}, {"player": "jake lamb", "game": "chw @ bos", "gameIdx": 0, "hr/park": "", "pa": "80", "dt": "", "img": "https://www.mlbstatic.com/team-logos/145.svg", "team": "chw", "start": "", "in": "9", "result": "Groundout", "evo": "90.3", "la": "-14", "dist": "9"}, {"player": "enrique hernandez", "game": "chw @ bos", "gameIdx": 0, "hr/park": "", "pa": "79", "dt": "", "img": "https://www.mlbstatic.com/team-logos/111.svg", "team": "bos", "start": "", "in": "8", "result": "Forceout", "evo": "81.3", "la": "-19", "dist": "10"}, {"player": "bobby dalbec", "game": "chw @ bos", "gameIdx": 0, "hr/park": "", "pa": "78", "dt": "", "img": "https://www.mlbstatic.com/team-logos/111.svg", "team": "bos", "start": "", "in": "8", "result": "Flyout", "evo": "90.7", "la": "40", "dist": "295"}, {"player": "franchy cordero", "game": "chw @ bos", "gameIdx": 0, "hr/park": "", "pa": "77", "dt": "", "img": "https://www.mlbstatic.com/team-logos/111.svg", "team": "bos", "start": "", "in": "8", "result": "Strikeout", "evo": "", "la": "", "dist": ""}, {"player": "hunter renfroe", "game": "chw @ bos", "gameIdx": 0, "hr/park": "", "pa": "76", "dt": "", "img": "https://www.mlbstatic.com/team-logos/111.svg", "team": "bos", "start": "", "in": "8", "result": "Single", "evo": "96.2", "la": "10", "dist": "142"}, {"player": "marwin gonzalez", "game": "chw @ bos", "gameIdx": 0, "hr/park": "", "pa": "75", "dt": "", "img": "https://www.mlbstatic.com/team-logos/111.svg", "team": "bos", "start": "", "in": "8", "result": "Hit By Pitch", "evo": "", "la": "", "dist": ""}, {"player": "yermin mercedes", "game": "chw @ bos", "gameIdx": 0, "hr/park": "", "pa": "74", "dt": "", "img": "https://www.mlbstatic.com/team-logos/145.svg", "team": "chw", "start": "", "in": "8", "result": "Groundout", "evo": "76.7", "la": "", "dist": "36"}, {"player": "zack collins", "game": "chw @ bos", "gameIdx": 0, "hr/park": "", "pa": "73", "dt": "", "img": "https://www.mlbstatic.com/team-logos/145.svg", "team": "chw", "start": "", "in": "8", "result": "Strikeout", "evo": "", "la": "", "dist": ""}, {"player": "jose abreu", "game": "chw @ bos", "gameIdx": 0, "hr/park": "", "pa": "72", "dt": "", "img": "https://www.mlbstatic.com/team-logos/145.svg", "team": "chw", "start": "", "in": "8", "result": "Strikeout", "evo": "", "la": "", "dist": ""}, {"player": "christian vazquez", "game": "chw @ bos", "gameIdx": 0, "hr/park": "0/30", "pa": "71", "dt": "", "img": "https://www.mlbstatic.com/team-logos/111.svg", "team": "bos", "start": "", "in": "7", "result": "Flyout", "evo": "98.8", "la": "37", "dist": "349"}, {"player": "rafael devers", "game": "chw @ bos", "gameIdx": 0, "hr/park": "", "pa": "70", "dt": "", "img": "https://www.mlbstatic.com/team-logos/111.svg", "team": "bos", "start": "", "in": "7", "result": "Walk", "evo": "", "la": "", "dist": ""}, {"player": "jd martinez", "game": "chw @ bos", "gameIdx": 0, "hr/park": "", "pa": "69", "dt": "", "img": "https://www.mlbstatic.com/team-logos/111.svg", "team": "bos", "start": "", "in": "7", "result": "Single", "evo": "86.9", "la": "16", "dist": "223"}, {"player": "alex verdugo", "game": "chw @ bos", "gameIdx": 0, "hr/park": "", "pa": "68", "dt": "", "img": "https://www.mlbstatic.com/team-logos/111.svg", "team": "bos", "start": "", "in": "7", "result": "Single", "evo": "94.4", "la": "16", "dist": "232"}, {"player": "enrique hernandez", "game": "chw @ bos", "gameIdx": 0, "hr/park": "", "pa": "67", "dt": "", "img": "https://www.mlbstatic.com/team-logos/111.svg", "team": "bos", "start": "", "in": "7", "result": "Double", "evo": "92.3", "la": "16", "dist": "275"}, {"player": "bobby dalbec", "game": "chw @ bos", "gameIdx": 0, "hr/park": "", "pa": "66", "dt": "", "img": "https://www.mlbstatic.com/team-logos/111.svg", "team": "bos", "start": "", "in": "7", "result": "Double Play", "evo": "107.7", "la": "10", "dist": "174"}, {"player": "franchy cordero", "game": "chw @ bos", "gameIdx": 0, "hr/park": "", "pa": "65", "dt": "", "img": "https://www.mlbstatic.com/team-logos/111.svg", "team": "bos", "start": "", "in": "7", "result": "Walk", "evo": "", "la": "", "dist": ""}, {"player": "luis robert", "game": "chw @ bos", "gameIdx": 0, "hr/park": "", "pa": "64", "dt": "", "img": "https://www.mlbstatic.com/team-logos/145.svg", "team": "chw", "start": "", "in": "7", "result": "Groundout", "evo": "96.9", "la": "-19", "dist": "5"}, {"player": "adam eaton", "game": "chw @ bos", "gameIdx": 0, "hr/park": "", "pa": "63", "dt": "", "img": "https://www.mlbstatic.com/team-logos/145.svg", "team": "chw", "start": "", "in": "7", "result": "Groundout", "evo": "105.9", "la": "-13", "dist": "7"}, {"player": "tim anderson", "game": "chw @ bos", "gameIdx": 0, "hr/park": "", "pa": "62", "dt": "", "img": "https://www.mlbstatic.com/team-logos/145.svg", "team": "chw", "start": "", "in": "7", "result": "Single", "evo": "86.0", "la": "23", "dist": "279"}, {"player": "nick madrigal", "game": "chw @ bos", "gameIdx": 0, "hr/park": "", "pa": "61", "dt": "", "img": "https://www.mlbstatic.com/team-logos/145.svg", "team": "chw", "start": "", "in": "7", "result": "Strikeout", "evo": "", "la": "", "dist": ""}, {"player": "leury garcia", "game": "chw @ bos", "gameIdx": 0, "hr/park": "", "pa": "60", "dt": "", "img": "https://www.mlbstatic.com/team-logos/145.svg", "team": "chw", "start": "", "in": "7", "result": "Single", "evo": "69.8", "la": "-19", "dist": "8"}, {"player": "hunter renfroe", "game": "chw @ bos", "gameIdx": 0, "hr/park": "", "pa": "59", "dt": "", "img": "https://www.mlbstatic.com/team-logos/111.svg", "team": "bos", "start": "", "in": "6", "result": "Strikeout", "evo": "", "la": "", "dist": ""}, {"player": "marwin gonzalez", "game": "chw @ bos", "gameIdx": 0, "hr/park": "", "pa": "58", "dt": "", "img": "https://www.mlbstatic.com/team-logos/111.svg", "team": "bos", "start": "", "in": "6", "result": "Groundout", "evo": "98.4", "la": "1", "dist": "61"}, {"player": "christian vazquez", "game": "chw @ bos", "gameIdx": 0, "hr/park": "", "pa": "57", "dt": "", "img": "https://www.mlbstatic.com/team-logos/111.svg", "team": "bos", "start": "", "in": "6", "result": "Forceout", "evo": "78.2", "la": "-14", "dist": "10"}, {"player": "rafael devers", "game": "chw @ bos", "gameIdx": 0, "hr/park": "", "pa": "56", "dt": "", "img": "https://www.mlbstatic.com/team-logos/111.svg", "team": "bos", "start": "", "in": "6", "result": "Single", "evo": "89.3", "la": "16", "dist": "262"}, {"player": "jake lamb", "game": "chw @ bos", "gameIdx": 0, "hr/park": "", "pa": "55", "dt": "", "img": "https://www.mlbstatic.com/team-logos/145.svg", "team": "chw", "start": "", "in": "6", "result": "Lineout", "evo": "89.7", "la": "14", "dist": "207"}, {"player": "yermin mercedes", "game": "chw @ bos", "gameIdx": 0, "hr/park": "", "pa": "54", "dt": "", "img": "https://www.mlbstatic.com/team-logos/145.svg", "team": "chw", "start": "", "in": "6", "result": "Single", "evo": "94.7", "la": "-12", "dist": "12"}, {"player": "yasmani grandal", "game": "chw @ bos", "gameIdx": 0, "hr/park": "0/30", "pa": "53", "dt": "", "img": "https://www.mlbstatic.com/team-logos/145.svg", "team": "chw", "start": "", "in": "6", "result": "Lineout", "evo": "94.9", "la": "18", "dist": "314"}, {"player": "jose abreu", "game": "chw @ bos", "gameIdx": 0, "hr/park": "", "pa": "52", "dt": "", "img": "https://www.mlbstatic.com/team-logos/145.svg", "team": "chw", "start": "", "in": "6", "result": "Strikeout", "evo": "", "la": "", "dist": ""}, {"player": "jd martinez", "game": "chw @ bos", "gameIdx": 0, "hr/park": "", "pa": "51", "dt": "", "img": "https://www.mlbstatic.com/team-logos/111.svg", "team": "bos", "start": "", "in": "5", "result": "Strikeout", "evo": "", "la": "", "dist": ""}, {"player": "alex verdugo", "game": "chw @ bos", "gameIdx": 0, "hr/park": "", "pa": "50", "dt": "", "img": "https://www.mlbstatic.com/team-logos/111.svg", "team": "bos", "start": "", "in": "5", "result": "Walk", "evo": "", "la": "", "dist": ""}, {"player": "enrique hernandez", "game": "chw @ bos", "gameIdx": 0, "hr/park": "", "pa": "49", "dt": "", "img": "https://www.mlbstatic.com/team-logos/111.svg", "team": "bos", "start": "", "in": "5", "result": "Strikeout", "evo": "", "la": "", "dist": ""}, {"player": "bobby dalbec", "game": "chw @ bos", "gameIdx": 0, "hr/park": "", "pa": "48", "dt": "", "img": "https://www.mlbstatic.com/team-logos/111.svg", "team": "bos", "start": "", "in": "5", "result": "Strikeout", "evo": "", "la": "", "dist": ""}, {"player": "luis robert", "game": "chw @ bos", "gameIdx": 0, "hr/park": "", "pa": "47", "dt": "", "img": "https://www.mlbstatic.com/team-logos/145.svg", "team": "chw", "start": "", "in": "5", "result": "Strikeout", "evo": "", "la": "", "dist": ""}, {"player": "adam eaton", "game": "chw @ bos", "gameIdx": 0, "hr/park": "0/30", "pa": "46", "dt": "", "img": "https://www.mlbstatic.com/team-logos/145.svg", "team": "chw", "start": "", "in": "5", "result": "Double", "evo": "91.1", "la": "36", "dist": "301"}, {"player": "tim anderson", "game": "chw @ bos", "gameIdx": 0, "hr/park": "", "pa": "45", "dt": "", "img": "https://www.mlbstatic.com/team-logos/145.svg", "team": "chw", "start": "", "in": "5", "result": "Double", "evo": "102.9", "la": "17", "dist": "295"}, {"player": "nick madrigal", "game": "chw @ bos", "gameIdx": 0, "hr/park": "", "pa": "44", "dt": "", "img": "https://www.mlbstatic.com/team-logos/145.svg", "team": "chw", "start": "", "in": "5", "result": "Bunt Groundout", "evo": "31.7", "la": "-52", "dist": "4"}, {"player": "leury garcia", "game": "chw @ bos", "gameIdx": 0, "hr/park": "", "pa": "43", "dt": "", "img": "https://www.mlbstatic.com/team-logos/145.svg", "team": "chw", "start": "", "in": "5", "result": "Groundout", "evo": "74.0", "la": "-24", "dist": "6"}, {"player": "franchy cordero", "game": "chw @ bos", "gameIdx": 0, "hr/park": "", "pa": "42", "dt": "", "img": "https://www.mlbstatic.com/team-logos/111.svg", "team": "bos", "start": "", "in": "4", "result": "Field Error", "evo": "85.8", "la": "-23", "dist": "4"}, {"player": "hunter renfroe", "game": "chw @ bos", "gameIdx": 0, "hr/park": "", "pa": "41", "dt": "", "img": "https://www.mlbstatic.com/team-logos/111.svg", "team": "bos", "start": "", "in": "4", "result": "Groundout", "evo": "79.4", "la": "-52", "dist": "4"}, {"player": "marwin gonzalez", "game": "chw @ bos", "gameIdx": 0, "hr/park": "", "pa": "40", "dt": "", "img": "https://www.mlbstatic.com/team-logos/111.svg", "team": "bos", "start": "", "in": "4", "result": "Walk", "evo": "", "la": "", "dist": ""}, {"player": "christian vazquez", "game": "chw @ bos", "gameIdx": 0, "hr/park": "", "pa": "39", "dt": "", "img": "https://www.mlbstatic.com/team-logos/111.svg", "team": "bos", "start": "", "in": "4", "result": "Single", "evo": "98.2", "la": "9", "dist": "175"}, {"player": "rafael devers", "game": "chw @ bos", "gameIdx": 0, "hr/park": "", "pa": "38", "dt": "", "img": "https://www.mlbstatic.com/team-logos/111.svg", "team": "bos", "start": "", "in": "4", "result": "Groundout", "evo": "111.6", "la": "-2", "dist": "37"}, {"player": "jake lamb", "game": "chw @ bos", "gameIdx": 0, "hr/park": "", "pa": "37", "dt": "", "img": "https://www.mlbstatic.com/team-logos/145.svg", "team": "chw", "start": "", "in": "4", "result": "Groundout", "evo": "72.9", "la": "12", "dist": "128"}, {"player": "yermin mercedes", "game": "chw @ bos", "gameIdx": 0, "hr/park": "", "pa": "36", "dt": "", "img": "https://www.mlbstatic.com/team-logos/145.svg", "team": "chw", "start": "", "in": "4", "result": "Groundout", "evo": "108.0", "la": "-10", "dist": "6"}, {"player": "yasmani grandal", "game": "chw @ bos", "gameIdx": 0, "hr/park": "", "pa": "35", "dt": "", "img": "https://www.mlbstatic.com/team-logos/145.svg", "team": "chw", "start": "", "in": "4", "result": "Strikeout", "evo": "", "la": "", "dist": ""}, {"player": "jd martinez", "game": "chw @ bos", "gameIdx": 0, "hr/park": "", "pa": "34", "dt": "", "img": "https://www.mlbstatic.com/team-logos/111.svg", "team": "bos", "start": "", "in": "3", "result": "Groundout", "evo": "94.2", "la": "-3", "dist": "34"}, {"player": "alex verdugo", "game": "chw @ bos", "gameIdx": 0, "hr/park": "29/30", "pa": "33", "dt": "", "img": "https://www.mlbstatic.com/team-logos/111.svg", "team": "bos", "start": "", "in": "3", "result": "Home Run", "evo": "104.5", "la": "24", "dist": "417"}, {"player": "enrique hernandez", "game": "chw @ bos", "gameIdx": 0, "hr/park": "", "pa": "32", "dt": "", "img": "https://www.mlbstatic.com/team-logos/111.svg", "team": "bos", "start": "", "in": "3", "result": "Pop Out", "evo": "86.9", "la": "72", "dist": "109"}, {"player": "bobby dalbec", "game": "chw @ bos", "gameIdx": 0, "hr/park": "", "pa": "31", "dt": "", "img": "https://www.mlbstatic.com/team-logos/111.svg", "team": "bos", "start": "", "in": "3", "result": "Strikeout", "evo": "", "la": "", "dist": ""}, {"player": "jose abreu", "game": "chw @ bos", "gameIdx": 0, "hr/park": "", "pa": "30", "dt": "", "img": "https://www.mlbstatic.com/team-logos/145.svg", "team": "chw", "start": "", "in": "3", "result": "Strikeout", "evo": "", "la": "", "dist": ""}, {"player": "luis robert", "game": "chw @ bos", "gameIdx": 0, "hr/park": "", "pa": "29", "dt": "", "img": "https://www.mlbstatic.com/team-logos/145.svg", "team": "chw", "start": "", "in": "3", "result": "Lineout", "evo": "70.6", "la": "13", "dist": "133"}, {"player": "adam eaton", "game": "chw @ bos", "gameIdx": 0, "hr/park": "", "pa": "28", "dt": "", "img": "https://www.mlbstatic.com/team-logos/145.svg", "team": "chw", "start": "", "in": "3", "result": "Double", "evo": "98.5", "la": "-5", "dist": "32"}, {"player": "tim anderson", "game": "chw @ bos", "gameIdx": 0, "hr/park": "", "pa": "27", "dt": "", "img": "https://www.mlbstatic.com/team-logos/145.svg", "team": "chw", "start": "", "in": "3", "result": "Strikeout", "evo": "", "la": "", "dist": ""}, {"player": "nick madrigal", "game": "chw @ bos", "gameIdx": 0, "hr/park": "", "pa": "26", "dt": "", "img": "https://www.mlbstatic.com/team-logos/145.svg", "team": "chw", "start": "", "in": "3", "result": "Triple", "evo": "98.4", "la": "16", "dist": "279"}, {"player": "franchy cordero", "game": "chw @ bos", "gameIdx": 0, "hr/park": "", "pa": "25", "dt": "", "img": "https://www.mlbstatic.com/team-logos/111.svg", "team": "bos", "start": "", "in": "2", "result": "Strikeout", "evo": "", "la": "", "dist": ""}, {"player": "hunter renfroe", "game": "chw @ bos", "gameIdx": 0, "hr/park": "", "pa": "24", "dt": "", "img": "https://www.mlbstatic.com/team-logos/111.svg", "team": "bos", "start": "", "in": "2", "result": "Sac Fly", "evo": "86.8", "la": "38", "dist": "296"}, {"player": "marwin gonzalez", "game": "chw @ bos", "gameIdx": 0, "hr/park": "", "pa": "23", "dt": "", "img": "https://www.mlbstatic.com/team-logos/111.svg", "team": "bos", "start": "", "in": "2", "result": "Strikeout", "evo": "", "la": "", "dist": ""}, {"player": "christian vazquez", "game": "chw @ bos", "gameIdx": 0, "hr/park": "", "pa": "22", "dt": "", "img": "https://www.mlbstatic.com/team-logos/111.svg", "team": "bos", "start": "", "in": "2", "result": "Single", "evo": "98.2", "la": "9", "dist": "183"}, {"player": "rafael devers", "game": "chw @ bos", "gameIdx": 0, "hr/park": "", "pa": "21", "dt": "", "img": "https://www.mlbstatic.com/team-logos/111.svg", "team": "bos", "start": "", "in": "2", "result": "Walk", "evo": "", "la": "", "dist": ""}, {"player": "jd martinez", "game": "chw @ bos", "gameIdx": 0, "hr/park": "30/30", "pa": "20", "dt": "", "img": "https://www.mlbstatic.com/team-logos/111.svg", "team": "bos", "start": "", "in": "2", "result": "Home Run", "evo": "105.0", "la": "41", "dist": "398"}, {"player": "leury garcia", "game": "chw @ bos", "gameIdx": 0, "hr/park": "", "pa": "19", "dt": "", "img": "https://www.mlbstatic.com/team-logos/145.svg", "team": "chw", "start": "", "in": "2", "result": "Strikeout", "evo": "", "la": "", "dist": ""}, {"player": "jake lamb", "game": "chw @ bos", "gameIdx": 0, "hr/park": "", "pa": "18", "dt": "", "img": "https://www.mlbstatic.com/team-logos/145.svg", "team": "chw", "start": "", "in": "2", "result": "Strikeout", "evo": "", "la": "", "dist": ""}, {"player": "yermin mercedes", "game": "chw @ bos", "gameIdx": 0, "hr/park": "", "pa": "17", "dt": "", "img": "https://www.mlbstatic.com/team-logos/145.svg", "team": "chw", "start": "", "in": "2", "result": "Strikeout", "evo": "", "la": "", "dist": ""}, {"player": "alex verdugo", "game": "chw @ bos", "gameIdx": 0, "hr/park": "", "pa": "16", "dt": "", "img": "https://www.mlbstatic.com/team-logos/111.svg", "team": "bos", "start": "", "in": "1", "result": "Flyout", "evo": "72.7", "la": "41", "dist": "220"}, {"player": "enrique hernandez", "game": "chw @ bos", "gameIdx": 0, "hr/park": "", "pa": "15", "dt": "", "img": "https://www.mlbstatic.com/team-logos/111.svg", "team": "bos", "start": "", "in": "1", "result": "Pop Out", "evo": "78.3", "la": "57", "dist": "176"}, {"player": "bobby dalbec", "game": "chw @ bos", "gameIdx": 0, "hr/park": "", "pa": "14", "dt": "", "img": "https://www.mlbstatic.com/team-logos/111.svg", "team": "bos", "start": "", "in": "1", "result": "Walk", "evo": "", "la": "", "dist": ""}, {"player": "franchy cordero", "game": "chw @ bos", "gameIdx": 0, "hr/park": "", "pa": "13", "dt": "", "img": "https://www.mlbstatic.com/team-logos/111.svg", "team": "bos", "start": "", "in": "1", "result": "Single", "evo": "84.9", "la": "13", "dist": "191"}, {"player": "hunter renfroe", "game": "chw @ bos", "gameIdx": 0, "hr/park": "", "pa": "12", "dt": "", "img": "https://www.mlbstatic.com/team-logos/111.svg", "team": "bos", "start": "", "in": "1", "result": "Groundout", "evo": "44.7", "la": "11", "dist": "62"}, {"player": "marwin gonzalez", "game": "chw @ bos", "gameIdx": 0, "hr/park": "", "pa": "11", "dt": "", "img": "https://www.mlbstatic.com/team-logos/111.svg", "team": "bos", "start": "", "in": "1", "result": "Single", "evo": "97.6", "la": "10", "dist": "186"}, {"player": "christian vazquez", "game": "chw @ bos", "gameIdx": 0, "hr/park": "", "pa": "10", "dt": "", "img": "https://www.mlbstatic.com/team-logos/111.svg", "team": "bos", "start": "", "in": "1", "result": "Single", "evo": "22.4", "la": "15", "dist": "26"}, {"player": "rafael devers", "game": "chw @ bos", "gameIdx": 0, "hr/park": "", "pa": "9", "dt": "", "img": "https://www.mlbstatic.com/team-logos/111.svg", "team": "bos", "start": "", "in": "1", "result": "Single", "evo": "94.8", "la": "15", "dist": "256"}, {"player": "jd martinez", "game": "chw @ bos", "gameIdx": 0, "hr/park": "", "pa": "8", "dt": "", "img": "https://www.mlbstatic.com/team-logos/111.svg", "team": "bos", "start": "", "in": "1", "result": "Single", "evo": "92.1", "la": "1", "dist": "60"}, {"player": "alex verdugo", "game": "chw @ bos", "gameIdx": 0, "hr/park": "", "pa": "7", "dt": "", "img": "https://www.mlbstatic.com/team-logos/111.svg", "team": "bos", "start": "", "in": "1", "result": "Single", "evo": "93.0", "la": "-1", "dist": "53"}, {"player": "enrique hernandez", "game": "chw @ bos", "gameIdx": 0, "hr/park": "27/30", "pa": "6", "dt": "", "img": "https://www.mlbstatic.com/team-logos/111.svg", "team": "bos", "start": "", "in": "1", "result": "Home Run", "evo": "103.9", "la": "22", "dist": "382"}, {"player": "yasmani grandal", "game": "chw @ bos", "gameIdx": 0, "hr/park": "0/30", "pa": "5", "dt": "", "img": "https://www.mlbstatic.com/team-logos/145.svg", "team": "chw", "start": "", "in": "1", "result": "Flyout", "evo": "95.3", "la": "39", "dist": "313"}, {"player": "jose abreu", "game": "chw @ bos", "gameIdx": 0, "hr/park": "", "pa": "4", "dt": "", "img": "https://www.mlbstatic.com/team-logos/145.svg", "team": "chw", "start": "", "in": "1", "result": "Groundout", "evo": "54.7", "la": "-74", "dist": "4"}, {"player": "luis robert", "game": "chw @ bos", "gameIdx": 0, "hr/park": "1/30", "pa": "3", "dt": "", "img": "https://www.mlbstatic.com/team-logos/145.svg", "team": "chw", "start": "", "in": "1", "result": "Double", "evo": "109.5", "la": "19", "dist": "331"}, {"player": "adam eaton", "game": "chw @ bos", "gameIdx": 0, "hr/park": "", "pa": "2", "dt": "", "img": "https://www.mlbstatic.com/team-logos/145.svg", "team": "chw", "start": "", "in": "1", "result": "Strikeout", "evo": "", "la": "", "dist": ""}, {"player": "tim anderson", "game": "chw @ bos", "gameIdx": 0, "hr/park": "", "pa": "1", "dt": "", "img": "https://www.mlbstatic.com/team-logos/145.svg", "team": "chw", "start": "", "in": "1", "result": "Single", "evo": "82.0", "la": "-13", "dist": "10"}], "stl @ wsh": [], "sf @ phi": [], "tb @ kc": [], "tex @ laa": [], "lad @ sea": [], "mil @ sd": [{"player": "eric hosmer", "game": "mil @ sd", "gameIdx": 0, "hr/park": "", "pa": "67", "dt": "", "img": "https://www.mlbstatic.com/team-logos/135.svg", "team": "sd", "start": "", "in": "9", "result": "Groundout", "evo": "81.0", "la": "-16", "dist": "9"}, {"player": "manny machado", "game": "mil @ sd", "gameIdx": 0, "hr/park": "", "pa": "66", "dt": "", "img": "https://www.mlbstatic.com/team-logos/135.svg", "team": "sd", "start": "", "in": "9", "result": "Strikeout", "evo": "", "la": "", "dist": ""}, {"player": "fernando tatis", "game": "mil @ sd", "gameIdx": 0, "hr/park": "", "pa": "65", "dt": "", "img": "https://www.mlbstatic.com/team-logos/135.svg", "team": "sd", "start": "", "in": "9", "result": "Walk", "evo": "", "la": "", "dist": ""}, {"player": "jake cronenworth", "game": "mil @ sd", "gameIdx": 0, "hr/park": "0/30", "pa": "64", "dt": "", "img": "https://www.mlbstatic.com/team-logos/135.svg", "team": "sd", "start": "", "in": "9", "result": "Lineout", "evo": "85.9", "la": "25", "dist": "312"}, {"player": "daniel robertson", "game": "mil @ sd", "gameIdx": 0, "hr/park": "", "pa": "63", "dt": "", "img": "https://www.mlbstatic.com/team-logos/158.svg", "team": "mil", "start": "", "in": "9", "result": "Groundout", "evo": "69.8", "la": "-5", "dist": "23"}, {"player": "billy mckinney", "game": "mil @ sd", "gameIdx": 0, "hr/park": "", "pa": "62", "dt": "", "img": "https://www.mlbstatic.com/team-logos/158.svg", "team": "mil", "start": "", "in": "9", "result": "Groundout", "evo": "86.0", "la": "-29", "dist": "4"}, {"player": "keston hiura", "game": "mil @ sd", "gameIdx": 0, "hr/park": "", "pa": "61", "dt": "", "img": "https://www.mlbstatic.com/team-logos/158.svg", "team": "mil", "start": "", "in": "9", "result": "Groundout", "evo": "81.8", "la": "-4", "dist": "23"}, {"player": "jurickson profar", "game": "mil @ sd", "gameIdx": 0, "hr/park": "", "pa": "60", "dt": "", "img": "https://www.mlbstatic.com/team-logos/135.svg", "team": "sd", "start": "", "in": "8", "result": "GIDP", "evo": "99.4", "la": "-2", "dist": "32"}, {"player": "jorge mateo", "game": "mil @ sd", "gameIdx": 0, "hr/park": "", "pa": "59", "dt": "", "img": "https://www.mlbstatic.com/team-logos/135.svg", "team": "sd", "start": "", "in": "8", "result": "Bunt Pop Out", "evo": "29.6", "la": "74", "dist": "29"}, {"player": "victor caratini", "game": "mil @ sd", "gameIdx": 0, "hr/park": "", "pa": "58", "dt": "", "img": "https://www.mlbstatic.com/team-logos/135.svg", "team": "sd", "start": "", "in": "8", "result": "Single", "evo": "79.7", "la": "9", "dist": "127"}, {"player": "travis shaw", "game": "mil @ sd", "gameIdx": 0, "hr/park": "", "pa": "57", "dt": "", "img": "https://www.mlbstatic.com/team-logos/158.svg", "team": "mil", "start": "", "in": "8", "result": "Strikeout", "evo": "", "la": "", "dist": ""}, {"player": "avisail garcia", "game": "mil @ sd", "gameIdx": 0, "hr/park": "", "pa": "56", "dt": "", "img": "https://www.mlbstatic.com/team-logos/158.svg", "team": "mil", "start": "", "in": "8", "result": "Walk", "evo": "", "la": "", "dist": ""}, {"player": "omar narvaez", "game": "mil @ sd", "gameIdx": 0, "hr/park": "", "pa": "55", "dt": "", "img": "https://www.mlbstatic.com/team-logos/158.svg", "team": "mil", "start": "", "in": "8", "result": "Flyout", "evo": "78.4", "la": "49", "dist": "217"}, {"player": "jackie bradley", "game": "mil @ sd", "gameIdx": 0, "hr/park": "", "pa": "54", "dt": "", "img": "https://www.mlbstatic.com/team-logos/158.svg", "team": "mil", "start": "", "in": "8", "result": "Strikeout", "evo": "", "la": "", "dist": ""}, {"player": "tyrone taylor", "game": "mil @ sd", "gameIdx": 0, "hr/park": "30/30", "pa": "53", "dt": "", "img": "https://www.mlbstatic.com/team-logos/158.svg", "team": "mil", "start": "", "in": "8", "result": "Home Run", "evo": "110.8", "la": "27", "dist": "440"}, {"player": "victor caratini", "game": "mil @ sd", "gameIdx": 0, "hr/park": "", "pa": "52", "dt": "", "img": "https://www.mlbstatic.com/team-logos/135.svg", "team": "sd", "start": "", "in": "7", "result": "Caught Stealing 2B", "evo": "", "la": "", "dist": ""}, {"player": "tommy pham", "game": "mil @ sd", "gameIdx": 0, "hr/park": "", "pa": "51", "dt": "", "img": "https://www.mlbstatic.com/team-logos/135.svg", "team": "sd", "start": "", "in": "7", "result": "Walk", "evo": "", "la": "", "dist": ""}, {"player": "wil myers", "game": "mil @ sd", "gameIdx": 0, "hr/park": "", "pa": "50", "dt": "", "img": "https://www.mlbstatic.com/team-logos/135.svg", "team": "sd", "start": "", "in": "7", "result": "Groundout", "evo": "63.1", "la": "-9", "dist": "14"}, {"player": "eric hosmer", "game": "mil @ sd", "gameIdx": 0, "hr/park": "", "pa": "49", "dt": "", "img": "https://www.mlbstatic.com/team-logos/135.svg", "team": "sd", "start": "", "in": "7", "result": "Groundout", "evo": "80.5", "la": "-31", "dist": "7"}, {"player": "jace peterson", "game": "mil @ sd", "gameIdx": 0, "hr/park": "", "pa": "48", "dt": "", "img": "https://www.mlbstatic.com/team-logos/158.svg", "team": "mil", "start": "", "in": "7", "result": "Strikeout", "evo": "", "la": "", "dist": ""}, {"player": "daniel robertson", "game": "mil @ sd", "gameIdx": 0, "hr/park": "0/30", "pa": "47", "dt": "", "img": "https://www.mlbstatic.com/team-logos/158.svg", "team": "mil", "start": "", "in": "7", "result": "Lineout", "evo": "98.3", "la": "16", "dist": "324"}, {"player": "billy mckinney", "game": "mil @ sd", "gameIdx": 0, "hr/park": "", "pa": "46", "dt": "", "img": "https://www.mlbstatic.com/team-logos/158.svg", "team": "mil", "start": "", "in": "7", "result": "Strikeout", "evo": "", "la": "", "dist": ""}, {"player": "keston hiura", "game": "mil @ sd", "gameIdx": 0, "hr/park": "", "pa": "45", "dt": "", "img": "https://www.mlbstatic.com/team-logos/158.svg", "team": "mil", "start": "", "in": "7", "result": "Single", "evo": "93.5", "la": "11", "dist": "158"}, {"player": "manny machado", "game": "mil @ sd", "gameIdx": 0, "hr/park": "0/30", "pa": "44", "dt": "", "img": "https://www.mlbstatic.com/team-logos/135.svg", "team": "sd", "start": "", "in": "6", "result": "Flyout", "evo": "88.5", "la": "35", "dist": "324"}, {"player": "fernando tatis", "game": "mil @ sd", "gameIdx": 0, "hr/park": "", "pa": "43", "dt": "", "img": "https://www.mlbstatic.com/team-logos/135.svg", "team": "sd", "start": "", "in": "6", "result": "Strikeout", "evo": "", "la": "", "dist": ""}, {"player": "jake cronenworth", "game": "mil @ sd", "gameIdx": 0, "hr/park": "", "pa": "42", "dt": "", "img": "https://www.mlbstatic.com/team-logos/135.svg", "team": "sd", "start": "", "in": "6", "result": "Pop Out", "evo": "61.3", "la": "50", "dist": "162"}, {"player": "travis shaw", "game": "mil @ sd", "gameIdx": 0, "hr/park": "", "pa": "41", "dt": "", "img": "https://www.mlbstatic.com/team-logos/158.svg", "team": "mil", "start": "", "in": "6", "result": "Groundout", "evo": "46.3", "la": "-3", "dist": "22"}, {"player": "avisail garcia", "game": "mil @ sd", "gameIdx": 0, "hr/park": "", "pa": "40", "dt": "", "img": "https://www.mlbstatic.com/team-logos/158.svg", "team": "mil", "start": "", "in": "6", "result": "Walk", "evo": "", "la": "", "dist": ""}, {"player": "omar narvaez", "game": "mil @ sd", "gameIdx": 0, "hr/park": "", "pa": "39", "dt": "", "img": "https://www.mlbstatic.com/team-logos/158.svg", "team": "mil", "start": "", "in": "6", "result": "Double", "evo": "95.6", "la": "14", "dist": "234"}, {"player": "jackie bradley", "game": "mil @ sd", "gameIdx": 0, "hr/park": "", "pa": "38", "dt": "", "img": "https://www.mlbstatic.com/team-logos/158.svg", "team": "mil", "start": "", "in": "6", "result": "Lineout", "evo": "96.0", "la": "6", "dist": "94"}, {"player": "brandon woodruff", "game": "mil @ sd", "gameIdx": 0, "hr/park": "", "pa": "37", "dt": "", "img": "https://www.mlbstatic.com/team-logos/158.svg", "team": "mil", "start": "", "in": "6", "result": "Strikeout", "evo": "", "la": "", "dist": ""}, {"player": "jurickson profar", "game": "mil @ sd", "gameIdx": 0, "hr/park": "", "pa": "36", "dt": "", "img": "https://www.mlbstatic.com/team-logos/135.svg", "team": "sd", "start": "", "in": "5", "result": "Strikeout", "evo": "", "la": "", "dist": ""}, {"player": "joe musgrove", "game": "mil @ sd", "gameIdx": 0, "hr/park": "", "pa": "35", "dt": "", "img": "https://www.mlbstatic.com/team-logos/135.svg", "team": "sd", "start": "", "in": "5", "result": "Strikeout", "evo": "", "la": "", "dist": ""}, {"player": "victor caratini", "game": "mil @ sd", "gameIdx": 0, "hr/park": "", "pa": "34", "dt": "", "img": "https://www.mlbstatic.com/team-logos/135.svg", "team": "sd", "start": "", "in": "5", "result": "Strikeout", "evo": "", "la": "", "dist": ""}, {"player": "jace peterson", "game": "mil @ sd", "gameIdx": 0, "hr/park": "", "pa": "33", "dt": "", "img": "https://www.mlbstatic.com/team-logos/158.svg", "team": "mil", "start": "", "in": "5", "result": "Groundout", "evo": "", "la": "", "dist": ""}, {"player": "daniel robertson", "game": "mil @ sd", "gameIdx": 0, "hr/park": "", "pa": "32", "dt": "", "img": "https://www.mlbstatic.com/team-logos/158.svg", "team": "mil", "start": "", "in": "5", "result": "Strikeout", "evo": "", "la": "", "dist": ""}, {"player": "billy mckinney", "game": "mil @ sd", "gameIdx": 0, "hr/park": "28/30", "pa": "31", "dt": "", "img": "https://www.mlbstatic.com/team-logos/158.svg", "team": "mil", "start": "", "in": "5", "result": "Home Run", "evo": "109.5", "la": "26", "dist": "377"}, {"player": "keston hiura", "game": "mil @ sd", "gameIdx": 0, "hr/park": "", "pa": "30", "dt": "", "img": "https://www.mlbstatic.com/team-logos/158.svg", "team": "mil", "start": "", "in": "5", "result": "Strikeout", "evo": "", "la": "", "dist": ""}, {"player": "tommy pham", "game": "mil @ sd", "gameIdx": 0, "hr/park": "", "pa": "29", "dt": "", "img": "https://www.mlbstatic.com/team-logos/135.svg", "team": "sd", "start": "", "in": "4", "result": "Groundout", "evo": "75.8", "la": "9", "dist": "109"}, {"player": "wil myers", "game": "mil @ sd", "gameIdx": 0, "hr/park": "", "pa": "28", "dt": "", "img": "https://www.mlbstatic.com/team-logos/135.svg", "team": "sd", "start": "", "in": "4", "result": "Walk", "evo": "", "la": "", "dist": ""}, {"player": "eric hosmer", "game": "mil @ sd", "gameIdx": 0, "hr/park": "", "pa": "27", "dt": "", "img": "https://www.mlbstatic.com/team-logos/135.svg", "team": "sd", "start": "", "in": "4", "result": "Groundout", "evo": "86.1", "la": "-38", "dist": "4"}, {"player": "manny machado", "game": "mil @ sd", "gameIdx": 0, "hr/park": "", "pa": "26", "dt": "", "img": "https://www.mlbstatic.com/team-logos/135.svg", "team": "sd", "start": "", "in": "4", "result": "Pop Out", "evo": "93.8", "la": "61", "dist": "193"}, {"player": "travis shaw", "game": "mil @ sd", "gameIdx": 0, "hr/park": "", "pa": "25", "dt": "", "img": "https://www.mlbstatic.com/team-logos/158.svg", "team": "mil", "start": "", "in": "4", "result": "Pop Out", "evo": "64.6", "la": "66", "dist": "117"}, {"player": "avisail garcia", "game": "mil @ sd", "gameIdx": 0, "hr/park": "", "pa": "24", "dt": "", "img": "https://www.mlbstatic.com/team-logos/158.svg", "team": "mil", "start": "", "in": "4", "result": "Strikeout", "evo": "", "la": "", "dist": ""}, {"player": "omar narvaez", "game": "mil @ sd", "gameIdx": 0, "hr/park": "", "pa": "23", "dt": "", "img": "https://www.mlbstatic.com/team-logos/158.svg", "team": "mil", "start": "", "in": "4", "result": "Groundout", "evo": "72.8", "la": "-10", "dist": "11"}, {"player": "fernando tatis", "game": "mil @ sd", "gameIdx": 0, "hr/park": "", "pa": "22", "dt": "", "img": "https://www.mlbstatic.com/team-logos/135.svg", "team": "sd", "start": "", "in": "3", "result": "Flyout", "evo": "94.4", "la": "49", "dist": "271"}, {"player": "jake cronenworth", "game": "mil @ sd", "gameIdx": 0, "hr/park": "", "pa": "21", "dt": "", "img": "https://www.mlbstatic.com/team-logos/135.svg", "team": "sd", "start": "", "in": "3", "result": "Strikeout", "evo": "", "la": "", "dist": ""}, {"player": "jurickson profar", "game": "mil @ sd", "gameIdx": 0, "hr/park": "0/30", "pa": "20", "dt": "", "img": "https://www.mlbstatic.com/team-logos/135.svg", "team": "sd", "start": "", "in": "3", "result": "Flyout", "evo": "89.3", "la": "38", "dist": "302"}, {"player": "jackie bradley", "game": "mil @ sd", "gameIdx": 0, "hr/park": "", "pa": "19", "dt": "", "img": "https://www.mlbstatic.com/team-logos/158.svg", "team": "mil", "start": "", "in": "3", "result": "Strikeout", "evo": "", "la": "", "dist": ""}, {"player": "brandon woodruff", "game": "mil @ sd", "gameIdx": 0, "hr/park": "", "pa": "18", "dt": "", "img": "https://www.mlbstatic.com/team-logos/158.svg", "team": "mil", "start": "", "in": "3", "result": "Strikeout", "evo": "", "la": "", "dist": ""}, {"player": "jace peterson", "game": "mil @ sd", "gameIdx": 0, "hr/park": "", "pa": "17", "dt": "", "img": "https://www.mlbstatic.com/team-logos/158.svg", "team": "mil", "start": "", "in": "3", "result": "Strikeout", "evo": "", "la": "", "dist": ""}, {"player": "luis urias", "game": "mil @ sd", "gameIdx": 0, "hr/park": "26/30", "pa": "16", "dt": "", "img": "https://www.mlbstatic.com/team-logos/158.svg", "team": "mil", "start": "", "in": "3", "result": "Home Run", "evo": "105.9", "la": "26", "dist": "372"}, {"player": "joe musgrove", "game": "mil @ sd", "gameIdx": 0, "hr/park": "", "pa": "15", "dt": "", "img": "https://www.mlbstatic.com/team-logos/135.svg", "team": "sd", "start": "", "in": "2", "result": "Strikeout", "evo": "", "la": "", "dist": ""}, {"player": "victor caratini", "game": "mil @ sd", "gameIdx": 0, "hr/park": "", "pa": "14", "dt": "", "img": "https://www.mlbstatic.com/team-logos/135.svg", "team": "sd", "start": "", "in": "2", "result": "Walk", "evo": "", "la": "", "dist": ""}, {"player": "tommy pham", "game": "mil @ sd", "gameIdx": 0, "hr/park": "", "pa": "13", "dt": "", "img": "https://www.mlbstatic.com/team-logos/135.svg", "team": "sd", "start": "", "in": "2", "result": "Groundout", "evo": "107.9", "la": "-23", "dist": "5"}, {"player": "wil myers", "game": "mil @ sd", "gameIdx": 0, "hr/park": "", "pa": "12", "dt": "", "img": "https://www.mlbstatic.com/team-logos/135.svg", "team": "sd", "start": "", "in": "2", "result": "Strikeout", "evo": "", "la": "", "dist": ""}, {"player": "billy mckinney", "game": "mil @ sd", "gameIdx": 0, "hr/park": "", "pa": "11", "dt": "", "img": "https://www.mlbstatic.com/team-logos/158.svg", "team": "mil", "start": "", "in": "2", "result": "Strikeout", "evo": "", "la": "", "dist": ""}, {"player": "keston hiura", "game": "mil @ sd", "gameIdx": 0, "hr/park": "", "pa": "10", "dt": "", "img": "https://www.mlbstatic.com/team-logos/158.svg", "team": "mil", "start": "", "in": "2", "result": "Strikeout", "evo": "", "la": "", "dist": ""}, {"player": "travis shaw", "game": "mil @ sd", "gameIdx": 0, "hr/park": "", "pa": "9", "dt": "", "img": "https://www.mlbstatic.com/team-logos/158.svg", "team": "mil", "start": "", "in": "2", "result": "Flyout", "evo": "88.1", "la": "52", "dist": "231"}, {"player": "eric hosmer", "game": "mil @ sd", "gameIdx": 0, "hr/park": "", "pa": "8", "dt": "", "img": "https://www.mlbstatic.com/team-logos/135.svg", "team": "sd", "start": "", "in": "1", "result": "Lineout", "evo": "109.8", "la": "8", "dist": "187"}, {"player": "manny machado", "game": "mil @ sd", "gameIdx": 0, "hr/park": "", "pa": "7", "dt": "", "img": "https://www.mlbstatic.com/team-logos/135.svg", "team": "sd", "start": "", "in": "1", "result": "Groundout", "evo": "110.4", "la": "-11", "dist": "8"}, {"player": "fernando tatis", "game": "mil @ sd", "gameIdx": 0, "hr/park": "", "pa": "6", "dt": "", "img": "https://www.mlbstatic.com/team-logos/135.svg", "team": "sd", "start": "", "in": "1", "result": "Groundout", "evo": "61.3", "la": "-17", "dist": "10"}, {"player": "jake cronenworth", "game": "mil @ sd", "gameIdx": 0, "hr/park": "", "pa": "5", "dt": "", "img": "https://www.mlbstatic.com/team-logos/135.svg", "team": "sd", "start": "", "in": "1", "result": "Single", "evo": "82.5", "la": "24", "dist": "275"}, {"player": "jurickson profar", "game": "mil @ sd", "gameIdx": 0, "hr/park": "", "pa": "4", "dt": "", "img": "https://www.mlbstatic.com/team-logos/135.svg", "team": "sd", "start": "", "in": "1", "result": "Walk", "evo": "", "la": "", "dist": ""}, {"player": "avisail garcia", "game": "mil @ sd", "gameIdx": 0, "hr/park": "", "pa": "3", "dt": "", "img": "https://www.mlbstatic.com/team-logos/158.svg", "team": "mil", "start": "", "in": "1", "result": "Strikeout", "evo": "", "la": "", "dist": ""}, {"player": "omar narvaez", "game": "mil @ sd", "gameIdx": 0, "hr/park": "", "pa": "2", "dt": "", "img": "https://www.mlbstatic.com/team-logos/158.svg", "team": "mil", "start": "", "in": "1", "result": "Groundout", "evo": "69.2", "la": "-19", "dist": "7"}, {"player": "jackie bradley", "game": "mil @ sd", "gameIdx": 0, "hr/park": "", "pa": "1", "dt": "", "img": "https://www.mlbstatic.com/team-logos/158.svg", "team": "mil", "start": "", "in": "1", "result": "Strikeout", "evo": "", "la": "", "dist": ""}], "min @ ath": []}