{"all": {"pitchers": "11", "batters": "22", "pitches": "300", "max velomax pitch velocity": "98.7", "min velomin pitch velocity": "69.5", "ff%fourseam fastball %": "35.0", "si%sinker %": "27.7", "fc%cutter %": "2.3", "fs%splitter %": "1.3", "ch%changeup %": "4.3", "sl%slider %": "19.7", "cu%curve %": "9.7", "max evmax exit velocity": "110.4", "hhhard hit": "22", "hh%hard hit %": "32.4", "brlbarrels": "5", "brl%barrel %": "7.4", "ab": "73", "avg": ".315", "h": "23", "1b": "14", "2b": "8", "3b": "0", "hr": "1", "so": "9", "bipballs in play": "68", "liveGames": 0, "totGames": 16}, "chw @ min": [], "col @ hou": [], "nyy @ kc": [], "wsh @ nym": [], "mia @ sd": [], "det @ bal": [], "stl @ pit": [], "lad @ phi": [], "ath @ cle": [], "tb @ bos": [], "cin @ atl": [], "mil @ chc": [], "tor @ laa": [], "ari @ sf": [], "tex @ sea": []}