{"all": {"pitchers": "15", "batters": "39", "pitches": "564", "max velomax pitch velocity": "98.6", "min velomin pitch velocity": "76.4", "ff%fourseam fastball %": "46.6", "si%sinker %": "9.2", "fc%cutter %": "3.2", "fs%splitter %": "3.5", "ch%changeup %": "14.9", "sl%slider %": "11.3", "cu%curve %": "11.2", "max evmax exit velocity": "116.4", "hhhard hit": "36", "hh%hard hit %": "38.7", "brlbarrels": "8", "brl%barrel %": "8.6", "ab": "127", "avg": ".213", "h": "27", "1b": "15", "2b": "7", "3b": "0", "hr": "5", "so": "40", "bipballs in play": "93", "liveGames": 0, "totGames": 16}, "phi @ wsh": [{"player": "maikel franco", "game": "phi @ wsh", "gameIdx": 0, "hr/park": "0/30", "pa": "69", "dt": "", "img": "https://www.mlbstatic.com/team-logos/143.svg", "team": "phi", "start": "", "in": "9", "result": "Lineout", "evo": "95.5", "la": "20", "dist": "367"}, {"player": "adam haseley", "game": "phi @ wsh", "gameIdx": 0, "hr/park": "", "pa": "68", "dt": "", "img": "https://www.mlbstatic.com/team-logos/143.svg", "team": "phi", "start": "", "in": "9", "result": "Groundout", "evo": "98.9", "la": "1", "dist": "48"}, {"player": "scott kingery", "game": "phi @ wsh", "gameIdx": 0, "hr/park": "0/30", "pa": "67", "dt": "", "img": "https://www.mlbstatic.com/team-logos/143.svg", "team": "phi", "start": "", "in": "9", "result": "Lineout", "evo": "99.3", "la": "18", "dist": "308"}, {"player": "yan gomes", "game": "phi @ wsh", "gameIdx": 0, "hr/park": "0/30", "pa": "66", "dt": "", "img": "https://www.mlbstatic.com/team-logos/120.svg", "team": "wsh", "start": "", "in": "8", "result": "Lineout", "evo": "96.4", "la": "22", "dist": "342"}, {"player": "victor robles", "game": "phi @ wsh", "gameIdx": 0, "hr/park": "0/30", "pa": "65", "dt": "", "img": "https://www.mlbstatic.com/team-logos/120.svg", "team": "wsh", "start": "", "in": "8", "result": "Lineout", "evo": "103.2", "la": "21", "dist": "344"}, {"player": "matt adams", "game": "phi @ wsh", "gameIdx": 0, "hr/park": "", "pa": "64", "dt": "", "img": "https://www.mlbstatic.com/team-logos/120.svg", "team": "wsh", "start": "", "in": "8", "result": "Pop Out", "evo": "56.4", "la": "44", "dist": "170"}, {"player": "brad miller", "game": "phi @ wsh", "gameIdx": 0, "hr/park": "", "pa": "63", "dt": "", "img": "https://www.mlbstatic.com/team-logos/143.svg", "team": "phi", "start": "", "in": "8", "result": "Strikeout", "evo": "", "la": "", "dist": ""}, {"player": "jean segura", "game": "phi @ wsh", "gameIdx": 0, "hr/park": "0/30", "pa": "62", "dt": "", "img": "https://www.mlbstatic.com/team-logos/143.svg", "team": "phi", "start": "", "in": "8", "result": "Lineout", "evo": "102.7", "la": "16", "dist": "344"}, {"player": "logan morrison", "game": "phi @ wsh", "gameIdx": 0, "hr/park": "", "pa": "61", "dt": "", "img": "https://www.mlbstatic.com/team-logos/143.svg", "team": "phi", "start": "", "in": "8", "result": "Pop Out", "evo": "", "la": "", "dist": ""}, {"player": "asdrubal cabrera", "game": "phi @ wsh", "gameIdx": 0, "hr/park": "", "pa": "60", "dt": "", "img": "https://www.mlbstatic.com/team-logos/120.svg", "team": "wsh", "start": "", "in": "7", "result": "Double Play", "evo": "95.6", "la": "16", "dist": "270"}, {"player": "juan soto", "game": "phi @ wsh", "gameIdx": 0, "hr/park": "", "pa": "59", "dt": "", "img": "https://www.mlbstatic.com/team-logos/120.svg", "team": "wsh", "start": "", "in": "7", "result": "Single", "evo": "91.0", "la": "16", "dist": "213"}, {"player": "anthony rendon", "game": "phi @ wsh", "gameIdx": 0, "hr/park": "", "pa": "58", "dt": "", "img": "https://www.mlbstatic.com/team-logos/120.svg", "team": "wsh", "start": "", "in": "7", "result": "Groundout", "evo": "87.3", "la": "5", "dist": "96"}, {"player": "cesar hernandez", "game": "phi @ wsh", "gameIdx": 0, "hr/park": "", "pa": "57", "dt": "", "img": "https://www.mlbstatic.com/team-logos/143.svg", "team": "phi", "start": "", "in": "7", "result": "Lineout", "evo": "96.1", "la": "16", "dist": "280"}, {"player": "bryce harper", "game": "phi @ wsh", "gameIdx": 0, "hr/park": "30/30", "pa": "56", "dt": "", "img": "https://www.mlbstatic.com/team-logos/143.svg", "team": "phi", "start": "", "in": "7", "result": "Home Run", "evo": "116.4", "la": "22", "dist": "442"}, {"player": "andrew knapp", "game": "phi @ wsh", "gameIdx": 0, "hr/park": "", "pa": "55", "dt": "", "img": "https://www.mlbstatic.com/team-logos/143.svg", "team": "phi", "start": "", "in": "7", "result": "Flyout", "evo": "79.7", "la": "56", "dist": "206"}, {"player": "maikel franco", "game": "phi @ wsh", "gameIdx": 0, "hr/park": "", "pa": "54", "dt": "", "img": "https://www.mlbstatic.com/team-logos/143.svg", "team": "phi", "start": "", "in": "7", "result": "Pop Out", "evo": "79.6", "la": "63", "dist": "165"}, {"player": "adam eaton", "game": "phi @ wsh", "gameIdx": 0, "hr/park": "", "pa": "53", "dt": "", "img": "https://www.mlbstatic.com/team-logos/120.svg", "team": "wsh", "start": "", "in": "6", "result": "Lineout", "evo": "99.4", "la": "16", "dist": "298"}, {"player": "trea turner", "game": "phi @ wsh", "gameIdx": 0, "hr/park": "9/30", "pa": "52", "dt": "", "img": "https://www.mlbstatic.com/team-logos/120.svg", "team": "wsh", "start": "", "in": "6", "result": "Home Run", "evo": "102.2", "la": "29", "dist": "378"}, {"player": "howie kendrick", "game": "phi @ wsh", "gameIdx": 0, "hr/park": "", "pa": "51", "dt": "", "img": "https://www.mlbstatic.com/team-logos/120.svg", "team": "wsh", "start": "", "in": "6", "result": "Walk", "evo": "", "la": "", "dist": ""}, {"player": "yan gomes", "game": "phi @ wsh", "gameIdx": 0, "hr/park": "", "pa": "50", "dt": "", "img": "https://www.mlbstatic.com/team-logos/120.svg", "team": "wsh", "start": "", "in": "6", "result": "Strikeout", "evo": "", "la": "", "dist": ""}, {"player": "victor robles", "game": "phi @ wsh", "gameIdx": 0, "hr/park": "", "pa": "49", "dt": "", "img": "https://www.mlbstatic.com/team-logos/120.svg", "team": "wsh", "start": "", "in": "6", "result": "Single", "evo": "102.8", "la": "-6", "dist": "23"}, {"player": "matt adams", "game": "phi @ wsh", "gameIdx": 0, "hr/park": "", "pa": "48", "dt": "", "img": "https://www.mlbstatic.com/team-logos/120.svg", "team": "wsh", "start": "", "in": "6", "result": "Strikeout", "evo": "", "la": "", "dist": ""}, {"player": "asdrubal cabrera", "game": "phi @ wsh", "gameIdx": 0, "hr/park": "", "pa": "47", "dt": "", "img": "https://www.mlbstatic.com/team-logos/120.svg", "team": "wsh", "start": "", "in": "6", "result": "Walk", "evo": "", "la": "", "dist": ""}, {"player": "adam haseley", "game": "phi @ wsh", "gameIdx": 0, "hr/park": "", "pa": "46", "dt": "", "img": "https://www.mlbstatic.com/team-logos/143.svg", "team": "phi", "start": "", "in": "6", "result": "Flyout", "evo": "76.7", "la": "39", "dist": "261"}, {"player": "scott kingery", "game": "phi @ wsh", "gameIdx": 0, "hr/park": "", "pa": "45", "dt": "", "img": "https://www.mlbstatic.com/team-logos/143.svg", "team": "phi", "start": "", "in": "6", "result": "Single", "evo": "51.5", "la": "-24", "dist": "6"}, {"player": "brad miller", "game": "phi @ wsh", "gameIdx": 0, "hr/park": "", "pa": "44", "dt": "", "img": "https://www.mlbstatic.com/team-logos/143.svg", "team": "phi", "start": "", "in": "6", "result": "Strikeout", "evo": "", "la": "", "dist": ""}, {"player": "jean segura", "game": "phi @ wsh", "gameIdx": 0, "hr/park": "", "pa": "43", "dt": "", "img": "https://www.mlbstatic.com/team-logos/143.svg", "team": "phi", "start": "", "in": "6", "result": "Groundout", "evo": "89.5", "la": "-26", "dist": "5"}, {"player": "juan soto", "game": "phi @ wsh", "gameIdx": 0, "hr/park": "", "pa": "42", "dt": "", "img": "https://www.mlbstatic.com/team-logos/120.svg", "team": "wsh", "start": "", "in": "5", "result": "Strikeout", "evo": "", "la": "", "dist": ""}, {"player": "anthony rendon", "game": "phi @ wsh", "gameIdx": 0, "hr/park": "", "pa": "41", "dt": "", "img": "https://www.mlbstatic.com/team-logos/120.svg", "team": "wsh", "start": "", "in": "5", "result": "Strikeout", "evo": "", "la": "", "dist": ""}, {"player": "adam eaton", "game": "phi @ wsh", "gameIdx": 0, "hr/park": "", "pa": "40", "dt": "", "img": "https://www.mlbstatic.com/team-logos/120.svg", "team": "wsh", "start": "", "in": "5", "result": "Groundout", "evo": "96.3", "la": "-8", "dist": "13"}, {"player": "logan morrison", "game": "phi @ wsh", "gameIdx": 0, "hr/park": "", "pa": "39", "dt": "", "img": "https://www.mlbstatic.com/team-logos/143.svg", "team": "phi", "start": "", "in": "5", "result": "Strikeout", "evo": "", "la": "", "dist": ""}, {"player": "cesar hernandez", "game": "phi @ wsh", "gameIdx": 0, "hr/park": "0/30", "pa": "38", "dt": "", "img": "https://www.mlbstatic.com/team-logos/143.svg", "team": "phi", "start": "", "in": "5", "result": "Double", "evo": "101.9", "la": "16", "dist": "348"}, {"player": "aaron nola", "game": "phi @ wsh", "gameIdx": 0, "hr/park": "", "pa": "37", "dt": "", "img": "https://www.mlbstatic.com/team-logos/143.svg", "team": "phi", "start": "", "in": "5", "result": "Strikeout", "evo": "", "la": "", "dist": ""}, {"player": "andrew knapp", "game": "phi @ wsh", "gameIdx": 0, "hr/park": "", "pa": "36", "dt": "", "img": "https://www.mlbstatic.com/team-logos/143.svg", "team": "phi", "start": "", "in": "5", "result": "Strikeout", "evo": "", "la": "", "dist": ""}, {"player": "trea turner", "game": "phi @ wsh", "gameIdx": 0, "hr/park": "", "pa": "35", "dt": "", "img": "https://www.mlbstatic.com/team-logos/120.svg", "team": "wsh", "start": "", "in": "4", "result": "Lineout", "evo": "89.0", "la": "7", "dist": "117"}, {"player": "max scherzer", "game": "phi @ wsh", "gameIdx": 0, "hr/park": "", "pa": "34", "dt": "", "img": "https://www.mlbstatic.com/team-logos/120.svg", "team": "wsh", "start": "", "in": "4", "result": "Sac Bunt", "evo": "", "la": "", "dist": ""}, {"player": "yan gomes", "game": "phi @ wsh", "gameIdx": 0, "hr/park": "0/30", "pa": "33", "dt": "", "img": "https://www.mlbstatic.com/team-logos/120.svg", "team": "wsh", "start": "", "in": "4", "result": "Sac Fly", "evo": "102.8", "la": "21", "dist": "358"}, {"player": "victor robles", "game": "phi @ wsh", "gameIdx": 0, "hr/park": "", "pa": "32", "dt": "", "img": "https://www.mlbstatic.com/team-logos/120.svg", "team": "wsh", "start": "", "in": "4", "result": "Hit By Pitch", "evo": "", "la": "", "dist": ""}, {"player": "matt adams", "game": "phi @ wsh", "gameIdx": 0, "hr/park": "", "pa": "31", "dt": "", "img": "https://www.mlbstatic.com/team-logos/120.svg", "team": "wsh", "start": "", "in": "4", "result": "Single", "evo": "93.6", "la": "12", "dist": "180"}, {"player": "asdrubal cabrera", "game": "phi @ wsh", "gameIdx": 0, "hr/park": "", "pa": "30", "dt": "", "img": "https://www.mlbstatic.com/team-logos/120.svg", "team": "wsh", "start": "", "in": "4", "result": "Single", "evo": "41.9", "la": "-36", "dist": "6"}, {"player": "maikel franco", "game": "phi @ wsh", "gameIdx": 0, "hr/park": "", "pa": "29", "dt": "", "img": "https://www.mlbstatic.com/team-logos/143.svg", "team": "phi", "start": "", "in": "4", "result": "Flyout", "evo": "90.8", "la": "51", "dist": "266"}, {"player": "adam haseley", "game": "phi @ wsh", "gameIdx": 0, "hr/park": "", "pa": "28", "dt": "", "img": "https://www.mlbstatic.com/team-logos/143.svg", "team": "phi", "start": "", "in": "4", "result": "Pop Out", "evo": "52.9", "la": "53", "dist": "128"}, {"player": "scott kingery", "game": "phi @ wsh", "gameIdx": 0, "hr/park": "", "pa": "27", "dt": "", "img": "https://www.mlbstatic.com/team-logos/143.svg", "team": "phi", "start": "", "in": "4", "result": "Strikeout", "evo": "", "la": "", "dist": ""}, {"player": "brad miller", "game": "phi @ wsh", "gameIdx": 0, "hr/park": "12/30", "pa": "26", "dt": "", "img": "https://www.mlbstatic.com/team-logos/143.svg", "team": "phi", "start": "", "in": "4", "result": "Home Run", "evo": "106.8", "la": "18", "dist": "396"}, {"player": "juan soto", "game": "phi @ wsh", "gameIdx": 0, "hr/park": "", "pa": "25", "dt": "", "img": "https://www.mlbstatic.com/team-logos/120.svg", "team": "wsh", "start": "", "in": "3", "result": "Strikeout", "evo": "", "la": "", "dist": ""}, {"player": "anthony rendon", "game": "phi @ wsh", "gameIdx": 0, "hr/park": "0/30", "pa": "24", "dt": "", "img": "https://www.mlbstatic.com/team-logos/120.svg", "team": "wsh", "start": "", "in": "3", "result": "Flyout", "evo": "87.5", "la": "36", "dist": "327"}, {"player": "adam eaton", "game": "phi @ wsh", "gameIdx": 0, "hr/park": "", "pa": "23", "dt": "", "img": "https://www.mlbstatic.com/team-logos/120.svg", "team": "wsh", "start": "", "in": "3", "result": "Walk", "evo": "", "la": "", "dist": ""}, {"player": "trea turner", "game": "phi @ wsh", "gameIdx": 0, "hr/park": "", "pa": "22", "dt": "", "img": "https://www.mlbstatic.com/team-logos/120.svg", "team": "wsh", "start": "", "in": "3", "result": "Double", "evo": "93.3", "la": "19", "dist": "287"}, {"player": "max scherzer", "game": "phi @ wsh", "gameIdx": 0, "hr/park": "", "pa": "21", "dt": "", "img": "https://www.mlbstatic.com/team-logos/120.svg", "team": "wsh", "start": "", "in": "3", "result": "Strikeout", "evo": "", "la": "", "dist": ""}, {"player": "yan gomes", "game": "phi @ wsh", "gameIdx": 0, "hr/park": "30/30", "pa": "20", "dt": "", "img": "https://www.mlbstatic.com/team-logos/120.svg", "team": "wsh", "start": "", "in": "3", "result": "Home Run", "evo": "101.1", "la": "31", "dist": "403"}, {"player": "jean segura", "game": "phi @ wsh", "gameIdx": 0, "hr/park": "", "pa": "19", "dt": "", "img": "https://www.mlbstatic.com/team-logos/143.svg", "team": "phi", "start": "", "in": "3", "result": "Groundout", "evo": "95.1", "la": "-14", "dist": "7"}, {"player": "logan morrison", "game": "phi @ wsh", "gameIdx": 0, "hr/park": "", "pa": "18", "dt": "", "img": "https://www.mlbstatic.com/team-logos/143.svg", "team": "phi", "start": "", "in": "3", "result": "Strikeout", "evo": "", "la": "", "dist": ""}, {"player": "cesar hernandez", "game": "phi @ wsh", "gameIdx": 0, "hr/park": "", "pa": "17", "dt": "", "img": "https://www.mlbstatic.com/team-logos/143.svg", "team": "phi", "start": "", "in": "3", "result": "Groundout", "evo": "82.0", "la": "4", "dist": "66"}, {"player": "victor robles", "game": "phi @ wsh", "gameIdx": 0, "hr/park": "", "pa": "16", "dt": "", "img": "https://www.mlbstatic.com/team-logos/120.svg", "team": "wsh", "start": "", "in": "2", "result": "Strikeout", "evo": "", "la": "", "dist": ""}, {"player": "matt adams", "game": "phi @ wsh", "gameIdx": 0, "hr/park": "", "pa": "15", "dt": "", "img": "https://www.mlbstatic.com/team-logos/120.svg", "team": "wsh", "start": "", "in": "2", "result": "Strikeout", "evo": "", "la": "", "dist": ""}, {"player": "asdrubal cabrera", "game": "phi @ wsh", "gameIdx": 0, "hr/park": "", "pa": "14", "dt": "", "img": "https://www.mlbstatic.com/team-logos/120.svg", "team": "wsh", "start": "", "in": "2", "result": "Strikeout", "evo": "", "la": "", "dist": ""}, {"player": "aaron nola", "game": "phi @ wsh", "gameIdx": 0, "hr/park": "", "pa": "13", "dt": "", "img": "https://www.mlbstatic.com/team-logos/143.svg", "team": "phi", "start": "", "in": "2", "result": "Strikeout", "evo": "", "la": "", "dist": ""}, {"player": "andrew knapp", "game": "phi @ wsh", "gameIdx": 0, "hr/park": "", "pa": "12", "dt": "", "img": "https://www.mlbstatic.com/team-logos/143.svg", "team": "phi", "start": "", "in": "2", "result": "Strikeout", "evo": "", "la": "", "dist": ""}, {"player": "maikel franco", "game": "phi @ wsh", "gameIdx": 0, "hr/park": "", "pa": "11", "dt": "", "img": "https://www.mlbstatic.com/team-logos/143.svg", "team": "phi", "start": "", "in": "2", "result": "Lineout", "evo": "69.8", "la": "13", "dist": "167"}, {"player": "juan soto", "game": "phi @ wsh", "gameIdx": 0, "hr/park": "", "pa": "10", "dt": "", "img": "https://www.mlbstatic.com/team-logos/120.svg", "team": "wsh", "start": "", "in": "1", "result": "Groundout", "evo": "83.6", "la": "-12", "dist": "10"}, {"player": "anthony rendon", "game": "phi @ wsh", "gameIdx": 0, "hr/park": "", "pa": "9", "dt": "", "img": "https://www.mlbstatic.com/team-logos/120.svg", "team": "wsh", "start": "", "in": "1", "result": "Walk", "evo": "", "la": "", "dist": ""}, {"player": "adam eaton", "game": "phi @ wsh", "gameIdx": 0, "hr/park": "0/30", "pa": "8", "dt": "", "img": "https://www.mlbstatic.com/team-logos/120.svg", "team": "wsh", "start": "", "in": "1", "result": "Lineout", "evo": "81.0", "la": "26", "dist": "302"}, {"player": "trea turner", "game": "phi @ wsh", "gameIdx": 0, "hr/park": "", "pa": "7", "dt": "", "img": "https://www.mlbstatic.com/team-logos/120.svg", "team": "wsh", "start": "", "in": "1", "result": "Groundout", "evo": "79.5", "la": "6", "dist": "94"}, {"player": "adam haseley", "game": "phi @ wsh", "gameIdx": 0, "hr/park": "", "pa": "6", "dt": "", "img": "https://www.mlbstatic.com/team-logos/143.svg", "team": "phi", "start": "", "in": "1", "result": "Strikeout", "evo": "", "la": "", "dist": ""}, {"player": "scott kingery", "game": "phi @ wsh", "gameIdx": 0, "hr/park": "", "pa": "5", "dt": "", "img": "https://www.mlbstatic.com/team-logos/143.svg", "team": "phi", "start": "", "in": "1", "result": "Strikeout", "evo": "", "la": "", "dist": ""}, {"player": "brad miller", "game": "phi @ wsh", "gameIdx": 0, "hr/park": "27/30", "pa": "4", "dt": "", "img": "https://www.mlbstatic.com/team-logos/143.svg", "team": "phi", "start": "", "in": "1", "result": "Home Run", "evo": "104.8", "la": "23", "dist": "425"}, {"player": "jean segura", "game": "phi @ wsh", "gameIdx": 0, "hr/park": "", "pa": "3", "dt": "", "img": "https://www.mlbstatic.com/team-logos/143.svg", "team": "phi", "start": "", "in": "1", "result": "Single", "evo": "", "la": "", "dist": ""}, {"player": "logan morrison", "game": "phi @ wsh", "gameIdx": 0, "hr/park": "", "pa": "2", "dt": "", "img": "https://www.mlbstatic.com/team-logos/143.svg", "team": "phi", "start": "", "in": "1", "result": "Walk", "evo": "", "la": "", "dist": ""}, {"player": "cesar hernandez", "game": "phi @ wsh", "gameIdx": 0, "hr/park": "", "pa": "1", "dt": "", "img": "https://www.mlbstatic.com/team-logos/143.svg", "team": "phi", "start": "", "in": "1", "result": "Groundout", "evo": "76.5", "la": "-28", "dist": "5"}], "min @ det": [{"player": "travis demeritte", "game": "min @ det", "gameIdx": 0, "hr/park": "", "pa": "72", "dt": "", "img": "https://www.mlbstatic.com/team-logos/116.svg", "team": "det", "start": "", "in": "9", "result": "Strikeout", "evo": "", "la": "", "dist": ""}, {"player": "brandon dixon", "game": "min @ det", "gameIdx": 0, "hr/park": "", "pa": "71", "dt": "", "img": "https://www.mlbstatic.com/team-logos/116.svg", "team": "det", "start": "", "in": "9", "result": "Groundout", "evo": "69.9", "la": "-38", "dist": "3"}, {"player": "christin stewart", "game": "min @ det", "gameIdx": 0, "hr/park": "0/30", "pa": "70", "dt": "", "img": "https://www.mlbstatic.com/team-logos/116.svg", "team": "det", "start": "", "in": "9", "result": "Flyout", "evo": "90.2", "la": "44", "dist": "303"}, {"player": "jorge polanco", "game": "min @ det", "gameIdx": 0, "hr/park": "", "pa": "69", "dt": "", "img": "https://www.mlbstatic.com/team-logos/142.svg", "team": "min", "start": "", "in": "9", "result": "Lineout", "evo": "92.8", "la": "20", "dist": "297"}, {"player": "luis arraez", "game": "min @ det", "gameIdx": 0, "hr/park": "0/30", "pa": "68", "dt": "", "img": "https://www.mlbstatic.com/team-logos/142.svg", "team": "min", "start": "", "in": "9", "result": "Lineout", "evo": "97.1", "la": "25", "dist": "364"}, {"player": "jason castro", "game": "min @ det", "gameIdx": 0, "hr/park": "", "pa": "67", "dt": "", "img": "https://www.mlbstatic.com/team-logos/142.svg", "team": "min", "start": "", "in": "9", "result": "Strikeout", "evo": "", "la": "", "dist": ""}, {"player": "jeimer candelario", "game": "min @ det", "gameIdx": 0, "hr/park": "", "pa": "66", "dt": "", "img": "https://www.mlbstatic.com/team-logos/116.svg", "team": "det", "start": "", "in": "8", "result": "Strikeout", "evo": "", "la": "", "dist": ""}, {"player": "harold castro", "game": "min @ det", "gameIdx": 0, "hr/park": "", "pa": "65", "dt": "", "img": "https://www.mlbstatic.com/team-logos/116.svg", "team": "det", "start": "", "in": "8", "result": "Groundout", "evo": "72.8", "la": "-17", "dist": "11"}, {"player": "dawel lugo", "game": "min @ det", "gameIdx": 0, "hr/park": "", "pa": "64", "dt": "", "img": "https://www.mlbstatic.com/team-logos/116.svg", "team": "det", "start": "", "in": "8", "result": "Double", "evo": "100.0", "la": "14", "dist": "284"}, {"player": "victor reyes", "game": "min @ det", "gameIdx": 0, "hr/park": "", "pa": "63", "dt": "", "img": "https://www.mlbstatic.com/team-logos/116.svg", "team": "det", "start": "", "in": "8", "result": "Lineout", "evo": "97.4", "la": "19", "dist": "298"}, {"player": "willi castro", "game": "min @ det", "gameIdx": 0, "hr/park": "", "pa": "62", "dt": "", "img": "https://www.mlbstatic.com/team-logos/116.svg", "team": "det", "start": "", "in": "8", "result": "Double", "evo": "69.3", "la": "-2", "dist": "31"}, {"player": "willians astudillo", "game": "min @ det", "gameIdx": 0, "hr/park": "0/30", "pa": "61", "dt": "", "img": "https://www.mlbstatic.com/team-logos/142.svg", "team": "min", "start": "", "in": "8", "result": "Flyout", "evo": "88.6", "la": "43", "dist": "304"}, {"player": "ryan lamarre", "game": "min @ det", "gameIdx": 0, "hr/park": "", "pa": "60", "dt": "", "img": "https://www.mlbstatic.com/team-logos/142.svg", "team": "min", "start": "", "in": "8", "result": "Lineout", "evo": "69.9", "la": "14", "dist": "139"}, {"player": "jake cave", "game": "min @ det", "gameIdx": 0, "hr/park": "", "pa": "59", "dt": "", "img": "https://www.mlbstatic.com/team-logos/142.svg", "team": "min", "start": "", "in": "8", "result": "Strikeout", "evo": "", "la": "", "dist": ""}, {"player": "jake rogers", "game": "min @ det", "gameIdx": 0, "hr/park": "", "pa": "58", "dt": "", "img": "https://www.mlbstatic.com/team-logos/116.svg", "team": "det", "start": "", "in": "7", "result": "Strikeout", "evo": "", "la": "", "dist": ""}, {"player": "travis demeritte", "game": "min @ det", "gameIdx": 0, "hr/park": "", "pa": "57", "dt": "", "img": "https://www.mlbstatic.com/team-logos/116.svg", "team": "det", "start": "", "in": "7", "result": "Single", "evo": "84.0", "la": "-41", "dist": "3"}, {"player": "brandon dixon", "game": "min @ det", "gameIdx": 0, "hr/park": "", "pa": "56", "dt": "", "img": "https://www.mlbstatic.com/team-logos/116.svg", "team": "det", "start": "", "in": "7", "result": "Strikeout", "evo": "", "la": "", "dist": ""}, {"player": "christin stewart", "game": "min @ det", "gameIdx": 0, "hr/park": "", "pa": "55", "dt": "", "img": "https://www.mlbstatic.com/team-logos/116.svg", "team": "det", "start": "", "in": "7", "result": "Single", "evo": "100.3", "la": "1", "dist": "62"}, {"player": "jeimer candelario", "game": "min @ det", "gameIdx": 0, "hr/park": "", "pa": "54", "dt": "", "img": "https://www.mlbstatic.com/team-logos/116.svg", "team": "det", "start": "", "in": "7", "result": "Strikeout", "evo": "", "la": "", "dist": ""}, {"player": "miguel sano", "game": "min @ det", "gameIdx": 0, "hr/park": "", "pa": "53", "dt": "", "img": "https://www.mlbstatic.com/team-logos/142.svg", "team": "min", "start": "", "in": "7", "result": "Strikeout", "evo": "", "la": "", "dist": ""}, {"player": "eddie rosario", "game": "min @ det", "gameIdx": 0, "hr/park": "", "pa": "52", "dt": "", "img": "https://www.mlbstatic.com/team-logos/142.svg", "team": "min", "start": "", "in": "7", "result": "Double", "evo": "97.9", "la": "10", "dist": "188"}, {"player": "jorge polanco", "game": "min @ det", "gameIdx": 0, "hr/park": "", "pa": "50", "dt": "", "img": "https://www.mlbstatic.com/team-logos/142.svg", "team": "min", "start": "", "in": "7", "result": "Lineout", "evo": "88.1", "la": "8", "dist": "118"}, {"player": "luis arraez", "game": "min @ det", "gameIdx": 0, "hr/park": "", "pa": "49", "dt": "", "img": "https://www.mlbstatic.com/team-logos/142.svg", "team": "min", "start": "", "in": "7", "result": "Groundout", "evo": "", "la": "", "dist": ""}, {"player": "jason castro", "game": "min @ det", "gameIdx": 0, "hr/park": "", "pa": "48", "dt": "", "img": "https://www.mlbstatic.com/team-logos/142.svg", "team": "min", "start": "", "in": "7", "result": "Hit By Pitch", "evo": "", "la": "", "dist": ""}, {"player": "willians astudillo", "game": "min @ det", "gameIdx": 0, "hr/park": "", "pa": "47", "dt": "", "img": "https://www.mlbstatic.com/team-logos/142.svg", "team": "min", "start": "", "in": "7", "result": "Single", "evo": "101.8", "la": "5", "dist": "101"}, {"player": "lamonte wade", "game": "min @ det", "gameIdx": 0, "hr/park": "", "pa": "46", "dt": "", "img": "https://www.mlbstatic.com/team-logos/142.svg", "team": "min", "start": "", "in": "7", "result": "Double", "evo": "96.7", "la": "2", "dist": "88"}, {"player": "jake cave", "game": "min @ det", "gameIdx": 0, "hr/park": "", "pa": "45", "dt": "", "img": "https://www.mlbstatic.com/team-logos/142.svg", "team": "min", "start": "", "in": "7", "result": "Single", "evo": "96.0", "la": "17", "dist": "241"}, {"player": "harold castro", "game": "min @ det", "gameIdx": 0, "hr/park": "", "pa": "44", "dt": "", "img": "https://www.mlbstatic.com/team-logos/116.svg", "team": "det", "start": "", "in": "6", "result": "Groundout", "evo": "72.2", "la": "12", "dist": "133"}, {"player": "dawel lugo", "game": "min @ det", "gameIdx": 0, "hr/park": "", "pa": "43", "dt": "", "img": "https://www.mlbstatic.com/team-logos/116.svg", "team": "det", "start": "", "in": "6", "result": "Strikeout", "evo": "", "la": "", "dist": ""}, {"player": "victor reyes", "game": "min @ det", "gameIdx": 0, "hr/park": "0/30", "pa": "42", "dt": "", "img": "https://www.mlbstatic.com/team-logos/116.svg", "team": "det", "start": "", "in": "6", "result": "Lineout", "evo": "90.2", "la": "27", "dist": "308"}, {"player": "miguel sano", "game": "min @ det", "gameIdx": 0, "hr/park": "", "pa": "41", "dt": "", "img": "https://www.mlbstatic.com/team-logos/142.svg", "team": "min", "start": "", "in": "6", "result": "Strikeout", "evo": "", "la": "", "dist": ""}, {"player": "eddie rosario", "game": "min @ det", "gameIdx": 0, "hr/park": "0/30", "pa": "40", "dt": "", "img": "https://www.mlbstatic.com/team-logos/142.svg", "team": "min", "start": "", "in": "6", "result": "Flyout", "evo": "100.8", "la": "34", "dist": "374"}, {"player": "nelson cruz", "game": "min @ det", "gameIdx": 0, "hr/park": "", "pa": "39", "dt": "", "img": "https://www.mlbstatic.com/team-logos/142.svg", "team": "min", "start": "", "in": "6", "result": "Groundout", "evo": "74.6", "la": "-26", "dist": "5"}, {"player": "willi castro", "game": "min @ det", "gameIdx": 0, "hr/park": "", "pa": "38", "dt": "", "img": "https://www.mlbstatic.com/team-logos/116.svg", "team": "det", "start": "", "in": "5", "result": "Flyout", "evo": "81.2", "la": "55", "dist": "220"}, {"player": "jake rogers", "game": "min @ det", "gameIdx": 0, "hr/park": "", "pa": "37", "dt": "", "img": "https://www.mlbstatic.com/team-logos/116.svg", "team": "det", "start": "", "in": "5", "result": "Groundout", "evo": "71.8", "la": "5", "dist": "66"}, {"player": "travis demeritte", "game": "min @ det", "gameIdx": 0, "hr/park": "", "pa": "36", "dt": "", "img": "https://www.mlbstatic.com/team-logos/116.svg", "team": "det", "start": "", "in": "5", "result": "Strikeout", "evo": "", "la": "", "dist": ""}, {"player": "jorge polanco", "game": "min @ det", "gameIdx": 0, "hr/park": "0/30", "pa": "35", "dt": "", "img": "https://www.mlbstatic.com/team-logos/142.svg", "team": "min", "start": "", "in": "5", "result": "Lineout", "evo": "85.1", "la": "28", "dist": "316"}, {"player": "luis arraez", "game": "min @ det", "gameIdx": 0, "hr/park": "0/30", "pa": "34", "dt": "", "img": "https://www.mlbstatic.com/team-logos/142.svg", "team": "min", "start": "", "in": "5", "result": "Lineout", "evo": "94.7", "la": "21", "dist": "308"}, {"player": "jason castro", "game": "min @ det", "gameIdx": 0, "hr/park": "", "pa": "33", "dt": "", "img": "https://www.mlbstatic.com/team-logos/142.svg", "team": "min", "start": "", "in": "5", "result": "Strikeout", "evo": "", "la": "", "dist": ""}, {"player": "brandon dixon", "game": "min @ det", "gameIdx": 0, "hr/park": "", "pa": "32", "dt": "", "img": "https://www.mlbstatic.com/team-logos/116.svg", "team": "det", "start": "", "in": "4", "result": "Pop Out", "evo": "92.2", "la": "68", "dist": "138"}, {"player": "christin stewart", "game": "min @ det", "gameIdx": 0, "hr/park": "", "pa": "31", "dt": "", "img": "https://www.mlbstatic.com/team-logos/116.svg", "team": "det", "start": "", "in": "4", "result": "Strikeout", "evo": "", "la": "", "dist": ""}, {"player": "jeimer candelario", "game": "min @ det", "gameIdx": 0, "hr/park": "", "pa": "30", "dt": "", "img": "https://www.mlbstatic.com/team-logos/116.svg", "team": "det", "start": "", "in": "4", "result": "Walk", "evo": "", "la": "", "dist": ""}, {"player": "harold castro", "game": "min @ det", "gameIdx": 0, "hr/park": "", "pa": "29", "dt": "", "img": "https://www.mlbstatic.com/team-logos/116.svg", "team": "det", "start": "", "in": "4", "result": "Groundout", "evo": "76.8", "la": "-8", "dist": "12"}, {"player": "willians astudillo", "game": "min @ det", "gameIdx": 0, "hr/park": "", "pa": "28", "dt": "", "img": "https://www.mlbstatic.com/team-logos/142.svg", "team": "min", "start": "", "in": "4", "result": "Lineout", "evo": "60.0", "la": "27", "dist": "189"}, {"player": "lamonte wade", "game": "min @ det", "gameIdx": 0, "hr/park": "", "pa": "27", "dt": "", "img": "https://www.mlbstatic.com/team-logos/142.svg", "team": "min", "start": "", "in": "4", "result": "Single", "evo": "75.0", "la": "3", "dist": "62"}, {"player": "jake cave", "game": "min @ det", "gameIdx": 0, "hr/park": "", "pa": "26", "dt": "", "img": "https://www.mlbstatic.com/team-logos/142.svg", "team": "min", "start": "", "in": "4", "result": "Single", "evo": "106.4", "la": "-5", "dist": "21"}, {"player": "miguel sano", "game": "min @ det", "gameIdx": 0, "hr/park": "", "pa": "25", "dt": "", "img": "https://www.mlbstatic.com/team-logos/142.svg", "team": "min", "start": "", "in": "4", "result": "GIDP", "evo": "", "la": "", "dist": ""}, {"player": "eddie rosario", "game": "min @ det", "gameIdx": 0, "hr/park": "", "pa": "24", "dt": "", "img": "https://www.mlbstatic.com/team-logos/142.svg", "team": "min", "start": "", "in": "4", "result": "Walk", "evo": "", "la": "", "dist": ""}, {"player": "dawel lugo", "game": "min @ det", "gameIdx": 0, "hr/park": "", "pa": "23", "dt": "", "img": "https://www.mlbstatic.com/team-logos/116.svg", "team": "det", "start": "", "in": "3", "result": "Groundout", "evo": "91.9", "la": "-16", "dist": "6"}, {"player": "victor reyes", "game": "min @ det", "gameIdx": 0, "hr/park": "2/30", "pa": "22", "dt": "", "img": "https://www.mlbstatic.com/team-logos/116.svg", "team": "det", "start": "", "in": "3", "result": "Flyout", "evo": "97.2", "la": "28", "dist": "361"}, {"player": "willi castro", "game": "min @ det", "gameIdx": 0, "hr/park": "", "pa": "21", "dt": "", "img": "https://www.mlbstatic.com/team-logos/116.svg", "team": "det", "start": "", "in": "3", "result": "Strikeout", "evo": "", "la": "", "dist": ""}, {"player": "nelson cruz", "game": "min @ det", "gameIdx": 0, "hr/park": "", "pa": "20", "dt": "", "img": "https://www.mlbstatic.com/team-logos/142.svg", "team": "min", "start": "", "in": "3", "result": "Strikeout", "evo": "", "la": "", "dist": ""}, {"player": "jorge polanco", "game": "min @ det", "gameIdx": 0, "hr/park": "", "pa": "19", "dt": "", "img": "https://www.mlbstatic.com/team-logos/142.svg", "team": "min", "start": "", "in": "3", "result": "Groundout", "evo": "77.1", "la": "5", "dist": "85"}, {"player": "luis arraez", "game": "min @ det", "gameIdx": 0, "hr/park": "", "pa": "18", "dt": "", "img": "https://www.mlbstatic.com/team-logos/142.svg", "team": "min", "start": "", "in": "3", "result": "Groundout", "evo": "93.6", "la": "-46", "dist": "3"}, {"player": "jake rogers", "game": "min @ det", "gameIdx": 0, "hr/park": "", "pa": "17", "dt": "", "img": "https://www.mlbstatic.com/team-logos/116.svg", "team": "det", "start": "", "in": "2", "result": "Pop Out", "evo": "", "la": "", "dist": ""}, {"player": "travis demeritte", "game": "min @ det", "gameIdx": 0, "hr/park": "", "pa": "16", "dt": "", "img": "https://www.mlbstatic.com/team-logos/116.svg", "team": "det", "start": "", "in": "2", "result": "Strikeout", "evo": "", "la": "", "dist": ""}, {"player": "brandon dixon", "game": "min @ det", "gameIdx": 0, "hr/park": "", "pa": "15", "dt": "", "img": "https://www.mlbstatic.com/team-logos/116.svg", "team": "det", "start": "", "in": "2", "result": "Strikeout", "evo": "", "la": "", "dist": ""}, {"player": "jason castro", "game": "min @ det", "gameIdx": 0, "hr/park": "", "pa": "14", "dt": "", "img": "https://www.mlbstatic.com/team-logos/142.svg", "team": "min", "start": "", "in": "2", "result": "Strikeout", "evo": "", "la": "", "dist": ""}, {"player": "willians astudillo", "game": "min @ det", "gameIdx": 0, "hr/park": "", "pa": "13", "dt": "", "img": "https://www.mlbstatic.com/team-logos/142.svg", "team": "min", "start": "", "in": "2", "result": "Walk", "evo": "", "la": "", "dist": ""}, {"player": "lamonte wade", "game": "min @ det", "gameIdx": 0, "hr/park": "", "pa": "12", "dt": "", "img": "https://www.mlbstatic.com/team-logos/142.svg", "team": "min", "start": "", "in": "2", "result": "Lineout", "evo": "98.2", "la": "14", "dist": "269"}, {"player": "jake cave", "game": "min @ det", "gameIdx": 0, "hr/park": "1/30", "pa": "11", "dt": "", "img": "https://www.mlbstatic.com/team-logos/142.svg", "team": "min", "start": "", "in": "2", "result": "Lineout", "evo": "99.4", "la": "28", "dist": "383"}, {"player": "christin stewart", "game": "min @ det", "gameIdx": 0, "hr/park": "0/30", "pa": "10", "dt": "", "img": "https://www.mlbstatic.com/team-logos/116.svg", "team": "det", "start": "", "in": "1", "result": "Flyout", "evo": "106.0", "la": "47", "dist": "341"}, {"player": "jeimer candelario", "game": "min @ det", "gameIdx": 0, "hr/park": "0/30", "pa": "9", "dt": "", "img": "https://www.mlbstatic.com/team-logos/116.svg", "team": "det", "start": "", "in": "1", "result": "Sac Fly", "evo": "94.8", "la": "47", "dist": "304"}, {"player": "harold castro", "game": "min @ det", "gameIdx": 0, "hr/park": "", "pa": "8", "dt": "", "img": "https://www.mlbstatic.com/team-logos/116.svg", "team": "det", "start": "", "in": "1", "result": "Single", "evo": "", "la": "", "dist": ""}, {"player": "dawel lugo", "game": "min @ det", "gameIdx": 0, "hr/park": "15/30", "pa": "7", "dt": "", "img": "https://www.mlbstatic.com/team-logos/116.svg", "team": "det", "start": "", "in": "1", "result": "Double", "evo": "98.4", "la": "25", "dist": "340"}, {"player": "victor reyes", "game": "min @ det", "gameIdx": 0, "hr/park": "", "pa": "6", "dt": "", "img": "https://www.mlbstatic.com/team-logos/116.svg", "team": "det", "start": "", "in": "1", "result": "Strikeout", "evo": "", "la": "", "dist": ""}, {"player": "miguel sano", "game": "min @ det", "gameIdx": 0, "hr/park": "", "pa": "5", "dt": "", "img": "https://www.mlbstatic.com/team-logos/142.svg", "team": "min", "start": "", "in": "1", "result": "Strikeout", "evo": "", "la": "", "dist": ""}, {"player": "eddie rosario", "game": "min @ det", "gameIdx": 0, "hr/park": "0/30", "pa": "4", "dt": "", "img": "https://www.mlbstatic.com/team-logos/142.svg", "team": "min", "start": "", "in": "1", "result": "Lineout", "evo": "99.8", "la": "17", "dist": "303"}, {"player": "nelson cruz", "game": "min @ det", "gameIdx": 0, "hr/park": "", "pa": "3", "dt": "", "img": "https://www.mlbstatic.com/team-logos/142.svg", "team": "min", "start": "", "in": "1", "result": "Single", "evo": "", "la": "", "dist": ""}, {"player": "jorge polanco", "game": "min @ det", "gameIdx": 0, "hr/park": "", "pa": "2", "dt": "", "img": "https://www.mlbstatic.com/team-logos/142.svg", "team": "min", "start": "", "in": "1", "result": "Forceout", "evo": "70.4", "la": "6", "dist": "89"}, {"player": "luis arraez", "game": "min @ det", "gameIdx": 0, "hr/park": "", "pa": "1", "dt": "", "img": "https://www.mlbstatic.com/team-logos/142.svg", "team": "min", "start": "", "in": "1", "result": "Single", "evo": "97.4", "la": "7", "dist": "159"}], "mil @ cin": [], "chc @ pit": [], "bal @ tor": [], "mia @ nym": [], "nyy @ tb": [], "bos @ tex": [], "cle @ chw": [], "atl @ kc": [], "stl @ ari": [], "col @ sf": [], "ath @ laa": [], "lad @ sd": [], "hou @ sea": []}