{"all": {"pitchers": "16", "batters": "41", "pitches": "545", "max velomax pitch velocity": "97.0", "min velomin pitch velocity": "74.3", "ff%fourseam fastball %": "16.1", "si%sinker %": "43.9", "fc%cutter %": "1.5", "fs%splitter %": "2.4", "ch%changeup %": "6.6", "sl%slider %": "24.4", "cu%curve %": "5.1", "max evmax exit velocity": "113.3", "hhhard hit": "40", "hh%hard hit %": "41.2", "brlbarrels": "8", "brl%barrel %": "8.2", "ab": "122", "avg": ".213", "h": "26", "1b": "13", "2b": "4", "3b": "2", "hr": "7", "so": "31", "bipballs in play": "97", "liveGames": 0, "totGames": 10}, "ari @ pit": [], "chw @ bal": [], "kc @ tb": [{"player": "martin maldonado", "game": "kc @ tb", "gameIdx": 0, "hr/park": "", "pa": "68", "dt": "", "img": "https://www.mlbstatic.com/team-logos/118.svg", "team": "kc", "start": "", "in": "9", "result": "Groundout", "evo": "88.4", "la": "", "dist": "43"}, {"player": "jorge soler", "game": "kc @ tb", "gameIdx": 0, "hr/park": "", "pa": "67", "dt": "", "img": "https://www.mlbstatic.com/team-logos/118.svg", "team": "kc", "start": "", "in": "9", "result": "Flyout", "evo": "76.7", "la": "41", "dist": "250"}, {"player": "chris owings", "game": "kc @ tb", "gameIdx": 0, "hr/park": "", "pa": "66", "dt": "", "img": "https://www.mlbstatic.com/team-logos/118.svg", "team": "kc", "start": "", "in": "9", "result": "Pop Out", "evo": "88.5", "la": "62", "dist": "188"}, {"player": "kevin kiermaier", "game": "kc @ tb", "gameIdx": 0, "hr/park": "", "pa": "65", "dt": "", "img": "https://www.mlbstatic.com/team-logos/139.svg", "team": "tb", "start": "", "in": "8", "result": "Groundout", "evo": "80.5", "la": "4", "dist": "73"}, {"player": "avisail garcia", "game": "kc @ tb", "gameIdx": 0, "hr/park": "", "pa": "64", "dt": "", "img": "https://www.mlbstatic.com/team-logos/139.svg", "team": "tb", "start": "", "in": "8", "result": "Strikeout", "evo": "", "la": "", "dist": ""}, {"player": "joey wendle", "game": "kc @ tb", "gameIdx": 0, "hr/park": "", "pa": "63", "dt": "", "img": "https://www.mlbstatic.com/team-logos/139.svg", "team": "tb", "start": "", "in": "8", "result": "Flyout", "evo": "81.5", "la": "49", "dist": "246"}, {"player": "yandy diaz", "game": "kc @ tb", "gameIdx": 0, "hr/park": "28/30", "pa": "62", "dt": "", "img": "https://www.mlbstatic.com/team-logos/139.svg", "team": "tb", "start": "", "in": "8", "result": "Home Run", "evo": "93.2", "la": "31", "dist": "351"}, {"player": "ryan ohearn", "game": "kc @ tb", "gameIdx": 0, "hr/park": "", "pa": "61", "dt": "", "img": "https://www.mlbstatic.com/team-logos/118.svg", "team": "kc", "start": "", "in": "8", "result": "Groundout", "evo": "", "la": "", "dist": ""}, {"player": "lucas duda", "game": "kc @ tb", "gameIdx": 0, "hr/park": "", "pa": "60", "dt": "", "img": "https://www.mlbstatic.com/team-logos/118.svg", "team": "kc", "start": "", "in": "8", "result": "Strikeout", "evo": "", "la": "", "dist": ""}, {"player": "alex gordon", "game": "kc @ tb", "gameIdx": 0, "hr/park": "", "pa": "59", "dt": "", "img": "https://www.mlbstatic.com/team-logos/118.svg", "team": "kc", "start": "", "in": "8", "result": "Strikeout", "evo": "", "la": "", "dist": ""}, {"player": "tommy pham", "game": "kc @ tb", "gameIdx": 0, "hr/park": "", "pa": "58", "dt": "", "img": "https://www.mlbstatic.com/team-logos/139.svg", "team": "tb", "start": "", "in": "7", "result": "Strikeout", "evo": "", "la": "", "dist": ""}, {"player": "brandon lowe", "game": "kc @ tb", "gameIdx": 0, "hr/park": "", "pa": "57", "dt": "", "img": "https://www.mlbstatic.com/team-logos/139.svg", "team": "tb", "start": "", "in": "7", "result": "Strikeout", "evo": "", "la": "", "dist": ""}, {"player": "willy adames", "game": "kc @ tb", "gameIdx": 0, "hr/park": "1/30", "pa": "56", "dt": "", "img": "https://www.mlbstatic.com/team-logos/139.svg", "team": "tb", "start": "", "in": "7", "result": "Triple", "evo": "104.0", "la": "22", "dist": "346"}, {"player": "mike zunino", "game": "kc @ tb", "gameIdx": 0, "hr/park": "28/30", "pa": "55", "dt": "", "img": "https://www.mlbstatic.com/team-logos/139.svg", "team": "tb", "start": "", "in": "7", "result": "Home Run", "evo": "106.6", "la": "29", "dist": "425"}, {"player": "daniel robertson", "game": "kc @ tb", "gameIdx": 0, "hr/park": "", "pa": "54", "dt": "", "img": "https://www.mlbstatic.com/team-logos/139.svg", "team": "tb", "start": "", "in": "7", "result": "Forceout", "evo": "71.3", "la": "-19", "dist": "9"}, {"player": "kevin kiermaier", "game": "kc @ tb", "gameIdx": 0, "hr/park": "", "pa": "53", "dt": "", "img": "https://www.mlbstatic.com/team-logos/139.svg", "team": "tb", "start": "", "in": "7", "result": "Single", "evo": "67.6", "la": "-26", "dist": "6"}, {"player": "avisail garcia", "game": "kc @ tb", "gameIdx": 0, "hr/park": "0/30", "pa": "52", "dt": "", "img": "https://www.mlbstatic.com/team-logos/139.svg", "team": "tb", "start": "", "in": "7", "result": "Double", "evo": "110.1", "la": "14", "dist": "305"}, {"player": "adalberto mondesi", "game": "kc @ tb", "gameIdx": 0, "hr/park": "", "pa": "51", "dt": "", "img": "https://www.mlbstatic.com/team-logos/118.svg", "team": "kc", "start": "", "in": "7", "result": "Strikeout", "evo": "", "la": "", "dist": ""}, {"player": "whit merrifield", "game": "kc @ tb", "gameIdx": 0, "hr/park": "", "pa": "50", "dt": "", "img": "https://www.mlbstatic.com/team-logos/118.svg", "team": "kc", "start": "", "in": "7", "result": "Walk", "evo": "", "la": "", "dist": ""}, {"player": "billy hamilton", "game": "kc @ tb", "gameIdx": 0, "hr/park": "", "pa": "49", "dt": "", "img": "https://www.mlbstatic.com/team-logos/118.svg", "team": "kc", "start": "", "in": "7", "result": "Strikeout", "evo": "", "la": "", "dist": ""}, {"player": "martin maldonado", "game": "kc @ tb", "gameIdx": 0, "hr/park": "", "pa": "48", "dt": "", "img": "https://www.mlbstatic.com/team-logos/118.svg", "team": "kc", "start": "", "in": "7", "result": "Walk", "evo": "", "la": "", "dist": ""}, {"player": "jorge soler", "game": "kc @ tb", "gameIdx": 0, "hr/park": "", "pa": "47", "dt": "", "img": "https://www.mlbstatic.com/team-logos/118.svg", "team": "kc", "start": "", "in": "7", "result": "Pop Out", "evo": "", "la": "", "dist": ""}, {"player": "joey wendle", "game": "kc @ tb", "gameIdx": 0, "hr/park": "", "pa": "46", "dt": "", "img": "https://www.mlbstatic.com/team-logos/139.svg", "team": "tb", "start": "", "in": "6", "result": "Pop Out", "evo": "68.3", "la": "66", "dist": "123"}, {"player": "yandy diaz", "game": "kc @ tb", "gameIdx": 0, "hr/park": "", "pa": "45", "dt": "", "img": "https://www.mlbstatic.com/team-logos/139.svg", "team": "tb", "start": "", "in": "6", "result": "Lineout", "evo": "80.3", "la": "25", "dist": "290"}, {"player": "tommy pham", "game": "kc @ tb", "gameIdx": 0, "hr/park": "", "pa": "44", "dt": "", "img": "https://www.mlbstatic.com/team-logos/139.svg", "team": "tb", "start": "", "in": "6", "result": "Walk", "evo": "", "la": "", "dist": ""}, {"player": "brandon lowe", "game": "kc @ tb", "gameIdx": 0, "hr/park": "0/30", "pa": "43", "dt": "", "img": "https://www.mlbstatic.com/team-logos/139.svg", "team": "tb", "start": "", "in": "6", "result": "Double", "evo": "99.2", "la": "20", "dist": "306"}, {"player": "willy adames", "game": "kc @ tb", "gameIdx": 0, "hr/park": "", "pa": "42", "dt": "", "img": "https://www.mlbstatic.com/team-logos/139.svg", "team": "tb", "start": "", "in": "6", "result": "Forceout", "evo": "55.5", "la": "-23", "dist": "5"}, {"player": "mike zunino", "game": "kc @ tb", "gameIdx": 0, "hr/park": "", "pa": "41", "dt": "", "img": "https://www.mlbstatic.com/team-logos/139.svg", "team": "tb", "start": "", "in": "6", "result": "Walk", "evo": "", "la": "", "dist": ""}, {"player": "chris owings", "game": "kc @ tb", "gameIdx": 0, "hr/park": "", "pa": "40", "dt": "", "img": "https://www.mlbstatic.com/team-logos/118.svg", "team": "kc", "start": "", "in": "6", "result": "Strikeout", "evo": "", "la": "", "dist": ""}, {"player": "ryan ohearn", "game": "kc @ tb", "gameIdx": 0, "hr/park": "0/30", "pa": "39", "dt": "", "img": "https://www.mlbstatic.com/team-logos/118.svg", "team": "kc", "start": "", "in": "6", "result": "Flyout", "evo": "97.9", "la": "45", "dist": "314"}, {"player": "hunter dozier", "game": "kc @ tb", "gameIdx": 0, "hr/park": "30/30", "pa": "38", "dt": "", "img": "https://www.mlbstatic.com/team-logos/118.svg", "team": "kc", "start": "", "in": "6", "result": "Home Run", "evo": "96.5", "la": "37", "dist": "389"}, {"player": "alex gordon", "game": "kc @ tb", "gameIdx": 0, "hr/park": "", "pa": "37", "dt": "", "img": "https://www.mlbstatic.com/team-logos/118.svg", "team": "kc", "start": "", "in": "6", "result": "Groundout", "evo": "103.6", "la": "5", "dist": "112"}, {"player": "daniel robertson", "game": "kc @ tb", "gameIdx": 0, "hr/park": "", "pa": "36", "dt": "", "img": "https://www.mlbstatic.com/team-logos/139.svg", "team": "tb", "start": "", "in": "5", "result": "Strikeout", "evo": "", "la": "", "dist": ""}, {"player": "kevin kiermaier", "game": "kc @ tb", "gameIdx": 0, "hr/park": "", "pa": "35", "dt": "", "img": "https://www.mlbstatic.com/team-logos/139.svg", "team": "tb", "start": "", "in": "5", "result": "Strikeout", "evo": "", "la": "", "dist": ""}, {"player": "avisail garcia", "game": "kc @ tb", "gameIdx": 0, "hr/park": "0/30", "pa": "34", "dt": "", "img": "https://www.mlbstatic.com/team-logos/139.svg", "team": "tb", "start": "", "in": "5", "result": "Lineout", "evo": "112.5", "la": "19", "dist": "366"}, {"player": "adalberto mondesi", "game": "kc @ tb", "gameIdx": 0, "hr/park": "", "pa": "33", "dt": "", "img": "https://www.mlbstatic.com/team-logos/118.svg", "team": "kc", "start": "", "in": "5", "result": "Flyout", "evo": "74.6", "la": "28", "dist": "266"}, {"player": "whit merrifield", "game": "kc @ tb", "gameIdx": 0, "hr/park": "", "pa": "32", "dt": "", "img": "https://www.mlbstatic.com/team-logos/118.svg", "team": "kc", "start": "", "in": "5", "result": "Single", "evo": "101.6", "la": "13", "dist": "231"}, {"player": "billy hamilton", "game": "kc @ tb", "gameIdx": 0, "hr/park": "0/30", "pa": "31", "dt": "", "img": "https://www.mlbstatic.com/team-logos/118.svg", "team": "kc", "start": "", "in": "5", "result": "Flyout", "evo": "89.0", "la": "35", "dist": "327"}, {"player": "martin maldonado", "game": "kc @ tb", "gameIdx": 0, "hr/park": "", "pa": "30", "dt": "", "img": "https://www.mlbstatic.com/team-logos/118.svg", "team": "kc", "start": "", "in": "5", "result": "Lineout", "evo": "105.3", "la": "8", "dist": "152"}, {"player": "jorge soler", "game": "kc @ tb", "gameIdx": 0, "hr/park": "16/30", "pa": "29", "dt": "", "img": "https://www.mlbstatic.com/team-logos/118.svg", "team": "kc", "start": "", "in": "5", "result": "Home Run", "evo": "102.1", "la": "39", "dist": "370"}, {"player": "joey wendle", "game": "kc @ tb", "gameIdx": 0, "hr/park": "", "pa": "28", "dt": "", "img": "https://www.mlbstatic.com/team-logos/139.svg", "team": "tb", "start": "", "in": "4", "result": "Groundout", "evo": "52.1", "la": "1", "dist": "38"}, {"player": "yandy diaz", "game": "kc @ tb", "gameIdx": 0, "hr/park": "", "pa": "27", "dt": "", "img": "https://www.mlbstatic.com/team-logos/139.svg", "team": "tb", "start": "", "in": "4", "result": "GIDP", "evo": "100.3", "la": "-3", "dist": "44"}, {"player": "tommy pham", "game": "kc @ tb", "gameIdx": 0, "hr/park": "", "pa": "26", "dt": "", "img": "https://www.mlbstatic.com/team-logos/139.svg", "team": "tb", "start": "", "in": "4", "result": "Single", "evo": "107.2", "la": "9", "dist": "214"}, {"player": "chris owings", "game": "kc @ tb", "gameIdx": 0, "hr/park": "", "pa": "25", "dt": "", "img": "https://www.mlbstatic.com/team-logos/118.svg", "team": "kc", "start": "", "in": "4", "result": "Groundout", "evo": "", "la": "", "dist": ""}, {"player": "ryan ohearn", "game": "kc @ tb", "gameIdx": 0, "hr/park": "", "pa": "24", "dt": "", "img": "https://www.mlbstatic.com/team-logos/118.svg", "team": "kc", "start": "", "in": "4", "result": "Forceout", "evo": "98.4", "la": "-15", "dist": "14"}, {"player": "hunter dozier", "game": "kc @ tb", "gameIdx": 0, "hr/park": "", "pa": "23", "dt": "", "img": "https://www.mlbstatic.com/team-logos/118.svg", "team": "kc", "start": "", "in": "4", "result": "Single", "evo": "69.9", "la": "34", "dist": "241"}, {"player": "alex gordon", "game": "kc @ tb", "gameIdx": 0, "hr/park": "", "pa": "22", "dt": "", "img": "https://www.mlbstatic.com/team-logos/118.svg", "team": "kc", "start": "", "in": "4", "result": "Lineout", "evo": "97.1", "la": "11", "dist": "174"}, {"player": "brandon lowe", "game": "kc @ tb", "gameIdx": 0, "hr/park": "", "pa": "21", "dt": "", "img": "https://www.mlbstatic.com/team-logos/139.svg", "team": "tb", "start": "", "in": "3", "result": "Pop Out", "evo": "87.8", "la": "66", "dist": "163"}, {"player": "willy adames", "game": "kc @ tb", "gameIdx": 0, "hr/park": "", "pa": "20", "dt": "", "img": "https://www.mlbstatic.com/team-logos/139.svg", "team": "tb", "start": "", "in": "3", "result": "Groundout", "evo": "", "la": "", "dist": ""}, {"player": "mike zunino", "game": "kc @ tb", "gameIdx": 0, "hr/park": "", "pa": "19", "dt": "", "img": "https://www.mlbstatic.com/team-logos/139.svg", "team": "tb", "start": "", "in": "3", "result": "Groundout", "evo": "87.5", "la": "-29", "dist": "6"}, {"player": "adalberto mondesi", "game": "kc @ tb", "gameIdx": 0, "hr/park": "0/30", "pa": "18", "dt": "", "img": "https://www.mlbstatic.com/team-logos/118.svg", "team": "kc", "start": "", "in": "3", "result": "Flyout", "evo": "94.7", "la": "25", "dist": "385"}, {"player": "whit merrifield", "game": "kc @ tb", "gameIdx": 0, "hr/park": "", "pa": "17", "dt": "", "img": "https://www.mlbstatic.com/team-logos/118.svg", "team": "kc", "start": "", "in": "3", "result": "Groundout", "evo": "75.6", "la": "-38", "dist": "4"}, {"player": "billy hamilton", "game": "kc @ tb", "gameIdx": 0, "hr/park": "0/30", "pa": "16", "dt": "", "img": "https://www.mlbstatic.com/team-logos/118.svg", "team": "kc", "start": "", "in": "3", "result": "Lineout", "evo": "89.3", "la": "21", "dist": "321"}, {"player": "daniel robertson", "game": "kc @ tb", "gameIdx": 0, "hr/park": "", "pa": "15", "dt": "", "img": "https://www.mlbstatic.com/team-logos/139.svg", "team": "tb", "start": "", "in": "2", "result": "GIDP", "evo": "84.7", "la": "-32", "dist": "5"}, {"player": "kevin kiermaier", "game": "kc @ tb", "gameIdx": 0, "hr/park": "0/30", "pa": "14", "dt": "", "img": "https://www.mlbstatic.com/team-logos/139.svg", "team": "tb", "start": "", "in": "2", "result": "Lineout", "evo": "99.0", "la": "16", "dist": "313"}, {"player": "avisail garcia", "game": "kc @ tb", "gameIdx": 0, "hr/park": "", "pa": "13", "dt": "", "img": "https://www.mlbstatic.com/team-logos/139.svg", "team": "tb", "start": "", "in": "2", "result": "Walk", "evo": "", "la": "", "dist": ""}, {"player": "martin maldonado", "game": "kc @ tb", "gameIdx": 0, "hr/park": "", "pa": "12", "dt": "", "img": "https://www.mlbstatic.com/team-logos/118.svg", "team": "kc", "start": "", "in": "2", "result": "GIDP", "evo": "77.5", "la": "-8", "dist": "13"}, {"player": "jorge soler", "game": "kc @ tb", "gameIdx": 0, "hr/park": "", "pa": "11", "dt": "", "img": "https://www.mlbstatic.com/team-logos/118.svg", "team": "kc", "start": "", "in": "2", "result": "Single", "evo": "77.9", "la": "20", "dist": "234"}, {"player": "chris owings", "game": "kc @ tb", "gameIdx": 0, "hr/park": "", "pa": "10", "dt": "", "img": "https://www.mlbstatic.com/team-logos/118.svg", "team": "kc", "start": "", "in": "2", "result": "Pop Out", "evo": "", "la": "", "dist": ""}, {"player": "joey wendle", "game": "kc @ tb", "gameIdx": 0, "hr/park": "0/30", "pa": "9", "dt": "", "img": "https://www.mlbstatic.com/team-logos/139.svg", "team": "tb", "start": "", "in": "1", "result": "Lineout", "evo": "103.5", "la": "18", "dist": "364"}, {"player": "yandy diaz", "game": "kc @ tb", "gameIdx": 0, "hr/park": "9/30", "pa": "8", "dt": "", "img": "https://www.mlbstatic.com/team-logos/139.svg", "team": "tb", "start": "", "in": "1", "result": "Sac Fly", "evo": "93.7", "la": "33", "dist": "341"}, {"player": "tommy pham", "game": "kc @ tb", "gameIdx": 0, "hr/park": "1/30", "pa": "7", "dt": "", "img": "https://www.mlbstatic.com/team-logos/139.svg", "team": "tb", "start": "", "in": "1", "result": "Triple", "evo": "102.5", "la": "21", "dist": "343"}, {"player": "brandon lowe", "game": "kc @ tb", "gameIdx": 0, "hr/park": "", "pa": "6", "dt": "", "img": "https://www.mlbstatic.com/team-logos/139.svg", "team": "tb", "start": "", "in": "1", "result": "Strikeout", "evo": "", "la": "", "dist": ""}, {"player": "ryan ohearn", "game": "kc @ tb", "gameIdx": 0, "hr/park": "", "pa": "5", "dt": "", "img": "https://www.mlbstatic.com/team-logos/118.svg", "team": "kc", "start": "", "in": "1", "result": "Strikeout", "evo": "", "la": "", "dist": ""}, {"player": "hunter dozier", "game": "kc @ tb", "gameIdx": 0, "hr/park": "", "pa": "4", "dt": "", "img": "https://www.mlbstatic.com/team-logos/118.svg", "team": "kc", "start": "", "in": "1", "result": "Walk", "evo": "", "la": "", "dist": ""}, {"player": "alex gordon", "game": "kc @ tb", "gameIdx": 0, "hr/park": "30/30", "pa": "3", "dt": "", "img": "https://www.mlbstatic.com/team-logos/118.svg", "team": "kc", "start": "", "in": "1", "result": "Home Run", "evo": "105.2", "la": "33", "dist": "416"}, {"player": "adalberto mondesi", "game": "kc @ tb", "gameIdx": 0, "hr/park": "", "pa": "2", "dt": "", "img": "https://www.mlbstatic.com/team-logos/118.svg", "team": "kc", "start": "", "in": "1", "result": "Strikeout", "evo": "", "la": "", "dist": ""}, {"player": "whit merrifield", "game": "kc @ tb", "gameIdx": 0, "hr/park": "", "pa": "1", "dt": "", "img": "https://www.mlbstatic.com/team-logos/118.svg", "team": "kc", "start": "", "in": "1", "result": "Pop Out", "evo": "", "la": "", "dist": ""}], "phi @ nym": [{"player": "maikel franco", "game": "phi @ nym", "gameIdx": 0, "hr/park": "", "pa": "69", "dt": "", "img": "https://www.mlbstatic.com/team-logos/143.svg", "team": "phi", "start": "", "in": "9", "result": "Groundout", "evo": "70.2", "la": "-4", "dist": "18"}, {"player": "rhys hoskins", "game": "phi @ nym", "gameIdx": 0, "hr/park": "", "pa": "68", "dt": "", "img": "https://www.mlbstatic.com/team-logos/143.svg", "team": "phi", "start": "", "in": "9", "result": "Strikeout", "evo": "", "la": "", "dist": ""}, {"player": "roman quinn", "game": "phi @ nym", "gameIdx": 0, "hr/park": "", "pa": "67", "dt": "", "img": "https://www.mlbstatic.com/team-logos/143.svg", "team": "phi", "start": "", "in": "9", "result": "Strikeout", "evo": "", "la": "", "dist": ""}, {"player": "brandon nimmo", "game": "phi @ nym", "gameIdx": 0, "hr/park": "", "pa": "66", "dt": "", "img": "https://www.mlbstatic.com/team-logos/121.svg", "team": "nym", "start": "", "in": "8", "result": "Groundout", "evo": "101.1", "la": "4", "dist": "98"}, {"player": "dominic smith", "game": "phi @ nym", "gameIdx": 0, "hr/park": "", "pa": "65", "dt": "", "img": "https://www.mlbstatic.com/team-logos/121.svg", "team": "nym", "start": "", "in": "8", "result": "Single", "evo": "96.2", "la": "14", "dist": "208"}, {"player": "juan lagares", "game": "phi @ nym", "gameIdx": 0, "hr/park": "", "pa": "64", "dt": "", "img": "https://www.mlbstatic.com/team-logos/121.svg", "team": "nym", "start": "", "in": "8", "result": "Single", "evo": "65.5", "la": "-27", "dist": "7"}, {"player": "luis guillorme", "game": "phi @ nym", "gameIdx": 0, "hr/park": "", "pa": "63", "dt": "", "img": "https://www.mlbstatic.com/team-logos/121.svg", "team": "nym", "start": "", "in": "8", "result": "Strikeout", "evo": "", "la": "", "dist": ""}, {"player": "jt realmuto", "game": "phi @ nym", "gameIdx": 0, "hr/park": "", "pa": "62", "dt": "", "img": "https://www.mlbstatic.com/team-logos/143.svg", "team": "phi", "start": "", "in": "8", "result": "Strikeout", "evo": "", "la": "", "dist": ""}, {"player": "andrew mccutchen", "game": "phi @ nym", "gameIdx": 0, "hr/park": "", "pa": "61", "dt": "", "img": "https://www.mlbstatic.com/team-logos/143.svg", "team": "phi", "start": "", "in": "8", "result": "Groundout", "evo": "95.6", "la": "-1", "dist": "42"}, {"player": "nick williams", "game": "phi @ nym", "gameIdx": 0, "hr/park": "0/30", "pa": "60", "dt": "", "img": "https://www.mlbstatic.com/team-logos/143.svg", "team": "phi", "start": "", "in": "8", "result": "Lineout", "evo": "82.4", "la": "26", "dist": "307"}, {"player": "todd frazier", "game": "phi @ nym", "gameIdx": 0, "hr/park": "", "pa": "59", "dt": "", "img": "https://www.mlbstatic.com/team-logos/121.svg", "team": "nym", "start": "", "in": "7", "result": "Forceout", "evo": "104.9", "la": "-5", "dist": "24"}, {"player": "michael conforto", "game": "phi @ nym", "gameIdx": 0, "hr/park": "0/30", "pa": "57", "dt": "", "img": "https://www.mlbstatic.com/team-logos/121.svg", "team": "nym", "start": "", "in": "7", "result": "Sac Fly", "evo": "97.6", "la": "34", "dist": "368"}, {"player": "pete alonso", "game": "phi @ nym", "gameIdx": 0, "hr/park": "", "pa": "56", "dt": "", "img": "https://www.mlbstatic.com/team-logos/121.svg", "team": "nym", "start": "", "in": "7", "result": "Hit By Pitch", "evo": "", "la": "", "dist": ""}, {"player": "jeff mcneil", "game": "phi @ nym", "gameIdx": 0, "hr/park": "", "pa": "55", "dt": "", "img": "https://www.mlbstatic.com/team-logos/121.svg", "team": "nym", "start": "", "in": "7", "result": "Hit By Pitch", "evo": "", "la": "", "dist": ""}, {"player": "brandon nimmo", "game": "phi @ nym", "gameIdx": 0, "hr/park": "", "pa": "54", "dt": "", "img": "https://www.mlbstatic.com/team-logos/121.svg", "team": "nym", "start": "", "in": "7", "result": "Flyout", "evo": "86.0", "la": "59", "dist": "212"}, {"player": "jd davis", "game": "phi @ nym", "gameIdx": 0, "hr/park": "", "pa": "53", "dt": "", "img": "https://www.mlbstatic.com/team-logos/121.svg", "team": "nym", "start": "", "in": "7", "result": "Fielders Choice", "evo": "102.8", "la": "-8", "dist": "12"}, {"player": "juan lagares", "game": "phi @ nym", "gameIdx": 0, "hr/park": "", "pa": "52", "dt": "", "img": "https://www.mlbstatic.com/team-logos/121.svg", "team": "nym", "start": "", "in": "7", "result": "Single", "evo": "91.8", "la": "12", "dist": "221"}, {"player": "aaron altherr", "game": "phi @ nym", "gameIdx": 0, "hr/park": "", "pa": "51", "dt": "", "img": "https://www.mlbstatic.com/team-logos/143.svg", "team": "phi", "start": "", "in": "7", "result": "Groundout", "evo": "95.3", "la": "-11", "dist": "13"}, {"player": "cesar hernandez", "game": "phi @ nym", "gameIdx": 0, "hr/park": "", "pa": "50", "dt": "", "img": "https://www.mlbstatic.com/team-logos/143.svg", "team": "phi", "start": "", "in": "7", "result": "Groundout", "evo": "79.4", "la": "7", "dist": "87"}, {"player": "phil gosselin", "game": "phi @ nym", "gameIdx": 0, "hr/park": "", "pa": "49", "dt": "", "img": "https://www.mlbstatic.com/team-logos/143.svg", "team": "phi", "start": "", "in": "7", "result": "Strikeout", "evo": "", "la": "", "dist": ""}, {"player": "luis guillorme", "game": "phi @ nym", "gameIdx": 0, "hr/park": "", "pa": "48", "dt": "", "img": "https://www.mlbstatic.com/team-logos/121.svg", "team": "nym", "start": "", "in": "6", "result": "Pop Out", "evo": "", "la": "", "dist": ""}, {"player": "todd frazier", "game": "phi @ nym", "gameIdx": 0, "hr/park": "", "pa": "47", "dt": "", "img": "https://www.mlbstatic.com/team-logos/121.svg", "team": "nym", "start": "", "in": "6", "result": "Strikeout", "evo": "", "la": "", "dist": ""}, {"player": "wilson ramos", "game": "phi @ nym", "gameIdx": 0, "hr/park": "", "pa": "46", "dt": "", "img": "https://www.mlbstatic.com/team-logos/121.svg", "team": "nym", "start": "", "in": "6", "result": "Groundout", "evo": "105.3", "la": "-14", "dist": "7"}, {"player": "maikel franco", "game": "phi @ nym", "gameIdx": 0, "hr/park": "0/30", "pa": "45", "dt": "", "img": "https://www.mlbstatic.com/team-logos/143.svg", "team": "phi", "start": "", "in": "6", "result": "Flyout", "evo": "103.1", "la": "38", "dist": "370"}, {"player": "rhys hoskins", "game": "phi @ nym", "gameIdx": 0, "hr/park": "", "pa": "44", "dt": "", "img": "https://www.mlbstatic.com/team-logos/143.svg", "team": "phi", "start": "", "in": "6", "result": "Flyout", "evo": "", "la": "", "dist": ""}, {"player": "roman quinn", "game": "phi @ nym", "gameIdx": 0, "hr/park": "", "pa": "43", "dt": "", "img": "https://www.mlbstatic.com/team-logos/143.svg", "team": "phi", "start": "", "in": "6", "result": "Strikeout", "evo": "", "la": "", "dist": ""}, {"player": "michael conforto", "game": "phi @ nym", "gameIdx": 0, "hr/park": "", "pa": "42", "dt": "", "img": "https://www.mlbstatic.com/team-logos/121.svg", "team": "nym", "start": "", "in": "5", "result": "Strikeout", "evo": "", "la": "", "dist": ""}, {"player": "pete alonso", "game": "phi @ nym", "gameIdx": 0, "hr/park": "", "pa": "41", "dt": "", "img": "https://www.mlbstatic.com/team-logos/121.svg", "team": "nym", "start": "", "in": "5", "result": "Groundout", "evo": "84.0", "la": "-1", "dist": "27"}, {"player": "jeff mcneil", "game": "phi @ nym", "gameIdx": 0, "hr/park": "30/30", "pa": "40", "dt": "", "img": "https://www.mlbstatic.com/team-logos/121.svg", "team": "nym", "start": "", "in": "5", "result": "Home Run", "evo": "107.2", "la": "25", "dist": "383"}, {"player": "brandon nimmo", "game": "phi @ nym", "gameIdx": 0, "hr/park": "", "pa": "39", "dt": "", "img": "https://www.mlbstatic.com/team-logos/121.svg", "team": "nym", "start": "", "in": "5", "result": "Strikeout", "evo": "", "la": "", "dist": ""}, {"player": "jt realmuto", "game": "phi @ nym", "gameIdx": 0, "hr/park": "0/30", "pa": "38", "dt": "", "img": "https://www.mlbstatic.com/team-logos/143.svg", "team": "phi", "start": "", "in": "5", "result": "Flyout", "evo": "102.2", "la": "44", "dist": "332"}, {"player": "andrew mccutchen", "game": "phi @ nym", "gameIdx": 0, "hr/park": "", "pa": "37", "dt": "", "img": "https://www.mlbstatic.com/team-logos/143.svg", "team": "phi", "start": "", "in": "5", "result": "Lineout", "evo": "93.1", "la": "10", "dist": "176"}, {"player": "jake arrieta", "game": "phi @ nym", "gameIdx": 0, "hr/park": "", "pa": "36", "dt": "", "img": "https://www.mlbstatic.com/team-logos/143.svg", "team": "phi", "start": "", "in": "5", "result": "Groundout", "evo": "86.9", "la": "6", "dist": "108"}, {"player": "steven matz", "game": "phi @ nym", "gameIdx": 0, "hr/park": "", "pa": "35", "dt": "", "img": "https://www.mlbstatic.com/team-logos/121.svg", "team": "nym", "start": "", "in": "4", "result": "Groundout", "evo": "84.3", "la": "-33", "dist": "5"}, {"player": "juan lagares", "game": "phi @ nym", "gameIdx": 0, "hr/park": "0/30", "pa": "34", "dt": "", "img": "https://www.mlbstatic.com/team-logos/121.svg", "team": "nym", "start": "", "in": "4", "result": "Lineout", "evo": "85.4", "la": "25", "dist": "331"}, {"player": "luis guillorme", "game": "phi @ nym", "gameIdx": 0, "hr/park": "", "pa": "33", "dt": "", "img": "https://www.mlbstatic.com/team-logos/121.svg", "team": "nym", "start": "", "in": "4", "result": "Groundout", "evo": "70.7", "la": "-5", "dist": "22"}, {"player": "aaron altherr", "game": "phi @ nym", "gameIdx": 0, "hr/park": "", "pa": "32", "dt": "", "img": "https://www.mlbstatic.com/team-logos/143.svg", "team": "phi", "start": "", "in": "4", "result": "Forceout", "evo": "67.2", "la": "-34", "dist": "4"}, {"player": "cesar hernandez", "game": "phi @ nym", "gameIdx": 0, "hr/park": "", "pa": "31", "dt": "", "img": "https://www.mlbstatic.com/team-logos/143.svg", "team": "phi", "start": "", "in": "4", "result": "Single", "evo": "100.6", "la": "1", "dist": "52"}, {"player": "phil gosselin", "game": "phi @ nym", "gameIdx": 0, "hr/park": "0/30", "pa": "30", "dt": "", "img": "https://www.mlbstatic.com/team-logos/143.svg", "team": "phi", "start": "", "in": "4", "result": "Lineout", "evo": "97.6", "la": "19", "dist": "342"}, {"player": "maikel franco", "game": "phi @ nym", "gameIdx": 0, "hr/park": "", "pa": "29", "dt": "", "img": "https://www.mlbstatic.com/team-logos/143.svg", "team": "phi", "start": "", "in": "4", "result": "Walk", "evo": "", "la": "", "dist": ""}, {"player": "rhys hoskins", "game": "phi @ nym", "gameIdx": 0, "hr/park": "23/30", "pa": "28", "dt": "", "img": "https://www.mlbstatic.com/team-logos/143.svg", "team": "phi", "start": "", "in": "4", "result": "Home Run", "evo": "103.9", "la": "35", "dist": "401"}, {"player": "bryce harper", "game": "phi @ nym", "gameIdx": 0, "hr/park": "", "pa": "27", "dt": "", "img": "https://www.mlbstatic.com/team-logos/143.svg", "team": "phi", "start": "", "in": "4", "result": "Strikeout", "evo": "", "la": "", "dist": ""}, {"player": "todd frazier", "game": "phi @ nym", "gameIdx": 0, "hr/park": "", "pa": "26", "dt": "", "img": "https://www.mlbstatic.com/team-logos/121.svg", "team": "nym", "start": "", "in": "3", "result": "Strikeout", "evo": "", "la": "", "dist": ""}, {"player": "wilson ramos", "game": "phi @ nym", "gameIdx": 0, "hr/park": "", "pa": "25", "dt": "", "img": "https://www.mlbstatic.com/team-logos/121.svg", "team": "nym", "start": "", "in": "3", "result": "Single", "evo": "98.2", "la": "", "dist": "43"}, {"player": "michael conforto", "game": "phi @ nym", "gameIdx": 0, "hr/park": "", "pa": "24", "dt": "", "img": "https://www.mlbstatic.com/team-logos/121.svg", "team": "nym", "start": "", "in": "3", "result": "Pop Out", "evo": "", "la": "", "dist": ""}, {"player": "pete alonso", "game": "phi @ nym", "gameIdx": 0, "hr/park": "", "pa": "23", "dt": "", "img": "https://www.mlbstatic.com/team-logos/121.svg", "team": "nym", "start": "", "in": "3", "result": "Double", "evo": "98.7", "la": "3", "dist": "90"}, {"player": "jeff mcneil", "game": "phi @ nym", "gameIdx": 0, "hr/park": "", "pa": "22", "dt": "", "img": "https://www.mlbstatic.com/team-logos/121.svg", "team": "nym", "start": "", "in": "3", "result": "Flyout", "evo": "86.6", "la": "57", "dist": "212"}, {"player": "brandon nimmo", "game": "phi @ nym", "gameIdx": 0, "hr/park": "", "pa": "21", "dt": "", "img": "https://www.mlbstatic.com/team-logos/121.svg", "team": "nym", "start": "", "in": "3", "result": "Single", "evo": "94.6", "la": "10", "dist": "154"}, {"player": "jt realmuto", "game": "phi @ nym", "gameIdx": 0, "hr/park": "", "pa": "20", "dt": "", "img": "https://www.mlbstatic.com/team-logos/143.svg", "team": "phi", "start": "", "in": "3", "result": "Groundout", "evo": "99.6", "la": "-20", "dist": "9"}, {"player": "andrew mccutchen", "game": "phi @ nym", "gameIdx": 0, "hr/park": "", "pa": "19", "dt": "", "img": "https://www.mlbstatic.com/team-logos/143.svg", "team": "phi", "start": "", "in": "3", "result": "Strikeout", "evo": "", "la": "", "dist": ""}, {"player": "jake arrieta", "game": "phi @ nym", "gameIdx": 0, "hr/park": "", "pa": "18", "dt": "", "img": "https://www.mlbstatic.com/team-logos/143.svg", "team": "phi", "start": "", "in": "3", "result": "Sac Bunt", "evo": "25.4", "la": "5", "dist": "20"}, {"player": "aaron altherr", "game": "phi @ nym", "gameIdx": 0, "hr/park": "", "pa": "17", "dt": "", "img": "https://www.mlbstatic.com/team-logos/143.svg", "team": "phi", "start": "", "in": "3", "result": "Walk", "evo": "", "la": "", "dist": ""}, {"player": "cesar hernandez", "game": "phi @ nym", "gameIdx": 0, "hr/park": "0/30", "pa": "16", "dt": "", "img": "https://www.mlbstatic.com/team-logos/143.svg", "team": "phi", "start": "", "in": "3", "result": "Double", "evo": "101.2", "la": "17", "dist": "381"}, {"player": "steven matz", "game": "phi @ nym", "gameIdx": 0, "hr/park": "", "pa": "15", "dt": "", "img": "https://www.mlbstatic.com/team-logos/121.svg", "team": "nym", "start": "", "in": "2", "result": "Strikeout", "evo": "", "la": "", "dist": ""}, {"player": "juan lagares", "game": "phi @ nym", "gameIdx": 0, "hr/park": "", "pa": "14", "dt": "", "img": "https://www.mlbstatic.com/team-logos/121.svg", "team": "nym", "start": "", "in": "2", "result": "Lineout", "evo": "91.8", "la": "19", "dist": "271"}, {"player": "luis guillorme", "game": "phi @ nym", "gameIdx": 0, "hr/park": "", "pa": "13", "dt": "", "img": "https://www.mlbstatic.com/team-logos/121.svg", "team": "nym", "start": "", "in": "2", "result": "Strikeout", "evo": "", "la": "", "dist": ""}, {"player": "todd frazier", "game": "phi @ nym", "gameIdx": 0, "hr/park": "", "pa": "12", "dt": "", "img": "https://www.mlbstatic.com/team-logos/121.svg", "team": "nym", "start": "", "in": "2", "result": "Single", "evo": "93.9", "la": "-1", "dist": "40"}, {"player": "phil gosselin", "game": "phi @ nym", "gameIdx": 0, "hr/park": "", "pa": "11", "dt": "", "img": "https://www.mlbstatic.com/team-logos/143.svg", "team": "phi", "start": "", "in": "2", "result": "Strikeout", "evo": "", "la": "", "dist": ""}, {"player": "maikel franco", "game": "phi @ nym", "gameIdx": 0, "hr/park": "", "pa": "10", "dt": "", "img": "https://www.mlbstatic.com/team-logos/143.svg", "team": "phi", "start": "", "in": "2", "result": "Lineout", "evo": "113.3", "la": "12", "dist": "291"}, {"player": "rhys hoskins", "game": "phi @ nym", "gameIdx": 0, "hr/park": "", "pa": "9", "dt": "", "img": "https://www.mlbstatic.com/team-logos/143.svg", "team": "phi", "start": "", "in": "2", "result": "Pop Out", "evo": "", "la": "", "dist": ""}, {"player": "wilson ramos", "game": "phi @ nym", "gameIdx": 0, "hr/park": "", "pa": "8", "dt": "", "img": "https://www.mlbstatic.com/team-logos/121.svg", "team": "nym", "start": "", "in": "1", "result": "Groundout", "evo": "57.8", "la": "-44", "dist": "4"}, {"player": "michael conforto", "game": "phi @ nym", "gameIdx": 0, "hr/park": "", "pa": "7", "dt": "", "img": "https://www.mlbstatic.com/team-logos/121.svg", "team": "nym", "start": "", "in": "1", "result": "Walk", "evo": "", "la": "", "dist": ""}, {"player": "pete alonso", "game": "phi @ nym", "gameIdx": 0, "hr/park": "", "pa": "6", "dt": "", "img": "https://www.mlbstatic.com/team-logos/121.svg", "team": "nym", "start": "", "in": "1", "result": "Strikeout", "evo": "", "la": "", "dist": ""}, {"player": "jeff mcneil", "game": "phi @ nym", "gameIdx": 0, "hr/park": "", "pa": "5", "dt": "", "img": "https://www.mlbstatic.com/team-logos/121.svg", "team": "nym", "start": "", "in": "1", "result": "Single", "evo": "97.7", "la": "5", "dist": "103"}, {"player": "brandon nimmo", "game": "phi @ nym", "gameIdx": 0, "hr/park": "", "pa": "4", "dt": "", "img": "https://www.mlbstatic.com/team-logos/121.svg", "team": "nym", "start": "", "in": "1", "result": "Flyout", "evo": "72.3", "la": "33", "dist": "259"}, {"player": "bryce harper", "game": "phi @ nym", "gameIdx": 0, "hr/park": "", "pa": "3", "dt": "", "img": "https://www.mlbstatic.com/team-logos/143.svg", "team": "phi", "start": "", "in": "1", "result": "Strikeout", "evo": "", "la": "", "dist": ""}, {"player": "jt realmuto", "game": "phi @ nym", "gameIdx": 0, "hr/park": "", "pa": "2", "dt": "", "img": "https://www.mlbstatic.com/team-logos/143.svg", "team": "phi", "start": "", "in": "1", "result": "Lineout", "evo": "99.3", "la": "15", "dist": "297"}, {"player": "andrew mccutchen", "game": "phi @ nym", "gameIdx": 0, "hr/park": "", "pa": "1", "dt": "", "img": "https://www.mlbstatic.com/team-logos/143.svg", "team": "phi", "start": "", "in": "1", "result": "Strikeout", "evo": "", "la": "", "dist": ""}], "mil @ stl": [], "min @ hou": [], "wsh @ col": [], "tex @ ath": [], "nyy @ laa": [], "det @ bos": []}