{"all": {"pitchers": "3", "batters": "21", "pitches": "193", "max velomax pitch velocity": "99.5", "min velomin pitch velocity": "78.6", "ff%fourseam fastball %": "29.0", "si%sinker %": "37.8", "fc%cutter %": "0.0", "fs%splitter %": "0.0", "ch%changeup %": "15.5", "sl%slider %": "9.3", "cu%curve %": "8.3", "max evmax exit velocity": "108.0", "hhhard hit": "14", "hh%hard hit %": "32.6", "brlbarrels": "1", "brl%barrel %": "2.3", "ab": "54", "avg": ".148", "h": "8", "1b": "5", "2b": "2", "3b": "0", "hr": "1", "so": "13", "bipballs in play": "43", "liveGames": 0, "totGames": 15}, "hou @ bos": [], "col @ phi": [], "tb @ nyy": [], "bal @ cle": [], "lad @ cin": [], "ath @ det": [], "nym @ mia": [{"player": "jeff mcneil", "game": "nym @ mia", "gameIdx": 0, "hr/park": "0/30", "pa": "58", "dt": "", "img": "https://www.mlbstatic.com/team-logos/121.svg", "team": "nym", "start": "", "in": "9", "result": "Lineout", "evo": "95.4", "la": "19", "dist": "309"}, {"player": "wilson ramos", "game": "nym @ mia", "gameIdx": 0, "hr/park": "", "pa": "57", "dt": "", "img": "https://www.mlbstatic.com/team-logos/121.svg", "team": "nym", "start": "", "in": "9", "result": "Pop Out", "evo": "", "la": "", "dist": ""}, {"player": "amed rosario", "game": "nym @ mia", "gameIdx": 0, "hr/park": "", "pa": "56", "dt": "", "img": "https://www.mlbstatic.com/team-logos/121.svg", "team": "nym", "start": "", "in": "9", "result": "Strikeout", "evo": "", "la": "", "dist": ""}, {"player": "brian anderson", "game": "nym @ mia", "gameIdx": 0, "hr/park": "0/30", "pa": "55", "dt": "", "img": "https://www.mlbstatic.com/team-logos/146.svg", "team": "mia", "start": "", "in": "8", "result": "Lineout", "evo": "105.3", "la": "15", "dist": "329"}, {"player": "garrett cooper", "game": "nym @ mia", "gameIdx": 0, "hr/park": "", "pa": "54", "dt": "", "img": "https://www.mlbstatic.com/team-logos/146.svg", "team": "mia", "start": "", "in": "8", "result": "Strikeout", "evo": "", "la": "", "dist": ""}, {"player": "curtis granderson", "game": "nym @ mia", "gameIdx": 0, "hr/park": "12/30", "pa": "53", "dt": "", "img": "https://www.mlbstatic.com/team-logos/146.svg", "team": "mia", "start": "", "in": "8", "result": "Home Run", "evo": "99.9", "la": "26", "dist": "362"}, {"player": "sandy alcantara", "game": "nym @ mia", "gameIdx": 0, "hr/park": "", "pa": "52", "dt": "", "img": "https://www.mlbstatic.com/team-logos/146.svg", "team": "mia", "start": "", "in": "8", "result": "Strikeout", "evo": "", "la": "", "dist": ""}, {"player": "dominic smith", "game": "nym @ mia", "gameIdx": 0, "hr/park": "", "pa": "51", "dt": "", "img": "https://www.mlbstatic.com/team-logos/121.svg", "team": "nym", "start": "", "in": "8", "result": "GIDP", "evo": "105.8", "la": "", "dist": "47"}, {"player": "adeiny hechavarria", "game": "nym @ mia", "gameIdx": 0, "hr/park": "", "pa": "50", "dt": "", "img": "https://www.mlbstatic.com/team-logos/121.svg", "team": "nym", "start": "", "in": "8", "result": "Fielders Choice", "evo": "", "la": "", "dist": ""}, {"player": "brandon nimmo", "game": "nym @ mia", "gameIdx": 0, "hr/park": "", "pa": "49", "dt": "", "img": "https://www.mlbstatic.com/team-logos/121.svg", "team": "nym", "start": "", "in": "8", "result": "Strikeout", "evo": "", "la": "", "dist": ""}, {"player": "pete alonso", "game": "nym @ mia", "gameIdx": 0, "hr/park": "", "pa": "48", "dt": "", "img": "https://www.mlbstatic.com/team-logos/121.svg", "team": "nym", "start": "", "in": "8", "result": "Walk", "evo": "", "la": "", "dist": ""}, {"player": "rosell herrera", "game": "nym @ mia", "gameIdx": 0, "hr/park": "0/30", "pa": "47", "dt": "", "img": "https://www.mlbstatic.com/team-logos/146.svg", "team": "mia", "start": "", "in": "7", "result": "Flyout", "evo": "98.0", "la": "45", "dist": "310"}, {"player": "chad wallach", "game": "nym @ mia", "gameIdx": 0, "hr/park": "", "pa": "46", "dt": "", "img": "https://www.mlbstatic.com/team-logos/146.svg", "team": "mia", "start": "", "in": "7", "result": "Single", "evo": "108.0", "la": "10", "dist": "248"}, {"player": "miguel rojas", "game": "nym @ mia", "gameIdx": 0, "hr/park": "", "pa": "45", "dt": "", "img": "https://www.mlbstatic.com/team-logos/146.svg", "team": "mia", "start": "", "in": "7", "result": "Sac Fly", "evo": "83.0", "la": "37", "dist": "287"}, {"player": "starlin castro", "game": "nym @ mia", "gameIdx": 0, "hr/park": "", "pa": "44", "dt": "", "img": "https://www.mlbstatic.com/team-logos/146.svg", "team": "mia", "start": "", "in": "7", "result": "Groundout", "evo": "71.0", "la": "-6", "dist": "18"}, {"player": "neil walker", "game": "nym @ mia", "gameIdx": 0, "hr/park": "0/30", "pa": "43", "dt": "", "img": "https://www.mlbstatic.com/team-logos/146.svg", "team": "mia", "start": "", "in": "7", "result": "Double", "evo": "91.9", "la": "23", "dist": "338"}, {"player": "robinson cano", "game": "nym @ mia", "gameIdx": 0, "hr/park": "", "pa": "42", "dt": "", "img": "https://www.mlbstatic.com/team-logos/121.svg", "team": "nym", "start": "", "in": "7", "result": "GIDP", "evo": "104.5", "la": "-11", "dist": "10"}, {"player": "jd davis", "game": "nym @ mia", "gameIdx": 0, "hr/park": "", "pa": "41", "dt": "", "img": "https://www.mlbstatic.com/team-logos/121.svg", "team": "nym", "start": "", "in": "7", "result": "Single", "evo": "67.4", "la": "21", "dist": "182"}, {"player": "jeff mcneil", "game": "nym @ mia", "gameIdx": 0, "hr/park": "", "pa": "40", "dt": "", "img": "https://www.mlbstatic.com/team-logos/121.svg", "team": "nym", "start": "", "in": "7", "result": "Pop Out", "evo": "59.6", "la": "59", "dist": "129"}, {"player": "brian anderson", "game": "nym @ mia", "gameIdx": 0, "hr/park": "0/30", "pa": "39", "dt": "", "img": "https://www.mlbstatic.com/team-logos/146.svg", "team": "mia", "start": "", "in": "6", "result": "Flyout", "evo": "93.5", "la": "44", "dist": "303"}, {"player": "garrett cooper", "game": "nym @ mia", "gameIdx": 0, "hr/park": "", "pa": "38", "dt": "", "img": "https://www.mlbstatic.com/team-logos/146.svg", "team": "mia", "start": "", "in": "6", "result": "Hit By Pitch", "evo": "", "la": "", "dist": ""}, {"player": "curtis granderson", "game": "nym @ mia", "gameIdx": 0, "hr/park": "", "pa": "37", "dt": "", "img": "https://www.mlbstatic.com/team-logos/146.svg", "team": "mia", "start": "", "in": "6", "result": "GIDP", "evo": "85.9", "la": "-16", "dist": "8"}, {"player": "sandy alcantara", "game": "nym @ mia", "gameIdx": 0, "hr/park": "", "pa": "36", "dt": "", "img": "https://www.mlbstatic.com/team-logos/146.svg", "team": "mia", "start": "", "in": "6", "result": "Single", "evo": "29.0", "la": "11", "dist": "35"}, {"player": "rosell herrera", "game": "nym @ mia", "gameIdx": 0, "hr/park": "", "pa": "35", "dt": "", "img": "https://www.mlbstatic.com/team-logos/146.svg", "team": "mia", "start": "", "in": "6", "result": "Double", "evo": "89.7", "la": "12", "dist": "195"}, {"player": "noah syndergaard", "game": "nym @ mia", "gameIdx": 0, "hr/park": "", "pa": "34", "dt": "", "img": "https://www.mlbstatic.com/team-logos/121.svg", "team": "nym", "start": "", "in": "6", "result": "Strikeout", "evo": "", "la": "", "dist": ""}, {"player": "tomas nido", "game": "nym @ mia", "gameIdx": 0, "hr/park": "", "pa": "33", "dt": "", "img": "https://www.mlbstatic.com/team-logos/121.svg", "team": "nym", "start": "", "in": "6", "result": "Pop Out", "evo": "60.1", "la": "51", "dist": "158"}, {"player": "juan lagares", "game": "nym @ mia", "gameIdx": 0, "hr/park": "", "pa": "32", "dt": "", "img": "https://www.mlbstatic.com/team-logos/121.svg", "team": "nym", "start": "", "in": "6", "result": "Strikeout", "evo": "", "la": "", "dist": ""}, {"player": "chad wallach", "game": "nym @ mia", "gameIdx": 0, "hr/park": "", "pa": "31", "dt": "", "img": "https://www.mlbstatic.com/team-logos/146.svg", "team": "mia", "start": "", "in": "5", "result": "Forceout", "evo": "100.1", "la": "-15", "dist": "8"}, {"player": "miguel rojas", "game": "nym @ mia", "gameIdx": 0, "hr/park": "", "pa": "30", "dt": "", "img": "https://www.mlbstatic.com/team-logos/146.svg", "team": "mia", "start": "", "in": "5", "result": "Walk", "evo": "", "la": "", "dist": ""}, {"player": "starlin castro", "game": "nym @ mia", "gameIdx": 0, "hr/park": "", "pa": "29", "dt": "", "img": "https://www.mlbstatic.com/team-logos/146.svg", "team": "mia", "start": "", "in": "5", "result": "GIDP", "evo": "41.1", "la": "-20", "dist": "9"}, {"player": "neil walker", "game": "nym @ mia", "gameIdx": 0, "hr/park": "", "pa": "28", "dt": "", "img": "https://www.mlbstatic.com/team-logos/146.svg", "team": "mia", "start": "", "in": "5", "result": "Single", "evo": "70.3", "la": "18", "dist": "178"}, {"player": "adeiny hechavarria", "game": "nym @ mia", "gameIdx": 0, "hr/park": "", "pa": "27", "dt": "", "img": "https://www.mlbstatic.com/team-logos/121.svg", "team": "nym", "start": "", "in": "5", "result": "Pop Out", "evo": "48.2", "la": "38", "dist": "127"}, {"player": "brandon nimmo", "game": "nym @ mia", "gameIdx": 0, "hr/park": "", "pa": "26", "dt": "", "img": "https://www.mlbstatic.com/team-logos/121.svg", "team": "nym", "start": "", "in": "5", "result": "Groundout", "evo": "102.9", "la": "-8", "dist": "14"}, {"player": "pete alonso", "game": "nym @ mia", "gameIdx": 0, "hr/park": "", "pa": "25", "dt": "", "img": "https://www.mlbstatic.com/team-logos/121.svg", "team": "nym", "start": "", "in": "5", "result": "Strikeout", "evo": "", "la": "", "dist": ""}, {"player": "brian anderson", "game": "nym @ mia", "gameIdx": 0, "hr/park": "0/30", "pa": "24", "dt": "", "img": "https://www.mlbstatic.com/team-logos/146.svg", "team": "mia", "start": "", "in": "4", "result": "Flyout", "evo": "96.4", "la": "41", "dist": "324"}, {"player": "garrett cooper", "game": "nym @ mia", "gameIdx": 0, "hr/park": "", "pa": "23", "dt": "", "img": "https://www.mlbstatic.com/team-logos/146.svg", "team": "mia", "start": "", "in": "4", "result": "Groundout", "evo": "73.6", "la": "8", "dist": "105"}, {"player": "curtis granderson", "game": "nym @ mia", "gameIdx": 0, "hr/park": "", "pa": "22", "dt": "", "img": "https://www.mlbstatic.com/team-logos/146.svg", "team": "mia", "start": "", "in": "4", "result": "Strikeout", "evo": "", "la": "", "dist": ""}, {"player": "robinson cano", "game": "nym @ mia", "gameIdx": 0, "hr/park": "", "pa": "21", "dt": "", "img": "https://www.mlbstatic.com/team-logos/121.svg", "team": "nym", "start": "", "in": "4", "result": "GIDP", "evo": "", "la": "", "dist": ""}, {"player": "jd davis", "game": "nym @ mia", "gameIdx": 0, "hr/park": "", "pa": "20", "dt": "", "img": "https://www.mlbstatic.com/team-logos/121.svg", "team": "nym", "start": "", "in": "4", "result": "Single", "evo": "102.0", "la": "-6", "dist": "20"}, {"player": "jeff mcneil", "game": "nym @ mia", "gameIdx": 0, "hr/park": "0/30", "pa": "19", "dt": "", "img": "https://www.mlbstatic.com/team-logos/121.svg", "team": "nym", "start": "", "in": "4", "result": "Lineout", "evo": "103.9", "la": "19", "dist": "301"}, {"player": "sandy alcantara", "game": "nym @ mia", "gameIdx": 0, "hr/park": "", "pa": "18", "dt": "", "img": "https://www.mlbstatic.com/team-logos/146.svg", "team": "mia", "start": "", "in": "3", "result": "Strikeout", "evo": "", "la": "", "dist": ""}, {"player": "rosell herrera", "game": "nym @ mia", "gameIdx": 0, "hr/park": "", "pa": "17", "dt": "", "img": "https://www.mlbstatic.com/team-logos/146.svg", "team": "mia", "start": "", "in": "3", "result": "Strikeout", "evo": "", "la": "", "dist": ""}, {"player": "chad wallach", "game": "nym @ mia", "gameIdx": 0, "hr/park": "0/30", "pa": "16", "dt": "", "img": "https://www.mlbstatic.com/team-logos/146.svg", "team": "mia", "start": "", "in": "3", "result": "Flyout", "evo": "92.8", "la": "38", "dist": "325"}, {"player": "noah syndergaard", "game": "nym @ mia", "gameIdx": 0, "hr/park": "", "pa": "15", "dt": "", "img": "https://www.mlbstatic.com/team-logos/121.svg", "team": "nym", "start": "", "in": "3", "result": "Strikeout", "evo": "", "la": "", "dist": ""}, {"player": "tomas nido", "game": "nym @ mia", "gameIdx": 0, "hr/park": "", "pa": "14", "dt": "", "img": "https://www.mlbstatic.com/team-logos/121.svg", "team": "nym", "start": "", "in": "3", "result": "Strikeout", "evo": "", "la": "", "dist": ""}, {"player": "juan lagares", "game": "nym @ mia", "gameIdx": 0, "hr/park": "", "pa": "13", "dt": "", "img": "https://www.mlbstatic.com/team-logos/121.svg", "team": "nym", "start": "", "in": "3", "result": "Groundout", "evo": "76.1", "la": "-23", "dist": "5"}, {"player": "miguel rojas", "game": "nym @ mia", "gameIdx": 0, "hr/park": "", "pa": "12", "dt": "", "img": "https://www.mlbstatic.com/team-logos/146.svg", "team": "mia", "start": "", "in": "2", "result": "Flyout", "evo": "88.4", "la": "39", "dist": "294"}, {"player": "starlin castro", "game": "nym @ mia", "gameIdx": 0, "hr/park": "", "pa": "11", "dt": "", "img": "https://www.mlbstatic.com/team-logos/146.svg", "team": "mia", "start": "", "in": "2", "result": "Groundout", "evo": "76.4", "la": "-16", "dist": "10"}, {"player": "neil walker", "game": "nym @ mia", "gameIdx": 0, "hr/park": "", "pa": "10", "dt": "", "img": "https://www.mlbstatic.com/team-logos/146.svg", "team": "mia", "start": "", "in": "2", "result": "Groundout", "evo": "", "la": "", "dist": ""}, {"player": "adeiny hechavarria", "game": "nym @ mia", "gameIdx": 0, "hr/park": "", "pa": "9", "dt": "", "img": "https://www.mlbstatic.com/team-logos/121.svg", "team": "nym", "start": "", "in": "2", "result": "Strikeout", "evo": "", "la": "", "dist": ""}, {"player": "brandon nimmo", "game": "nym @ mia", "gameIdx": 0, "hr/park": "", "pa": "8", "dt": "", "img": "https://www.mlbstatic.com/team-logos/121.svg", "team": "nym", "start": "", "in": "2", "result": "Groundout", "evo": "", "la": "", "dist": ""}, {"player": "pete alonso", "game": "nym @ mia", "gameIdx": 0, "hr/park": "", "pa": "7", "dt": "", "img": "https://www.mlbstatic.com/team-logos/121.svg", "team": "nym", "start": "", "in": "2", "result": "Lineout", "evo": "61.9", "la": "17", "dist": "134"}, {"player": "brian anderson", "game": "nym @ mia", "gameIdx": 0, "hr/park": "", "pa": "6", "dt": "", "img": "https://www.mlbstatic.com/team-logos/146.svg", "team": "mia", "start": "", "in": "1", "result": "Flyout", "evo": "", "la": "", "dist": ""}, {"player": "garrett cooper", "game": "nym @ mia", "gameIdx": 0, "hr/park": "", "pa": "5", "dt": "", "img": "https://www.mlbstatic.com/team-logos/146.svg", "team": "mia", "start": "", "in": "1", "result": "Groundout", "evo": "107.8", "la": "-9", "dist": "19"}, {"player": "curtis granderson", "game": "nym @ mia", "gameIdx": 0, "hr/park": "", "pa": "4", "dt": "", "img": "https://www.mlbstatic.com/team-logos/146.svg", "team": "mia", "start": "", "in": "1", "result": "Pop Out", "evo": "", "la": "", "dist": ""}, {"player": "robinson cano", "game": "nym @ mia", "gameIdx": 0, "hr/park": "0/30", "pa": "3", "dt": "", "img": "https://www.mlbstatic.com/team-logos/121.svg", "team": "nym", "start": "", "in": "1", "result": "Lineout", "evo": "97.8", "la": "19", "dist": "330"}, {"player": "jd davis", "game": "nym @ mia", "gameIdx": 0, "hr/park": "", "pa": "2", "dt": "", "img": "https://www.mlbstatic.com/team-logos/121.svg", "team": "nym", "start": "", "in": "1", "result": "Groundout", "evo": "88.5", "la": "-10", "dist": "15"}, {"player": "jeff mcneil", "game": "nym @ mia", "gameIdx": 0, "hr/park": "", "pa": "1", "dt": "", "img": "https://www.mlbstatic.com/team-logos/121.svg", "team": "nym", "start": "", "in": "1", "result": "Groundout", "evo": "81.6", "la": "-11", "dist": "13"}], "mil @ atl": [], "tor @ chw": [], "stl @ tex": [], "kc @ laa": [], "pit @ sd": [], "sf @ ari": [], "min @ sea": [], "chc @ wsh": []}