{"all": {"pitchers": "51", "batters": "119", "pitches": "1480", "max velomax pitch velocity": "99.1", "min velomin pitch velocity": "70.0", "ff%fourseam fastball %": "26.8", "si%sinker %": "14.7", "fc%cutter %": "2.4", "fs%splitter %": "0.1", "ch%changeup %": "9.6", "sl%slider %": "12.8", "cu%curve %": "14.1", "max evmax exit velocity": "108.5", "hhhard hit": "67", "hh%hard hit %": "28.3", "brlbarrels": "12", "brl%barrel %": "5.1", "ab": "339", "avg": ".248", "h": "84", "1b": "51", "2b": "19", "3b": "5", "hr": "9", "so": "111", "bipballs in play": "237", "liveGames": 0, "totGames": 11}, "mil @ cin": [{"player": "alex blandino", "game": "mil @ cin", "gameIdx": 0, "hr/park": "", "pa": "75", "dt": "", "img": "https://www.mlbstatic.com/team-logos/113.svg", "team": "cin", "start": "", "in": "9", "result": "Strikeout", "evo": "", "la": "", "dist": ""}, {"player": "aristides aquino", "game": "mil @ cin", "gameIdx": 0, "hr/park": "", "pa": "74", "dt": "", "img": "https://www.mlbstatic.com/team-logos/113.svg", "team": "cin", "start": "", "in": "9", "result": "Pop Out", "evo": "", "la": "", "dist": ""}, {"player": "joey votto", "game": "mil @ cin", "gameIdx": 0, "hr/park": "", "pa": "73", "dt": "", "img": "https://www.mlbstatic.com/team-logos/113.svg", "team": "cin", "start": "", "in": "9", "result": "Strikeout", "evo": "", "la": "", "dist": ""}, {"player": "ben gamel", "game": "mil @ cin", "gameIdx": 0, "hr/park": "", "pa": "72", "dt": "", "img": "https://www.mlbstatic.com/team-logos/158.svg", "team": "mil", "start": "", "in": "9", "result": "Pop Out", "evo": "", "la": "", "dist": ""}, {"player": "orlando arcia", "game": "mil @ cin", "gameIdx": 0, "hr/park": "", "pa": "71", "dt": "", "img": "https://www.mlbstatic.com/team-logos/158.svg", "team": "mil", "start": "", "in": "9", "result": "Flyout", "evo": "", "la": "", "dist": ""}, {"player": "travis shaw", "game": "mil @ cin", "gameIdx": 0, "hr/park": "", "pa": "70", "dt": "", "img": "https://www.mlbstatic.com/team-logos/158.svg", "team": "mil", "start": "", "in": "9", "result": "Strikeout", "evo": "", "la": "", "dist": ""}, {"player": "jose peraza", "game": "mil @ cin", "gameIdx": 0, "hr/park": "", "pa": "69", "dt": "", "img": "https://www.mlbstatic.com/team-logos/113.svg", "team": "cin", "start": "", "in": "8", "result": "Flyout", "evo": "", "la": "", "dist": ""}, {"player": "christian colon", "game": "mil @ cin", "gameIdx": 0, "hr/park": "", "pa": "68", "dt": "", "img": "https://www.mlbstatic.com/team-logos/113.svg", "team": "cin", "start": "", "in": "8", "result": "Hit By Pitch", "evo": "", "la": "", "dist": ""}, {"player": "kyle farmer", "game": "mil @ cin", "gameIdx": 0, "hr/park": "", "pa": "66", "dt": "", "img": "https://www.mlbstatic.com/team-logos/113.svg", "team": "cin", "start": "", "in": "8", "result": "Strikeout", "evo": "", "la": "", "dist": ""}, {"player": "jose iglesias", "game": "mil @ cin", "gameIdx": 0, "hr/park": "", "pa": "65", "dt": "", "img": "https://www.mlbstatic.com/team-logos/113.svg", "team": "cin", "start": "", "in": "8", "result": "Double", "evo": "", "la": "", "dist": ""}, {"player": "phillip ervin", "game": "mil @ cin", "gameIdx": 0, "hr/park": "", "pa": "64", "dt": "", "img": "https://www.mlbstatic.com/team-logos/113.svg", "team": "cin", "start": "", "in": "8", "result": "Double", "evo": "", "la": "", "dist": ""}, {"player": "tucker barnhart", "game": "mil @ cin", "gameIdx": 0, "hr/park": "", "pa": "63", "dt": "", "img": "https://www.mlbstatic.com/team-logos/113.svg", "team": "cin", "start": "", "in": "8", "result": "Strikeout", "evo": "", "la": "", "dist": ""}, {"player": "cory spangenberg", "game": "mil @ cin", "gameIdx": 0, "hr/park": "", "pa": "62", "dt": "", "img": "https://www.mlbstatic.com/team-logos/158.svg", "team": "mil", "start": "", "in": "8", "result": "Strikeout", "evo": "", "la": "", "dist": ""}, {"player": "manny pina", "game": "mil @ cin", "gameIdx": 0, "hr/park": "", "pa": "61", "dt": "", "img": "https://www.mlbstatic.com/team-logos/158.svg", "team": "mil", "start": "", "in": "8", "result": "Strikeout", "evo": "", "la": "", "dist": ""}, {"player": "keston hiura", "game": "mil @ cin", "gameIdx": 0, "hr/park": "", "pa": "60", "dt": "", "img": "https://www.mlbstatic.com/team-logos/158.svg", "team": "mil", "start": "", "in": "8", "result": "Strikeout", "evo": "", "la": "", "dist": ""}, {"player": "aristides aquino", "game": "mil @ cin", "gameIdx": 0, "hr/park": "", "pa": "59", "dt": "", "img": "https://www.mlbstatic.com/team-logos/113.svg", "team": "cin", "start": "", "in": "7", "result": "Groundout", "evo": "", "la": "", "dist": ""}, {"player": "joey votto", "game": "mil @ cin", "gameIdx": 0, "hr/park": "", "pa": "58", "dt": "", "img": "https://www.mlbstatic.com/team-logos/113.svg", "team": "cin", "start": "", "in": "7", "result": "Strikeout", "evo": "", "la": "", "dist": ""}, {"player": "jose peraza", "game": "mil @ cin", "gameIdx": 0, "hr/park": "", "pa": "57", "dt": "", "img": "https://www.mlbstatic.com/team-logos/113.svg", "team": "cin", "start": "", "in": "7", "result": "Groundout", "evo": "", "la": "", "dist": ""}, {"player": "yasmani grandal", "game": "mil @ cin", "gameIdx": 0, "hr/park": "", "pa": "56", "dt": "", "img": "https://www.mlbstatic.com/team-logos/158.svg", "team": "mil", "start": "", "in": "7", "result": "Flyout", "evo": "", "la": "", "dist": ""}, {"player": "trent grisham", "game": "mil @ cin", "gameIdx": 0, "hr/park": "", "pa": "55", "dt": "", "img": "https://www.mlbstatic.com/team-logos/158.svg", "team": "mil", "start": "", "in": "7", "result": "Groundout", "evo": "", "la": "", "dist": ""}, {"player": "tyler austin", "game": "mil @ cin", "gameIdx": 0, "hr/park": "", "pa": "54", "dt": "", "img": "https://www.mlbstatic.com/team-logos/158.svg", "team": "mil", "start": "", "in": "7", "result": "Flyout", "evo": "", "la": "", "dist": ""}, {"player": "brian ogrady", "game": "mil @ cin", "gameIdx": 0, "hr/park": "", "pa": "53", "dt": "", "img": "https://www.mlbstatic.com/team-logos/113.svg", "team": "cin", "start": "", "in": "6", "result": "Strikeout", "evo": "", "la": "", "dist": ""}, {"player": "curt casali", "game": "mil @ cin", "gameIdx": 0, "hr/park": "", "pa": "52", "dt": "", "img": "https://www.mlbstatic.com/team-logos/113.svg", "team": "cin", "start": "", "in": "6", "result": "Pop Out", "evo": "", "la": "", "dist": ""}, {"player": "kyle farmer", "game": "mil @ cin", "gameIdx": 0, "hr/park": "", "pa": "51", "dt": "", "img": "https://www.mlbstatic.com/team-logos/113.svg", "team": "cin", "start": "", "in": "6", "result": "Single", "evo": "", "la": "", "dist": ""}, {"player": "jose iglesias", "game": "mil @ cin", "gameIdx": 0, "hr/park": "", "pa": "50", "dt": "", "img": "https://www.mlbstatic.com/team-logos/113.svg", "team": "cin", "start": "", "in": "6", "result": "Groundout", "evo": "", "la": "", "dist": ""}, {"player": "phillip ervin", "game": "mil @ cin", "gameIdx": 0, "hr/park": "", "pa": "49", "dt": "", "img": "https://www.mlbstatic.com/team-logos/113.svg", "team": "cin", "start": "", "in": "6", "result": "Double", "evo": "", "la": "", "dist": ""}, {"player": "ben gamel", "game": "mil @ cin", "gameIdx": 0, "hr/park": "", "pa": "48", "dt": "", "img": "https://www.mlbstatic.com/team-logos/158.svg", "team": "mil", "start": "", "in": "6", "result": "Strikeout", "evo": "", "la": "", "dist": ""}, {"player": "orlando arcia", "game": "mil @ cin", "gameIdx": 0, "hr/park": "", "pa": "47", "dt": "", "img": "https://www.mlbstatic.com/team-logos/158.svg", "team": "mil", "start": "", "in": "6", "result": "Flyout", "evo": "", "la": "", "dist": ""}, {"player": "travis shaw", "game": "mil @ cin", "gameIdx": 0, "hr/park": "", "pa": "46", "dt": "", "img": "https://www.mlbstatic.com/team-logos/158.svg", "team": "mil", "start": "", "in": "6", "result": "Strikeout", "evo": "", "la": "", "dist": ""}, {"player": "josh vanmeter", "game": "mil @ cin", "gameIdx": 0, "hr/park": "", "pa": "45", "dt": "", "img": "https://www.mlbstatic.com/team-logos/113.svg", "team": "cin", "start": "", "in": "5", "result": "Flyout", "evo": "", "la": "", "dist": ""}, {"player": "aristides aquino", "game": "mil @ cin", "gameIdx": 0, "hr/park": "", "pa": "44", "dt": "", "img": "https://www.mlbstatic.com/team-logos/113.svg", "team": "cin", "start": "", "in": "5", "result": "Single", "evo": "", "la": "", "dist": ""}, {"player": "joey votto", "game": "mil @ cin", "gameIdx": 0, "hr/park": "", "pa": "43", "dt": "", "img": "https://www.mlbstatic.com/team-logos/113.svg", "team": "cin", "start": "", "in": "5", "result": "Pop Out", "evo": "", "la": "", "dist": ""}, {"player": "jose peraza", "game": "mil @ cin", "gameIdx": 0, "hr/park": "", "pa": "42", "dt": "", "img": "https://www.mlbstatic.com/team-logos/113.svg", "team": "cin", "start": "", "in": "5", "result": "Groundout", "evo": "", "la": "", "dist": ""}, {"player": "cory spangenberg", "game": "mil @ cin", "gameIdx": 0, "hr/park": "", "pa": "41", "dt": "", "img": "https://www.mlbstatic.com/team-logos/158.svg", "team": "mil", "start": "", "in": "5", "result": "Strikeout", "evo": "", "la": "", "dist": ""}, {"player": "manny pina", "game": "mil @ cin", "gameIdx": 0, "hr/park": "", "pa": "40", "dt": "", "img": "https://www.mlbstatic.com/team-logos/158.svg", "team": "mil", "start": "", "in": "5", "result": "Double", "evo": "", "la": "", "dist": ""}, {"player": "keston hiura", "game": "mil @ cin", "gameIdx": 0, "hr/park": "", "pa": "39", "dt": "", "img": "https://www.mlbstatic.com/team-logos/158.svg", "team": "mil", "start": "", "in": "5", "result": "Single", "evo": "", "la": "", "dist": ""}, {"player": "yasmani grandal", "game": "mil @ cin", "gameIdx": 0, "hr/park": "", "pa": "38", "dt": "", "img": "https://www.mlbstatic.com/team-logos/158.svg", "team": "mil", "start": "", "in": "5", "result": "Walk", "evo": "", "la": "", "dist": ""}, {"player": "trent grisham", "game": "mil @ cin", "gameIdx": 0, "hr/park": "", "pa": "37", "dt": "", "img": "https://www.mlbstatic.com/team-logos/158.svg", "team": "mil", "start": "", "in": "5", "result": "Flyout", "evo": "", "la": "", "dist": ""}, {"player": "luis castillo", "game": "mil @ cin", "gameIdx": 0, "hr/park": "", "pa": "36", "dt": "", "img": "https://www.mlbstatic.com/team-logos/113.svg", "team": "cin", "start": "", "in": "4", "result": "Groundout", "evo": "", "la": "", "dist": ""}, {"player": "curt casali", "game": "mil @ cin", "gameIdx": 0, "hr/park": "", "pa": "35", "dt": "", "img": "https://www.mlbstatic.com/team-logos/113.svg", "team": "cin", "start": "", "in": "4", "result": "Pop Out", "evo": "", "la": "", "dist": ""}, {"player": "kyle farmer", "game": "mil @ cin", "gameIdx": 0, "hr/park": "", "pa": "34", "dt": "", "img": "https://www.mlbstatic.com/team-logos/113.svg", "team": "cin", "start": "", "in": "4", "result": "Lineout", "evo": "", "la": "", "dist": ""}, {"player": "jose iglesias", "game": "mil @ cin", "gameIdx": 0, "hr/park": "", "pa": "33", "dt": "", "img": "https://www.mlbstatic.com/team-logos/113.svg", "team": "cin", "start": "", "in": "4", "result": "Field Error", "evo": "", "la": "", "dist": ""}, {"player": "chase anderson", "game": "mil @ cin", "gameIdx": 0, "hr/park": "", "pa": "32", "dt": "", "img": "https://www.mlbstatic.com/team-logos/158.svg", "team": "mil", "start": "", "in": "4", "result": "Strikeout", "evo": "", "la": "", "dist": ""}, {"player": "ben gamel", "game": "mil @ cin", "gameIdx": 0, "hr/park": "", "pa": "31", "dt": "", "img": "https://www.mlbstatic.com/team-logos/158.svg", "team": "mil", "start": "", "in": "4", "result": "Double", "evo": "", "la": "", "dist": ""}, {"player": "orlando arcia", "game": "mil @ cin", "gameIdx": 0, "hr/park": "", "pa": "30", "dt": "", "img": "https://www.mlbstatic.com/team-logos/158.svg", "team": "mil", "start": "", "in": "4", "result": "Double", "evo": "", "la": "", "dist": ""}, {"player": "travis shaw", "game": "mil @ cin", "gameIdx": 0, "hr/park": "", "pa": "29", "dt": "", "img": "https://www.mlbstatic.com/team-logos/158.svg", "team": "mil", "start": "", "in": "4", "result": "Walk", "evo": "", "la": "", "dist": ""}, {"player": "cory spangenberg", "game": "mil @ cin", "gameIdx": 0, "hr/park": "", "pa": "28", "dt": "", "img": "https://www.mlbstatic.com/team-logos/158.svg", "team": "mil", "start": "", "in": "4", "result": "Forceout", "evo": "", "la": "", "dist": ""}, {"player": "manny pina", "game": "mil @ cin", "gameIdx": 0, "hr/park": "", "pa": "27", "dt": "", "img": "https://www.mlbstatic.com/team-logos/158.svg", "team": "mil", "start": "", "in": "4", "result": "Strikeout", "evo": "", "la": "", "dist": ""}, {"player": "keston hiura", "game": "mil @ cin", "gameIdx": 0, "hr/park": "", "pa": "26", "dt": "", "img": "https://www.mlbstatic.com/team-logos/158.svg", "team": "mil", "start": "", "in": "4", "result": "Walk", "evo": "", "la": "", "dist": ""}, {"player": "yasmani grandal", "game": "mil @ cin", "gameIdx": 0, "hr/park": "", "pa": "25", "dt": "", "img": "https://www.mlbstatic.com/team-logos/158.svg", "team": "mil", "start": "", "in": "4", "result": "Walk", "evo": "", "la": "", "dist": ""}, {"player": "phillip ervin", "game": "mil @ cin", "gameIdx": 0, "hr/park": "", "pa": "24", "dt": "", "img": "https://www.mlbstatic.com/team-logos/113.svg", "team": "cin", "start": "", "in": "3", "result": "Groundout", "evo": "", "la": "", "dist": ""}, {"player": "josh vanmeter", "game": "mil @ cin", "gameIdx": 0, "hr/park": "", "pa": "23", "dt": "", "img": "https://www.mlbstatic.com/team-logos/113.svg", "team": "cin", "start": "", "in": "3", "result": "Walk", "evo": "", "la": "", "dist": ""}, {"player": "aristides aquino", "game": "mil @ cin", "gameIdx": 0, "hr/park": "", "pa": "22", "dt": "", "img": "https://www.mlbstatic.com/team-logos/113.svg", "team": "cin", "start": "", "in": "3", "result": "Single", "evo": "", "la": "", "dist": ""}, {"player": "joey votto", "game": "mil @ cin", "gameIdx": 0, "hr/park": "", "pa": "21", "dt": "", "img": "https://www.mlbstatic.com/team-logos/113.svg", "team": "cin", "start": "", "in": "3", "result": "Flyout", "evo": "", "la": "", "dist": ""}, {"player": "jose peraza", "game": "mil @ cin", "gameIdx": 0, "hr/park": "", "pa": "20", "dt": "", "img": "https://www.mlbstatic.com/team-logos/113.svg", "team": "cin", "start": "", "in": "3", "result": "Single", "evo": "", "la": "", "dist": ""}, {"player": "trent grisham", "game": "mil @ cin", "gameIdx": 0, "hr/park": "", "pa": "19", "dt": "", "img": "https://www.mlbstatic.com/team-logos/158.svg", "team": "mil", "start": "", "in": "3", "result": "Flyout", "evo": "", "la": "", "dist": ""}, {"player": "chase anderson", "game": "mil @ cin", "gameIdx": 0, "hr/park": "", "pa": "18", "dt": "", "img": "https://www.mlbstatic.com/team-logos/158.svg", "team": "mil", "start": "", "in": "3", "result": "Strikeout", "evo": "", "la": "", "dist": ""}, {"player": "ben gamel", "game": "mil @ cin", "gameIdx": 0, "hr/park": "", "pa": "17", "dt": "", "img": "https://www.mlbstatic.com/team-logos/158.svg", "team": "mil", "start": "", "in": "3", "result": "Strikeout", "evo": "", "la": "", "dist": ""}, {"player": "orlando arcia", "game": "mil @ cin", "gameIdx": 0, "hr/park": "", "pa": "16", "dt": "", "img": "https://www.mlbstatic.com/team-logos/158.svg", "team": "mil", "start": "", "in": "3", "result": "Single", "evo": "", "la": "", "dist": ""}, {"player": "luis castillo", "game": "mil @ cin", "gameIdx": 0, "hr/park": "", "pa": "15", "dt": "", "img": "https://www.mlbstatic.com/team-logos/113.svg", "team": "cin", "start": "", "in": "2", "result": "Flyout", "evo": "", "la": "", "dist": ""}, {"player": "curt casali", "game": "mil @ cin", "gameIdx": 0, "hr/park": "", "pa": "14", "dt": "", "img": "https://www.mlbstatic.com/team-logos/113.svg", "team": "cin", "start": "", "in": "2", "result": "Flyout", "evo": "", "la": "", "dist": ""}, {"player": "kyle farmer", "game": "mil @ cin", "gameIdx": 0, "hr/park": "", "pa": "13", "dt": "", "img": "https://www.mlbstatic.com/team-logos/113.svg", "team": "cin", "start": "", "in": "2", "result": "Flyout", "evo": "", "la": "", "dist": ""}, {"player": "jose iglesias", "game": "mil @ cin", "gameIdx": 0, "hr/park": "", "pa": "12", "dt": "", "img": "https://www.mlbstatic.com/team-logos/113.svg", "team": "cin", "start": "", "in": "2", "result": "Single", "evo": "", "la": "", "dist": ""}, {"player": "travis shaw", "game": "mil @ cin", "gameIdx": 0, "hr/park": "", "pa": "11", "dt": "", "img": "https://www.mlbstatic.com/team-logos/158.svg", "team": "mil", "start": "", "in": "2", "result": "Strikeout", "evo": "", "la": "", "dist": ""}, {"player": "cory spangenberg", "game": "mil @ cin", "gameIdx": 0, "hr/park": "", "pa": "10", "dt": "", "img": "https://www.mlbstatic.com/team-logos/158.svg", "team": "mil", "start": "", "in": "2", "result": "Strikeout", "evo": "", "la": "", "dist": ""}, {"player": "eric thames", "game": "mil @ cin", "gameIdx": 0, "hr/park": "", "pa": "9", "dt": "", "img": "https://www.mlbstatic.com/team-logos/158.svg", "team": "mil", "start": "", "in": "2", "result": "Groundout", "evo": "", "la": "", "dist": ""}, {"player": "phillip ervin", "game": "mil @ cin", "gameIdx": 0, "hr/park": "", "pa": "8", "dt": "", "img": "https://www.mlbstatic.com/team-logos/113.svg", "team": "cin", "start": "", "in": "1", "result": "Strikeout", "evo": "", "la": "", "dist": ""}, {"player": "josh vanmeter", "game": "mil @ cin", "gameIdx": 0, "hr/park": "", "pa": "7", "dt": "", "img": "https://www.mlbstatic.com/team-logos/113.svg", "team": "cin", "start": "", "in": "1", "result": "Walk", "evo": "", "la": "", "dist": ""}, {"player": "aristides aquino", "game": "mil @ cin", "gameIdx": 0, "hr/park": "", "pa": "6", "dt": "", "img": "https://www.mlbstatic.com/team-logos/113.svg", "team": "cin", "start": "", "in": "1", "result": "Home Run", "evo": "", "la": "", "dist": ""}, {"player": "joey votto", "game": "mil @ cin", "gameIdx": 0, "hr/park": "", "pa": "5", "dt": "", "img": "https://www.mlbstatic.com/team-logos/113.svg", "team": "cin", "start": "", "in": "1", "result": "Strikeout", "evo": "", "la": "", "dist": ""}, {"player": "jose peraza", "game": "mil @ cin", "gameIdx": 0, "hr/park": "", "pa": "4", "dt": "", "img": "https://www.mlbstatic.com/team-logos/113.svg", "team": "cin", "start": "", "in": "1", "result": "Pop Out", "evo": "", "la": "", "dist": ""}, {"player": "keston hiura", "game": "mil @ cin", "gameIdx": 0, "hr/park": "", "pa": "3", "dt": "", "img": "https://www.mlbstatic.com/team-logos/158.svg", "team": "mil", "start": "", "in": "1", "result": "Groundout", "evo": "", "la": "", "dist": ""}, {"player": "yasmani grandal", "game": "mil @ cin", "gameIdx": 0, "hr/park": "", "pa": "2", "dt": "", "img": "https://www.mlbstatic.com/team-logos/158.svg", "team": "mil", "start": "", "in": "1", "result": "Strikeout", "evo": "", "la": "", "dist": ""}, {"player": "trent grisham", "game": "mil @ cin", "gameIdx": 0, "hr/park": "", "pa": "1", "dt": "", "img": "https://www.mlbstatic.com/team-logos/158.svg", "team": "mil", "start": "", "in": "1", "result": "Flyout", "evo": "", "la": "", "dist": ""}], "min @ det": [{"player": "dawel lugo", "game": "min @ det", "gameIdx": 0, "hr/park": "0/30", "pa": "85", "dt": "", "img": "https://www.mlbstatic.com/team-logos/116.svg", "team": "det", "start": "", "in": "9", "result": "Flyout", "evo": "91.0", "la": "40", "dist": "304"}, {"player": "ronny rodriguez", "game": "min @ det", "gameIdx": 0, "hr/park": "", "pa": "84", "dt": "", "img": "https://www.mlbstatic.com/team-logos/116.svg", "team": "det", "start": "", "in": "9", "result": "Lineout", "evo": "83.0", "la": "20", "dist": "270"}, {"player": "miguel cabrera", "game": "min @ det", "gameIdx": 0, "hr/park": "", "pa": "83", "dt": "", "img": "https://www.mlbstatic.com/team-logos/116.svg", "team": "det", "start": "", "in": "9", "result": "Strikeout", "evo": "", "la": "", "dist": ""}, {"player": "lamonte wade", "game": "min @ det", "gameIdx": 0, "hr/park": "", "pa": "82", "dt": "", "img": "https://www.mlbstatic.com/team-logos/142.svg", "team": "min", "start": "", "in": "9", "result": "Strikeout", "evo": "", "la": "", "dist": ""}, {"player": "ryan lamarre", "game": "min @ det", "gameIdx": 0, "hr/park": "", "pa": "81", "dt": "", "img": "https://www.mlbstatic.com/team-logos/142.svg", "team": "min", "start": "", "in": "9", "result": "Pop Out", "evo": "91.0", "la": "68", "dist": "137"}, {"player": "jason castro", "game": "min @ det", "gameIdx": 0, "hr/park": "", "pa": "80", "dt": "", "img": "https://www.mlbstatic.com/team-logos/142.svg", "team": "min", "start": "", "in": "9", "result": "Strikeout", "evo": "", "la": "", "dist": ""}, {"player": "brandon dixon", "game": "min @ det", "gameIdx": 0, "hr/park": "", "pa": "79", "dt": "", "img": "https://www.mlbstatic.com/team-logos/116.svg", "team": "det", "start": "", "in": "8", "result": "Strikeout", "evo": "", "la": "", "dist": ""}, {"player": "victor reyes", "game": "min @ det", "gameIdx": 0, "hr/park": "", "pa": "78", "dt": "", "img": "https://www.mlbstatic.com/team-logos/116.svg", "team": "det", "start": "", "in": "8", "result": "Walk", "evo": "", "la": "", "dist": ""}, {"player": "willi castro", "game": "min @ det", "gameIdx": 0, "hr/park": "", "pa": "77", "dt": "", "img": "https://www.mlbstatic.com/team-logos/116.svg", "team": "det", "start": "", "in": "8", "result": "Single", "evo": "97.8", "la": "7", "dist": "123"}, {"player": "jake rogers", "game": "min @ det", "gameIdx": 0, "hr/park": "", "pa": "76", "dt": "", "img": "https://www.mlbstatic.com/team-logos/116.svg", "team": "det", "start": "", "in": "8", "result": "Strikeout", "evo": "", "la": "", "dist": ""}, {"player": "travis demeritte", "game": "min @ det", "gameIdx": 0, "hr/park": "", "pa": "75", "dt": "", "img": "https://www.mlbstatic.com/team-logos/116.svg", "team": "det", "start": "", "in": "8", "result": "Strikeout", "evo": "", "la": "", "dist": ""}, {"player": "jonathan schoop", "game": "min @ det", "gameIdx": 0, "hr/park": "", "pa": "74", "dt": "", "img": "https://www.mlbstatic.com/team-logos/142.svg", "team": "min", "start": "", "in": "8", "result": "Strikeout", "evo": "", "la": "", "dist": ""}, {"player": "jake cave", "game": "min @ det", "gameIdx": 0, "hr/park": "", "pa": "73", "dt": "", "img": "https://www.mlbstatic.com/team-logos/142.svg", "team": "min", "start": "", "in": "8", "result": "Single", "evo": "82.0", "la": "21", "dist": "265"}, {"player": "willians astudillo", "game": "min @ det", "gameIdx": 0, "hr/park": "29/30", "pa": "72", "dt": "", "img": "https://www.mlbstatic.com/team-logos/142.svg", "team": "min", "start": "", "in": "8", "result": "Home Run", "evo": "101.5", "la": "21", "dist": "380"}, {"player": "luis arraez", "game": "min @ det", "gameIdx": 0, "hr/park": "", "pa": "71", "dt": "", "img": "https://www.mlbstatic.com/team-logos/142.svg", "team": "min", "start": "", "in": "8", "result": "Flyout", "evo": "82.8", "la": "39", "dist": "290"}, {"player": "ian miller", "game": "min @ det", "gameIdx": 0, "hr/park": "0/30", "pa": "70", "dt": "", "img": "https://www.mlbstatic.com/team-logos/142.svg", "team": "min", "start": "", "in": "8", "result": "Flyout", "evo": "90.0", "la": "35", "dist": "333"}, {"player": "john hicks", "game": "min @ det", "gameIdx": 0, "hr/park": "", "pa": "69", "dt": "", "img": "https://www.mlbstatic.com/team-logos/116.svg", "team": "det", "start": "", "in": "7", "result": "Flyout", "evo": "86.6", "la": "37", "dist": "269"}, {"player": "dawel lugo", "game": "min @ det", "gameIdx": 0, "hr/park": "", "pa": "68", "dt": "", "img": "https://www.mlbstatic.com/team-logos/116.svg", "team": "det", "start": "", "in": "7", "result": "Lineout", "evo": "74.3", "la": "15", "dist": "174"}, {"player": "ronny rodriguez", "game": "min @ det", "gameIdx": 0, "hr/park": "", "pa": "67", "dt": "", "img": "https://www.mlbstatic.com/team-logos/116.svg", "team": "det", "start": "", "in": "7", "result": "Strikeout", "evo": "", "la": "", "dist": ""}, {"player": "ronald torreyes", "game": "min @ det", "gameIdx": 0, "hr/park": "", "pa": "66", "dt": "", "img": "https://www.mlbstatic.com/team-logos/142.svg", "team": "min", "start": "", "in": "7", "result": "Groundout", "evo": "", "la": "", "dist": ""}, {"player": "lamonte wade", "game": "min @ det", "gameIdx": 0, "hr/park": "", "pa": "65", "dt": "", "img": "https://www.mlbstatic.com/team-logos/142.svg", "team": "min", "start": "", "in": "7", "result": "Single", "evo": "", "la": "", "dist": ""}, {"player": "ryan lamarre", "game": "min @ det", "gameIdx": 0, "hr/park": "", "pa": "64", "dt": "", "img": "https://www.mlbstatic.com/team-logos/142.svg", "team": "min", "start": "", "in": "7", "result": "Forceout", "evo": "65.9", "la": "-20", "dist": "9"}, {"player": "jason castro", "game": "min @ det", "gameIdx": 0, "hr/park": "", "pa": "63", "dt": "", "img": "https://www.mlbstatic.com/team-logos/142.svg", "team": "min", "start": "", "in": "7", "result": "Walk", "evo": "", "la": "", "dist": ""}, {"player": "jonathan schoop", "game": "min @ det", "gameIdx": 0, "hr/park": "23/30", "pa": "62", "dt": "", "img": "https://www.mlbstatic.com/team-logos/142.svg", "team": "min", "start": "", "in": "7", "result": "Home Run", "evo": "104.6", "la": "44", "dist": "371"}, {"player": "jake cave", "game": "min @ det", "gameIdx": 0, "hr/park": "", "pa": "61", "dt": "", "img": "https://www.mlbstatic.com/team-logos/142.svg", "team": "min", "start": "", "in": "7", "result": "Strikeout", "evo": "", "la": "", "dist": ""}, {"player": "willians astudillo", "game": "min @ det", "gameIdx": 0, "hr/park": "", "pa": "60", "dt": "", "img": "https://www.mlbstatic.com/team-logos/142.svg", "team": "min", "start": "", "in": "7", "result": "Single", "evo": "103.1", "la": "4", "dist": "102"}, {"player": "miguel cabrera", "game": "min @ det", "gameIdx": 0, "hr/park": "", "pa": "59", "dt": "", "img": "https://www.mlbstatic.com/team-logos/116.svg", "team": "det", "start": "", "in": "6", "result": "Strikeout", "evo": "", "la": "", "dist": ""}, {"player": "brandon dixon", "game": "min @ det", "gameIdx": 0, "hr/park": "", "pa": "58", "dt": "", "img": "https://www.mlbstatic.com/team-logos/116.svg", "team": "det", "start": "", "in": "6", "result": "Strikeout", "evo": "", "la": "", "dist": ""}, {"player": "victor reyes", "game": "min @ det", "gameIdx": 0, "hr/park": "", "pa": "57", "dt": "", "img": "https://www.mlbstatic.com/team-logos/116.svg", "team": "det", "start": "", "in": "6", "result": "Single", "evo": "101.0", "la": "8", "dist": "138"}, {"player": "willi castro", "game": "min @ det", "gameIdx": 0, "hr/park": "", "pa": "56", "dt": "", "img": "https://www.mlbstatic.com/team-logos/116.svg", "team": "det", "start": "", "in": "6", "result": "Triple", "evo": "96.5", "la": "16", "dist": "225"}, {"player": "jake rogers", "game": "min @ det", "gameIdx": 0, "hr/park": "", "pa": "55", "dt": "", "img": "https://www.mlbstatic.com/team-logos/116.svg", "team": "det", "start": "", "in": "6", "result": "Flyout", "evo": "89.6", "la": "47", "dist": "287"}, {"player": "luis arraez", "game": "min @ det", "gameIdx": 0, "hr/park": "0/30", "pa": "54", "dt": "", "img": "https://www.mlbstatic.com/team-logos/142.svg", "team": "min", "start": "", "in": "6", "result": "Flyout", "evo": "97.7", "la": "32", "dist": "356"}, {"player": "ian miller", "game": "min @ det", "gameIdx": 0, "hr/park": "", "pa": "53", "dt": "", "img": "https://www.mlbstatic.com/team-logos/142.svg", "team": "min", "start": "", "in": "6", "result": "Pop Out", "evo": "76.8", "la": "64", "dist": "146"}, {"player": "ronald torreyes", "game": "min @ det", "gameIdx": 0, "hr/park": "", "pa": "52", "dt": "", "img": "https://www.mlbstatic.com/team-logos/142.svg", "team": "min", "start": "", "in": "6", "result": "Strikeout", "evo": "", "la": "", "dist": ""}, {"player": "travis demeritte", "game": "min @ det", "gameIdx": 0, "hr/park": "", "pa": "51", "dt": "", "img": "https://www.mlbstatic.com/team-logos/116.svg", "team": "det", "start": "", "in": "5", "result": "Flyout", "evo": "94.2", "la": "45", "dist": "296"}, {"player": "john hicks", "game": "min @ det", "gameIdx": 0, "hr/park": "", "pa": "50", "dt": "", "img": "https://www.mlbstatic.com/team-logos/116.svg", "team": "det", "start": "", "in": "5", "result": "Strikeout", "evo": "", "la": "", "dist": ""}, {"player": "dawel lugo", "game": "min @ det", "gameIdx": 0, "hr/park": "", "pa": "49", "dt": "", "img": "https://www.mlbstatic.com/team-logos/116.svg", "team": "det", "start": "", "in": "5", "result": "Single", "evo": "93.1", "la": "12", "dist": "181"}, {"player": "ronny rodriguez", "game": "min @ det", "gameIdx": 0, "hr/park": "", "pa": "48", "dt": "", "img": "https://www.mlbstatic.com/team-logos/116.svg", "team": "det", "start": "", "in": "5", "result": "Flyout", "evo": "94.7", "la": "48", "dist": "295"}, {"player": "miguel cabrera", "game": "min @ det", "gameIdx": 0, "hr/park": "", "pa": "47", "dt": "", "img": "https://www.mlbstatic.com/team-logos/116.svg", "team": "det", "start": "", "in": "5", "result": "Single", "evo": "99.6", "la": "8", "dist": "133"}, {"player": "lamonte wade", "game": "min @ det", "gameIdx": 0, "hr/park": "", "pa": "46", "dt": "", "img": "https://www.mlbstatic.com/team-logos/142.svg", "team": "min", "start": "", "in": "5", "result": "Strikeout", "evo": "", "la": "", "dist": ""}, {"player": "ryan lamarre", "game": "min @ det", "gameIdx": 0, "hr/park": "", "pa": "45", "dt": "", "img": "https://www.mlbstatic.com/team-logos/142.svg", "team": "min", "start": "", "in": "5", "result": "Walk", "evo": "", "la": "", "dist": ""}, {"player": "jason castro", "game": "min @ det", "gameIdx": 0, "hr/park": "", "pa": "44", "dt": "", "img": "https://www.mlbstatic.com/team-logos/142.svg", "team": "min", "start": "", "in": "5", "result": "Single", "evo": "105.6", "la": "10", "dist": "221"}, {"player": "jonathan schoop", "game": "min @ det", "gameIdx": 0, "hr/park": "", "pa": "43", "dt": "", "img": "https://www.mlbstatic.com/team-logos/142.svg", "team": "min", "start": "", "in": "5", "result": "Groundout", "evo": "83.7", "la": "-23", "dist": "7"}, {"player": "jake cave", "game": "min @ det", "gameIdx": 0, "hr/park": "0/30", "pa": "42", "dt": "", "img": "https://www.mlbstatic.com/team-logos/142.svg", "team": "min", "start": "", "in": "5", "result": "Triple", "evo": "103.6", "la": "24", "dist": "374"}, {"player": "willians astudillo", "game": "min @ det", "gameIdx": 0, "hr/park": "", "pa": "41", "dt": "", "img": "https://www.mlbstatic.com/team-logos/142.svg", "team": "min", "start": "", "in": "5", "result": "Single", "evo": "93.3", "la": "10", "dist": "213"}, {"player": "luis arraez", "game": "min @ det", "gameIdx": 0, "hr/park": "", "pa": "40", "dt": "", "img": "https://www.mlbstatic.com/team-logos/142.svg", "team": "min", "start": "", "in": "5", "result": "Fielders Choice Out", "evo": "", "la": "", "dist": ""}, {"player": "ian miller", "game": "min @ det", "gameIdx": 0, "hr/park": "", "pa": "39", "dt": "", "img": "https://www.mlbstatic.com/team-logos/142.svg", "team": "min", "start": "", "in": "5", "result": "Single", "evo": "96.4", "la": "15", "dist": "253"}, {"player": "ronald torreyes", "game": "min @ det", "gameIdx": 0, "hr/park": "", "pa": "38", "dt": "", "img": "https://www.mlbstatic.com/team-logos/142.svg", "team": "min", "start": "", "in": "5", "result": "Field Error", "evo": "83.8", "la": "1", "dist": "44"}, {"player": "brandon dixon", "game": "min @ det", "gameIdx": 0, "hr/park": "", "pa": "37", "dt": "", "img": "https://www.mlbstatic.com/team-logos/116.svg", "team": "det", "start": "", "in": "4", "result": "Flyout", "evo": "83.7", "la": "35", "dist": "286"}, {"player": "victor reyes", "game": "min @ det", "gameIdx": 0, "hr/park": "", "pa": "36", "dt": "", "img": "https://www.mlbstatic.com/team-logos/116.svg", "team": "det", "start": "", "in": "4", "result": "Single", "evo": "98.6", "la": "5", "dist": "153"}, {"player": "willi castro", "game": "min @ det", "gameIdx": 0, "hr/park": "", "pa": "35", "dt": "", "img": "https://www.mlbstatic.com/team-logos/116.svg", "team": "det", "start": "", "in": "4", "result": "Single", "evo": "94.7", "la": "12", "dist": "247"}, {"player": "jake rogers", "game": "min @ det", "gameIdx": 0, "hr/park": "", "pa": "34", "dt": "", "img": "https://www.mlbstatic.com/team-logos/116.svg", "team": "det", "start": "", "in": "4", "result": "Pop Out", "evo": "", "la": "", "dist": ""}, {"player": "travis demeritte", "game": "min @ det", "gameIdx": 0, "hr/park": "", "pa": "33", "dt": "", "img": "https://www.mlbstatic.com/team-logos/116.svg", "team": "det", "start": "", "in": "4", "result": "Double", "evo": "105.6", "la": "9", "dist": "173"}, {"player": "john hicks", "game": "min @ det", "gameIdx": 0, "hr/park": "", "pa": "32", "dt": "", "img": "https://www.mlbstatic.com/team-logos/116.svg", "team": "det", "start": "", "in": "4", "result": "Groundout", "evo": "83.2", "la": "3", "dist": "59"}, {"player": "lamonte wade", "game": "min @ det", "gameIdx": 0, "hr/park": "", "pa": "31", "dt": "", "img": "https://www.mlbstatic.com/team-logos/142.svg", "team": "min", "start": "", "in": "4", "result": "Groundout", "evo": "93.8", "la": "5", "dist": "102"}, {"player": "ryan lamarre", "game": "min @ det", "gameIdx": 0, "hr/park": "", "pa": "30", "dt": "", "img": "https://www.mlbstatic.com/team-logos/142.svg", "team": "min", "start": "", "in": "4", "result": "Forceout", "evo": "", "la": "", "dist": ""}, {"player": "jason castro", "game": "min @ det", "gameIdx": 0, "hr/park": "", "pa": "29", "dt": "", "img": "https://www.mlbstatic.com/team-logos/142.svg", "team": "min", "start": "", "in": "4", "result": "Walk", "evo": "", "la": "", "dist": ""}, {"player": "jonathan schoop", "game": "min @ det", "gameIdx": 0, "hr/park": "", "pa": "28", "dt": "", "img": "https://www.mlbstatic.com/team-logos/142.svg", "team": "min", "start": "", "in": "4", "result": "Single", "evo": "84.0", "la": "13", "dist": "169"}, {"player": "jake cave", "game": "min @ det", "gameIdx": 0, "hr/park": "", "pa": "27", "dt": "", "img": "https://www.mlbstatic.com/team-logos/142.svg", "team": "min", "start": "", "in": "4", "result": "Groundout", "evo": "62.4", "la": "-39", "dist": "5"}, {"player": "willians astudillo", "game": "min @ det", "gameIdx": 0, "hr/park": "", "pa": "26", "dt": "", "img": "https://www.mlbstatic.com/team-logos/142.svg", "team": "min", "start": "", "in": "4", "result": "Single", "evo": "82.8", "la": "18", "dist": "273"}, {"player": "dawel lugo", "game": "min @ det", "gameIdx": 0, "hr/park": "", "pa": "25", "dt": "", "img": "https://www.mlbstatic.com/team-logos/116.svg", "team": "det", "start": "", "in": "3", "result": "Groundout", "evo": "69.0", "la": "-36", "dist": "5"}, {"player": "ronny rodriguez", "game": "min @ det", "gameIdx": 0, "hr/park": "", "pa": "24", "dt": "", "img": "https://www.mlbstatic.com/team-logos/116.svg", "team": "det", "start": "", "in": "3", "result": "Lineout", "evo": "84.6", "la": "12", "dist": "151"}, {"player": "miguel cabrera", "game": "min @ det", "gameIdx": 0, "hr/park": "", "pa": "23", "dt": "", "img": "https://www.mlbstatic.com/team-logos/116.svg", "team": "det", "start": "", "in": "3", "result": "Groundout", "evo": "99.5", "la": "-5", "dist": "24"}, {"player": "brandon dixon", "game": "min @ det", "gameIdx": 0, "hr/park": "7/30", "pa": "22", "dt": "", "img": "https://www.mlbstatic.com/team-logos/116.svg", "team": "det", "start": "", "in": "3", "result": "Triple", "evo": "100.3", "la": "32", "dist": "393"}, {"player": "luis arraez", "game": "min @ det", "gameIdx": 0, "hr/park": "0/30", "pa": "21", "dt": "", "img": "https://www.mlbstatic.com/team-logos/142.svg", "team": "min", "start": "", "in": "3", "result": "Flyout", "evo": "85.4", "la": "36", "dist": "341"}, {"player": "ian miller", "game": "min @ det", "gameIdx": 0, "hr/park": "", "pa": "20", "dt": "", "img": "https://www.mlbstatic.com/team-logos/142.svg", "team": "min", "start": "", "in": "3", "result": "Single", "evo": "96.0", "la": "-1", "dist": "36"}, {"player": "ronald torreyes", "game": "min @ det", "gameIdx": 0, "hr/park": "", "pa": "19", "dt": "", "img": "https://www.mlbstatic.com/team-logos/142.svg", "team": "min", "start": "", "in": "3", "result": "Single", "evo": "91.1", "la": "-7", "dist": "15"}, {"player": "lamonte wade", "game": "min @ det", "gameIdx": 0, "hr/park": "", "pa": "18", "dt": "", "img": "https://www.mlbstatic.com/team-logos/142.svg", "team": "min", "start": "", "in": "3", "result": "Groundout", "evo": "76.2", "la": "-44", "dist": "4"}, {"player": "ryan lamarre", "game": "min @ det", "gameIdx": 0, "hr/park": "", "pa": "17", "dt": "", "img": "https://www.mlbstatic.com/team-logos/142.svg", "team": "min", "start": "", "in": "3", "result": "Flyout", "evo": "90.8", "la": "52", "dist": "264"}, {"player": "victor reyes", "game": "min @ det", "gameIdx": 0, "hr/park": "0/30", "pa": "16", "dt": "", "img": "https://www.mlbstatic.com/team-logos/116.svg", "team": "det", "start": "", "in": "2", "result": "Lineout", "evo": "92.9", "la": "24", "dist": "317"}, {"player": "willi castro", "game": "min @ det", "gameIdx": 0, "hr/park": "", "pa": "15", "dt": "", "img": "https://www.mlbstatic.com/team-logos/116.svg", "team": "det", "start": "", "in": "2", "result": "Strikeout", "evo": "", "la": "", "dist": ""}, {"player": "jake rogers", "game": "min @ det", "gameIdx": 0, "hr/park": "", "pa": "14", "dt": "", "img": "https://www.mlbstatic.com/team-logos/116.svg", "team": "det", "start": "", "in": "2", "result": "Single", "evo": "73.6", "la": "17", "dist": "159"}, {"player": "travis demeritte", "game": "min @ det", "gameIdx": 0, "hr/park": "", "pa": "13", "dt": "", "img": "https://www.mlbstatic.com/team-logos/116.svg", "team": "det", "start": "", "in": "2", "result": "Single", "evo": "93.5", "la": "5", "dist": "124"}, {"player": "john hicks", "game": "min @ det", "gameIdx": 0, "hr/park": "0/30", "pa": "12", "dt": "", "img": "https://www.mlbstatic.com/team-logos/116.svg", "team": "det", "start": "", "in": "2", "result": "Flyout", "evo": "84.7", "la": "34", "dist": "305"}, {"player": "jason castro", "game": "min @ det", "gameIdx": 0, "hr/park": "", "pa": "11", "dt": "", "img": "https://www.mlbstatic.com/team-logos/142.svg", "team": "min", "start": "", "in": "2", "result": "Strikeout", "evo": "", "la": "", "dist": ""}, {"player": "jonathan schoop", "game": "min @ det", "gameIdx": 0, "hr/park": "", "pa": "10", "dt": "", "img": "https://www.mlbstatic.com/team-logos/142.svg", "team": "min", "start": "", "in": "2", "result": "Strikeout", "evo": "", "la": "", "dist": ""}, {"player": "jake cave", "game": "min @ det", "gameIdx": 0, "hr/park": "", "pa": "9", "dt": "", "img": "https://www.mlbstatic.com/team-logos/142.svg", "team": "min", "start": "", "in": "2", "result": "Lineout", "evo": "82.5", "la": "14", "dist": "177"}, {"player": "dawel lugo", "game": "min @ det", "gameIdx": 0, "hr/park": "", "pa": "8", "dt": "", "img": "https://www.mlbstatic.com/team-logos/116.svg", "team": "det", "start": "", "in": "1", "result": "Flyout", "evo": "76.6", "la": "38", "dist": "266"}, {"player": "ronny rodriguez", "game": "min @ det", "gameIdx": 0, "hr/park": "", "pa": "7", "dt": "", "img": "https://www.mlbstatic.com/team-logos/116.svg", "team": "det", "start": "", "in": "1", "result": "Single", "evo": "107.5", "la": "14", "dist": "258"}, {"player": "miguel cabrera", "game": "min @ det", "gameIdx": 0, "hr/park": "", "pa": "6", "dt": "", "img": "https://www.mlbstatic.com/team-logos/116.svg", "team": "det", "start": "", "in": "1", "result": "Strikeout", "evo": "", "la": "", "dist": ""}, {"player": "brandon dixon", "game": "min @ det", "gameIdx": 0, "hr/park": "", "pa": "5", "dt": "", "img": "https://www.mlbstatic.com/team-logos/116.svg", "team": "det", "start": "", "in": "1", "result": "Single", "evo": "83.9", "la": "-5", "dist": "30"}, {"player": "victor reyes", "game": "min @ det", "gameIdx": 0, "hr/park": "", "pa": "4", "dt": "", "img": "https://www.mlbstatic.com/team-logos/116.svg", "team": "det", "start": "", "in": "1", "result": "Strikeout", "evo": "", "la": "", "dist": ""}, {"player": "willians astudillo", "game": "min @ det", "gameIdx": 0, "hr/park": "", "pa": "3", "dt": "", "img": "https://www.mlbstatic.com/team-logos/142.svg", "team": "min", "start": "", "in": "1", "result": "Groundout", "evo": "46.7", "la": "30", "dist": "97"}, {"player": "luis arraez", "game": "min @ det", "gameIdx": 0, "hr/park": "0/30", "pa": "2", "dt": "", "img": "https://www.mlbstatic.com/team-logos/142.svg", "team": "min", "start": "", "in": "1", "result": "Flyout", "evo": "94.8", "la": "29", "dist": "341"}, {"player": "ian miller", "game": "min @ det", "gameIdx": 0, "hr/park": "", "pa": "1", "dt": "", "img": "https://www.mlbstatic.com/team-logos/142.svg", "team": "min", "start": "", "in": "1", "result": "Flyout", "evo": "85.2", "la": "35", "dist": "295"}], "bos @ tex": [], "lad @ sd": [{"player": "seth mejias brean", "game": "lad @ sd", "gameIdx": 0, "hr/park": "", "pa": "65", "dt": "", "img": "https://www.mlbstatic.com/team-logos/135.svg", "team": "sd", "start": "", "in": "9", "result": "Pop Out", "evo": "73.7", "la": "59", "dist": "160"}, {"player": "hunter renfroe", "game": "lad @ sd", "gameIdx": 0, "hr/park": "", "pa": "64", "dt": "", "img": "https://www.mlbstatic.com/team-logos/135.svg", "team": "sd", "start": "", "in": "9", "result": "Strikeout", "evo": "", "la": "", "dist": ""}, {"player": "manny machado", "game": "lad @ sd", "gameIdx": 0, "hr/park": "", "pa": "63", "dt": "", "img": "https://www.mlbstatic.com/team-logos/135.svg", "team": "sd", "start": "", "in": "9", "result": "Strikeout", "evo": "", "la": "", "dist": ""}, {"player": "wil myers", "game": "lad @ sd", "gameIdx": 0, "hr/park": "", "pa": "62", "dt": "", "img": "https://www.mlbstatic.com/team-logos/135.svg", "team": "sd", "start": "", "in": "9", "result": "Single", "evo": "104.5", "la": "2", "dist": "77"}, {"player": "will smith", "game": "lad @ sd", "gameIdx": 0, "hr/park": "", "pa": "61", "dt": "", "img": "https://www.mlbstatic.com/team-logos/119.svg", "team": "lad", "start": "", "in": "9", "result": "Strikeout", "evo": "", "la": "", "dist": ""}, {"player": "enrique hernandez", "game": "lad @ sd", "gameIdx": 0, "hr/park": "", "pa": "60", "dt": "", "img": "https://www.mlbstatic.com/team-logos/119.svg", "team": "lad", "start": "", "in": "9", "result": "GIDP", "evo": "91.6", "la": "-13", "dist": "10"}, {"player": "max muncy", "game": "lad @ sd", "gameIdx": 0, "hr/park": "", "pa": "59", "dt": "", "img": "https://www.mlbstatic.com/team-logos/119.svg", "team": "lad", "start": "", "in": "9", "result": "Single", "evo": "98.5", "la": "-8", "dist": "13"}, {"player": "manuel margot", "game": "lad @ sd", "gameIdx": 0, "hr/park": "", "pa": "58", "dt": "", "img": "https://www.mlbstatic.com/team-logos/135.svg", "team": "sd", "start": "", "in": "8", "result": "Pop Out", "evo": "83.3", "la": "87", "dist": "22"}, {"player": "eric hosmer", "game": "lad @ sd", "gameIdx": 0, "hr/park": "", "pa": "57", "dt": "", "img": "https://www.mlbstatic.com/team-logos/135.svg", "team": "sd", "start": "", "in": "8", "result": "Strikeout", "evo": "", "la": "", "dist": ""}, {"player": "francisco mejia", "game": "lad @ sd", "gameIdx": 0, "hr/park": "", "pa": "56", "dt": "", "img": "https://www.mlbstatic.com/team-logos/135.svg", "team": "sd", "start": "", "in": "8", "result": "Lineout", "evo": "84.8", "la": "22", "dist": "284"}, {"player": "greg garcia", "game": "lad @ sd", "gameIdx": 0, "hr/park": "", "pa": "55", "dt": "", "img": "https://www.mlbstatic.com/team-logos/135.svg", "team": "sd", "start": "", "in": "8", "result": "Walk", "evo": "", "la": "", "dist": ""}, {"player": "chris taylor", "game": "lad @ sd", "gameIdx": 0, "hr/park": "", "pa": "54", "dt": "", "img": "https://www.mlbstatic.com/team-logos/119.svg", "team": "lad", "start": "", "in": "8", "result": "Strikeout", "evo": "", "la": "", "dist": ""}, {"player": "aj pollock", "game": "lad @ sd", "gameIdx": 0, "hr/park": "", "pa": "53", "dt": "", "img": "https://www.mlbstatic.com/team-logos/119.svg", "team": "lad", "start": "", "in": "8", "result": "Strikeout", "evo": "", "la": "", "dist": ""}, {"player": "gavin lux", "game": "lad @ sd", "gameIdx": 0, "hr/park": "", "pa": "52", "dt": "", "img": "https://www.mlbstatic.com/team-logos/119.svg", "team": "lad", "start": "", "in": "8", "result": "Strikeout", "evo": "", "la": "", "dist": ""}, {"player": "ty france", "game": "lad @ sd", "gameIdx": 0, "hr/park": "", "pa": "51", "dt": "", "img": "https://www.mlbstatic.com/team-logos/135.svg", "team": "sd", "start": "", "in": "7", "result": "Strikeout", "evo": "", "la": "", "dist": ""}, {"player": "seth mejias brean", "game": "lad @ sd", "gameIdx": 0, "hr/park": "", "pa": "50", "dt": "", "img": "https://www.mlbstatic.com/team-logos/135.svg", "team": "sd", "start": "", "in": "7", "result": "Strikeout", "evo": "", "la": "", "dist": ""}, {"player": "hunter renfroe", "game": "lad @ sd", "gameIdx": 0, "hr/park": "", "pa": "49", "dt": "", "img": "https://www.mlbstatic.com/team-logos/135.svg", "team": "sd", "start": "", "in": "7", "result": "Lineout", "evo": "84.1", "la": "9", "dist": "155"}, {"player": "austin barnes", "game": "lad @ sd", "gameIdx": 0, "hr/park": "", "pa": "48", "dt": "", "img": "https://www.mlbstatic.com/team-logos/119.svg", "team": "lad", "start": "", "in": "7", "result": "Strikeout", "evo": "", "la": "", "dist": ""}, {"player": "matt beaty", "game": "lad @ sd", "gameIdx": 0, "hr/park": "", "pa": "47", "dt": "", "img": "https://www.mlbstatic.com/team-logos/119.svg", "team": "lad", "start": "", "in": "7", "result": "Lineout", "evo": "96.5", "la": "3", "dist": "90"}, {"player": "joc pederson", "game": "lad @ sd", "gameIdx": 0, "hr/park": "0/30", "pa": "46", "dt": "", "img": "https://www.mlbstatic.com/team-logos/119.svg", "team": "lad", "start": "", "in": "7", "result": "Lineout", "evo": "86.5", "la": "22", "dist": "318"}, {"player": "will smith", "game": "lad @ sd", "gameIdx": 0, "hr/park": "", "pa": "45", "dt": "", "img": "https://www.mlbstatic.com/team-logos/119.svg", "team": "lad", "start": "", "in": "7", "result": "Double", "evo": "95.0", "la": "7", "dist": "112"}, {"player": "manny machado", "game": "lad @ sd", "gameIdx": 0, "hr/park": "", "pa": "44", "dt": "", "img": "https://www.mlbstatic.com/team-logos/135.svg", "team": "sd", "start": "", "in": "6", "result": "Strikeout", "evo": "", "la": "", "dist": ""}, {"player": "josh naylor", "game": "lad @ sd", "gameIdx": 0, "hr/park": "", "pa": "43", "dt": "", "img": "https://www.mlbstatic.com/team-logos/135.svg", "team": "sd", "start": "", "in": "6", "result": "Strikeout", "evo": "", "la": "", "dist": ""}, {"player": "manuel margot", "game": "lad @ sd", "gameIdx": 0, "hr/park": "", "pa": "42", "dt": "", "img": "https://www.mlbstatic.com/team-logos/135.svg", "team": "sd", "start": "", "in": "6", "result": "Lineout", "evo": "101.6", "la": "7", "dist": "139"}, {"player": "luis torrens", "game": "lad @ sd", "gameIdx": 0, "hr/park": "", "pa": "41", "dt": "", "img": "https://www.mlbstatic.com/team-logos/135.svg", "team": "sd", "start": "", "in": "6", "result": "Single", "evo": "80.9", "la": "23", "dist": "279"}, {"player": "enrique hernandez", "game": "lad @ sd", "gameIdx": 0, "hr/park": "", "pa": "40", "dt": "", "img": "https://www.mlbstatic.com/team-logos/119.svg", "team": "lad", "start": "", "in": "6", "result": "Strikeout", "evo": "", "la": "", "dist": ""}, {"player": "max muncy", "game": "lad @ sd", "gameIdx": 0, "hr/park": "", "pa": "39", "dt": "", "img": "https://www.mlbstatic.com/team-logos/119.svg", "team": "lad", "start": "", "in": "6", "result": "Single", "evo": "101.8", "la": "14", "dist": "247"}, {"player": "chris taylor", "game": "lad @ sd", "gameIdx": 0, "hr/park": "", "pa": "38", "dt": "", "img": "https://www.mlbstatic.com/team-logos/119.svg", "team": "lad", "start": "", "in": "6", "result": "Walk", "evo": "", "la": "", "dist": ""}, {"player": "aj pollock", "game": "lad @ sd", "gameIdx": 0, "hr/park": "", "pa": "37", "dt": "", "img": "https://www.mlbstatic.com/team-logos/119.svg", "team": "lad", "start": "", "in": "6", "result": "GIDP", "evo": "93.2", "la": "1", "dist": "58"}, {"player": "david freese", "game": "lad @ sd", "gameIdx": 0, "hr/park": "", "pa": "36", "dt": "", "img": "https://www.mlbstatic.com/team-logos/119.svg", "team": "lad", "start": "", "in": "6", "result": "Single", "evo": "102.2", "la": "7", "dist": "129"}, {"player": "austin hedges", "game": "lad @ sd", "gameIdx": 0, "hr/park": "", "pa": "35", "dt": "", "img": "https://www.mlbstatic.com/team-logos/135.svg", "team": "sd", "start": "", "in": "5", "result": "Strikeout", "evo": "", "la": "", "dist": ""}, {"player": "luis urias", "game": "lad @ sd", "gameIdx": 0, "hr/park": "", "pa": "34", "dt": "", "img": "https://www.mlbstatic.com/team-logos/135.svg", "team": "sd", "start": "", "in": "5", "result": "Groundout", "evo": "78.7", "la": "-26", "dist": "5"}, {"player": "ty france", "game": "lad @ sd", "gameIdx": 0, "hr/park": "", "pa": "33", "dt": "", "img": "https://www.mlbstatic.com/team-logos/135.svg", "team": "sd", "start": "", "in": "5", "result": "Strikeout", "evo": "", "la": "", "dist": ""}, {"player": "clayton kershaw", "game": "lad @ sd", "gameIdx": 0, "hr/park": "", "pa": "32", "dt": "", "img": "https://www.mlbstatic.com/team-logos/119.svg", "team": "lad", "start": "", "in": "5", "result": "Strikeout", "evo": "", "la": "", "dist": ""}, {"player": "kristopher negron", "game": "lad @ sd", "gameIdx": 0, "hr/park": "", "pa": "31", "dt": "", "img": "https://www.mlbstatic.com/team-logos/119.svg", "team": "lad", "start": "", "in": "5", "result": "Forceout", "evo": "75.4", "la": "6", "dist": "69"}, {"player": "jedd gyorko", "game": "lad @ sd", "gameIdx": 0, "hr/park": "", "pa": "30", "dt": "", "img": "https://www.mlbstatic.com/team-logos/119.svg", "team": "lad", "start": "", "in": "5", "result": "Strikeout", "evo": "", "la": "", "dist": ""}, {"player": "will smith", "game": "lad @ sd", "gameIdx": 0, "hr/park": "", "pa": "29", "dt": "", "img": "https://www.mlbstatic.com/team-logos/119.svg", "team": "lad", "start": "", "in": "5", "result": "Single", "evo": "94.2", "la": "2", "dist": "62"}, {"player": "seth mejias brean", "game": "lad @ sd", "gameIdx": 0, "hr/park": "", "pa": "28", "dt": "", "img": "https://www.mlbstatic.com/team-logos/135.svg", "team": "sd", "start": "", "in": "4", "result": "Groundout", "evo": "82.0", "la": "-27", "dist": "7"}, {"player": "hunter renfroe", "game": "lad @ sd", "gameIdx": 0, "hr/park": "", "pa": "27", "dt": "", "img": "https://www.mlbstatic.com/team-logos/135.svg", "team": "sd", "start": "", "in": "4", "result": "Flyout", "evo": "90.2", "la": "51", "dist": "270"}, {"player": "manny machado", "game": "lad @ sd", "gameIdx": 0, "hr/park": "", "pa": "26", "dt": "", "img": "https://www.mlbstatic.com/team-logos/135.svg", "team": "sd", "start": "", "in": "4", "result": "Groundout", "evo": "93.1", "la": "-37", "dist": "5"}, {"player": "enrique hernandez", "game": "lad @ sd", "gameIdx": 0, "hr/park": "", "pa": "25", "dt": "", "img": "https://www.mlbstatic.com/team-logos/119.svg", "team": "lad", "start": "", "in": "4", "result": "Groundout", "evo": "89.4", "la": "-3", "dist": "27"}, {"player": "max muncy", "game": "lad @ sd", "gameIdx": 0, "hr/park": "", "pa": "24", "dt": "", "img": "https://www.mlbstatic.com/team-logos/119.svg", "team": "lad", "start": "", "in": "4", "result": "Flyout", "evo": "89.0", "la": "44", "dist": "289"}, {"player": "chris taylor", "game": "lad @ sd", "gameIdx": 0, "hr/park": "", "pa": "23", "dt": "", "img": "https://www.mlbstatic.com/team-logos/119.svg", "team": "lad", "start": "", "in": "4", "result": "Strikeout", "evo": "", "la": "", "dist": ""}, {"player": "josh naylor", "game": "lad @ sd", "gameIdx": 0, "hr/park": "0/30", "pa": "22", "dt": "", "img": "https://www.mlbstatic.com/team-logos/135.svg", "team": "sd", "start": "", "in": "3", "result": "Lineout", "evo": "92.2", "la": "17", "dist": "315"}, {"player": "manuel margot", "game": "lad @ sd", "gameIdx": 0, "hr/park": "", "pa": "21", "dt": "", "img": "https://www.mlbstatic.com/team-logos/135.svg", "team": "sd", "start": "", "in": "3", "result": "Groundout", "evo": "77.1", "la": "-6", "dist": "14"}, {"player": "joey lucchesi", "game": "lad @ sd", "gameIdx": 0, "hr/park": "", "pa": "20", "dt": "", "img": "https://www.mlbstatic.com/team-logos/135.svg", "team": "sd", "start": "", "in": "3", "result": "Strikeout", "evo": "", "la": "", "dist": ""}, {"player": "aj pollock", "game": "lad @ sd", "gameIdx": 0, "hr/park": "", "pa": "19", "dt": "", "img": "https://www.mlbstatic.com/team-logos/119.svg", "team": "lad", "start": "", "in": "3", "result": "Flyout", "evo": "89.7", "la": "49", "dist": "271"}, {"player": "david freese", "game": "lad @ sd", "gameIdx": 0, "hr/park": "", "pa": "18", "dt": "", "img": "https://www.mlbstatic.com/team-logos/119.svg", "team": "lad", "start": "", "in": "3", "result": "Fielders Choice Out", "evo": "80.0", "la": "-4", "dist": "21"}, {"player": "clayton kershaw", "game": "lad @ sd", "gameIdx": 0, "hr/park": "", "pa": "17", "dt": "", "img": "https://www.mlbstatic.com/team-logos/119.svg", "team": "lad", "start": "", "in": "3", "result": "Sac Bunt", "evo": "37.8", "la": "-45", "dist": "6"}, {"player": "kristopher negron", "game": "lad @ sd", "gameIdx": 0, "hr/park": "", "pa": "16", "dt": "", "img": "https://www.mlbstatic.com/team-logos/119.svg", "team": "lad", "start": "", "in": "3", "result": "Field Error", "evo": "42.0", "la": "-52", "dist": "6"}, {"player": "austin hedges", "game": "lad @ sd", "gameIdx": 0, "hr/park": "", "pa": "15", "dt": "", "img": "https://www.mlbstatic.com/team-logos/135.svg", "team": "sd", "start": "", "in": "2", "result": "Strikeout", "evo": "", "la": "", "dist": ""}, {"player": "luis urias", "game": "lad @ sd", "gameIdx": 0, "hr/park": "", "pa": "14", "dt": "", "img": "https://www.mlbstatic.com/team-logos/135.svg", "team": "sd", "start": "", "in": "2", "result": "Strikeout", "evo": "", "la": "", "dist": ""}, {"player": "ty france", "game": "lad @ sd", "gameIdx": 0, "hr/park": "", "pa": "13", "dt": "", "img": "https://www.mlbstatic.com/team-logos/135.svg", "team": "sd", "start": "", "in": "2", "result": "Groundout", "evo": "", "la": "", "dist": ""}, {"player": "jedd gyorko", "game": "lad @ sd", "gameIdx": 0, "hr/park": "", "pa": "12", "dt": "", "img": "https://www.mlbstatic.com/team-logos/119.svg", "team": "lad", "start": "", "in": "2", "result": "Flyout", "evo": "", "la": "", "dist": ""}, {"player": "will smith", "game": "lad @ sd", "gameIdx": 0, "hr/park": "", "pa": "11", "dt": "", "img": "https://www.mlbstatic.com/team-logos/119.svg", "team": "lad", "start": "", "in": "2", "result": "Groundout", "evo": "79.1", "la": "3", "dist": "57"}, {"player": "enrique hernandez", "game": "lad @ sd", "gameIdx": 0, "hr/park": "", "pa": "10", "dt": "", "img": "https://www.mlbstatic.com/team-logos/119.svg", "team": "lad", "start": "", "in": "2", "result": "Walk", "evo": "", "la": "", "dist": ""}, {"player": "max muncy", "game": "lad @ sd", "gameIdx": 0, "hr/park": "", "pa": "9", "dt": "", "img": "https://www.mlbstatic.com/team-logos/119.svg", "team": "lad", "start": "", "in": "2", "result": "Groundout", "evo": "75.9", "la": "", "dist": "35"}, {"player": "seth mejias brean", "game": "lad @ sd", "gameIdx": 0, "hr/park": "", "pa": "8", "dt": "", "img": "https://www.mlbstatic.com/team-logos/135.svg", "team": "sd", "start": "", "in": "1", "result": "Flyout", "evo": "99.0", "la": "49", "dist": "296"}, {"player": "hunter renfroe", "game": "lad @ sd", "gameIdx": 0, "hr/park": "", "pa": "7", "dt": "", "img": "https://www.mlbstatic.com/team-logos/135.svg", "team": "sd", "start": "", "in": "1", "result": "Walk", "evo": "", "la": "", "dist": ""}, {"player": "manny machado", "game": "lad @ sd", "gameIdx": 0, "hr/park": "", "pa": "6", "dt": "", "img": "https://www.mlbstatic.com/team-logos/135.svg", "team": "sd", "start": "", "in": "1", "result": "Groundout", "evo": "96.9", "la": "-41", "dist": "5"}, {"player": "josh naylor", "game": "lad @ sd", "gameIdx": 0, "hr/park": "0/30", "pa": "5", "dt": "", "img": "https://www.mlbstatic.com/team-logos/135.svg", "team": "sd", "start": "", "in": "1", "result": "Double", "evo": "100.5", "la": "17", "dist": "331"}, {"player": "manuel margot", "game": "lad @ sd", "gameIdx": 0, "hr/park": "0/30", "pa": "4", "dt": "", "img": "https://www.mlbstatic.com/team-logos/135.svg", "team": "sd", "start": "", "in": "1", "result": "Flyout", "evo": "98.2", "la": "30", "dist": "376"}, {"player": "chris taylor", "game": "lad @ sd", "gameIdx": 0, "hr/park": "", "pa": "3", "dt": "", "img": "https://www.mlbstatic.com/team-logos/119.svg", "team": "lad", "start": "", "in": "1", "result": "Strikeout", "evo": "", "la": "", "dist": ""}, {"player": "aj pollock", "game": "lad @ sd", "gameIdx": 0, "hr/park": "", "pa": "2", "dt": "", "img": "https://www.mlbstatic.com/team-logos/119.svg", "team": "lad", "start": "", "in": "1", "result": "Strikeout", "evo": "", "la": "", "dist": ""}, {"player": "david freese", "game": "lad @ sd", "gameIdx": 0, "hr/park": "", "pa": "1", "dt": "", "img": "https://www.mlbstatic.com/team-logos/119.svg", "team": "lad", "start": "", "in": "1", "result": "Groundout", "evo": "83.3", "la": "-2", "dist": "26"}], "col @ sf": [{"player": "ryan mcmahon", "game": "col @ sf", "gameIdx": 0, "hr/park": "", "pa": "74", "dt": "", "img": "https://www.mlbstatic.com/team-logos/115.svg", "team": "col", "start": "", "in": "9", "result": "Groundout", "evo": "104.6", "la": "9", "dist": "143"}, {"player": "garrett hampson", "game": "col @ sf", "gameIdx": 0, "hr/park": "", "pa": "73", "dt": "", "img": "https://www.mlbstatic.com/team-logos/115.svg", "team": "col", "start": "", "in": "9", "result": "Flyout", "evo": "87.4", "la": "55", "dist": "228"}, {"player": "joshua fuentes", "game": "col @ sf", "gameIdx": 0, "hr/park": "", "pa": "72", "dt": "", "img": "https://www.mlbstatic.com/team-logos/115.svg", "team": "col", "start": "", "in": "9", "result": "Field Error", "evo": "64.0", "la": "-13", "dist": "9"}, {"player": "tony wolters", "game": "col @ sf", "gameIdx": 0, "hr/park": "", "pa": "71", "dt": "", "img": "https://www.mlbstatic.com/team-logos/115.svg", "team": "col", "start": "", "in": "9", "result": "Groundout", "evo": "93.8", "la": "-17", "dist": "8"}, {"player": "alex dickerson", "game": "col @ sf", "gameIdx": 0, "hr/park": "", "pa": "70", "dt": "", "img": "https://www.mlbstatic.com/team-logos/137.svg", "team": "sf", "start": "", "in": "8", "result": "Double Play", "evo": "102.8", "la": "-6", "dist": "26"}, {"player": "aramis garcia", "game": "col @ sf", "gameIdx": 0, "hr/park": "", "pa": "69", "dt": "", "img": "https://www.mlbstatic.com/team-logos/137.svg", "team": "sf", "start": "", "in": "8", "result": "Single", "evo": "86.0", "la": "15", "dist": "199"}, {"player": "cristhian adames", "game": "col @ sf", "gameIdx": 0, "hr/park": "", "pa": "68", "dt": "", "img": "https://www.mlbstatic.com/team-logos/137.svg", "team": "sf", "start": "", "in": "8", "result": "Walk", "evo": "", "la": "", "dist": ""}, {"player": "mike yastrzemski", "game": "col @ sf", "gameIdx": 0, "hr/park": "", "pa": "66", "dt": "", "img": "https://www.mlbstatic.com/team-logos/137.svg", "team": "sf", "start": "", "in": "8", "result": "Double", "evo": "102.8", "la": "16", "dist": "295"}, {"player": "evan longoria", "game": "col @ sf", "gameIdx": 0, "hr/park": "", "pa": "65", "dt": "", "img": "https://www.mlbstatic.com/team-logos/137.svg", "team": "sf", "start": "", "in": "8", "result": "Strikeout", "evo": "", "la": "", "dist": ""}, {"player": "kevin pillar", "game": "col @ sf", "gameIdx": 0, "hr/park": "0/30", "pa": "64", "dt": "", "img": "https://www.mlbstatic.com/team-logos/137.svg", "team": "sf", "start": "", "in": "8", "result": "Triple", "evo": "98.8", "la": "22", "dist": "356"}, {"player": "daniel murphy", "game": "col @ sf", "gameIdx": 0, "hr/park": "", "pa": "63", "dt": "", "img": "https://www.mlbstatic.com/team-logos/115.svg", "team": "col", "start": "", "in": "8", "result": "Strikeout", "evo": "", "la": "", "dist": ""}, {"player": "ian desmond", "game": "col @ sf", "gameIdx": 0, "hr/park": "", "pa": "62", "dt": "", "img": "https://www.mlbstatic.com/team-logos/115.svg", "team": "col", "start": "", "in": "8", "result": "Strikeout", "evo": "", "la": "", "dist": ""}, {"player": "sam hilliard", "game": "col @ sf", "gameIdx": 0, "hr/park": "", "pa": "61", "dt": "", "img": "https://www.mlbstatic.com/team-logos/115.svg", "team": "col", "start": "", "in": "8", "result": "Strikeout", "evo": "", "la": "", "dist": ""}, {"player": "trevor story", "game": "col @ sf", "gameIdx": 0, "hr/park": "", "pa": "60", "dt": "", "img": "https://www.mlbstatic.com/team-logos/115.svg", "team": "col", "start": "", "in": "8", "result": "Double", "evo": "107.0", "la": "14", "dist": "284"}, {"player": "brandon belt", "game": "col @ sf", "gameIdx": 0, "hr/park": "", "pa": "59", "dt": "", "img": "https://www.mlbstatic.com/team-logos/137.svg", "team": "sf", "start": "", "in": "7", "result": "Strikeout", "evo": "", "la": "", "dist": ""}, {"player": "mauricio dubon", "game": "col @ sf", "gameIdx": 0, "hr/park": "28/30", "pa": "58", "dt": "", "img": "https://www.mlbstatic.com/team-logos/137.svg", "team": "sf", "start": "", "in": "7", "result": "Home Run", "evo": "92.5", "la": "33", "dist": "369"}, {"player": "alex dickerson", "game": "col @ sf", "gameIdx": 0, "hr/park": "", "pa": "57", "dt": "", "img": "https://www.mlbstatic.com/team-logos/137.svg", "team": "sf", "start": "", "in": "7", "result": "Flyout", "evo": "88.9", "la": "41", "dist": "293"}, {"player": "aramis garcia", "game": "col @ sf", "gameIdx": 0, "hr/park": "", "pa": "56", "dt": "", "img": "https://www.mlbstatic.com/team-logos/137.svg", "team": "sf", "start": "", "in": "7", "result": "Strikeout", "evo": "", "la": "", "dist": ""}, {"player": "nolan arenado", "game": "col @ sf", "gameIdx": 0, "hr/park": "", "pa": "55", "dt": "", "img": "https://www.mlbstatic.com/team-logos/115.svg", "team": "col", "start": "", "in": "7", "result": "Strikeout", "evo": "", "la": "", "dist": ""}, {"player": "ryan mcmahon", "game": "col @ sf", "gameIdx": 0, "hr/park": "", "pa": "54", "dt": "", "img": "https://www.mlbstatic.com/team-logos/115.svg", "team": "col", "start": "", "in": "7", "result": "Single", "evo": "95.4", "la": "17", "dist": "242"}, {"player": "garrett hampson", "game": "col @ sf", "gameIdx": 0, "hr/park": "", "pa": "53", "dt": "", "img": "https://www.mlbstatic.com/team-logos/115.svg", "team": "col", "start": "", "in": "7", "result": "Strikeout", "evo": "", "la": "", "dist": ""}, {"player": "yonder alonso", "game": "col @ sf", "gameIdx": 0, "hr/park": "", "pa": "52", "dt": "", "img": "https://www.mlbstatic.com/team-logos/115.svg", "team": "col", "start": "", "in": "7", "result": "Groundout", "evo": "64.1", "la": "-11", "dist": "14"}, {"player": "cristhian adames", "game": "col @ sf", "gameIdx": 0, "hr/park": "", "pa": "51", "dt": "", "img": "https://www.mlbstatic.com/team-logos/137.svg", "team": "sf", "start": "", "in": "6", "result": "Double", "evo": "79.1", "la": "23", "dist": "270"}, {"player": "donovan solano", "game": "col @ sf", "gameIdx": 0, "hr/park": "", "pa": "50", "dt": "", "img": "https://www.mlbstatic.com/team-logos/137.svg", "team": "sf", "start": "", "in": "6", "result": "Single", "evo": "97.4", "la": "12", "dist": "252"}, {"player": "mike yastrzemski", "game": "col @ sf", "gameIdx": 0, "hr/park": "", "pa": "49", "dt": "", "img": "https://www.mlbstatic.com/team-logos/137.svg", "team": "sf", "start": "", "in": "6", "result": "Groundout", "evo": "72.9", "la": "1", "dist": "40"}, {"player": "evan longoria", "game": "col @ sf", "gameIdx": 0, "hr/park": "", "pa": "48", "dt": "", "img": "https://www.mlbstatic.com/team-logos/137.svg", "team": "sf", "start": "", "in": "6", "result": "Pop Out", "evo": "", "la": "", "dist": ""}, {"player": "drew butera", "game": "col @ sf", "gameIdx": 0, "hr/park": "", "pa": "47", "dt": "", "img": "https://www.mlbstatic.com/team-logos/115.svg", "team": "col", "start": "", "in": "6", "result": "Pop Out", "evo": "", "la": "", "dist": ""}, {"player": "yonathan daza", "game": "col @ sf", "gameIdx": 0, "hr/park": "", "pa": "46", "dt": "", "img": "https://www.mlbstatic.com/team-logos/115.svg", "team": "col", "start": "", "in": "6", "result": "Double", "evo": "88.2", "la": "21", "dist": "279"}, {"player": "raimel tapia", "game": "col @ sf", "gameIdx": 0, "hr/park": "", "pa": "45", "dt": "", "img": "https://www.mlbstatic.com/team-logos/115.svg", "team": "col", "start": "", "in": "6", "result": "Strikeout", "evo": "", "la": "", "dist": ""}, {"player": "sam hilliard", "game": "col @ sf", "gameIdx": 0, "hr/park": "", "pa": "44", "dt": "", "img": "https://www.mlbstatic.com/team-logos/115.svg", "team": "col", "start": "", "in": "6", "result": "Strikeout", "evo": "", "la": "", "dist": ""}, {"player": "kevin pillar", "game": "col @ sf", "gameIdx": 0, "hr/park": "", "pa": "43", "dt": "", "img": "https://www.mlbstatic.com/team-logos/137.svg", "team": "sf", "start": "", "in": "5", "result": "Strikeout", "evo": "", "la": "", "dist": ""}, {"player": "brandon belt", "game": "col @ sf", "gameIdx": 0, "hr/park": "", "pa": "42", "dt": "", "img": "https://www.mlbstatic.com/team-logos/137.svg", "team": "sf", "start": "", "in": "5", "result": "Groundout", "evo": "101.1", "la": "1", "dist": "45"}, {"player": "mauricio dubon", "game": "col @ sf", "gameIdx": 0, "hr/park": "", "pa": "41", "dt": "", "img": "https://www.mlbstatic.com/team-logos/137.svg", "team": "sf", "start": "", "in": "5", "result": "Single", "evo": "96.7", "la": "14", "dist": "264"}, {"player": "alex dickerson", "game": "col @ sf", "gameIdx": 0, "hr/park": "", "pa": "40", "dt": "", "img": "https://www.mlbstatic.com/team-logos/137.svg", "team": "sf", "start": "", "in": "5", "result": "Double", "evo": "69.8", "la": "21", "dist": "183"}, {"player": "aramis garcia", "game": "col @ sf", "gameIdx": 0, "hr/park": "", "pa": "39", "dt": "", "img": "https://www.mlbstatic.com/team-logos/137.svg", "team": "sf", "start": "", "in": "5", "result": "Strikeout", "evo": "", "la": "", "dist": ""}, {"player": "trevor story", "game": "col @ sf", "gameIdx": 0, "hr/park": "2/30", "pa": "38", "dt": "", "img": "https://www.mlbstatic.com/team-logos/115.svg", "team": "col", "start": "", "in": "5", "result": "Flyout", "evo": "97.4", "la": "40", "dist": "341"}, {"player": "nolan arenado", "game": "col @ sf", "gameIdx": 0, "hr/park": "", "pa": "37", "dt": "", "img": "https://www.mlbstatic.com/team-logos/115.svg", "team": "col", "start": "", "in": "5", "result": "Walk", "evo": "", "la": "", "dist": ""}, {"player": "ryan mcmahon", "game": "col @ sf", "gameIdx": 0, "hr/park": "", "pa": "36", "dt": "", "img": "https://www.mlbstatic.com/team-logos/115.svg", "team": "col", "start": "", "in": "5", "result": "Single", "evo": "83.0", "la": "19", "dist": "226"}, {"player": "garrett hampson", "game": "col @ sf", "gameIdx": 0, "hr/park": "", "pa": "35", "dt": "", "img": "https://www.mlbstatic.com/team-logos/115.svg", "team": "col", "start": "", "in": "5", "result": "Single", "evo": "100.0", "la": "10", "dist": "177"}, {"player": "jesus tinoco", "game": "col @ sf", "gameIdx": 0, "hr/park": "", "pa": "34", "dt": "", "img": "https://www.mlbstatic.com/team-logos/115.svg", "team": "col", "start": "", "in": "5", "result": "Sac Bunt", "evo": "56.0", "la": "-60", "dist": "2"}, {"player": "drew butera", "game": "col @ sf", "gameIdx": 0, "hr/park": "", "pa": "33", "dt": "", "img": "https://www.mlbstatic.com/team-logos/115.svg", "team": "col", "start": "", "in": "5", "result": "Strikeout", "evo": "", "la": "", "dist": ""}, {"player": "yonathan daza", "game": "col @ sf", "gameIdx": 0, "hr/park": "", "pa": "32", "dt": "", "img": "https://www.mlbstatic.com/team-logos/115.svg", "team": "col", "start": "", "in": "5", "result": "Single", "evo": "81.5", "la": "-11", "dist": "12"}, {"player": "cristhian adames", "game": "col @ sf", "gameIdx": 0, "hr/park": "", "pa": "31", "dt": "", "img": "https://www.mlbstatic.com/team-logos/137.svg", "team": "sf", "start": "", "in": "4", "result": "Groundout", "evo": "83.7", "la": "-13", "dist": "8"}, {"player": "jaylin davis", "game": "col @ sf", "gameIdx": 0, "hr/park": "", "pa": "30", "dt": "", "img": "https://www.mlbstatic.com/team-logos/137.svg", "team": "sf", "start": "", "in": "4", "result": "Flyout", "evo": "95.4", "la": "51", "dist": "271"}, {"player": "mike yastrzemski", "game": "col @ sf", "gameIdx": 0, "hr/park": "30/30", "pa": "29", "dt": "", "img": "https://www.mlbstatic.com/team-logos/137.svg", "team": "sf", "start": "", "in": "4", "result": "Home Run", "evo": "105.5", "la": "30", "dist": "429"}, {"player": "evan longoria", "game": "col @ sf", "gameIdx": 0, "hr/park": "0/30", "pa": "28", "dt": "", "img": "https://www.mlbstatic.com/team-logos/137.svg", "team": "sf", "start": "", "in": "4", "result": "Flyout", "evo": "92.5", "la": "43", "dist": "303"}, {"player": "raimel tapia", "game": "col @ sf", "gameIdx": 0, "hr/park": "", "pa": "27", "dt": "", "img": "https://www.mlbstatic.com/team-logos/115.svg", "team": "col", "start": "", "in": "4", "result": "Groundout", "evo": "", "la": "", "dist": ""}, {"player": "sam hilliard", "game": "col @ sf", "gameIdx": 0, "hr/park": "", "pa": "26", "dt": "", "img": "https://www.mlbstatic.com/team-logos/115.svg", "team": "col", "start": "", "in": "4", "result": "Triple", "evo": "104.2", "la": "11", "dist": "196"}, {"player": "trevor story", "game": "col @ sf", "gameIdx": 0, "hr/park": "", "pa": "25", "dt": "", "img": "https://www.mlbstatic.com/team-logos/115.svg", "team": "col", "start": "", "in": "4", "result": "Strikeout", "evo": "", "la": "", "dist": ""}, {"player": "nolan arenado", "game": "col @ sf", "gameIdx": 0, "hr/park": "", "pa": "24", "dt": "", "img": "https://www.mlbstatic.com/team-logos/115.svg", "team": "col", "start": "", "in": "4", "result": "Single", "evo": "89.8", "la": "16", "dist": "266"}, {"player": "ryan mcmahon", "game": "col @ sf", "gameIdx": 0, "hr/park": "", "pa": "23", "dt": "", "img": "https://www.mlbstatic.com/team-logos/115.svg", "team": "col", "start": "", "in": "4", "result": "Strikeout", "evo": "", "la": "", "dist": ""}, {"player": "kevin pillar", "game": "col @ sf", "gameIdx": 0, "hr/park": "", "pa": "22", "dt": "", "img": "https://www.mlbstatic.com/team-logos/137.svg", "team": "sf", "start": "", "in": "3", "result": "Groundout", "evo": "60.3", "la": "-12", "dist": "9"}, {"player": "austin slater", "game": "col @ sf", "gameIdx": 0, "hr/park": "", "pa": "21", "dt": "", "img": "https://www.mlbstatic.com/team-logos/137.svg", "team": "sf", "start": "", "in": "3", "result": "Groundout", "evo": "64.0", "la": "-46", "dist": "3"}, {"player": "mauricio dubon", "game": "col @ sf", "gameIdx": 0, "hr/park": "", "pa": "20", "dt": "", "img": "https://www.mlbstatic.com/team-logos/137.svg", "team": "sf", "start": "", "in": "3", "result": "Flyout", "evo": "85.4", "la": "59", "dist": "212"}, {"player": "garrett hampson", "game": "col @ sf", "gameIdx": 0, "hr/park": "", "pa": "19", "dt": "", "img": "https://www.mlbstatic.com/team-logos/115.svg", "team": "col", "start": "", "in": "3", "result": "Groundout", "evo": "96.5", "la": "-24", "dist": "5"}, {"player": "kyle freeland", "game": "col @ sf", "gameIdx": 0, "hr/park": "", "pa": "18", "dt": "", "img": "https://www.mlbstatic.com/team-logos/115.svg", "team": "col", "start": "", "in": "3", "result": "Sac Bunt", "evo": "25.6", "la": "2", "dist": "23"}, {"player": "drew butera", "game": "col @ sf", "gameIdx": 0, "hr/park": "", "pa": "17", "dt": "", "img": "https://www.mlbstatic.com/team-logos/115.svg", "team": "col", "start": "", "in": "3", "result": "Strikeout", "evo": "", "la": "", "dist": ""}, {"player": "yonathan daza", "game": "col @ sf", "gameIdx": 0, "hr/park": "", "pa": "16", "dt": "", "img": "https://www.mlbstatic.com/team-logos/115.svg", "team": "col", "start": "", "in": "3", "result": "Strikeout", "evo": "", "la": "", "dist": ""}, {"player": "tyler beede", "game": "col @ sf", "gameIdx": 0, "hr/park": "0/30", "pa": "15", "dt": "", "img": "https://www.mlbstatic.com/team-logos/137.svg", "team": "sf", "start": "", "in": "2", "result": "Flyout", "evo": "90.0", "la": "36", "dist": "324"}, {"player": "aramis garcia", "game": "col @ sf", "gameIdx": 0, "hr/park": "0/30", "pa": "14", "dt": "", "img": "https://www.mlbstatic.com/team-logos/137.svg", "team": "sf", "start": "", "in": "2", "result": "Flyout", "evo": "97.6", "la": "39", "dist": "349"}, {"player": "cristhian adames", "game": "col @ sf", "gameIdx": 0, "hr/park": "", "pa": "13", "dt": "", "img": "https://www.mlbstatic.com/team-logos/137.svg", "team": "sf", "start": "", "in": "2", "result": "Walk", "evo": "", "la": "", "dist": ""}, {"player": "jaylin davis", "game": "col @ sf", "gameIdx": 0, "hr/park": "0/30", "pa": "12", "dt": "", "img": "https://www.mlbstatic.com/team-logos/137.svg", "team": "sf", "start": "", "in": "2", "result": "Lineout", "evo": "83.0", "la": "27", "dist": "303"}, {"player": "raimel tapia", "game": "col @ sf", "gameIdx": 0, "hr/park": "", "pa": "11", "dt": "", "img": "https://www.mlbstatic.com/team-logos/115.svg", "team": "col", "start": "", "in": "2", "result": "Groundout", "evo": "73.3", "la": "-11", "dist": "9"}, {"player": "sam hilliard", "game": "col @ sf", "gameIdx": 0, "hr/park": "", "pa": "10", "dt": "", "img": "https://www.mlbstatic.com/team-logos/115.svg", "team": "col", "start": "", "in": "2", "result": "Strikeout", "evo": "", "la": "", "dist": ""}, {"player": "trevor story", "game": "col @ sf", "gameIdx": 0, "hr/park": "", "pa": "9", "dt": "", "img": "https://www.mlbstatic.com/team-logos/115.svg", "team": "col", "start": "", "in": "2", "result": "Strikeout", "evo": "", "la": "", "dist": ""}, {"player": "joey rickard", "game": "col @ sf", "gameIdx": 0, "hr/park": "", "pa": "8", "dt": "", "img": "https://www.mlbstatic.com/team-logos/137.svg", "team": "sf", "start": "", "in": "1", "result": "GIDP", "evo": "85.2", "la": "-10", "dist": "10"}, {"player": "evan longoria", "game": "col @ sf", "gameIdx": 0, "hr/park": "", "pa": "7", "dt": "", "img": "https://www.mlbstatic.com/team-logos/137.svg", "team": "sf", "start": "", "in": "1", "result": "Single", "evo": "95.2", "la": "-1", "dist": "35"}, {"player": "kevin pillar", "game": "col @ sf", "gameIdx": 0, "hr/park": "", "pa": "6", "dt": "", "img": "https://www.mlbstatic.com/team-logos/137.svg", "team": "sf", "start": "", "in": "1", "result": "Single", "evo": "95.0", "la": "1", "dist": "65"}, {"player": "austin slater", "game": "col @ sf", "gameIdx": 0, "hr/park": "0/30", "pa": "5", "dt": "", "img": "https://www.mlbstatic.com/team-logos/137.svg", "team": "sf", "start": "", "in": "1", "result": "Flyout", "evo": "100.2", "la": "37", "dist": "372"}, {"player": "mauricio dubon", "game": "col @ sf", "gameIdx": 0, "hr/park": "0/30", "pa": "4", "dt": "", "img": "https://www.mlbstatic.com/team-logos/137.svg", "team": "sf", "start": "", "in": "1", "result": "Double", "evo": "103.3", "la": "20", "dist": "359"}, {"player": "nolan arenado", "game": "col @ sf", "gameIdx": 0, "hr/park": "", "pa": "3", "dt": "", "img": "https://www.mlbstatic.com/team-logos/115.svg", "team": "col", "start": "", "in": "1", "result": "Strikeout", "evo": "", "la": "", "dist": ""}, {"player": "ryan mcmahon", "game": "col @ sf", "gameIdx": 0, "hr/park": "", "pa": "2", "dt": "", "img": "https://www.mlbstatic.com/team-logos/115.svg", "team": "col", "start": "", "in": "1", "result": "Strikeout", "evo": "", "la": "", "dist": ""}, {"player": "garrett hampson", "game": "col @ sf", "gameIdx": 0, "hr/park": "", "pa": "1", "dt": "", "img": "https://www.mlbstatic.com/team-logos/115.svg", "team": "col", "start": "", "in": "1", "result": "Bunt Groundout", "evo": "", "la": "", "dist": ""}], "phi @ wsh": [{"player": "adam haseley", "game": "phi @ wsh", "gameIdx": 0, "hr/park": "", "pa": "72", "dt": "", "img": "https://www.mlbstatic.com/team-logos/143.svg", "team": "phi", "start": "", "in": "9", "result": "Strikeout", "evo": "", "la": "", "dist": ""}, {"player": "sean rodriguez", "game": "phi @ wsh", "gameIdx": 0, "hr/park": "", "pa": "71", "dt": "", "img": "https://www.mlbstatic.com/team-logos/143.svg", "team": "phi", "start": "", "in": "9", "result": "Strikeout", "evo": "", "la": "", "dist": ""}, {"player": "brad miller", "game": "phi @ wsh", "gameIdx": 0, "hr/park": "", "pa": "70", "dt": "", "img": "https://www.mlbstatic.com/team-logos/143.svg", "team": "phi", "start": "", "in": "9", "result": "Walk", "evo": "", "la": "", "dist": ""}, {"player": "rhys hoskins", "game": "phi @ wsh", "gameIdx": 0, "hr/park": "", "pa": "69", "dt": "", "img": "https://www.mlbstatic.com/team-logos/143.svg", "team": "phi", "start": "", "in": "9", "result": "Strikeout", "evo": "", "la": "", "dist": ""}, {"player": "anthony rendon", "game": "phi @ wsh", "gameIdx": 0, "hr/park": "", "pa": "68", "dt": "", "img": "https://www.mlbstatic.com/team-logos/120.svg", "team": "wsh", "start": "", "in": "8", "result": "Strikeout", "evo": "", "la": "", "dist": ""}, {"player": "victor robles", "game": "phi @ wsh", "gameIdx": 0, "hr/park": "", "pa": "67", "dt": "", "img": "https://www.mlbstatic.com/team-logos/120.svg", "team": "wsh", "start": "", "in": "8", "result": "Strikeout", "evo": "", "la": "", "dist": ""}, {"player": "trea turner", "game": "phi @ wsh", "gameIdx": 0, "hr/park": "", "pa": "66", "dt": "", "img": "https://www.mlbstatic.com/team-logos/120.svg", "team": "wsh", "start": "", "in": "8", "result": "Groundout", "evo": "108.5", "la": "-6", "dist": "19"}, {"player": "bryce harper", "game": "phi @ wsh", "gameIdx": 0, "hr/park": "", "pa": "65", "dt": "", "img": "https://www.mlbstatic.com/team-logos/143.svg", "team": "phi", "start": "", "in": "8", "result": "GIDP", "evo": "97.2", "la": "-3", "dist": "35"}, {"player": "cesar hernandez", "game": "phi @ wsh", "gameIdx": 0, "hr/park": "", "pa": "64", "dt": "", "img": "https://www.mlbstatic.com/team-logos/143.svg", "team": "phi", "start": "", "in": "8", "result": "Single", "evo": "96.2", "la": "8", "dist": "160"}, {"player": "logan morrison", "game": "phi @ wsh", "gameIdx": 0, "hr/park": "0/30", "pa": "63", "dt": "", "img": "https://www.mlbstatic.com/team-logos/143.svg", "team": "phi", "start": "", "in": "8", "result": "Flyout", "evo": "103.5", "la": "33", "dist": "389"}, {"player": "andrew knapp", "game": "phi @ wsh", "gameIdx": 0, "hr/park": "30/30", "pa": "62", "dt": "", "img": "https://www.mlbstatic.com/team-logos/143.svg", "team": "phi", "start": "", "in": "8", "result": "Home Run", "evo": "104.6", "la": "27", "dist": "418"}, {"player": "maikel franco", "game": "phi @ wsh", "gameIdx": 0, "hr/park": "", "pa": "61", "dt": "", "img": "https://www.mlbstatic.com/team-logos/143.svg", "team": "phi", "start": "", "in": "8", "result": "Single", "evo": "71.7", "la": "21", "dist": "211"}, {"player": "kurt suzuki", "game": "phi @ wsh", "gameIdx": 0, "hr/park": "", "pa": "60", "dt": "", "img": "https://www.mlbstatic.com/team-logos/120.svg", "team": "wsh", "start": "", "in": "7", "result": "Flyout", "evo": "80.4", "la": "50", "dist": "233"}, {"player": "gerardo parra", "game": "phi @ wsh", "gameIdx": 0, "hr/park": "", "pa": "59", "dt": "", "img": "https://www.mlbstatic.com/team-logos/120.svg", "team": "wsh", "start": "", "in": "7", "result": "Single", "evo": "84.3", "la": "20", "dist": "256"}, {"player": "michael a taylor", "game": "phi @ wsh", "gameIdx": 0, "hr/park": "", "pa": "58", "dt": "", "img": "https://www.mlbstatic.com/team-logos/120.svg", "team": "wsh", "start": "", "in": "7", "result": "Single", "evo": "94.4", "la": "10", "dist": "171"}, {"player": "yan gomes", "game": "phi @ wsh", "gameIdx": 0, "hr/park": "", "pa": "57", "dt": "", "img": "https://www.mlbstatic.com/team-logos/120.svg", "team": "wsh", "start": "", "in": "7", "result": "Strikeout", "evo": "", "la": "", "dist": ""}, {"player": "ryan zimmerman", "game": "phi @ wsh", "gameIdx": 0, "hr/park": "", "pa": "56", "dt": "", "img": "https://www.mlbstatic.com/team-logos/120.svg", "team": "wsh", "start": "", "in": "7", "result": "Strikeout", "evo": "", "la": "", "dist": ""}, {"player": "asdrubal cabrera", "game": "phi @ wsh", "gameIdx": 0, "hr/park": "7/30", "pa": "55", "dt": "", "img": "https://www.mlbstatic.com/team-logos/120.svg", "team": "wsh", "start": "", "in": "7", "result": "Home Run", "evo": "100.0", "la": "35", "dist": "401"}, {"player": "adam haseley", "game": "phi @ wsh", "gameIdx": 0, "hr/park": "", "pa": "54", "dt": "", "img": "https://www.mlbstatic.com/team-logos/143.svg", "team": "phi", "start": "", "in": "7", "result": "Groundout", "evo": "76.7", "la": "-24", "dist": "5"}, {"player": "sean rodriguez", "game": "phi @ wsh", "gameIdx": 0, "hr/park": "", "pa": "53", "dt": "", "img": "https://www.mlbstatic.com/team-logos/143.svg", "team": "phi", "start": "", "in": "7", "result": "Walk", "evo": "", "la": "", "dist": ""}, {"player": "brad miller", "game": "phi @ wsh", "gameIdx": 0, "hr/park": "", "pa": "52", "dt": "", "img": "https://www.mlbstatic.com/team-logos/143.svg", "team": "phi", "start": "", "in": "7", "result": "Strikeout", "evo": "", "la": "", "dist": ""}, {"player": "rhys hoskins", "game": "phi @ wsh", "gameIdx": 0, "hr/park": "", "pa": "51", "dt": "", "img": "https://www.mlbstatic.com/team-logos/143.svg", "team": "phi", "start": "", "in": "7", "result": "Strikeout", "evo": "", "la": "", "dist": ""}, {"player": "anthony rendon", "game": "phi @ wsh", "gameIdx": 0, "hr/park": "", "pa": "50", "dt": "", "img": "https://www.mlbstatic.com/team-logos/120.svg", "team": "wsh", "start": "", "in": "6", "result": "Strikeout", "evo": "", "la": "", "dist": ""}, {"player": "victor robles", "game": "phi @ wsh", "gameIdx": 0, "hr/park": "", "pa": "49", "dt": "", "img": "https://www.mlbstatic.com/team-logos/120.svg", "team": "wsh", "start": "", "in": "6", "result": "Groundout", "evo": "53.5", "la": "-22", "dist": "5"}, {"player": "trea turner", "game": "phi @ wsh", "gameIdx": 0, "hr/park": "", "pa": "48", "dt": "", "img": "https://www.mlbstatic.com/team-logos/120.svg", "team": "wsh", "start": "", "in": "6", "result": "Strikeout", "evo": "", "la": "", "dist": ""}, {"player": "bryce harper", "game": "phi @ wsh", "gameIdx": 0, "hr/park": "", "pa": "47", "dt": "", "img": "https://www.mlbstatic.com/team-logos/143.svg", "team": "phi", "start": "", "in": "6", "result": "Strikeout", "evo": "", "la": "", "dist": ""}, {"player": "cesar hernandez", "game": "phi @ wsh", "gameIdx": 0, "hr/park": "", "pa": "46", "dt": "", "img": "https://www.mlbstatic.com/team-logos/143.svg", "team": "phi", "start": "", "in": "6", "result": "Strikeout", "evo": "", "la": "", "dist": ""}, {"player": "nick williams", "game": "phi @ wsh", "gameIdx": 0, "hr/park": "", "pa": "45", "dt": "", "img": "https://www.mlbstatic.com/team-logos/143.svg", "team": "phi", "start": "", "in": "6", "result": "Strikeout", "evo": "", "la": "", "dist": ""}, {"player": "andrew knapp", "game": "phi @ wsh", "gameIdx": 0, "hr/park": "3/30", "pa": "44", "dt": "", "img": "https://www.mlbstatic.com/team-logos/143.svg", "team": "phi", "start": "", "in": "6", "result": "Double", "evo": "98.9", "la": "26", "dist": "379"}, {"player": "stephen strasburg", "game": "phi @ wsh", "gameIdx": 0, "hr/park": "", "pa": "43", "dt": "", "img": "https://www.mlbstatic.com/team-logos/120.svg", "team": "wsh", "start": "", "in": "5", "result": "Strikeout", "evo": "", "la": "", "dist": ""}, {"player": "gerardo parra", "game": "phi @ wsh", "gameIdx": 0, "hr/park": "", "pa": "42", "dt": "", "img": "https://www.mlbstatic.com/team-logos/120.svg", "team": "wsh", "start": "", "in": "5", "result": "Intent Walk", "evo": "", "la": "", "dist": ""}, {"player": "michael a taylor", "game": "phi @ wsh", "gameIdx": 0, "hr/park": "", "pa": "41", "dt": "", "img": "https://www.mlbstatic.com/team-logos/120.svg", "team": "wsh", "start": "", "in": "5", "result": "Strikeout", "evo": "", "la": "", "dist": ""}, {"player": "yan gomes", "game": "phi @ wsh", "gameIdx": 0, "hr/park": "", "pa": "40", "dt": "", "img": "https://www.mlbstatic.com/team-logos/120.svg", "team": "wsh", "start": "", "in": "5", "result": "Walk", "evo": "", "la": "", "dist": ""}, {"player": "ryan zimmerman", "game": "phi @ wsh", "gameIdx": 0, "hr/park": "", "pa": "39", "dt": "", "img": "https://www.mlbstatic.com/team-logos/120.svg", "team": "wsh", "start": "", "in": "5", "result": "Walk", "evo": "", "la": "", "dist": ""}, {"player": "asdrubal cabrera", "game": "phi @ wsh", "gameIdx": 0, "hr/park": "0/30", "pa": "38", "dt": "", "img": "https://www.mlbstatic.com/team-logos/120.svg", "team": "wsh", "start": "", "in": "5", "result": "Double", "evo": "101.8", "la": "24", "dist": "386"}, {"player": "anthony rendon", "game": "phi @ wsh", "gameIdx": 0, "hr/park": "", "pa": "37", "dt": "", "img": "https://www.mlbstatic.com/team-logos/120.svg", "team": "wsh", "start": "", "in": "5", "result": "Walk", "evo": "", "la": "", "dist": ""}, {"player": "victor robles", "game": "phi @ wsh", "gameIdx": 0, "hr/park": "", "pa": "36", "dt": "", "img": "https://www.mlbstatic.com/team-logos/120.svg", "team": "wsh", "start": "", "in": "5", "result": "Pop Out", "evo": "", "la": "", "dist": ""}, {"player": "maikel franco", "game": "phi @ wsh", "gameIdx": 0, "hr/park": "", "pa": "35", "dt": "", "img": "https://www.mlbstatic.com/team-logos/143.svg", "team": "phi", "start": "", "in": "5", "result": "Lineout", "evo": "105.3", "la": "6", "dist": "162"}, {"player": "adam haseley", "game": "phi @ wsh", "gameIdx": 0, "hr/park": "", "pa": "34", "dt": "", "img": "https://www.mlbstatic.com/team-logos/143.svg", "team": "phi", "start": "", "in": "5", "result": "Strikeout", "evo": "", "la": "", "dist": ""}, {"player": "jean segura", "game": "phi @ wsh", "gameIdx": 0, "hr/park": "", "pa": "33", "dt": "", "img": "https://www.mlbstatic.com/team-logos/143.svg", "team": "phi", "start": "", "in": "5", "result": "Groundout", "evo": "86.3", "la": "-24", "dist": "4"}, {"player": "trea turner", "game": "phi @ wsh", "gameIdx": 0, "hr/park": "", "pa": "32", "dt": "", "img": "https://www.mlbstatic.com/team-logos/120.svg", "team": "wsh", "start": "", "in": "4", "result": "Groundout", "evo": "", "la": "", "dist": ""}, {"player": "stephen strasburg", "game": "phi @ wsh", "gameIdx": 0, "hr/park": "", "pa": "31", "dt": "", "img": "https://www.mlbstatic.com/team-logos/120.svg", "team": "wsh", "start": "", "in": "4", "result": "Strikeout", "evo": "", "la": "", "dist": ""}, {"player": "gerardo parra", "game": "phi @ wsh", "gameIdx": 0, "hr/park": "", "pa": "30", "dt": "", "img": "https://www.mlbstatic.com/team-logos/120.svg", "team": "wsh", "start": "", "in": "4", "result": "Groundout", "evo": "90.0", "la": "-8", "dist": "20"}, {"player": "michael a taylor", "game": "phi @ wsh", "gameIdx": 0, "hr/park": "", "pa": "29", "dt": "", "img": "https://www.mlbstatic.com/team-logos/120.svg", "team": "wsh", "start": "", "in": "4", "result": "Double", "evo": "97.7", "la": "18", "dist": "262"}, {"player": "brad miller", "game": "phi @ wsh", "gameIdx": 0, "hr/park": "", "pa": "28", "dt": "", "img": "https://www.mlbstatic.com/team-logos/143.svg", "team": "phi", "start": "", "in": "4", "result": "GIDP", "evo": "90.9", "la": "-21", "dist": "6"}, {"player": "rhys hoskins", "game": "phi @ wsh", "gameIdx": 0, "hr/park": "", "pa": "27", "dt": "", "img": "https://www.mlbstatic.com/team-logos/143.svg", "team": "phi", "start": "", "in": "4", "result": "Single", "evo": "105.3", "la": "13", "dist": "260"}, {"player": "bryce harper", "game": "phi @ wsh", "gameIdx": 0, "hr/park": "", "pa": "26", "dt": "", "img": "https://www.mlbstatic.com/team-logos/143.svg", "team": "phi", "start": "", "in": "4", "result": "Strikeout", "evo": "", "la": "", "dist": ""}, {"player": "cesar hernandez", "game": "phi @ wsh", "gameIdx": 0, "hr/park": "30/30", "pa": "25", "dt": "", "img": "https://www.mlbstatic.com/team-logos/143.svg", "team": "phi", "start": "", "in": "4", "result": "Home Run", "evo": "100.0", "la": "29", "dist": "383"}, {"player": "yan gomes", "game": "phi @ wsh", "gameIdx": 0, "hr/park": "", "pa": "24", "dt": "", "img": "https://www.mlbstatic.com/team-logos/120.svg", "team": "wsh", "start": "", "in": "3", "result": "Strikeout", "evo": "", "la": "", "dist": ""}, {"player": "ryan zimmerman", "game": "phi @ wsh", "gameIdx": 0, "hr/park": "", "pa": "23", "dt": "", "img": "https://www.mlbstatic.com/team-logos/120.svg", "team": "wsh", "start": "", "in": "3", "result": "Strikeout", "evo": "", "la": "", "dist": ""}, {"player": "asdrubal cabrera", "game": "phi @ wsh", "gameIdx": 0, "hr/park": "", "pa": "22", "dt": "", "img": "https://www.mlbstatic.com/team-logos/120.svg", "team": "wsh", "start": "", "in": "3", "result": "Walk", "evo": "", "la": "", "dist": ""}, {"player": "anthony rendon", "game": "phi @ wsh", "gameIdx": 0, "hr/park": "", "pa": "21", "dt": "", "img": "https://www.mlbstatic.com/team-logos/120.svg", "team": "wsh", "start": "", "in": "3", "result": "Walk", "evo": "", "la": "", "dist": ""}, {"player": "victor robles", "game": "phi @ wsh", "gameIdx": 0, "hr/park": "5/30", "pa": "20", "dt": "", "img": "https://www.mlbstatic.com/team-logos/120.svg", "team": "wsh", "start": "", "in": "3", "result": "Double", "evo": "101.4", "la": "23", "dist": "380"}, {"player": "jason vargas", "game": "phi @ wsh", "gameIdx": 0, "hr/park": "", "pa": "19", "dt": "", "img": "https://www.mlbstatic.com/team-logos/143.svg", "team": "phi", "start": "", "in": "3", "result": "Strikeout", "evo": "", "la": "", "dist": ""}, {"player": "andrew knapp", "game": "phi @ wsh", "gameIdx": 0, "hr/park": "", "pa": "18", "dt": "", "img": "https://www.mlbstatic.com/team-logos/143.svg", "team": "phi", "start": "", "in": "3", "result": "Strikeout", "evo": "", "la": "", "dist": ""}, {"player": "maikel franco", "game": "phi @ wsh", "gameIdx": 0, "hr/park": "", "pa": "17", "dt": "", "img": "https://www.mlbstatic.com/team-logos/143.svg", "team": "phi", "start": "", "in": "3", "result": "Strikeout", "evo": "", "la": "", "dist": ""}, {"player": "trea turner", "game": "phi @ wsh", "gameIdx": 0, "hr/park": "", "pa": "16", "dt": "", "img": "https://www.mlbstatic.com/team-logos/120.svg", "team": "wsh", "start": "", "in": "2", "result": "Flyout", "evo": "82.6", "la": "34", "dist": "289"}, {"player": "stephen strasburg", "game": "phi @ wsh", "gameIdx": 0, "hr/park": "", "pa": "15", "dt": "", "img": "https://www.mlbstatic.com/team-logos/120.svg", "team": "wsh", "start": "", "in": "2", "result": "Groundout", "evo": "71.0", "la": "-16", "dist": "5"}, {"player": "gerardo parra", "game": "phi @ wsh", "gameIdx": 0, "hr/park": "", "pa": "14", "dt": "", "img": "https://www.mlbstatic.com/team-logos/120.svg", "team": "wsh", "start": "", "in": "2", "result": "Groundout", "evo": "94.8", "la": "-7", "dist": "19"}, {"player": "michael a taylor", "game": "phi @ wsh", "gameIdx": 0, "hr/park": "13/30", "pa": "13", "dt": "", "img": "https://www.mlbstatic.com/team-logos/120.svg", "team": "wsh", "start": "", "in": "2", "result": "Home Run", "evo": "102.0", "la": "26", "dist": "398"}, {"player": "adam haseley", "game": "phi @ wsh", "gameIdx": 0, "hr/park": "", "pa": "12", "dt": "", "img": "https://www.mlbstatic.com/team-logos/143.svg", "team": "phi", "start": "", "in": "2", "result": "GIDP", "evo": "99.5", "la": "-12", "dist": "9"}, {"player": "jean segura", "game": "phi @ wsh", "gameIdx": 0, "hr/park": "", "pa": "11", "dt": "", "img": "https://www.mlbstatic.com/team-logos/143.svg", "team": "phi", "start": "", "in": "2", "result": "Single", "evo": "90.3", "la": "17", "dist": "283"}, {"player": "brad miller", "game": "phi @ wsh", "gameIdx": 0, "hr/park": "", "pa": "10", "dt": "", "img": "https://www.mlbstatic.com/team-logos/143.svg", "team": "phi", "start": "", "in": "2", "result": "Groundout", "evo": "96.7", "la": "-2", "dist": "30"}, {"player": "yan gomes", "game": "phi @ wsh", "gameIdx": 0, "hr/park": "2/30", "pa": "9", "dt": "", "img": "https://www.mlbstatic.com/team-logos/120.svg", "team": "wsh", "start": "", "in": "1", "result": "Flyout", "evo": "99.6", "la": "30", "dist": "396"}, {"player": "ryan zimmerman", "game": "phi @ wsh", "gameIdx": 0, "hr/park": "", "pa": "8", "dt": "", "img": "https://www.mlbstatic.com/team-logos/120.svg", "team": "wsh", "start": "", "in": "1", "result": "Single", "evo": "86.9", "la": "15", "dist": "228"}, {"player": "asdrubal cabrera", "game": "phi @ wsh", "gameIdx": 0, "hr/park": "0/30", "pa": "7", "dt": "", "img": "https://www.mlbstatic.com/team-logos/120.svg", "team": "wsh", "start": "", "in": "1", "result": "Sac Fly", "evo": "97.9", "la": "21", "dist": "363"}, {"player": "anthony rendon", "game": "phi @ wsh", "gameIdx": 0, "hr/park": "", "pa": "6", "dt": "", "img": "https://www.mlbstatic.com/team-logos/120.svg", "team": "wsh", "start": "", "in": "1", "result": "Walk", "evo": "", "la": "", "dist": ""}, {"player": "victor robles", "game": "phi @ wsh", "gameIdx": 0, "hr/park": "", "pa": "5", "dt": "", "img": "https://www.mlbstatic.com/team-logos/120.svg", "team": "wsh", "start": "", "in": "1", "result": "Forceout", "evo": "62.7", "la": "-29", "dist": "4"}, {"player": "trea turner", "game": "phi @ wsh", "gameIdx": 0, "hr/park": "", "pa": "4", "dt": "", "img": "https://www.mlbstatic.com/team-logos/120.svg", "team": "wsh", "start": "", "in": "1", "result": "Single", "evo": "96.6", "la": "-25", "dist": "5"}, {"player": "rhys hoskins", "game": "phi @ wsh", "gameIdx": 0, "hr/park": "", "pa": "3", "dt": "", "img": "https://www.mlbstatic.com/team-logos/143.svg", "team": "phi", "start": "", "in": "1", "result": "Strikeout", "evo": "", "la": "", "dist": ""}, {"player": "bryce harper", "game": "phi @ wsh", "gameIdx": 0, "hr/park": "", "pa": "2", "dt": "", "img": "https://www.mlbstatic.com/team-logos/143.svg", "team": "phi", "start": "", "in": "1", "result": "Strikeout", "evo": "", "la": "", "dist": ""}, {"player": "cesar hernandez", "game": "phi @ wsh", "gameIdx": 0, "hr/park": "", "pa": "1", "dt": "", "img": "https://www.mlbstatic.com/team-logos/143.svg", "team": "phi", "start": "", "in": "1", "result": "Groundout", "evo": "69.6", "la": "-2", "dist": "30"}], "chc @ pit": [], "mia @ nym": [], "cle @ chw": [], "hou @ laa": [], "ath @ sea": []}