{"all": {"pitchers": "17", "batters": "39", "pitches": "613", "max velomax pitch velocity": "97.7", "min velomin pitch velocity": "69.0", "ff%fourseam fastball %": "30.0", "si%sinker %": "17.9", "fc%cutter %": "10.3", "fs%splitter %": "0.8", "ch%changeup %": "14.4", "sl%slider %": "15.0", "cu%curve %": "11.6", "max evmax exit velocity": "114.1", "hhhard hit": "46", "hh%hard hit %": "43.0", "brlbarrels": "7", "brl%barrel %": "6.5", "ab": "141", "avg": ".270", "h": "38", "1b": "24", "2b": "5", "3b": "3", "hr": "6", "so": "37", "bipballs in play": "107", "liveGames": 0, "totGames": 14}, "pit @ cin": [], "sd @ nyy": [{"player": "ian kinsler", "game": "sd @ nyy", "gameIdx": 0, "hr/park": "", "pa": "72", "dt": "", "img": "https://www.mlbstatic.com/team-logos/135.svg", "team": "sd", "start": "", "in": "9", "result": "Lineout", "evo": "53.3", "la": "24", "dist": "144"}, {"player": "ty france", "game": "sd @ nyy", "gameIdx": 0, "hr/park": "", "pa": "71", "dt": "", "img": "https://www.mlbstatic.com/team-logos/135.svg", "team": "sd", "start": "", "in": "9", "result": "GIDP", "evo": "63.1", "la": "-3", "dist": "28"}, {"player": "hunter renfroe", "game": "sd @ nyy", "gameIdx": 0, "hr/park": "", "pa": "70", "dt": "", "img": "https://www.mlbstatic.com/team-logos/135.svg", "team": "sd", "start": "", "in": "9", "result": "Single", "evo": "114.1", "la": "8", "dist": "193"}, {"player": "eric hosmer", "game": "sd @ nyy", "gameIdx": 0, "hr/park": "", "pa": "69", "dt": "", "img": "https://www.mlbstatic.com/team-logos/135.svg", "team": "sd", "start": "", "in": "9", "result": "Single", "evo": "108.1", "la": "1", "dist": "60"}, {"player": "manny machado", "game": "sd @ nyy", "gameIdx": 0, "hr/park": "", "pa": "68", "dt": "", "img": "https://www.mlbstatic.com/team-logos/135.svg", "team": "sd", "start": "", "in": "9", "result": "Walk", "evo": "", "la": "", "dist": ""}, {"player": "luke voit", "game": "sd @ nyy", "gameIdx": 0, "hr/park": "", "pa": "67", "dt": "", "img": "https://www.mlbstatic.com/team-logos/147.svg", "team": "nyy", "start": "", "in": "8", "result": "Strikeout", "evo": "", "la": "", "dist": ""}, {"player": "dj lemahieu", "game": "sd @ nyy", "gameIdx": 0, "hr/park": "", "pa": "66", "dt": "", "img": "https://www.mlbstatic.com/team-logos/147.svg", "team": "nyy", "start": "", "in": "8", "result": "Walk", "evo": "", "la": "", "dist": ""}, {"player": "austin romine", "game": "sd @ nyy", "gameIdx": 0, "hr/park": "", "pa": "65", "dt": "", "img": "https://www.mlbstatic.com/team-logos/147.svg", "team": "nyy", "start": "", "in": "8", "result": "Groundout", "evo": "79.5", "la": "-18", "dist": "9"}, {"player": "cameron maybin", "game": "sd @ nyy", "gameIdx": 0, "hr/park": "", "pa": "64", "dt": "", "img": "https://www.mlbstatic.com/team-logos/147.svg", "team": "nyy", "start": "", "in": "8", "result": "Strikeout", "evo": "", "la": "", "dist": ""}, {"player": "franmil reyes", "game": "sd @ nyy", "gameIdx": 0, "hr/park": "", "pa": "63", "dt": "", "img": "https://www.mlbstatic.com/team-logos/135.svg", "team": "sd", "start": "", "in": "8", "result": "Groundout", "evo": "101.9", "la": "-4", "dist": "22"}, {"player": "wil myers", "game": "sd @ nyy", "gameIdx": 0, "hr/park": "0/30", "pa": "62", "dt": "", "img": "https://www.mlbstatic.com/team-logos/135.svg", "team": "sd", "start": "", "in": "8", "result": "Flyout", "evo": "95.5", "la": "36", "dist": "345"}, {"player": "manuel margot", "game": "sd @ nyy", "gameIdx": 0, "hr/park": "", "pa": "61", "dt": "", "img": "https://www.mlbstatic.com/team-logos/135.svg", "team": "sd", "start": "", "in": "8", "result": "Pop Out", "evo": "", "la": "", "dist": ""}, {"player": "austin allen", "game": "sd @ nyy", "gameIdx": 0, "hr/park": "", "pa": "60", "dt": "", "img": "https://www.mlbstatic.com/team-logos/135.svg", "team": "sd", "start": "", "in": "8", "result": "Double", "evo": "86.9", "la": "27", "dist": "272"}, {"player": "gio urshela", "game": "sd @ nyy", "gameIdx": 0, "hr/park": "", "pa": "59", "dt": "", "img": "https://www.mlbstatic.com/team-logos/147.svg", "team": "nyy", "start": "", "in": "7", "result": "Pop Out", "evo": "79.4", "la": "60", "dist": "189"}, {"player": "clint frazier", "game": "sd @ nyy", "gameIdx": 0, "hr/park": "", "pa": "58", "dt": "", "img": "https://www.mlbstatic.com/team-logos/147.svg", "team": "nyy", "start": "", "in": "7", "result": "Forceout", "evo": "58.0", "la": "", "dist": "37"}, {"player": "brett gardner", "game": "sd @ nyy", "gameIdx": 0, "hr/park": "", "pa": "57", "dt": "", "img": "https://www.mlbstatic.com/team-logos/147.svg", "team": "nyy", "start": "", "in": "7", "result": "Single", "evo": "91.4", "la": "17", "dist": "270"}, {"player": "gleyber torres", "game": "sd @ nyy", "gameIdx": 0, "hr/park": "30/30", "pa": "56", "dt": "", "img": "https://www.mlbstatic.com/team-logos/147.svg", "team": "nyy", "start": "", "in": "7", "result": "Home Run", "evo": "100.8", "la": "30", "dist": "393"}, {"player": "kendrys morales", "game": "sd @ nyy", "gameIdx": 0, "hr/park": "", "pa": "55", "dt": "", "img": "https://www.mlbstatic.com/team-logos/147.svg", "team": "nyy", "start": "", "in": "7", "result": "Groundout", "evo": "85.9", "la": "-24", "dist": "6"}, {"player": "luke voit", "game": "sd @ nyy", "gameIdx": 0, "hr/park": "", "pa": "54", "dt": "", "img": "https://www.mlbstatic.com/team-logos/147.svg", "team": "nyy", "start": "", "in": "7", "result": "Triple", "evo": "79.0", "la": "26", "dist": "274"}, {"player": "ian kinsler", "game": "sd @ nyy", "gameIdx": 0, "hr/park": "", "pa": "53", "dt": "", "img": "https://www.mlbstatic.com/team-logos/135.svg", "team": "sd", "start": "", "in": "7", "result": "Pop Out", "evo": "68.8", "la": "44", "dist": "211"}, {"player": "ty france", "game": "sd @ nyy", "gameIdx": 0, "hr/park": "", "pa": "52", "dt": "", "img": "https://www.mlbstatic.com/team-logos/135.svg", "team": "sd", "start": "", "in": "7", "result": "Pop Out", "evo": "79.8", "la": "56", "dist": "194"}, {"player": "hunter renfroe", "game": "sd @ nyy", "gameIdx": 0, "hr/park": "", "pa": "51", "dt": "", "img": "https://www.mlbstatic.com/team-logos/135.svg", "team": "sd", "start": "", "in": "7", "result": "Strikeout", "evo": "", "la": "", "dist": ""}, {"player": "dj lemahieu", "game": "sd @ nyy", "gameIdx": 0, "hr/park": "", "pa": "50", "dt": "", "img": "https://www.mlbstatic.com/team-logos/147.svg", "team": "nyy", "start": "", "in": "6", "result": "Groundout", "evo": "104.8", "la": "-9", "dist": "18"}, {"player": "austin romine", "game": "sd @ nyy", "gameIdx": 0, "hr/park": "", "pa": "49", "dt": "", "img": "https://www.mlbstatic.com/team-logos/147.svg", "team": "nyy", "start": "", "in": "6", "result": "Strikeout", "evo": "", "la": "", "dist": ""}, {"player": "cameron maybin", "game": "sd @ nyy", "gameIdx": 0, "hr/park": "", "pa": "48", "dt": "", "img": "https://www.mlbstatic.com/team-logos/147.svg", "team": "nyy", "start": "", "in": "6", "result": "Single", "evo": "102.5", "la": "14", "dist": "283"}, {"player": "gio urshela", "game": "sd @ nyy", "gameIdx": 0, "hr/park": "0/30", "pa": "47", "dt": "", "img": "https://www.mlbstatic.com/team-logos/147.svg", "team": "nyy", "start": "", "in": "6", "result": "Lineout", "evo": "98.7", "la": "17", "dist": "315"}, {"player": "eric hosmer", "game": "sd @ nyy", "gameIdx": 0, "hr/park": "", "pa": "46", "dt": "", "img": "https://www.mlbstatic.com/team-logos/135.svg", "team": "sd", "start": "", "in": "6", "result": "Flyout", "evo": "80.6", "la": "30", "dist": "288"}, {"player": "manny machado", "game": "sd @ nyy", "gameIdx": 0, "hr/park": "", "pa": "45", "dt": "", "img": "https://www.mlbstatic.com/team-logos/135.svg", "team": "sd", "start": "", "in": "6", "result": "Groundout", "evo": "108.9", "la": "-13", "dist": "8"}, {"player": "franmil reyes", "game": "sd @ nyy", "gameIdx": 0, "hr/park": "", "pa": "44", "dt": "", "img": "https://www.mlbstatic.com/team-logos/135.svg", "team": "sd", "start": "", "in": "6", "result": "Strikeout", "evo": "", "la": "", "dist": ""}, {"player": "wil myers", "game": "sd @ nyy", "gameIdx": 0, "hr/park": "", "pa": "43", "dt": "", "img": "https://www.mlbstatic.com/team-logos/135.svg", "team": "sd", "start": "", "in": "6", "result": "Single", "evo": "65.5", "la": "37", "dist": "210"}, {"player": "clint frazier", "game": "sd @ nyy", "gameIdx": 0, "hr/park": "", "pa": "42", "dt": "", "img": "https://www.mlbstatic.com/team-logos/147.svg", "team": "nyy", "start": "", "in": "5", "result": "Strikeout", "evo": "", "la": "", "dist": ""}, {"player": "brett gardner", "game": "sd @ nyy", "gameIdx": 0, "hr/park": "", "pa": "41", "dt": "", "img": "https://www.mlbstatic.com/team-logos/147.svg", "team": "nyy", "start": "", "in": "5", "result": "Sac Fly", "evo": "83.8", "la": "35", "dist": "291"}, {"player": "gleyber torres", "game": "sd @ nyy", "gameIdx": 0, "hr/park": "", "pa": "40", "dt": "", "img": "https://www.mlbstatic.com/team-logos/147.svg", "team": "nyy", "start": "", "in": "5", "result": "Single", "evo": "71.2", "la": "26", "dist": "239"}, {"player": "kendrys morales", "game": "sd @ nyy", "gameIdx": 0, "hr/park": "", "pa": "39", "dt": "", "img": "https://www.mlbstatic.com/team-logos/147.svg", "team": "nyy", "start": "", "in": "5", "result": "Flyout", "evo": "82.0", "la": "47", "dist": "260"}, {"player": "luke voit", "game": "sd @ nyy", "gameIdx": 0, "hr/park": "", "pa": "38", "dt": "", "img": "https://www.mlbstatic.com/team-logos/147.svg", "team": "nyy", "start": "", "in": "5", "result": "Fielders Choice", "evo": "56.5", "la": "-16", "dist": "10"}, {"player": "dj lemahieu", "game": "sd @ nyy", "gameIdx": 0, "hr/park": "", "pa": "37", "dt": "", "img": "https://www.mlbstatic.com/team-logos/147.svg", "team": "nyy", "start": "", "in": "5", "result": "Walk", "evo": "", "la": "", "dist": ""}, {"player": "manuel margot", "game": "sd @ nyy", "gameIdx": 0, "hr/park": "", "pa": "36", "dt": "", "img": "https://www.mlbstatic.com/team-logos/135.svg", "team": "sd", "start": "", "in": "5", "result": "Strikeout", "evo": "", "la": "", "dist": ""}, {"player": "austin hedges", "game": "sd @ nyy", "gameIdx": 0, "hr/park": "", "pa": "35", "dt": "", "img": "https://www.mlbstatic.com/team-logos/135.svg", "team": "sd", "start": "", "in": "5", "result": "Field Error", "evo": "63.6", "la": "-27", "dist": "6"}, {"player": "ian kinsler", "game": "sd @ nyy", "gameIdx": 0, "hr/park": "", "pa": "34", "dt": "", "img": "https://www.mlbstatic.com/team-logos/135.svg", "team": "sd", "start": "", "in": "5", "result": "Groundout", "evo": "87.8", "la": "5", "dist": "104"}, {"player": "ty france", "game": "sd @ nyy", "gameIdx": 0, "hr/park": "", "pa": "33", "dt": "", "img": "https://www.mlbstatic.com/team-logos/135.svg", "team": "sd", "start": "", "in": "5", "result": "Pop Out", "evo": "", "la": "", "dist": ""}, {"player": "austin romine", "game": "sd @ nyy", "gameIdx": 0, "hr/park": "", "pa": "32", "dt": "", "img": "https://www.mlbstatic.com/team-logos/147.svg", "team": "nyy", "start": "", "in": "4", "result": "Strikeout", "evo": "", "la": "", "dist": ""}, {"player": "cameron maybin", "game": "sd @ nyy", "gameIdx": 0, "hr/park": "", "pa": "31", "dt": "", "img": "https://www.mlbstatic.com/team-logos/147.svg", "team": "nyy", "start": "", "in": "4", "result": "Pop Out", "evo": "90.4", "la": "59", "dist": "205"}, {"player": "gio urshela", "game": "sd @ nyy", "gameIdx": 0, "hr/park": "0/30", "pa": "30", "dt": "", "img": "https://www.mlbstatic.com/team-logos/147.svg", "team": "nyy", "start": "", "in": "4", "result": "Lineout", "evo": "99.1", "la": "21", "dist": "352"}, {"player": "clint frazier", "game": "sd @ nyy", "gameIdx": 0, "hr/park": "", "pa": "29", "dt": "", "img": "https://www.mlbstatic.com/team-logos/147.svg", "team": "nyy", "start": "", "in": "4", "result": "Hit By Pitch", "evo": "", "la": "", "dist": ""}, {"player": "hunter renfroe", "game": "sd @ nyy", "gameIdx": 0, "hr/park": "", "pa": "28", "dt": "", "img": "https://www.mlbstatic.com/team-logos/135.svg", "team": "sd", "start": "", "in": "4", "result": "Pop Out", "evo": "89.0", "la": "63", "dist": "184"}, {"player": "eric hosmer", "game": "sd @ nyy", "gameIdx": 0, "hr/park": "", "pa": "27", "dt": "", "img": "https://www.mlbstatic.com/team-logos/135.svg", "team": "sd", "start": "", "in": "4", "result": "Strikeout", "evo": "", "la": "", "dist": ""}, {"player": "manny machado", "game": "sd @ nyy", "gameIdx": 0, "hr/park": "", "pa": "26", "dt": "", "img": "https://www.mlbstatic.com/team-logos/135.svg", "team": "sd", "start": "", "in": "4", "result": "Groundout", "evo": "76.9", "la": "-12", "dist": "10"}, {"player": "brett gardner", "game": "sd @ nyy", "gameIdx": 0, "hr/park": "", "pa": "25", "dt": "", "img": "https://www.mlbstatic.com/team-logos/147.svg", "team": "nyy", "start": "", "in": "3", "result": "Strikeout", "evo": "", "la": "", "dist": ""}, {"player": "gleyber torres", "game": "sd @ nyy", "gameIdx": 0, "hr/park": "", "pa": "24", "dt": "", "img": "https://www.mlbstatic.com/team-logos/147.svg", "team": "nyy", "start": "", "in": "3", "result": "Groundout", "evo": "104.2", "la": "-3", "dist": "31"}, {"player": "kendrys morales", "game": "sd @ nyy", "gameIdx": 0, "hr/park": "", "pa": "23", "dt": "", "img": "https://www.mlbstatic.com/team-logos/147.svg", "team": "nyy", "start": "", "in": "3", "result": "Groundout", "evo": "", "la": "", "dist": ""}, {"player": "franmil reyes", "game": "sd @ nyy", "gameIdx": 0, "hr/park": "", "pa": "22", "dt": "", "img": "https://www.mlbstatic.com/team-logos/135.svg", "team": "sd", "start": "", "in": "3", "result": "Strikeout", "evo": "", "la": "", "dist": ""}, {"player": "wil myers", "game": "sd @ nyy", "gameIdx": 0, "hr/park": "", "pa": "21", "dt": "", "img": "https://www.mlbstatic.com/team-logos/135.svg", "team": "sd", "start": "", "in": "3", "result": "Strikeout", "evo": "", "la": "", "dist": ""}, {"player": "manuel margot", "game": "sd @ nyy", "gameIdx": 0, "hr/park": "", "pa": "20", "dt": "", "img": "https://www.mlbstatic.com/team-logos/135.svg", "team": "sd", "start": "", "in": "3", "result": "Walk", "evo": "", "la": "", "dist": ""}, {"player": "austin hedges", "game": "sd @ nyy", "gameIdx": 0, "hr/park": "", "pa": "19", "dt": "", "img": "https://www.mlbstatic.com/team-logos/135.svg", "team": "sd", "start": "", "in": "3", "result": "Strikeout", "evo": "", "la": "", "dist": ""}, {"player": "luke voit", "game": "sd @ nyy", "gameIdx": 0, "hr/park": "", "pa": "18", "dt": "", "img": "https://www.mlbstatic.com/team-logos/147.svg", "team": "nyy", "start": "", "in": "2", "result": "Groundout", "evo": "76.5", "la": "4", "dist": "59"}, {"player": "dj lemahieu", "game": "sd @ nyy", "gameIdx": 0, "hr/park": "", "pa": "17", "dt": "", "img": "https://www.mlbstatic.com/team-logos/147.svg", "team": "nyy", "start": "", "in": "2", "result": "Strikeout", "evo": "", "la": "", "dist": ""}, {"player": "austin romine", "game": "sd @ nyy", "gameIdx": 0, "hr/park": "", "pa": "16", "dt": "", "img": "https://www.mlbstatic.com/team-logos/147.svg", "team": "nyy", "start": "", "in": "2", "result": "Single", "evo": "110.1", "la": "2", "dist": "69"}, {"player": "cameron maybin", "game": "sd @ nyy", "gameIdx": 0, "hr/park": "", "pa": "15", "dt": "", "img": "https://www.mlbstatic.com/team-logos/147.svg", "team": "nyy", "start": "", "in": "2", "result": "Single", "evo": "103.1", "la": "11", "dist": "235"}, {"player": "gio urshela", "game": "sd @ nyy", "gameIdx": 0, "hr/park": "28/30", "pa": "14", "dt": "", "img": "https://www.mlbstatic.com/team-logos/147.svg", "team": "nyy", "start": "", "in": "2", "result": "Home Run", "evo": "100.3", "la": "22", "dist": "371"}, {"player": "clint frazier", "game": "sd @ nyy", "gameIdx": 0, "hr/park": "", "pa": "13", "dt": "", "img": "https://www.mlbstatic.com/team-logos/147.svg", "team": "nyy", "start": "", "in": "2", "result": "Strikeout", "evo": "", "la": "", "dist": ""}, {"player": "ian kinsler", "game": "sd @ nyy", "gameIdx": 0, "hr/park": "", "pa": "12", "dt": "", "img": "https://www.mlbstatic.com/team-logos/135.svg", "team": "sd", "start": "", "in": "2", "result": "Pop Out", "evo": "70.5", "la": "47", "dist": "217"}, {"player": "ty france", "game": "sd @ nyy", "gameIdx": 0, "hr/park": "", "pa": "11", "dt": "", "img": "https://www.mlbstatic.com/team-logos/135.svg", "team": "sd", "start": "", "in": "2", "result": "Strikeout", "evo": "", "la": "", "dist": ""}, {"player": "hunter renfroe", "game": "sd @ nyy", "gameIdx": 0, "hr/park": "0/30", "pa": "10", "dt": "", "img": "https://www.mlbstatic.com/team-logos/135.svg", "team": "sd", "start": "", "in": "2", "result": "Lineout", "evo": "88.7", "la": "25", "dist": "335"}, {"player": "brett gardner", "game": "sd @ nyy", "gameIdx": 0, "hr/park": "", "pa": "9", "dt": "", "img": "https://www.mlbstatic.com/team-logos/147.svg", "team": "nyy", "start": "", "in": "1", "result": "Groundout", "evo": "97.6", "la": "-23", "dist": "5"}, {"player": "gleyber torres", "game": "sd @ nyy", "gameIdx": 0, "hr/park": "", "pa": "8", "dt": "", "img": "https://www.mlbstatic.com/team-logos/147.svg", "team": "nyy", "start": "", "in": "1", "result": "Strikeout", "evo": "", "la": "", "dist": ""}, {"player": "kendrys morales", "game": "sd @ nyy", "gameIdx": 0, "hr/park": "", "pa": "7", "dt": "", "img": "https://www.mlbstatic.com/team-logos/147.svg", "team": "nyy", "start": "", "in": "1", "result": "Groundout", "evo": "66.0", "la": "-53", "dist": "3"}, {"player": "luke voit", "game": "sd @ nyy", "gameIdx": 0, "hr/park": "30/30", "pa": "6", "dt": "", "img": "https://www.mlbstatic.com/team-logos/147.svg", "team": "nyy", "start": "", "in": "1", "result": "Home Run", "evo": "110.4", "la": "29", "dist": "419"}, {"player": "dj lemahieu", "game": "sd @ nyy", "gameIdx": 0, "hr/park": "30/30", "pa": "5", "dt": "", "img": "https://www.mlbstatic.com/team-logos/147.svg", "team": "nyy", "start": "", "in": "1", "result": "Home Run", "evo": "105.2", "la": "31", "dist": "403"}, {"player": "eric hosmer", "game": "sd @ nyy", "gameIdx": 0, "hr/park": "0/30", "pa": "4", "dt": "", "img": "https://www.mlbstatic.com/team-logos/135.svg", "team": "sd", "start": "", "in": "1", "result": "Lineout", "evo": "94.9", "la": "23", "dist": "348"}, {"player": "manny machado", "game": "sd @ nyy", "gameIdx": 0, "hr/park": "", "pa": "3", "dt": "", "img": "https://www.mlbstatic.com/team-logos/135.svg", "team": "sd", "start": "", "in": "1", "result": "Walk", "evo": "", "la": "", "dist": ""}, {"player": "franmil reyes", "game": "sd @ nyy", "gameIdx": 0, "hr/park": "", "pa": "2", "dt": "", "img": "https://www.mlbstatic.com/team-logos/135.svg", "team": "sd", "start": "", "in": "1", "result": "Strikeout", "evo": "", "la": "", "dist": ""}, {"player": "wil myers", "game": "sd @ nyy", "gameIdx": 0, "hr/park": "", "pa": "1", "dt": "", "img": "https://www.mlbstatic.com/team-logos/135.svg", "team": "sd", "start": "", "in": "1", "result": "Strikeout", "evo": "", "la": "", "dist": ""}], "laa @ ath": [], "tex @ sea": [{"player": "kyle seager", "game": "tex @ sea", "gameIdx": 0, "hr/park": "", "pa": "85", "dt": "", "img": "https://www.mlbstatic.com/team-logos/136.svg", "team": "sea", "start": "", "in": "9", "result": "GIDP", "evo": "95.3", "la": "-17", "dist": "9"}, {"player": "domingo santana", "game": "tex @ sea", "gameIdx": 0, "hr/park": "", "pa": "84", "dt": "", "img": "https://www.mlbstatic.com/team-logos/136.svg", "team": "sea", "start": "", "in": "9", "result": "Strikeout", "evo": "", "la": "", "dist": ""}, {"player": "edwin encarnacion", "game": "tex @ sea", "gameIdx": 0, "hr/park": "", "pa": "83", "dt": "", "img": "https://www.mlbstatic.com/team-logos/136.svg", "team": "sea", "start": "", "in": "9", "result": "Walk", "evo": "", "la": "", "dist": ""}, {"player": "daniel vogelbach", "game": "tex @ sea", "gameIdx": 0, "hr/park": "", "pa": "82", "dt": "", "img": "https://www.mlbstatic.com/team-logos/136.svg", "team": "sea", "start": "", "in": "9", "result": "Single", "evo": "73.8", "la": "22", "dist": "240"}, {"player": "rougned odor", "game": "tex @ sea", "gameIdx": 0, "hr/park": "", "pa": "81", "dt": "", "img": "https://www.mlbstatic.com/team-logos/140.svg", "team": "tex", "start": "", "in": "9", "result": "Pop Out", "evo": "77.3", "la": "86", "dist": "12"}, {"player": "asdrubal cabrera", "game": "tex @ sea", "gameIdx": 0, "hr/park": "", "pa": "80", "dt": "", "img": "https://www.mlbstatic.com/team-logos/140.svg", "team": "tex", "start": "", "in": "9", "result": "Double", "evo": "86.7", "la": "14", "dist": "202"}, {"player": "nomar mazara", "game": "tex @ sea", "gameIdx": 0, "hr/park": "2/30", "pa": "79", "dt": "", "img": "https://www.mlbstatic.com/team-logos/140.svg", "team": "tex", "start": "", "in": "9", "result": "Double", "evo": "100.8", "la": "29", "dist": "345"}, {"player": "hunter pence", "game": "tex @ sea", "gameIdx": 0, "hr/park": "", "pa": "78", "dt": "", "img": "https://www.mlbstatic.com/team-logos/140.svg", "team": "tex", "start": "", "in": "9", "result": "Groundout", "evo": "93.8", "la": "-4", "dist": "20"}, {"player": "elvis andrus", "game": "tex @ sea", "gameIdx": 0, "hr/park": "", "pa": "77", "dt": "", "img": "https://www.mlbstatic.com/team-logos/140.svg", "team": "tex", "start": "", "in": "9", "result": "Groundout", "evo": "100.6", "la": "3", "dist": "82"}, {"player": "mitch haniger", "game": "tex @ sea", "gameIdx": 0, "hr/park": "", "pa": "76", "dt": "", "img": "https://www.mlbstatic.com/team-logos/136.svg", "team": "sea", "start": "", "in": "8", "result": "Strikeout", "evo": "", "la": "", "dist": ""}, {"player": "mallex smith", "game": "tex @ sea", "gameIdx": 0, "hr/park": "", "pa": "75", "dt": "", "img": "https://www.mlbstatic.com/team-logos/136.svg", "team": "sea", "start": "", "in": "8", "result": "Strikeout", "evo": "", "la": "", "dist": ""}, {"player": "shed long", "game": "tex @ sea", "gameIdx": 0, "hr/park": "", "pa": "74", "dt": "", "img": "https://www.mlbstatic.com/team-logos/136.svg", "team": "sea", "start": "", "in": "8", "result": "Walk", "evo": "", "la": "", "dist": ""}, {"player": "omar narvaez", "game": "tex @ sea", "gameIdx": 0, "hr/park": "", "pa": "73", "dt": "", "img": "https://www.mlbstatic.com/team-logos/136.svg", "team": "sea", "start": "", "in": "8", "result": "Strikeout", "evo": "", "la": "", "dist": ""}, {"player": "danny santana", "game": "tex @ sea", "gameIdx": 0, "hr/park": "", "pa": "72", "dt": "", "img": "https://www.mlbstatic.com/team-logos/140.svg", "team": "tex", "start": "", "in": "8", "result": "Groundout", "evo": "78.6", "la": "-17", "dist": "5"}, {"player": "logan forsythe", "game": "tex @ sea", "gameIdx": 0, "hr/park": "", "pa": "71", "dt": "", "img": "https://www.mlbstatic.com/team-logos/140.svg", "team": "tex", "start": "", "in": "8", "result": "Single", "evo": "95.1", "la": "-6", "dist": "19"}, {"player": "shin soo choo", "game": "tex @ sea", "gameIdx": 0, "hr/park": "", "pa": "70", "dt": "", "img": "https://www.mlbstatic.com/team-logos/140.svg", "team": "tex", "start": "", "in": "8", "result": "Single", "evo": "100.9", "la": "13", "dist": "224"}, {"player": "ronald guzman", "game": "tex @ sea", "gameIdx": 0, "hr/park": "", "pa": "69", "dt": "", "img": "https://www.mlbstatic.com/team-logos/140.svg", "team": "tex", "start": "", "in": "8", "result": "Groundout", "evo": "61.6", "la": "2", "dist": "39"}, {"player": "rougned odor", "game": "tex @ sea", "gameIdx": 0, "hr/park": "", "pa": "68", "dt": "", "img": "https://www.mlbstatic.com/team-logos/140.svg", "team": "tex", "start": "", "in": "8", "result": "Walk", "evo": "", "la": "", "dist": ""}, {"player": "asdrubal cabrera", "game": "tex @ sea", "gameIdx": 0, "hr/park": "2/30", "pa": "67", "dt": "", "img": "https://www.mlbstatic.com/team-logos/140.svg", "team": "tex", "start": "", "in": "8", "result": "Flyout", "evo": "97.6", "la": "39", "dist": "355"}, {"player": "nomar mazara", "game": "tex @ sea", "gameIdx": 0, "hr/park": "", "pa": "66", "dt": "", "img": "https://www.mlbstatic.com/team-logos/140.svg", "team": "tex", "start": "", "in": "8", "result": "Single", "evo": "97.8", "la": "13", "dist": "218"}, {"player": "tim beckham", "game": "tex @ sea", "gameIdx": 0, "hr/park": "", "pa": "65", "dt": "", "img": "https://www.mlbstatic.com/team-logos/136.svg", "team": "sea", "start": "", "in": "7", "result": "GIDP", "evo": "96.7", "la": "-11", "dist": "14"}, {"player": "kyle seager", "game": "tex @ sea", "gameIdx": 0, "hr/park": "", "pa": "64", "dt": "", "img": "https://www.mlbstatic.com/team-logos/136.svg", "team": "sea", "start": "", "in": "7", "result": "Single", "evo": "95.9", "la": "8", "dist": "164"}, {"player": "domingo santana", "game": "tex @ sea", "gameIdx": 0, "hr/park": "", "pa": "63", "dt": "", "img": "https://www.mlbstatic.com/team-logos/136.svg", "team": "sea", "start": "", "in": "7", "result": "Groundout", "evo": "93.1", "la": "5", "dist": "85"}, {"player": "hunter pence", "game": "tex @ sea", "gameIdx": 0, "hr/park": "", "pa": "62", "dt": "", "img": "https://www.mlbstatic.com/team-logos/140.svg", "team": "tex", "start": "", "in": "7", "result": "Strikeout", "evo": "", "la": "", "dist": ""}, {"player": "elvis andrus", "game": "tex @ sea", "gameIdx": 0, "hr/park": "", "pa": "61", "dt": "", "img": "https://www.mlbstatic.com/team-logos/140.svg", "team": "tex", "start": "", "in": "7", "result": "Single", "evo": "68.8", "la": "32", "dist": "237"}, {"player": "danny santana", "game": "tex @ sea", "gameIdx": 0, "hr/park": "", "pa": "60", "dt": "", "img": "https://www.mlbstatic.com/team-logos/140.svg", "team": "tex", "start": "", "in": "7", "result": "Groundout", "evo": "109.2", "la": "4", "dist": "81"}, {"player": "logan forsythe", "game": "tex @ sea", "gameIdx": 0, "hr/park": "", "pa": "59", "dt": "", "img": "https://www.mlbstatic.com/team-logos/140.svg", "team": "tex", "start": "", "in": "7", "result": "Strikeout", "evo": "", "la": "", "dist": ""}, {"player": "edwin encarnacion", "game": "tex @ sea", "gameIdx": 0, "hr/park": "2/30", "pa": "58", "dt": "", "img": "https://www.mlbstatic.com/team-logos/136.svg", "team": "sea", "start": "", "in": "6", "result": "Flyout", "evo": "99.6", "la": "37", "dist": "358"}, {"player": "daniel vogelbach", "game": "tex @ sea", "gameIdx": 0, "hr/park": "", "pa": "57", "dt": "", "img": "https://www.mlbstatic.com/team-logos/136.svg", "team": "sea", "start": "", "in": "6", "result": "Flyout", "evo": "94.9", "la": "50", "dist": "274"}, {"player": "mitch haniger", "game": "tex @ sea", "gameIdx": 0, "hr/park": "4/30", "pa": "56", "dt": "", "img": "https://www.mlbstatic.com/team-logos/136.svg", "team": "sea", "start": "", "in": "6", "result": "Home Run", "evo": "107.1", "la": "27", "dist": "377"}, {"player": "mallex smith", "game": "tex @ sea", "gameIdx": 0, "hr/park": "0/30", "pa": "55", "dt": "", "img": "https://www.mlbstatic.com/team-logos/136.svg", "team": "sea", "start": "", "in": "6", "result": "Triple", "evo": "94.9", "la": "24", "dist": "379"}, {"player": "shed long", "game": "tex @ sea", "gameIdx": 0, "hr/park": "", "pa": "54", "dt": "", "img": "https://www.mlbstatic.com/team-logos/136.svg", "team": "sea", "start": "", "in": "6", "result": "Walk", "evo": "", "la": "", "dist": ""}, {"player": "tom murphy", "game": "tex @ sea", "gameIdx": 0, "hr/park": "2/30", "pa": "53", "dt": "", "img": "https://www.mlbstatic.com/team-logos/136.svg", "team": "sea", "start": "", "in": "6", "result": "Flyout", "evo": "99.6", "la": "44", "dist": "340"}, {"player": "jeff mathis", "game": "tex @ sea", "gameIdx": 0, "hr/park": "", "pa": "52", "dt": "", "img": "https://www.mlbstatic.com/team-logos/140.svg", "team": "tex", "start": "", "in": "6", "result": "Strikeout", "evo": "", "la": "", "dist": ""}, {"player": "ronald guzman", "game": "tex @ sea", "gameIdx": 0, "hr/park": "", "pa": "51", "dt": "", "img": "https://www.mlbstatic.com/team-logos/140.svg", "team": "tex", "start": "", "in": "6", "result": "Sac Fly", "evo": "75.7", "la": "52", "dist": "204"}, {"player": "rougned odor", "game": "tex @ sea", "gameIdx": 0, "hr/park": "2/30", "pa": "50", "dt": "", "img": "https://www.mlbstatic.com/team-logos/140.svg", "team": "tex", "start": "", "in": "6", "result": "Single", "evo": "113.1", "la": "14", "dist": "364"}, {"player": "asdrubal cabrera", "game": "tex @ sea", "gameIdx": 0, "hr/park": "", "pa": "49", "dt": "", "img": "https://www.mlbstatic.com/team-logos/140.svg", "team": "tex", "start": "", "in": "6", "result": "Walk", "evo": "", "la": "", "dist": ""}, {"player": "nomar mazara", "game": "tex @ sea", "gameIdx": 0, "hr/park": "", "pa": "48", "dt": "", "img": "https://www.mlbstatic.com/team-logos/140.svg", "team": "tex", "start": "", "in": "6", "result": "Field Error", "evo": "65.9", "la": "-54", "dist": "4"}, {"player": "hunter pence", "game": "tex @ sea", "gameIdx": 0, "hr/park": "", "pa": "47", "dt": "", "img": "https://www.mlbstatic.com/team-logos/140.svg", "team": "tex", "start": "", "in": "6", "result": "Strikeout", "evo": "", "la": "", "dist": ""}, {"player": "tim beckham", "game": "tex @ sea", "gameIdx": 0, "hr/park": "", "pa": "46", "dt": "", "img": "https://www.mlbstatic.com/team-logos/136.svg", "team": "sea", "start": "", "in": "5", "result": "Forceout", "evo": "77.1", "la": "-10", "dist": "16"}, {"player": "kyle seager", "game": "tex @ sea", "gameIdx": 0, "hr/park": "0/30", "pa": "45", "dt": "", "img": "https://www.mlbstatic.com/team-logos/136.svg", "team": "sea", "start": "", "in": "5", "result": "Flyout", "evo": "98.3", "la": "36", "dist": "367"}, {"player": "domingo santana", "game": "tex @ sea", "gameIdx": 0, "hr/park": "", "pa": "44", "dt": "", "img": "https://www.mlbstatic.com/team-logos/136.svg", "team": "sea", "start": "", "in": "5", "result": "Strikeout", "evo": "", "la": "", "dist": ""}, {"player": "edwin encarnacion", "game": "tex @ sea", "gameIdx": 0, "hr/park": "", "pa": "43", "dt": "", "img": "https://www.mlbstatic.com/team-logos/136.svg", "team": "sea", "start": "", "in": "5", "result": "Single", "evo": "99.0", "la": "12", "dist": "195"}, {"player": "elvis andrus", "game": "tex @ sea", "gameIdx": 0, "hr/park": "0/30", "pa": "42", "dt": "", "img": "https://www.mlbstatic.com/team-logos/140.svg", "team": "tex", "start": "", "in": "5", "result": "Lineout", "evo": "93.5", "la": "22", "dist": "320"}, {"player": "danny santana", "game": "tex @ sea", "gameIdx": 0, "hr/park": "", "pa": "41", "dt": "", "img": "https://www.mlbstatic.com/team-logos/140.svg", "team": "tex", "start": "", "in": "5", "result": "Pop Out", "evo": "", "la": "", "dist": ""}, {"player": "logan forsythe", "game": "tex @ sea", "gameIdx": 0, "hr/park": "", "pa": "40", "dt": "", "img": "https://www.mlbstatic.com/team-logos/140.svg", "team": "tex", "start": "", "in": "5", "result": "Flyout", "evo": "80.6", "la": "44", "dist": "244"}, {"player": "daniel vogelbach", "game": "tex @ sea", "gameIdx": 0, "hr/park": "", "pa": "39", "dt": "", "img": "https://www.mlbstatic.com/team-logos/136.svg", "team": "sea", "start": "", "in": "4", "result": "Pop Out", "evo": "", "la": "", "dist": ""}, {"player": "mitch haniger", "game": "tex @ sea", "gameIdx": 0, "hr/park": "", "pa": "38", "dt": "", "img": "https://www.mlbstatic.com/team-logos/136.svg", "team": "sea", "start": "", "in": "4", "result": "Forceout", "evo": "93.4", "la": "-3", "dist": "37"}, {"player": "mallex smith", "game": "tex @ sea", "gameIdx": 0, "hr/park": "", "pa": "37", "dt": "", "img": "https://www.mlbstatic.com/team-logos/136.svg", "team": "sea", "start": "", "in": "4", "result": "Walk", "evo": "", "la": "", "dist": ""}, {"player": "shed long", "game": "tex @ sea", "gameIdx": 0, "hr/park": "", "pa": "36", "dt": "", "img": "https://www.mlbstatic.com/team-logos/136.svg", "team": "sea", "start": "", "in": "4", "result": "Double", "evo": "89.2", "la": "22", "dist": "268"}, {"player": "tom murphy", "game": "tex @ sea", "gameIdx": 0, "hr/park": "", "pa": "35", "dt": "", "img": "https://www.mlbstatic.com/team-logos/136.svg", "team": "sea", "start": "", "in": "4", "result": "Single", "evo": "103.0", "la": "12", "dist": "165"}, {"player": "tim beckham", "game": "tex @ sea", "gameIdx": 0, "hr/park": "10/30", "pa": "34", "dt": "", "img": "https://www.mlbstatic.com/team-logos/136.svg", "team": "sea", "start": "", "in": "4", "result": "Home Run", "evo": "100.7", "la": "35", "dist": "362"}, {"player": "kyle seager", "game": "tex @ sea", "gameIdx": 0, "hr/park": "", "pa": "33", "dt": "", "img": "https://www.mlbstatic.com/team-logos/136.svg", "team": "sea", "start": "", "in": "4", "result": "Flyout", "evo": "79.9", "la": "34", "dist": "281"}, {"player": "domingo santana", "game": "tex @ sea", "gameIdx": 0, "hr/park": "", "pa": "32", "dt": "", "img": "https://www.mlbstatic.com/team-logos/136.svg", "team": "sea", "start": "", "in": "4", "result": "Walk", "evo": "", "la": "", "dist": ""}, {"player": "jeff mathis", "game": "tex @ sea", "gameIdx": 0, "hr/park": "", "pa": "31", "dt": "", "img": "https://www.mlbstatic.com/team-logos/140.svg", "team": "tex", "start": "", "in": "4", "result": "Groundout", "evo": "66.5", "la": "-28", "dist": "6"}, {"player": "ronald guzman", "game": "tex @ sea", "gameIdx": 0, "hr/park": "", "pa": "30", "dt": "", "img": "https://www.mlbstatic.com/team-logos/140.svg", "team": "tex", "start": "", "in": "4", "result": "Strikeout", "evo": "", "la": "", "dist": ""}, {"player": "rougned odor", "game": "tex @ sea", "gameIdx": 0, "hr/park": "", "pa": "29", "dt": "", "img": "https://www.mlbstatic.com/team-logos/140.svg", "team": "tex", "start": "", "in": "4", "result": "Strikeout", "evo": "", "la": "", "dist": ""}, {"player": "edwin encarnacion", "game": "tex @ sea", "gameIdx": 0, "hr/park": "", "pa": "28", "dt": "", "img": "https://www.mlbstatic.com/team-logos/136.svg", "team": "sea", "start": "", "in": "3", "result": "Strikeout", "evo": "", "la": "", "dist": ""}, {"player": "daniel vogelbach", "game": "tex @ sea", "gameIdx": 0, "hr/park": "", "pa": "27", "dt": "", "img": "https://www.mlbstatic.com/team-logos/136.svg", "team": "sea", "start": "", "in": "3", "result": "Pop Out", "evo": "69.1", "la": "52", "dist": "189"}, {"player": "mitch haniger", "game": "tex @ sea", "gameIdx": 0, "hr/park": "", "pa": "26", "dt": "", "img": "https://www.mlbstatic.com/team-logos/136.svg", "team": "sea", "start": "", "in": "3", "result": "Strikeout", "evo": "", "la": "", "dist": ""}, {"player": "mallex smith", "game": "tex @ sea", "gameIdx": 0, "hr/park": "", "pa": "25", "dt": "", "img": "https://www.mlbstatic.com/team-logos/136.svg", "team": "sea", "start": "", "in": "3", "result": "Single", "evo": "97.0", "la": "2", "dist": "70"}, {"player": "shed long", "game": "tex @ sea", "gameIdx": 0, "hr/park": "", "pa": "24", "dt": "", "img": "https://www.mlbstatic.com/team-logos/136.svg", "team": "sea", "start": "", "in": "3", "result": "Double", "evo": "95.5", "la": "19", "dist": "297"}, {"player": "asdrubal cabrera", "game": "tex @ sea", "gameIdx": 0, "hr/park": "", "pa": "23", "dt": "", "img": "https://www.mlbstatic.com/team-logos/140.svg", "team": "tex", "start": "", "in": "3", "result": "Flyout", "evo": "86.1", "la": "30", "dist": "298"}, {"player": "nomar mazara", "game": "tex @ sea", "gameIdx": 0, "hr/park": "", "pa": "22", "dt": "", "img": "https://www.mlbstatic.com/team-logos/140.svg", "team": "tex", "start": "", "in": "3", "result": "Single", "evo": "101.3", "la": "", "dist": "41"}, {"player": "hunter pence", "game": "tex @ sea", "gameIdx": 0, "hr/park": "", "pa": "21", "dt": "", "img": "https://www.mlbstatic.com/team-logos/140.svg", "team": "tex", "start": "", "in": "3", "result": "Lineout", "evo": "110.7", "la": "12", "dist": "282"}, {"player": "elvis andrus", "game": "tex @ sea", "gameIdx": 0, "hr/park": "", "pa": "20", "dt": "", "img": "https://www.mlbstatic.com/team-logos/140.svg", "team": "tex", "start": "", "in": "3", "result": "Groundout", "evo": "", "la": "", "dist": ""}, {"player": "tom murphy", "game": "tex @ sea", "gameIdx": 0, "hr/park": "0/30", "pa": "19", "dt": "", "img": "https://www.mlbstatic.com/team-logos/136.svg", "team": "sea", "start": "", "in": "2", "result": "Flyout", "evo": "100.4", "la": "47", "dist": "314"}, {"player": "tim beckham", "game": "tex @ sea", "gameIdx": 0, "hr/park": "", "pa": "18", "dt": "", "img": "https://www.mlbstatic.com/team-logos/136.svg", "team": "sea", "start": "", "in": "2", "result": "Strikeout", "evo": "", "la": "", "dist": ""}, {"player": "kyle seager", "game": "tex @ sea", "gameIdx": 0, "hr/park": "0/30", "pa": "17", "dt": "", "img": "https://www.mlbstatic.com/team-logos/136.svg", "team": "sea", "start": "", "in": "2", "result": "Flyout", "evo": "102.2", "la": "34", "dist": "378"}, {"player": "danny santana", "game": "tex @ sea", "gameIdx": 0, "hr/park": "", "pa": "16", "dt": "", "img": "https://www.mlbstatic.com/team-logos/140.svg", "team": "tex", "start": "", "in": "2", "result": "Strikeout", "evo": "", "la": "", "dist": ""}, {"player": "logan forsythe", "game": "tex @ sea", "gameIdx": 0, "hr/park": "", "pa": "15", "dt": "", "img": "https://www.mlbstatic.com/team-logos/140.svg", "team": "tex", "start": "", "in": "2", "result": "Single", "evo": "103.3", "la": "14", "dist": "242"}, {"player": "jeff mathis", "game": "tex @ sea", "gameIdx": 0, "hr/park": "0/30", "pa": "14", "dt": "", "img": "https://www.mlbstatic.com/team-logos/140.svg", "team": "tex", "start": "", "in": "2", "result": "Lineout", "evo": "94.2", "la": "17", "dist": "304"}, {"player": "ronald guzman", "game": "tex @ sea", "gameIdx": 0, "hr/park": "", "pa": "13", "dt": "", "img": "https://www.mlbstatic.com/team-logos/140.svg", "team": "tex", "start": "", "in": "2", "result": "Groundout", "evo": "39.2", "la": "-4", "dist": "19"}, {"player": "domingo santana", "game": "tex @ sea", "gameIdx": 0, "hr/park": "", "pa": "12", "dt": "", "img": "https://www.mlbstatic.com/team-logos/136.svg", "team": "sea", "start": "", "in": "1", "result": "Groundout", "evo": "62.3", "la": "-8", "dist": "14"}, {"player": "edwin encarnacion", "game": "tex @ sea", "gameIdx": 0, "hr/park": "", "pa": "11", "dt": "", "img": "https://www.mlbstatic.com/team-logos/136.svg", "team": "sea", "start": "", "in": "1", "result": "Single", "evo": "88.9", "la": "-23", "dist": "9"}, {"player": "daniel vogelbach", "game": "tex @ sea", "gameIdx": 0, "hr/park": "", "pa": "10", "dt": "", "img": "https://www.mlbstatic.com/team-logos/136.svg", "team": "sea", "start": "", "in": "1", "result": "Walk", "evo": "", "la": "", "dist": ""}, {"player": "mitch haniger", "game": "tex @ sea", "gameIdx": 0, "hr/park": "", "pa": "9", "dt": "", "img": "https://www.mlbstatic.com/team-logos/136.svg", "team": "sea", "start": "", "in": "1", "result": "Strikeout", "evo": "", "la": "", "dist": ""}, {"player": "mallex smith", "game": "tex @ sea", "gameIdx": 0, "hr/park": "", "pa": "8", "dt": "", "img": "https://www.mlbstatic.com/team-logos/136.svg", "team": "sea", "start": "", "in": "1", "result": "Groundout", "evo": "64.7", "la": "-5", "dist": "20"}, {"player": "rougned odor", "game": "tex @ sea", "gameIdx": 0, "hr/park": "", "pa": "7", "dt": "", "img": "https://www.mlbstatic.com/team-logos/140.svg", "team": "tex", "start": "", "in": "1", "result": "Strikeout", "evo": "", "la": "", "dist": ""}, {"player": "asdrubal cabrera", "game": "tex @ sea", "gameIdx": 0, "hr/park": "", "pa": "6", "dt": "", "img": "https://www.mlbstatic.com/team-logos/140.svg", "team": "tex", "start": "", "in": "1", "result": "Single", "evo": "99.5", "la": "14", "dist": "199"}, {"player": "nomar mazara", "game": "tex @ sea", "gameIdx": 0, "hr/park": "", "pa": "5", "dt": "", "img": "https://www.mlbstatic.com/team-logos/140.svg", "team": "tex", "start": "", "in": "1", "result": "Strikeout", "evo": "", "la": "", "dist": ""}, {"player": "hunter pence", "game": "tex @ sea", "gameIdx": 0, "hr/park": "", "pa": "4", "dt": "", "img": "https://www.mlbstatic.com/team-logos/140.svg", "team": "tex", "start": "", "in": "1", "result": "Triple", "evo": "107.4", "la": "11", "dist": "273"}, {"player": "elvis andrus", "game": "tex @ sea", "gameIdx": 0, "hr/park": "", "pa": "3", "dt": "", "img": "https://www.mlbstatic.com/team-logos/140.svg", "team": "tex", "start": "", "in": "1", "result": "Flyout", "evo": "89.4", "la": "44", "dist": "292"}, {"player": "danny santana", "game": "tex @ sea", "gameIdx": 0, "hr/park": "", "pa": "2", "dt": "", "img": "https://www.mlbstatic.com/team-logos/140.svg", "team": "tex", "start": "", "in": "1", "result": "Single", "evo": "96.7", "la": "13", "dist": "207"}, {"player": "logan forsythe", "game": "tex @ sea", "gameIdx": 0, "hr/park": "", "pa": "1", "dt": "", "img": "https://www.mlbstatic.com/team-logos/140.svg", "team": "tex", "start": "", "in": "1", "result": "Single", "evo": "107.1", "la": "-1", "dist": "41"}], "cle @ bos": [], "det @ bal": [], "stl @ phi": [], "tor @ tb": [], "sf @ mia": [], "wsh @ atl": [], "chc @ hou": [], "kc @ chw": [], "ari @ col": [], "nym @ lad": []}