{"all": {"pitchers": "42", "batters": "100", "pitches": "1376", "max velomax pitch velocity": "99.4", "min velomin pitch velocity": "67.0", "ff%fourseam fastball %": "41.6", "si%sinker %": "12.6", "fc%cutter %": "5.2", "fs%splitter %": "0.9", "ch%changeup %": "11.8", "sl%slider %": "20.5", "cu%curve %": "7.3", "max evmax exit velocity": "112.1", "hhhard hit": "101", "hh%hard hit %": "39.6", "brlbarrels": "11", "brl%barrel %": "4.3", "ab": "320", "avg": ".250", "h": "80", "1b": "47", "2b": "18", "3b": "0", "hr": "15", "so": "69", "bipballs in play": "255", "liveGames": 0, "totGames": 15}, "tor @ bal": [{"player": "teoscar hernandez", "game": "tor @ bal", "gameIdx": 0, "hr/park": "", "pa": "81", "dt": "", "img": "https://www.mlbstatic.com/team-logos/141.svg", "team": "tor", "start": "", "in": "9", "result": "Strikeout", "evo": "", "la": "", "dist": ""}, {"player": "randal grichuk", "game": "tor @ bal", "gameIdx": 0, "hr/park": "", "pa": "80", "dt": "", "img": "https://www.mlbstatic.com/team-logos/141.svg", "team": "tor", "start": "", "in": "9", "result": "Single", "evo": "98.5", "la": "-2", "dist": "33"}, {"player": "freddy galvis", "game": "tor @ bal", "gameIdx": 0, "hr/park": "", "pa": "79", "dt": "", "img": "https://www.mlbstatic.com/team-logos/141.svg", "team": "tor", "start": "", "in": "9", "result": "Strikeout", "evo": "", "la": "", "dist": ""}, {"player": "vladimir guerrero", "game": "tor @ bal", "gameIdx": 0, "hr/park": "", "pa": "78", "dt": "", "img": "https://www.mlbstatic.com/team-logos/141.svg", "team": "tor", "start": "", "in": "9", "result": "Single", "evo": "69.6", "la": "-36", "dist": "3"}, {"player": "lourdes gurriel", "game": "tor @ bal", "gameIdx": 0, "hr/park": "", "pa": "77", "dt": "", "img": "https://www.mlbstatic.com/team-logos/141.svg", "team": "tor", "start": "", "in": "9", "result": "Strikeout", "evo": "", "la": "", "dist": ""}, {"player": "trey mancini", "game": "tor @ bal", "gameIdx": 0, "hr/park": "", "pa": "76", "dt": "", "img": "https://www.mlbstatic.com/team-logos/110.svg", "team": "bal", "start": "", "in": "8", "result": "Groundout", "evo": "70.5", "la": "-56", "dist": "3"}, {"player": "jonathan villar", "game": "tor @ bal", "gameIdx": 0, "hr/park": "", "pa": "75", "dt": "", "img": "https://www.mlbstatic.com/team-logos/110.svg", "team": "bal", "start": "", "in": "8", "result": "Flyout", "evo": "101.5", "la": "52", "dist": "290"}, {"player": "stevie wilkerson", "game": "tor @ bal", "gameIdx": 0, "hr/park": "", "pa": "74", "dt": "", "img": "https://www.mlbstatic.com/team-logos/110.svg", "team": "bal", "start": "", "in": "8", "result": "Walk", "evo": "", "la": "", "dist": ""}, {"player": "chris davis", "game": "tor @ bal", "gameIdx": 0, "hr/park": "", "pa": "73", "dt": "", "img": "https://www.mlbstatic.com/team-logos/110.svg", "team": "bal", "start": "", "in": "8", "result": "Strikeout", "evo": "", "la": "", "dist": ""}, {"player": "cavan biggio", "game": "tor @ bal", "gameIdx": 0, "hr/park": "", "pa": "72", "dt": "", "img": "https://www.mlbstatic.com/team-logos/141.svg", "team": "tor", "start": "", "in": "8", "result": "Groundout", "evo": "85.1", "la": "-14", "dist": "7"}, {"player": "bo bichette", "game": "tor @ bal", "gameIdx": 0, "hr/park": "", "pa": "71", "dt": "", "img": "https://www.mlbstatic.com/team-logos/141.svg", "team": "tor", "start": "", "in": "8", "result": "Strikeout", "evo": "", "la": "", "dist": ""}, {"player": "danny jansen", "game": "tor @ bal", "gameIdx": 0, "hr/park": "", "pa": "70", "dt": "", "img": "https://www.mlbstatic.com/team-logos/141.svg", "team": "tor", "start": "", "in": "8", "result": "Strikeout", "evo": "", "la": "", "dist": ""}, {"player": "chance sisco", "game": "tor @ bal", "gameIdx": 0, "hr/park": "", "pa": "69", "dt": "", "img": "https://www.mlbstatic.com/team-logos/110.svg", "team": "bal", "start": "", "in": "7", "result": "GIDP", "evo": "95.9", "la": "-12", "dist": "10"}, {"player": "hanser alberto", "game": "tor @ bal", "gameIdx": 0, "hr/park": "", "pa": "68", "dt": "", "img": "https://www.mlbstatic.com/team-logos/110.svg", "team": "bal", "start": "", "in": "7", "result": "Field Error", "evo": "82.8", "la": "10", "dist": "125"}, {"player": "jace peterson", "game": "tor @ bal", "gameIdx": 0, "hr/park": "", "pa": "67", "dt": "", "img": "https://www.mlbstatic.com/team-logos/110.svg", "team": "bal", "start": "", "in": "7", "result": "Groundout", "evo": "76.5", "la": "-8", "dist": "16"}, {"player": "brandon drury", "game": "tor @ bal", "gameIdx": 0, "hr/park": "", "pa": "66", "dt": "", "img": "https://www.mlbstatic.com/team-logos/141.svg", "team": "tor", "start": "", "in": "7", "result": "Groundout", "evo": "65.4", "la": "2", "dist": "49"}, {"player": "teoscar hernandez", "game": "tor @ bal", "gameIdx": 0, "hr/park": "", "pa": "65", "dt": "", "img": "https://www.mlbstatic.com/team-logos/141.svg", "team": "tor", "start": "", "in": "7", "result": "Strikeout", "evo": "", "la": "", "dist": ""}, {"player": "randal grichuk", "game": "tor @ bal", "gameIdx": 0, "hr/park": "", "pa": "64", "dt": "", "img": "https://www.mlbstatic.com/team-logos/141.svg", "team": "tor", "start": "", "in": "7", "result": "Double", "evo": "98.7", "la": "5", "dist": "105"}, {"player": "justin smoak", "game": "tor @ bal", "gameIdx": 0, "hr/park": "", "pa": "63", "dt": "", "img": "https://www.mlbstatic.com/team-logos/141.svg", "team": "tor", "start": "", "in": "7", "result": "Walk", "evo": "", "la": "", "dist": ""}, {"player": "vladimir guerrero", "game": "tor @ bal", "gameIdx": 0, "hr/park": "", "pa": "62", "dt": "", "img": "https://www.mlbstatic.com/team-logos/141.svg", "team": "tor", "start": "", "in": "7", "result": "Single", "evo": "76.8", "la": "27", "dist": "264"}, {"player": "lourdes gurriel", "game": "tor @ bal", "gameIdx": 0, "hr/park": "", "pa": "61", "dt": "", "img": "https://www.mlbstatic.com/team-logos/141.svg", "team": "tor", "start": "", "in": "7", "result": "Strikeout", "evo": "", "la": "", "dist": ""}, {"player": "cavan biggio", "game": "tor @ bal", "gameIdx": 0, "hr/park": "9/30", "pa": "60", "dt": "", "img": "https://www.mlbstatic.com/team-logos/141.svg", "team": "tor", "start": "", "in": "7", "result": "Home Run", "evo": "99.0", "la": "41", "dist": "351"}, {"player": "bo bichette", "game": "tor @ bal", "gameIdx": 0, "hr/park": "6/30", "pa": "59", "dt": "", "img": "https://www.mlbstatic.com/team-logos/141.svg", "team": "tor", "start": "", "in": "7", "result": "Home Run", "evo": "97.8", "la": "34", "dist": "365"}, {"player": "renato nunez", "game": "tor @ bal", "gameIdx": 0, "hr/park": "0/30", "pa": "58", "dt": "", "img": "https://www.mlbstatic.com/team-logos/110.svg", "team": "bal", "start": "", "in": "6", "result": "Flyout", "evo": "86.2", "la": "33", "dist": "315"}, {"player": "anthony santander", "game": "tor @ bal", "gameIdx": 0, "hr/park": "", "pa": "57", "dt": "", "img": "https://www.mlbstatic.com/team-logos/110.svg", "team": "bal", "start": "", "in": "6", "result": "Single", "evo": "110.6", "la": "6", "dist": "138"}, {"player": "trey mancini", "game": "tor @ bal", "gameIdx": 0, "hr/park": "", "pa": "56", "dt": "", "img": "https://www.mlbstatic.com/team-logos/110.svg", "team": "bal", "start": "", "in": "6", "result": "Strikeout", "evo": "", "la": "", "dist": ""}, {"player": "jonathan villar", "game": "tor @ bal", "gameIdx": 0, "hr/park": "", "pa": "55", "dt": "", "img": "https://www.mlbstatic.com/team-logos/110.svg", "team": "bal", "start": "", "in": "6", "result": "Flyout", "evo": "", "la": "", "dist": ""}, {"player": "danny jansen", "game": "tor @ bal", "gameIdx": 0, "hr/park": "", "pa": "54", "dt": "", "img": "https://www.mlbstatic.com/team-logos/141.svg", "team": "tor", "start": "", "in": "6", "result": "Flyout", "evo": "86.6", "la": "46", "dist": "299"}, {"player": "brandon drury", "game": "tor @ bal", "gameIdx": 0, "hr/park": "", "pa": "53", "dt": "", "img": "https://www.mlbstatic.com/team-logos/141.svg", "team": "tor", "start": "", "in": "6", "result": "Groundout", "evo": "103.5", "la": "-10", "dist": "15"}, {"player": "teoscar hernandez", "game": "tor @ bal", "gameIdx": 0, "hr/park": "", "pa": "52", "dt": "", "img": "https://www.mlbstatic.com/team-logos/141.svg", "team": "tor", "start": "", "in": "6", "result": "Strikeout", "evo": "", "la": "", "dist": ""}, {"player": "stevie wilkerson", "game": "tor @ bal", "gameIdx": 0, "hr/park": "", "pa": "51", "dt": "", "img": "https://www.mlbstatic.com/team-logos/110.svg", "team": "bal", "start": "", "in": "5", "result": "Strikeout", "evo": "", "la": "", "dist": ""}, {"player": "chris davis", "game": "tor @ bal", "gameIdx": 0, "hr/park": "", "pa": "50", "dt": "", "img": "https://www.mlbstatic.com/team-logos/110.svg", "team": "bal", "start": "", "in": "5", "result": "Walk", "evo": "", "la": "", "dist": ""}, {"player": "chance sisco", "game": "tor @ bal", "gameIdx": 0, "hr/park": "", "pa": "49", "dt": "", "img": "https://www.mlbstatic.com/team-logos/110.svg", "team": "bal", "start": "", "in": "5", "result": "Walk", "evo": "", "la": "", "dist": ""}, {"player": "hanser alberto", "game": "tor @ bal", "gameIdx": 0, "hr/park": "", "pa": "48", "dt": "", "img": "https://www.mlbstatic.com/team-logos/110.svg", "team": "bal", "start": "", "in": "5", "result": "Walk", "evo": "", "la": "", "dist": ""}, {"player": "jace peterson", "game": "tor @ bal", "gameIdx": 0, "hr/park": "", "pa": "47", "dt": "", "img": "https://www.mlbstatic.com/team-logos/110.svg", "team": "bal", "start": "", "in": "5", "result": "Forceout", "evo": "", "la": "", "dist": ""}, {"player": "renato nunez", "game": "tor @ bal", "gameIdx": 0, "hr/park": "", "pa": "46", "dt": "", "img": "https://www.mlbstatic.com/team-logos/110.svg", "team": "bal", "start": "", "in": "5", "result": "Walk", "evo": "", "la": "", "dist": ""}, {"player": "anthony santander", "game": "tor @ bal", "gameIdx": 0, "hr/park": "", "pa": "45", "dt": "", "img": "https://www.mlbstatic.com/team-logos/110.svg", "team": "bal", "start": "", "in": "5", "result": "Flyout", "evo": "97.6", "la": "50", "dist": "288"}, {"player": "trey mancini", "game": "tor @ bal", "gameIdx": 0, "hr/park": "", "pa": "44", "dt": "", "img": "https://www.mlbstatic.com/team-logos/110.svg", "team": "bal", "start": "", "in": "5", "result": "Single", "evo": "109.9", "la": "6", "dist": "175"}, {"player": "randal grichuk", "game": "tor @ bal", "gameIdx": 0, "hr/park": "0/30", "pa": "43", "dt": "", "img": "https://www.mlbstatic.com/team-logos/141.svg", "team": "tor", "start": "", "in": "5", "result": "Flyout", "evo": "89.7", "la": "42", "dist": "319"}, {"player": "justin smoak", "game": "tor @ bal", "gameIdx": 0, "hr/park": "", "pa": "42", "dt": "", "img": "https://www.mlbstatic.com/team-logos/141.svg", "team": "tor", "start": "", "in": "5", "result": "Groundout", "evo": "90.7", "la": "-14", "dist": "11"}, {"player": "vladimir guerrero", "game": "tor @ bal", "gameIdx": 0, "hr/park": "", "pa": "41", "dt": "", "img": "https://www.mlbstatic.com/team-logos/141.svg", "team": "tor", "start": "", "in": "5", "result": "Double", "evo": "86.0", "la": "42", "dist": "278"}, {"player": "lourdes gurriel", "game": "tor @ bal", "gameIdx": 0, "hr/park": "", "pa": "40", "dt": "", "img": "https://www.mlbstatic.com/team-logos/141.svg", "team": "tor", "start": "", "in": "5", "result": "Walk", "evo": "", "la": "", "dist": ""}, {"player": "cavan biggio", "game": "tor @ bal", "gameIdx": 0, "hr/park": "", "pa": "39", "dt": "", "img": "https://www.mlbstatic.com/team-logos/141.svg", "team": "tor", "start": "", "in": "5", "result": "Groundout", "evo": "75.3", "la": "-40", "dist": "4"}, {"player": "jonathan villar", "game": "tor @ bal", "gameIdx": 0, "hr/park": "", "pa": "38", "dt": "", "img": "https://www.mlbstatic.com/team-logos/110.svg", "team": "bal", "start": "", "in": "4", "result": "Strikeout", "evo": "", "la": "", "dist": ""}, {"player": "stevie wilkerson", "game": "tor @ bal", "gameIdx": 0, "hr/park": "0/30", "pa": "37", "dt": "", "img": "https://www.mlbstatic.com/team-logos/110.svg", "team": "bal", "start": "", "in": "4", "result": "Double", "evo": "102.4", "la": "21", "dist": "350"}, {"player": "chris davis", "game": "tor @ bal", "gameIdx": 0, "hr/park": "0/30", "pa": "36", "dt": "", "img": "https://www.mlbstatic.com/team-logos/110.svg", "team": "bal", "start": "", "in": "4", "result": "Flyout", "evo": "93.5", "la": "44", "dist": "321"}, {"player": "chance sisco", "game": "tor @ bal", "gameIdx": 0, "hr/park": "", "pa": "35", "dt": "", "img": "https://www.mlbstatic.com/team-logos/110.svg", "team": "bal", "start": "", "in": "4", "result": "Strikeout", "evo": "", "la": "", "dist": ""}, {"player": "bo bichette", "game": "tor @ bal", "gameIdx": 0, "hr/park": "", "pa": "34", "dt": "", "img": "https://www.mlbstatic.com/team-logos/141.svg", "team": "tor", "start": "", "in": "4", "result": "Forceout", "evo": "86.4", "la": "-8", "dist": "9"}, {"player": "danny jansen", "game": "tor @ bal", "gameIdx": 0, "hr/park": "0/30", "pa": "33", "dt": "", "img": "https://www.mlbstatic.com/team-logos/141.svg", "team": "tor", "start": "", "in": "4", "result": "Flyout", "evo": "95.5", "la": "41", "dist": "336"}, {"player": "brandon drury", "game": "tor @ bal", "gameIdx": 0, "hr/park": "0/30", "pa": "32", "dt": "", "img": "https://www.mlbstatic.com/team-logos/141.svg", "team": "tor", "start": "", "in": "4", "result": "Flyout", "evo": "81.9", "la": "30", "dist": "316"}, {"player": "teoscar hernandez", "game": "tor @ bal", "gameIdx": 0, "hr/park": "", "pa": "31", "dt": "", "img": "https://www.mlbstatic.com/team-logos/141.svg", "team": "tor", "start": "", "in": "4", "result": "Single", "evo": "108.2", "la": "5", "dist": "117"}, {"player": "randal grichuk", "game": "tor @ bal", "gameIdx": 0, "hr/park": "", "pa": "30", "dt": "", "img": "https://www.mlbstatic.com/team-logos/141.svg", "team": "tor", "start": "", "in": "4", "result": "Single", "evo": "83.9", "la": "16", "dist": "252"}, {"player": "hanser alberto", "game": "tor @ bal", "gameIdx": 0, "hr/park": "", "pa": "29", "dt": "", "img": "https://www.mlbstatic.com/team-logos/110.svg", "team": "bal", "start": "", "in": "3", "result": "Flyout", "evo": "88.3", "la": "48", "dist": "275"}, {"player": "jace peterson", "game": "tor @ bal", "gameIdx": 0, "hr/park": "0/30", "pa": "28", "dt": "", "img": "https://www.mlbstatic.com/team-logos/110.svg", "team": "bal", "start": "", "in": "3", "result": "Flyout", "evo": "89.7", "la": "30", "dist": "356"}, {"player": "renato nunez", "game": "tor @ bal", "gameIdx": 0, "hr/park": "", "pa": "27", "dt": "", "img": "https://www.mlbstatic.com/team-logos/110.svg", "team": "bal", "start": "", "in": "3", "result": "Flyout", "evo": "68.3", "la": "39", "dist": "225"}, {"player": "justin smoak", "game": "tor @ bal", "gameIdx": 0, "hr/park": "", "pa": "26", "dt": "", "img": "https://www.mlbstatic.com/team-logos/141.svg", "team": "tor", "start": "", "in": "3", "result": "Strikeout", "evo": "", "la": "", "dist": ""}, {"player": "vladimir guerrero", "game": "tor @ bal", "gameIdx": 0, "hr/park": "", "pa": "25", "dt": "", "img": "https://www.mlbstatic.com/team-logos/141.svg", "team": "tor", "start": "", "in": "3", "result": "Lineout", "evo": "88.5", "la": "19", "dist": "289"}, {"player": "lourdes gurriel", "game": "tor @ bal", "gameIdx": 0, "hr/park": "", "pa": "24", "dt": "", "img": "https://www.mlbstatic.com/team-logos/141.svg", "team": "tor", "start": "", "in": "3", "result": "Groundout", "evo": "108.0", "la": "1", "dist": "57"}, {"player": "anthony santander", "game": "tor @ bal", "gameIdx": 0, "hr/park": "", "pa": "23", "dt": "", "img": "https://www.mlbstatic.com/team-logos/110.svg", "team": "bal", "start": "", "in": "2", "result": "Pop Out", "evo": "74.7", "la": "54", "dist": "197"}, {"player": "trey mancini", "game": "tor @ bal", "gameIdx": 0, "hr/park": "", "pa": "22", "dt": "", "img": "https://www.mlbstatic.com/team-logos/110.svg", "team": "bal", "start": "", "in": "2", "result": "Double", "evo": "100.1", "la": "-9", "dist": "11"}, {"player": "jonathan villar", "game": "tor @ bal", "gameIdx": 0, "hr/park": "", "pa": "21", "dt": "", "img": "https://www.mlbstatic.com/team-logos/110.svg", "team": "bal", "start": "", "in": "2", "result": "Field Error", "evo": "", "la": "", "dist": ""}, {"player": "stevie wilkerson", "game": "tor @ bal", "gameIdx": 0, "hr/park": "", "pa": "20", "dt": "", "img": "https://www.mlbstatic.com/team-logos/110.svg", "team": "bal", "start": "", "in": "2", "result": "Groundout", "evo": "82.3", "la": "5", "dist": "83"}, {"player": "chris davis", "game": "tor @ bal", "gameIdx": 0, "hr/park": "", "pa": "19", "dt": "", "img": "https://www.mlbstatic.com/team-logos/110.svg", "team": "bal", "start": "", "in": "2", "result": "Walk", "evo": "", "la": "", "dist": ""}, {"player": "chance sisco", "game": "tor @ bal", "gameIdx": 0, "hr/park": "0/30", "pa": "18", "dt": "", "img": "https://www.mlbstatic.com/team-logos/110.svg", "team": "bal", "start": "", "in": "2", "result": "Single", "evo": "86.6", "la": "28", "dist": "319"}, {"player": "hanser alberto", "game": "tor @ bal", "gameIdx": 0, "hr/park": "", "pa": "17", "dt": "", "img": "https://www.mlbstatic.com/team-logos/110.svg", "team": "bal", "start": "", "in": "2", "result": "Flyout", "evo": "74.9", "la": "37", "dist": "250"}, {"player": "cavan biggio", "game": "tor @ bal", "gameIdx": 0, "hr/park": "", "pa": "16", "dt": "", "img": "https://www.mlbstatic.com/team-logos/141.svg", "team": "tor", "start": "", "in": "2", "result": "Groundout", "evo": "82.4", "la": "-19", "dist": "6"}, {"player": "bo bichette", "game": "tor @ bal", "gameIdx": 0, "hr/park": "", "pa": "15", "dt": "", "img": "https://www.mlbstatic.com/team-logos/141.svg", "team": "tor", "start": "", "in": "2", "result": "Flyout", "evo": "78.2", "la": "31", "dist": "290"}, {"player": "danny jansen", "game": "tor @ bal", "gameIdx": 0, "hr/park": "", "pa": "14", "dt": "", "img": "https://www.mlbstatic.com/team-logos/141.svg", "team": "tor", "start": "", "in": "2", "result": "Pop Out", "evo": "", "la": "", "dist": ""}, {"player": "brandon drury", "game": "tor @ bal", "gameIdx": 0, "hr/park": "", "pa": "13", "dt": "", "img": "https://www.mlbstatic.com/team-logos/141.svg", "team": "tor", "start": "", "in": "2", "result": "Single", "evo": "57.8", "la": "49", "dist": "139"}, {"player": "teoscar hernandez", "game": "tor @ bal", "gameIdx": 0, "hr/park": "", "pa": "12", "dt": "", "img": "https://www.mlbstatic.com/team-logos/141.svg", "team": "tor", "start": "", "in": "2", "result": "Single", "evo": "110.5", "la": "7", "dist": "150"}, {"player": "randal grichuk", "game": "tor @ bal", "gameIdx": 0, "hr/park": "", "pa": "11", "dt": "", "img": "https://www.mlbstatic.com/team-logos/141.svg", "team": "tor", "start": "", "in": "2", "result": "Double", "evo": "106.9", "la": "13", "dist": "258"}, {"player": "jace peterson", "game": "tor @ bal", "gameIdx": 0, "hr/park": "", "pa": "10", "dt": "", "img": "https://www.mlbstatic.com/team-logos/110.svg", "team": "bal", "start": "", "in": "1", "result": "Single", "evo": "", "la": "", "dist": ""}, {"player": "renato nunez", "game": "tor @ bal", "gameIdx": 0, "hr/park": "", "pa": "9", "dt": "", "img": "https://www.mlbstatic.com/team-logos/110.svg", "team": "bal", "start": "", "in": "1", "result": "Walk", "evo": "", "la": "", "dist": ""}, {"player": "anthony santander", "game": "tor @ bal", "gameIdx": 0, "hr/park": "", "pa": "8", "dt": "", "img": "https://www.mlbstatic.com/team-logos/110.svg", "team": "bal", "start": "", "in": "1", "result": "Walk", "evo": "", "la": "", "dist": ""}, {"player": "trey mancini", "game": "tor @ bal", "gameIdx": 0, "hr/park": "", "pa": "7", "dt": "", "img": "https://www.mlbstatic.com/team-logos/110.svg", "team": "bal", "start": "", "in": "1", "result": "GIDP", "evo": "109.6", "la": "-5", "dist": "22"}, {"player": "jonathan villar", "game": "tor @ bal", "gameIdx": 0, "hr/park": "", "pa": "6", "dt": "", "img": "https://www.mlbstatic.com/team-logos/110.svg", "team": "bal", "start": "", "in": "1", "result": "Walk", "evo": "", "la": "", "dist": ""}, {"player": "justin smoak", "game": "tor @ bal", "gameIdx": 0, "hr/park": "0/30", "pa": "5", "dt": "", "img": "https://www.mlbstatic.com/team-logos/141.svg", "team": "tor", "start": "", "in": "1", "result": "Double Play", "evo": "93.4", "la": "35", "dist": "328"}, {"player": "vladimir guerrero", "game": "tor @ bal", "gameIdx": 0, "hr/park": "", "pa": "4", "dt": "", "img": "https://www.mlbstatic.com/team-logos/141.svg", "team": "tor", "start": "", "in": "1", "result": "Forceout", "evo": "110.1", "la": "-22", "dist": "6"}, {"player": "lourdes gurriel", "game": "tor @ bal", "gameIdx": 0, "hr/park": "", "pa": "3", "dt": "", "img": "https://www.mlbstatic.com/team-logos/141.svg", "team": "tor", "start": "", "in": "1", "result": "Walk", "evo": "", "la": "", "dist": ""}, {"player": "cavan biggio", "game": "tor @ bal", "gameIdx": 0, "hr/park": "", "pa": "2", "dt": "", "img": "https://www.mlbstatic.com/team-logos/141.svg", "team": "tor", "start": "", "in": "1", "result": "Walk", "evo": "", "la": "", "dist": ""}, {"player": "bo bichette", "game": "tor @ bal", "gameIdx": 0, "hr/park": "", "pa": "1", "dt": "", "img": "https://www.mlbstatic.com/team-logos/141.svg", "team": "tor", "start": "", "in": "1", "result": "Double", "evo": "105.2", "la": "14", "dist": "251"}], "chw @ phi": [], "laa @ cle": [{"player": "albert pujols", "game": "laa @ cle", "gameIdx": 0, "hr/park": "", "pa": "69", "dt": "", "img": "https://www.mlbstatic.com/team-logos/108.svg", "team": "laa", "start": "", "in": "9", "result": "Groundout", "evo": "89.7", "la": "-32", "dist": "6"}, {"player": "shohei ohtani", "game": "laa @ cle", "gameIdx": 0, "hr/park": "", "pa": "68", "dt": "", "img": "https://www.mlbstatic.com/team-logos/108.svg", "team": "laa", "start": "", "in": "9", "result": "Strikeout", "evo": "", "la": "", "dist": ""}, {"player": "mike trout", "game": "laa @ cle", "gameIdx": 0, "hr/park": "0/30", "pa": "67", "dt": "", "img": "https://www.mlbstatic.com/team-logos/108.svg", "team": "laa", "start": "", "in": "9", "result": "Lineout", "evo": "88.4", "la": "29", "dist": "322"}, {"player": "oscar mercado", "game": "laa @ cle", "gameIdx": 0, "hr/park": "", "pa": "66", "dt": "", "img": "https://www.mlbstatic.com/team-logos/114.svg", "team": "cle", "start": "", "in": "8", "result": "Groundout", "evo": "102.4", "la": "-2", "dist": "29"}, {"player": "francisco lindor", "game": "laa @ cle", "gameIdx": 0, "hr/park": "0/30", "pa": "65", "dt": "", "img": "https://www.mlbstatic.com/team-logos/114.svg", "team": "cle", "start": "", "in": "8", "result": "Sac Fly", "evo": "92.8", "la": "32", "dist": "355"}, {"player": "jordan luplow", "game": "laa @ cle", "gameIdx": 0, "hr/park": "3/30", "pa": "64", "dt": "", "img": "https://www.mlbstatic.com/team-logos/114.svg", "team": "cle", "start": "", "in": "8", "result": "Double", "evo": "100.5", "la": "22", "dist": "347"}, {"player": "roberto perez", "game": "laa @ cle", "gameIdx": 0, "hr/park": "1/30", "pa": "63", "dt": "", "img": "https://www.mlbstatic.com/team-logos/114.svg", "team": "cle", "start": "", "in": "8", "result": "Flyout", "evo": "105.3", "la": "35", "dist": "386"}, {"player": "jason kipnis", "game": "laa @ cle", "gameIdx": 0, "hr/park": "", "pa": "62", "dt": "", "img": "https://www.mlbstatic.com/team-logos/114.svg", "team": "cle", "start": "", "in": "8", "result": "Walk", "evo": "", "la": "", "dist": ""}, {"player": "brian goodwin", "game": "laa @ cle", "gameIdx": 0, "hr/park": "", "pa": "61", "dt": "", "img": "https://www.mlbstatic.com/team-logos/108.svg", "team": "laa", "start": "", "in": "8", "result": "Groundout", "evo": "82.7", "la": "-16", "dist": "10"}, {"player": "jared walsh", "game": "laa @ cle", "gameIdx": 0, "hr/park": "", "pa": "60", "dt": "", "img": "https://www.mlbstatic.com/team-logos/108.svg", "team": "laa", "start": "", "in": "8", "result": "Strikeout", "evo": "", "la": "", "dist": ""}, {"player": "luis rengifo", "game": "laa @ cle", "gameIdx": 0, "hr/park": "", "pa": "59", "dt": "", "img": "https://www.mlbstatic.com/team-logos/108.svg", "team": "laa", "start": "", "in": "8", "result": "Groundout", "evo": "90.3", "la": "-9", "dist": "15"}, {"player": "franmil reyes", "game": "laa @ cle", "gameIdx": 0, "hr/park": "", "pa": "58", "dt": "", "img": "https://www.mlbstatic.com/team-logos/114.svg", "team": "cle", "start": "", "in": "7", "result": "Strikeout", "evo": "", "la": "", "dist": ""}, {"player": "jose ramirez", "game": "laa @ cle", "gameIdx": 0, "hr/park": "", "pa": "57", "dt": "", "img": "https://www.mlbstatic.com/team-logos/114.svg", "team": "cle", "start": "", "in": "7", "result": "Strikeout", "evo": "", "la": "", "dist": ""}, {"player": "yasiel puig", "game": "laa @ cle", "gameIdx": 0, "hr/park": "", "pa": "56", "dt": "", "img": "https://www.mlbstatic.com/team-logos/114.svg", "team": "cle", "start": "", "in": "7", "result": "Flyout", "evo": "88.0", "la": "59", "dist": "203"}, {"player": "carlos santana", "game": "laa @ cle", "gameIdx": 0, "hr/park": "", "pa": "55", "dt": "", "img": "https://www.mlbstatic.com/team-logos/114.svg", "team": "cle", "start": "", "in": "7", "result": "Single", "evo": "108.0", "la": "14", "dist": "247"}, {"player": "matt thaiss", "game": "laa @ cle", "gameIdx": 0, "hr/park": "", "pa": "54", "dt": "", "img": "https://www.mlbstatic.com/team-logos/108.svg", "team": "laa", "start": "", "in": "7", "result": "Strikeout", "evo": "", "la": "", "dist": ""}, {"player": "david fletcher", "game": "laa @ cle", "gameIdx": 0, "hr/park": "", "pa": "53", "dt": "", "img": "https://www.mlbstatic.com/team-logos/108.svg", "team": "laa", "start": "", "in": "7", "result": "Groundout", "evo": "94.8", "la": "1", "dist": "60"}, {"player": "kole calhoun", "game": "laa @ cle", "gameIdx": 0, "hr/park": "29/30", "pa": "52", "dt": "", "img": "https://www.mlbstatic.com/team-logos/108.svg", "team": "laa", "start": "", "in": "7", "result": "Home Run", "evo": "103.8", "la": "39", "dist": "378"}, {"player": "albert pujols", "game": "laa @ cle", "gameIdx": 0, "hr/park": "", "pa": "51", "dt": "", "img": "https://www.mlbstatic.com/team-logos/108.svg", "team": "laa", "start": "", "in": "7", "result": "Groundout", "evo": "89.0", "la": "1", "dist": "59"}, {"player": "oscar mercado", "game": "laa @ cle", "gameIdx": 0, "hr/park": "", "pa": "50", "dt": "", "img": "https://www.mlbstatic.com/team-logos/114.svg", "team": "cle", "start": "", "in": "6", "result": "Flyout", "evo": "77.1", "la": "44", "dist": "247"}, {"player": "francisco lindor", "game": "laa @ cle", "gameIdx": 0, "hr/park": "", "pa": "49", "dt": "", "img": "https://www.mlbstatic.com/team-logos/114.svg", "team": "cle", "start": "", "in": "6", "result": "Groundout", "evo": "80.4", "la": "-32", "dist": "5"}, {"player": "jordan luplow", "game": "laa @ cle", "gameIdx": 0, "hr/park": "0/30", "pa": "48", "dt": "", "img": "https://www.mlbstatic.com/team-logos/114.svg", "team": "cle", "start": "", "in": "6", "result": "Lineout", "evo": "103.9", "la": "18", "dist": "355"}, {"player": "shohei ohtani", "game": "laa @ cle", "gameIdx": 0, "hr/park": "", "pa": "47", "dt": "", "img": "https://www.mlbstatic.com/team-logos/108.svg", "team": "laa", "start": "", "in": "6", "result": "Groundout", "evo": "85.2", "la": "-1", "dist": "40"}, {"player": "mike trout", "game": "laa @ cle", "gameIdx": 0, "hr/park": "", "pa": "46", "dt": "", "img": "https://www.mlbstatic.com/team-logos/108.svg", "team": "laa", "start": "", "in": "6", "result": "Double", "evo": "85.2", "la": "24", "dist": "257"}, {"player": "brian goodwin", "game": "laa @ cle", "gameIdx": 0, "hr/park": "", "pa": "45", "dt": "", "img": "https://www.mlbstatic.com/team-logos/108.svg", "team": "laa", "start": "", "in": "6", "result": "Groundout", "evo": "94.2", "la": "-5", "dist": "28"}, {"player": "max stassi", "game": "laa @ cle", "gameIdx": 0, "hr/park": "", "pa": "44", "dt": "", "img": "https://www.mlbstatic.com/team-logos/108.svg", "team": "laa", "start": "", "in": "6", "result": "Groundout", "evo": "87.6", "la": "-25", "dist": "6"}, {"player": "roberto perez", "game": "laa @ cle", "gameIdx": 0, "hr/park": "", "pa": "43", "dt": "", "img": "https://www.mlbstatic.com/team-logos/114.svg", "team": "cle", "start": "", "in": "5", "result": "Groundout", "evo": "65.3", "la": "-55", "dist": "3"}, {"player": "jason kipnis", "game": "laa @ cle", "gameIdx": 0, "hr/park": "", "pa": "42", "dt": "", "img": "https://www.mlbstatic.com/team-logos/114.svg", "team": "cle", "start": "", "in": "5", "result": "Single", "evo": "95.9", "la": "10", "dist": "153"}, {"player": "franmil reyes", "game": "laa @ cle", "gameIdx": 0, "hr/park": "", "pa": "41", "dt": "", "img": "https://www.mlbstatic.com/team-logos/114.svg", "team": "cle", "start": "", "in": "5", "result": "Strikeout", "evo": "", "la": "", "dist": ""}, {"player": "jose ramirez", "game": "laa @ cle", "gameIdx": 0, "hr/park": "0/30", "pa": "40", "dt": "", "img": "https://www.mlbstatic.com/team-logos/114.svg", "team": "cle", "start": "", "in": "5", "result": "Double", "evo": "97.0", "la": "22", "dist": "360"}, {"player": "yasiel puig", "game": "laa @ cle", "gameIdx": 0, "hr/park": "0/30", "pa": "39", "dt": "", "img": "https://www.mlbstatic.com/team-logos/114.svg", "team": "cle", "start": "", "in": "5", "result": "Flyout", "evo": "96.6", "la": "43", "dist": "328"}, {"player": "carlos santana", "game": "laa @ cle", "gameIdx": 0, "hr/park": "", "pa": "38", "dt": "", "img": "https://www.mlbstatic.com/team-logos/114.svg", "team": "cle", "start": "", "in": "5", "result": "Single", "evo": "102.8", "la": "4", "dist": "145"}, {"player": "luis rengifo", "game": "laa @ cle", "gameIdx": 0, "hr/park": "", "pa": "37", "dt": "", "img": "https://www.mlbstatic.com/team-logos/108.svg", "team": "laa", "start": "", "in": "5", "result": "Strikeout", "evo": "", "la": "", "dist": ""}, {"player": "matt thaiss", "game": "laa @ cle", "gameIdx": 0, "hr/park": "", "pa": "36", "dt": "", "img": "https://www.mlbstatic.com/team-logos/108.svg", "team": "laa", "start": "", "in": "5", "result": "Pop Out", "evo": "87.1", "la": "66", "dist": "148"}, {"player": "david fletcher", "game": "laa @ cle", "gameIdx": 0, "hr/park": "0/30", "pa": "35", "dt": "", "img": "https://www.mlbstatic.com/team-logos/108.svg", "team": "laa", "start": "", "in": "5", "result": "Flyout", "evo": "87.2", "la": "34", "dist": "324"}, {"player": "oscar mercado", "game": "laa @ cle", "gameIdx": 0, "hr/park": "", "pa": "34", "dt": "", "img": "https://www.mlbstatic.com/team-logos/114.svg", "team": "cle", "start": "", "in": "4", "result": "Groundout", "evo": "99.6", "la": "-5", "dist": "24"}, {"player": "francisco lindor", "game": "laa @ cle", "gameIdx": 0, "hr/park": "", "pa": "33", "dt": "", "img": "https://www.mlbstatic.com/team-logos/114.svg", "team": "cle", "start": "", "in": "4", "result": "Walk", "evo": "", "la": "", "dist": ""}, {"player": "jordan luplow", "game": "laa @ cle", "gameIdx": 0, "hr/park": "1/30", "pa": "32", "dt": "", "img": "https://www.mlbstatic.com/team-logos/114.svg", "team": "cle", "start": "", "in": "4", "result": "Double", "evo": "95.5", "la": "29", "dist": "356"}, {"player": "roberto perez", "game": "laa @ cle", "gameIdx": 0, "hr/park": "", "pa": "31", "dt": "", "img": "https://www.mlbstatic.com/team-logos/114.svg", "team": "cle", "start": "", "in": "4", "result": "Strikeout", "evo": "", "la": "", "dist": ""}, {"player": "jason kipnis", "game": "laa @ cle", "gameIdx": 0, "hr/park": "18/30", "pa": "30", "dt": "", "img": "https://www.mlbstatic.com/team-logos/114.svg", "team": "cle", "start": "", "in": "4", "result": "Home Run", "evo": "104.3", "la": "21", "dist": "410"}, {"player": "franmil reyes", "game": "laa @ cle", "gameIdx": 0, "hr/park": "", "pa": "29", "dt": "", "img": "https://www.mlbstatic.com/team-logos/114.svg", "team": "cle", "start": "", "in": "4", "result": "Strikeout", "evo": "", "la": "", "dist": ""}, {"player": "kole calhoun", "game": "laa @ cle", "gameIdx": 0, "hr/park": "", "pa": "28", "dt": "", "img": "https://www.mlbstatic.com/team-logos/108.svg", "team": "laa", "start": "", "in": "4", "result": "Strikeout", "evo": "", "la": "", "dist": ""}, {"player": "albert pujols", "game": "laa @ cle", "gameIdx": 0, "hr/park": "", "pa": "27", "dt": "", "img": "https://www.mlbstatic.com/team-logos/108.svg", "team": "laa", "start": "", "in": "4", "result": "Single", "evo": "101.6", "la": "12", "dist": "259"}, {"player": "shohei ohtani", "game": "laa @ cle", "gameIdx": 0, "hr/park": "", "pa": "26", "dt": "", "img": "https://www.mlbstatic.com/team-logos/108.svg", "team": "laa", "start": "", "in": "4", "result": "Groundout", "evo": "90.7", "la": "3", "dist": "74"}, {"player": "mike trout", "game": "laa @ cle", "gameIdx": 0, "hr/park": "", "pa": "25", "dt": "", "img": "https://www.mlbstatic.com/team-logos/108.svg", "team": "laa", "start": "", "in": "4", "result": "Strikeout", "evo": "", "la": "", "dist": ""}, {"player": "brian goodwin", "game": "laa @ cle", "gameIdx": 0, "hr/park": "0/30", "pa": "24", "dt": "", "img": "https://www.mlbstatic.com/team-logos/108.svg", "team": "laa", "start": "", "in": "4", "result": "Double", "evo": "98.3", "la": "24", "dist": "393"}, {"player": "jose ramirez", "game": "laa @ cle", "gameIdx": 0, "hr/park": "", "pa": "23", "dt": "", "img": "https://www.mlbstatic.com/team-logos/114.svg", "team": "cle", "start": "", "in": "3", "result": "Groundout", "evo": "45.3", "la": "-24", "dist": "7"}, {"player": "yasiel puig", "game": "laa @ cle", "gameIdx": 0, "hr/park": "", "pa": "22", "dt": "", "img": "https://www.mlbstatic.com/team-logos/114.svg", "team": "cle", "start": "", "in": "3", "result": "Walk", "evo": "", "la": "", "dist": ""}, {"player": "carlos santana", "game": "laa @ cle", "gameIdx": 0, "hr/park": "", "pa": "21", "dt": "", "img": "https://www.mlbstatic.com/team-logos/114.svg", "team": "cle", "start": "", "in": "3", "result": "Flyout", "evo": "78.8", "la": "38", "dist": "284"}, {"player": "oscar mercado", "game": "laa @ cle", "gameIdx": 0, "hr/park": "", "pa": "20", "dt": "", "img": "https://www.mlbstatic.com/team-logos/114.svg", "team": "cle", "start": "", "in": "3", "result": "Walk", "evo": "", "la": "", "dist": ""}, {"player": "francisco lindor", "game": "laa @ cle", "gameIdx": 0, "hr/park": "28/30", "pa": "19", "dt": "", "img": "https://www.mlbstatic.com/team-logos/114.svg", "team": "cle", "start": "", "in": "3", "result": "Home Run", "evo": "103.4", "la": "26", "dist": "424"}, {"player": "jordan luplow", "game": "laa @ cle", "gameIdx": 0, "hr/park": "", "pa": "18", "dt": "", "img": "https://www.mlbstatic.com/team-logos/114.svg", "team": "cle", "start": "", "in": "3", "result": "Strikeout", "evo": "", "la": "", "dist": ""}, {"player": "max stassi", "game": "laa @ cle", "gameIdx": 0, "hr/park": "", "pa": "17", "dt": "", "img": "https://www.mlbstatic.com/team-logos/108.svg", "team": "laa", "start": "", "in": "3", "result": "Pop Out", "evo": "97.8", "la": "59", "dist": "209"}, {"player": "luis rengifo", "game": "laa @ cle", "gameIdx": 0, "hr/park": "", "pa": "16", "dt": "", "img": "https://www.mlbstatic.com/team-logos/108.svg", "team": "laa", "start": "", "in": "3", "result": "Groundout", "evo": "69.1", "la": "-40", "dist": "3"}, {"player": "matt thaiss", "game": "laa @ cle", "gameIdx": 0, "hr/park": "", "pa": "15", "dt": "", "img": "https://www.mlbstatic.com/team-logos/108.svg", "team": "laa", "start": "", "in": "3", "result": "Groundout", "evo": "102.1", "la": "-4", "dist": "21"}, {"player": "roberto perez", "game": "laa @ cle", "gameIdx": 0, "hr/park": "", "pa": "14", "dt": "", "img": "https://www.mlbstatic.com/team-logos/114.svg", "team": "cle", "start": "", "in": "2", "result": "Strikeout", "evo": "", "la": "", "dist": ""}, {"player": "jason kipnis", "game": "laa @ cle", "gameIdx": 0, "hr/park": "0/30", "pa": "13", "dt": "", "img": "https://www.mlbstatic.com/team-logos/114.svg", "team": "cle", "start": "", "in": "2", "result": "Lineout", "evo": "89.2", "la": "30", "dist": "330"}, {"player": "franmil reyes", "game": "laa @ cle", "gameIdx": 0, "hr/park": "", "pa": "12", "dt": "", "img": "https://www.mlbstatic.com/team-logos/114.svg", "team": "cle", "start": "", "in": "2", "result": "Strikeout", "evo": "", "la": "", "dist": ""}, {"player": "david fletcher", "game": "laa @ cle", "gameIdx": 0, "hr/park": "", "pa": "11", "dt": "", "img": "https://www.mlbstatic.com/team-logos/108.svg", "team": "laa", "start": "", "in": "2", "result": "Lineout", "evo": "79.3", "la": "18", "dist": "253"}, {"player": "kole calhoun", "game": "laa @ cle", "gameIdx": 0, "hr/park": "", "pa": "10", "dt": "", "img": "https://www.mlbstatic.com/team-logos/108.svg", "team": "laa", "start": "", "in": "2", "result": "GIDP", "evo": "97.8", "la": "5", "dist": "94"}, {"player": "albert pujols", "game": "laa @ cle", "gameIdx": 0, "hr/park": "", "pa": "9", "dt": "", "img": "https://www.mlbstatic.com/team-logos/108.svg", "team": "laa", "start": "", "in": "2", "result": "Single", "evo": "66.0", "la": "-10", "dist": "6"}, {"player": "jose ramirez", "game": "laa @ cle", "gameIdx": 0, "hr/park": "", "pa": "8", "dt": "", "img": "https://www.mlbstatic.com/team-logos/114.svg", "team": "cle", "start": "", "in": "1", "result": "Strikeout", "evo": "", "la": "", "dist": ""}, {"player": "yasiel puig", "game": "laa @ cle", "gameIdx": 0, "hr/park": "0/30", "pa": "7", "dt": "", "img": "https://www.mlbstatic.com/team-logos/114.svg", "team": "cle", "start": "", "in": "1", "result": "Double", "evo": "100.6", "la": "20", "dist": "314"}, {"player": "carlos santana", "game": "laa @ cle", "gameIdx": 0, "hr/park": "", "pa": "6", "dt": "", "img": "https://www.mlbstatic.com/team-logos/114.svg", "team": "cle", "start": "", "in": "1", "result": "Groundout", "evo": "99.6", "la": "-16", "dist": "7"}, {"player": "oscar mercado", "game": "laa @ cle", "gameIdx": 0, "hr/park": "4/30", "pa": "5", "dt": "", "img": "https://www.mlbstatic.com/team-logos/114.svg", "team": "cle", "start": "", "in": "1", "result": "Home Run", "evo": "101.3", "la": "25", "dist": "400"}, {"player": "francisco lindor", "game": "laa @ cle", "gameIdx": 0, "hr/park": "", "pa": "4", "dt": "", "img": "https://www.mlbstatic.com/team-logos/114.svg", "team": "cle", "start": "", "in": "1", "result": "Lineout", "evo": "97.3", "la": "14", "dist": "299"}, {"player": "shohei ohtani", "game": "laa @ cle", "gameIdx": 0, "hr/park": "", "pa": "3", "dt": "", "img": "https://www.mlbstatic.com/team-logos/108.svg", "team": "laa", "start": "", "in": "1", "result": "Strikeout", "evo": "", "la": "", "dist": ""}, {"player": "mike trout", "game": "laa @ cle", "gameIdx": 0, "hr/park": "", "pa": "2", "dt": "", "img": "https://www.mlbstatic.com/team-logos/108.svg", "team": "laa", "start": "", "in": "1", "result": "Groundout", "evo": "61.0", "la": "-36", "dist": "5"}, {"player": "brian goodwin", "game": "laa @ cle", "gameIdx": 0, "hr/park": "", "pa": "1", "dt": "", "img": "https://www.mlbstatic.com/team-logos/108.svg", "team": "laa", "start": "", "in": "1", "result": "Strikeout", "evo": "", "la": "", "dist": ""}], "mia @ tb": [], "cin @ atl": [], "nym @ pit": [], "sea @ hou": [], "kc @ min": [{"player": "whit merrifield", "game": "kc @ min", "gameIdx": 0, "hr/park": "", "pa": "60", "dt": "", "img": "https://www.mlbstatic.com/team-logos/118.svg", "team": "kc", "start": "", "in": "9", "result": "Lineout", "evo": "90.1", "la": "17", "dist": "252"}, {"player": "cam gallagher", "game": "kc @ min", "gameIdx": 0, "hr/park": "", "pa": "59", "dt": "", "img": "https://www.mlbstatic.com/team-logos/118.svg", "team": "kc", "start": "", "in": "9", "result": "Groundout", "evo": "76.0", "la": "-43", "dist": "3"}, {"player": "nicky lopez", "game": "kc @ min", "gameIdx": 0, "hr/park": "", "pa": "58", "dt": "", "img": "https://www.mlbstatic.com/team-logos/118.svg", "team": "kc", "start": "", "in": "9", "result": "Groundout", "evo": "88.5", "la": "-27", "dist": "7"}, {"player": "miguel sano", "game": "kc @ min", "gameIdx": 0, "hr/park": "", "pa": "57", "dt": "", "img": "https://www.mlbstatic.com/team-logos/142.svg", "team": "min", "start": "", "in": "8", "result": "Strikeout", "evo": "", "la": "", "dist": ""}, {"player": "eddie rosario", "game": "kc @ min", "gameIdx": 0, "hr/park": "10/30", "pa": "56", "dt": "", "img": "https://www.mlbstatic.com/team-logos/142.svg", "team": "min", "start": "", "in": "8", "result": "Single", "evo": "95.2", "la": "27", "dist": "353"}, {"player": "nelson cruz", "game": "kc @ min", "gameIdx": 0, "hr/park": "", "pa": "55", "dt": "", "img": "https://www.mlbstatic.com/team-logos/142.svg", "team": "min", "start": "", "in": "8", "result": "Walk", "evo": "", "la": "", "dist": ""}, {"player": "luis arraez", "game": "kc @ min", "gameIdx": 0, "hr/park": "", "pa": "54", "dt": "", "img": "https://www.mlbstatic.com/team-logos/142.svg", "team": "min", "start": "", "in": "8", "result": "Walk", "evo": "", "la": "", "dist": ""}, {"player": "max kepler", "game": "kc @ min", "gameIdx": 0, "hr/park": "", "pa": "53", "dt": "", "img": "https://www.mlbstatic.com/team-logos/142.svg", "team": "min", "start": "", "in": "8", "result": "Strikeout", "evo": "", "la": "", "dist": ""}, {"player": "humberto arteaga", "game": "kc @ min", "gameIdx": 0, "hr/park": "", "pa": "52", "dt": "", "img": "https://www.mlbstatic.com/team-logos/118.svg", "team": "kc", "start": "", "in": "8", "result": "Flyout", "evo": "71.2", "la": "41", "dist": "245"}, {"player": "bubba starling", "game": "kc @ min", "gameIdx": 0, "hr/park": "", "pa": "51", "dt": "", "img": "https://www.mlbstatic.com/team-logos/118.svg", "team": "kc", "start": "", "in": "8", "result": "Strikeout", "evo": "", "la": "", "dist": ""}, {"player": "cheslor cuthbert", "game": "kc @ min", "gameIdx": 0, "hr/park": "", "pa": "50", "dt": "", "img": "https://www.mlbstatic.com/team-logos/118.svg", "team": "kc", "start": "", "in": "8", "result": "Flyout", "evo": "82.4", "la": "53", "dist": "250"}, {"player": "jake cave", "game": "kc @ min", "gameIdx": 0, "hr/park": "", "pa": "49", "dt": "", "img": "https://www.mlbstatic.com/team-logos/142.svg", "team": "min", "start": "", "in": "7", "result": "Strikeout", "evo": "", "la": "", "dist": ""}, {"player": "jason castro", "game": "kc @ min", "gameIdx": 0, "hr/park": "26/30", "pa": "48", "dt": "", "img": "https://www.mlbstatic.com/team-logos/142.svg", "team": "min", "start": "", "in": "7", "result": "Home Run", "evo": "104.2", "la": "29", "dist": "417"}, {"player": "cj cron", "game": "kc @ min", "gameIdx": 0, "hr/park": "", "pa": "47", "dt": "", "img": "https://www.mlbstatic.com/team-logos/142.svg", "team": "min", "start": "", "in": "7", "result": "Lineout", "evo": "82.4", "la": "29", "dist": "278"}, {"player": "ehire adrianza", "game": "kc @ min", "gameIdx": 0, "hr/park": "", "pa": "46", "dt": "", "img": "https://www.mlbstatic.com/team-logos/142.svg", "team": "min", "start": "", "in": "7", "result": "Strikeout", "evo": "", "la": "", "dist": ""}, {"player": "jorge soler", "game": "kc @ min", "gameIdx": 0, "hr/park": "", "pa": "45", "dt": "", "img": "https://www.mlbstatic.com/team-logos/118.svg", "team": "kc", "start": "", "in": "7", "result": "Strikeout Double Play", "evo": "", "la": "", "dist": ""}, {"player": "hunter dozier", "game": "kc @ min", "gameIdx": 0, "hr/park": "", "pa": "44", "dt": "", "img": "https://www.mlbstatic.com/team-logos/118.svg", "team": "kc", "start": "", "in": "7", "result": "Strikeout", "evo": "", "la": "", "dist": ""}, {"player": "alex gordon", "game": "kc @ min", "gameIdx": 0, "hr/park": "", "pa": "43", "dt": "", "img": "https://www.mlbstatic.com/team-logos/118.svg", "team": "kc", "start": "", "in": "7", "result": "Walk", "evo": "", "la": "", "dist": ""}, {"player": "miguel sano", "game": "kc @ min", "gameIdx": 0, "hr/park": "", "pa": "42", "dt": "", "img": "https://www.mlbstatic.com/team-logos/142.svg", "team": "min", "start": "", "in": "6", "result": "Pop Out", "evo": "62.3", "la": "55", "dist": "146"}, {"player": "eddie rosario", "game": "kc @ min", "gameIdx": 0, "hr/park": "0/30", "pa": "41", "dt": "", "img": "https://www.mlbstatic.com/team-logos/142.svg", "team": "min", "start": "", "in": "6", "result": "Sac Fly", "evo": "84.0", "la": "26", "dist": "319"}, {"player": "nelson cruz", "game": "kc @ min", "gameIdx": 0, "hr/park": "", "pa": "40", "dt": "", "img": "https://www.mlbstatic.com/team-logos/142.svg", "team": "min", "start": "", "in": "6", "result": "Groundout", "evo": "55.7", "la": "-55", "dist": "3"}, {"player": "luis arraez", "game": "kc @ min", "gameIdx": 0, "hr/park": "", "pa": "39", "dt": "", "img": "https://www.mlbstatic.com/team-logos/142.svg", "team": "min", "start": "", "in": "6", "result": "Single", "evo": "92.1", "la": "9", "dist": "137"}, {"player": "whit merrifield", "game": "kc @ min", "gameIdx": 0, "hr/park": "0/30", "pa": "38", "dt": "", "img": "https://www.mlbstatic.com/team-logos/118.svg", "team": "kc", "start": "", "in": "6", "result": "Flyout", "evo": "88.0", "la": "37", "dist": "323"}, {"player": "cam gallagher", "game": "kc @ min", "gameIdx": 0, "hr/park": "", "pa": "37", "dt": "", "img": "https://www.mlbstatic.com/team-logos/118.svg", "team": "kc", "start": "", "in": "6", "result": "Groundout", "evo": "76.9", "la": "-2", "dist": "19"}, {"player": "nicky lopez", "game": "kc @ min", "gameIdx": 0, "hr/park": "", "pa": "36", "dt": "", "img": "https://www.mlbstatic.com/team-logos/118.svg", "team": "kc", "start": "", "in": "6", "result": "Strikeout", "evo": "", "la": "", "dist": ""}, {"player": "max kepler", "game": "kc @ min", "gameIdx": 0, "hr/park": "", "pa": "35", "dt": "", "img": "https://www.mlbstatic.com/team-logos/142.svg", "team": "min", "start": "", "in": "5", "result": "Flyout", "evo": "80.4", "la": "39", "dist": "287"}, {"player": "jake cave", "game": "kc @ min", "gameIdx": 0, "hr/park": "", "pa": "34", "dt": "", "img": "https://www.mlbstatic.com/team-logos/142.svg", "team": "min", "start": "", "in": "5", "result": "Single", "evo": "77.0", "la": "8", "dist": "92"}, {"player": "jason castro", "game": "kc @ min", "gameIdx": 0, "hr/park": "", "pa": "33", "dt": "", "img": "https://www.mlbstatic.com/team-logos/142.svg", "team": "min", "start": "", "in": "5", "result": "Strikeout", "evo": "", "la": "", "dist": ""}, {"player": "cj cron", "game": "kc @ min", "gameIdx": 0, "hr/park": "", "pa": "32", "dt": "", "img": "https://www.mlbstatic.com/team-logos/142.svg", "team": "min", "start": "", "in": "5", "result": "Lineout", "evo": "106.3", "la": "7", "dist": "164"}, {"player": "humberto arteaga", "game": "kc @ min", "gameIdx": 0, "hr/park": "0/30", "pa": "31", "dt": "", "img": "https://www.mlbstatic.com/team-logos/118.svg", "team": "kc", "start": "", "in": "5", "result": "Flyout", "evo": "89.9", "la": "46", "dist": "302"}, {"player": "bubba starling", "game": "kc @ min", "gameIdx": 0, "hr/park": "", "pa": "30", "dt": "", "img": "https://www.mlbstatic.com/team-logos/118.svg", "team": "kc", "start": "", "in": "5", "result": "Flyout", "evo": "75.7", "la": "42", "dist": "250"}, {"player": "cheslor cuthbert", "game": "kc @ min", "gameIdx": 0, "hr/park": "", "pa": "29", "dt": "", "img": "https://www.mlbstatic.com/team-logos/118.svg", "team": "kc", "start": "", "in": "5", "result": "Groundout", "evo": "88.5", "la": "-10", "dist": "16"}, {"player": "ehire adrianza", "game": "kc @ min", "gameIdx": 0, "hr/park": "0/30", "pa": "28", "dt": "", "img": "https://www.mlbstatic.com/team-logos/142.svg", "team": "min", "start": "", "in": "4", "result": "Flyout", "evo": "89.1", "la": "26", "dist": "345"}, {"player": "miguel sano", "game": "kc @ min", "gameIdx": 0, "hr/park": "", "pa": "27", "dt": "", "img": "https://www.mlbstatic.com/team-logos/142.svg", "team": "min", "start": "", "in": "4", "result": "Strikeout", "evo": "", "la": "", "dist": ""}, {"player": "eddie rosario", "game": "kc @ min", "gameIdx": 0, "hr/park": "", "pa": "26", "dt": "", "img": "https://www.mlbstatic.com/team-logos/142.svg", "team": "min", "start": "", "in": "4", "result": "Single", "evo": "73.9", "la": "6", "dist": "85"}, {"player": "nelson cruz", "game": "kc @ min", "gameIdx": 0, "hr/park": "", "pa": "25", "dt": "", "img": "https://www.mlbstatic.com/team-logos/142.svg", "team": "min", "start": "", "in": "4", "result": "Pop Out", "evo": "", "la": "", "dist": ""}, {"player": "jorge soler", "game": "kc @ min", "gameIdx": 0, "hr/park": "", "pa": "24", "dt": "", "img": "https://www.mlbstatic.com/team-logos/118.svg", "team": "kc", "start": "", "in": "4", "result": "Groundout", "evo": "112.0", "la": "-2", "dist": "31"}, {"player": "hunter dozier", "game": "kc @ min", "gameIdx": 0, "hr/park": "0/30", "pa": "23", "dt": "", "img": "https://www.mlbstatic.com/team-logos/118.svg", "team": "kc", "start": "", "in": "4", "result": "Flyout", "evo": "89.0", "la": "36", "dist": "331"}, {"player": "alex gordon", "game": "kc @ min", "gameIdx": 0, "hr/park": "", "pa": "22", "dt": "", "img": "https://www.mlbstatic.com/team-logos/118.svg", "team": "kc", "start": "", "in": "4", "result": "Single", "evo": "100.4", "la": "11", "dist": "210"}, {"player": "whit merrifield", "game": "kc @ min", "gameIdx": 0, "hr/park": "", "pa": "21", "dt": "", "img": "https://www.mlbstatic.com/team-logos/118.svg", "team": "kc", "start": "", "in": "4", "result": "Pop Out", "evo": "63.5", "la": "39", "dist": "208"}, {"player": "luis arraez", "game": "kc @ min", "gameIdx": 0, "hr/park": "", "pa": "20", "dt": "", "img": "https://www.mlbstatic.com/team-logos/142.svg", "team": "min", "start": "", "in": "3", "result": "Groundout", "evo": "85.1", "la": "-33", "dist": "4"}, {"player": "max kepler", "game": "kc @ min", "gameIdx": 0, "hr/park": "", "pa": "19", "dt": "", "img": "https://www.mlbstatic.com/team-logos/142.svg", "team": "min", "start": "", "in": "3", "result": "Walk", "evo": "", "la": "", "dist": ""}, {"player": "jake cave", "game": "kc @ min", "gameIdx": 0, "hr/park": "", "pa": "18", "dt": "", "img": "https://www.mlbstatic.com/team-logos/142.svg", "team": "min", "start": "", "in": "3", "result": "Groundout", "evo": "69.2", "la": "-1", "dist": "29"}, {"player": "jason castro", "game": "kc @ min", "gameIdx": 0, "hr/park": "", "pa": "17", "dt": "", "img": "https://www.mlbstatic.com/team-logos/142.svg", "team": "min", "start": "", "in": "3", "result": "Strikeout", "evo": "", "la": "", "dist": ""}, {"player": "cam gallagher", "game": "kc @ min", "gameIdx": 0, "hr/park": "", "pa": "16", "dt": "", "img": "https://www.mlbstatic.com/team-logos/118.svg", "team": "kc", "start": "", "in": "3", "result": "Strikeout", "evo": "", "la": "", "dist": ""}, {"player": "nicky lopez", "game": "kc @ min", "gameIdx": 0, "hr/park": "", "pa": "15", "dt": "", "img": "https://www.mlbstatic.com/team-logos/118.svg", "team": "kc", "start": "", "in": "3", "result": "Single", "evo": "89.9", "la": "-8", "dist": "14"}, {"player": "humberto arteaga", "game": "kc @ min", "gameIdx": 0, "hr/park": "", "pa": "14", "dt": "", "img": "https://www.mlbstatic.com/team-logos/118.svg", "team": "kc", "start": "", "in": "3", "result": "Groundout", "evo": "76.2", "la": "-6", "dist": "16"}, {"player": "cj cron", "game": "kc @ min", "gameIdx": 0, "hr/park": "", "pa": "13", "dt": "", "img": "https://www.mlbstatic.com/team-logos/142.svg", "team": "min", "start": "", "in": "2", "result": "Strikeout", "evo": "", "la": "", "dist": ""}, {"player": "ehire adrianza", "game": "kc @ min", "gameIdx": 0, "hr/park": "", "pa": "12", "dt": "", "img": "https://www.mlbstatic.com/team-logos/142.svg", "team": "min", "start": "", "in": "2", "result": "Pop Out", "evo": "85.5", "la": "64", "dist": "162"}, {"player": "miguel sano", "game": "kc @ min", "gameIdx": 0, "hr/park": "0/30", "pa": "11", "dt": "", "img": "https://www.mlbstatic.com/team-logos/142.svg", "team": "min", "start": "", "in": "2", "result": "Flyout", "evo": "91.3", "la": "31", "dist": "369"}, {"player": "bubba starling", "game": "kc @ min", "gameIdx": 0, "hr/park": "0/30", "pa": "10", "dt": "", "img": "https://www.mlbstatic.com/team-logos/118.svg", "team": "kc", "start": "", "in": "2", "result": "Flyout", "evo": "92.6", "la": "26", "dist": "339"}, {"player": "cheslor cuthbert", "game": "kc @ min", "gameIdx": 0, "hr/park": "", "pa": "9", "dt": "", "img": "https://www.mlbstatic.com/team-logos/118.svg", "team": "kc", "start": "", "in": "2", "result": "Pop Out", "evo": "79.1", "la": "88", "dist": "22"}, {"player": "jorge soler", "game": "kc @ min", "gameIdx": 0, "hr/park": "", "pa": "8", "dt": "", "img": "https://www.mlbstatic.com/team-logos/118.svg", "team": "kc", "start": "", "in": "2", "result": "Groundout", "evo": "110.4", "la": "-3", "dist": "36"}, {"player": "eddie rosario", "game": "kc @ min", "gameIdx": 0, "hr/park": "", "pa": "7", "dt": "", "img": "https://www.mlbstatic.com/team-logos/142.svg", "team": "min", "start": "", "in": "1", "result": "Pop Out", "evo": "", "la": "", "dist": ""}, {"player": "nelson cruz", "game": "kc @ min", "gameIdx": 0, "hr/park": "", "pa": "6", "dt": "", "img": "https://www.mlbstatic.com/team-logos/142.svg", "team": "min", "start": "", "in": "1", "result": "Strikeout", "evo": "", "la": "", "dist": ""}, {"player": "luis arraez", "game": "kc @ min", "gameIdx": 0, "hr/park": "", "pa": "5", "dt": "", "img": "https://www.mlbstatic.com/team-logos/142.svg", "team": "min", "start": "", "in": "1", "result": "Single", "evo": "95.6", "la": "12", "dist": "218"}, {"player": "max kepler", "game": "kc @ min", "gameIdx": 0, "hr/park": "", "pa": "4", "dt": "", "img": "https://www.mlbstatic.com/team-logos/142.svg", "team": "min", "start": "", "in": "1", "result": "Groundout", "evo": "71.1", "la": "-30", "dist": "5"}, {"player": "hunter dozier", "game": "kc @ min", "gameIdx": 0, "hr/park": "", "pa": "3", "dt": "", "img": "https://www.mlbstatic.com/team-logos/118.svg", "team": "kc", "start": "", "in": "1", "result": "Strikeout", "evo": "", "la": "", "dist": ""}, {"player": "alex gordon", "game": "kc @ min", "gameIdx": 0, "hr/park": "", "pa": "2", "dt": "", "img": "https://www.mlbstatic.com/team-logos/118.svg", "team": "kc", "start": "", "in": "1", "result": "Strikeout", "evo": "", "la": "", "dist": ""}, {"player": "whit merrifield", "game": "kc @ min", "gameIdx": 0, "hr/park": "", "pa": "1", "dt": "", "img": "https://www.mlbstatic.com/team-logos/118.svg", "team": "kc", "start": "", "in": "1", "result": "Lineout", "evo": "98.4", "la": "16", "dist": "299"}], "mil @ chc": [], "det @ tex": [], "sf @ col": [{"player": "pablo sandoval", "game": "sf @ col", "gameIdx": 0, "hr/park": "", "pa": "70", "dt": "", "img": "https://www.mlbstatic.com/team-logos/137.svg", "team": "sf", "start": "", "in": "9", "result": "Groundout", "evo": "106.5", "la": "-7", "dist": "13"}, {"player": "evan longoria", "game": "sf @ col", "gameIdx": 0, "hr/park": "", "pa": "69", "dt": "", "img": "https://www.mlbstatic.com/team-logos/137.svg", "team": "sf", "start": "", "in": "9", "result": "Lineout", "evo": "99.1", "la": "10", "dist": "159"}, {"player": "buster posey", "game": "sf @ col", "gameIdx": 0, "hr/park": "", "pa": "68", "dt": "", "img": "https://www.mlbstatic.com/team-logos/137.svg", "team": "sf", "start": "", "in": "9", "result": "Flyout", "evo": "91.9", "la": "52", "dist": "290"}, {"player": "charlie blackmon", "game": "sf @ col", "gameIdx": 0, "hr/park": "", "pa": "67", "dt": "", "img": "https://www.mlbstatic.com/team-logos/115.svg", "team": "col", "start": "", "in": "8", "result": "Lineout", "evo": "72.0", "la": "28", "dist": "264"}, {"player": "ian desmond", "game": "sf @ col", "gameIdx": 0, "hr/park": "0/30", "pa": "66", "dt": "", "img": "https://www.mlbstatic.com/team-logos/115.svg", "team": "col", "start": "", "in": "8", "result": "Flyout", "evo": "83.8", "la": "39", "dist": "326"}, {"player": "chris iannetta", "game": "sf @ col", "gameIdx": 0, "hr/park": "5/30", "pa": "65", "dt": "", "img": "https://www.mlbstatic.com/team-logos/115.svg", "team": "col", "start": "", "in": "8", "result": "Flyout", "evo": "92.9", "la": "27", "dist": "386"}, {"player": "austin slater", "game": "sf @ col", "gameIdx": 0, "hr/park": "", "pa": "64", "dt": "", "img": "https://www.mlbstatic.com/team-logos/137.svg", "team": "sf", "start": "", "in": "8", "result": "Strikeout", "evo": "", "la": "", "dist": ""}, {"player": "brandon belt", "game": "sf @ col", "gameIdx": 0, "hr/park": "", "pa": "63", "dt": "", "img": "https://www.mlbstatic.com/team-logos/137.svg", "team": "sf", "start": "", "in": "8", "result": "Groundout", "evo": "102.4", "la": "-15", "dist": "7"}, {"player": "donovan solano", "game": "sf @ col", "gameIdx": 0, "hr/park": "", "pa": "62", "dt": "", "img": "https://www.mlbstatic.com/team-logos/137.svg", "team": "sf", "start": "", "in": "8", "result": "Strikeout", "evo": "", "la": "", "dist": ""}, {"player": "yonathan daza", "game": "sf @ col", "gameIdx": 0, "hr/park": "", "pa": "61", "dt": "", "img": "https://www.mlbstatic.com/team-logos/115.svg", "team": "col", "start": "", "in": "7", "result": "GIDP", "evo": "77.1", "la": "-12", "dist": "13"}, {"player": "raimel tapia", "game": "sf @ col", "gameIdx": 0, "hr/park": "", "pa": "60", "dt": "", "img": "https://www.mlbstatic.com/team-logos/115.svg", "team": "col", "start": "", "in": "7", "result": "Single", "evo": "74.3", "la": "28", "dist": "274"}, {"player": "ryan mcmahon", "game": "sf @ col", "gameIdx": 0, "hr/park": "", "pa": "59", "dt": "", "img": "https://www.mlbstatic.com/team-logos/115.svg", "team": "col", "start": "", "in": "7", "result": "Groundout", "evo": "102.2", "la": "3", "dist": "80"}, {"player": "joe panik", "game": "sf @ col", "gameIdx": 0, "hr/park": "", "pa": "58", "dt": "", "img": "https://www.mlbstatic.com/team-logos/137.svg", "team": "sf", "start": "", "in": "7", "result": "Groundout", "evo": "96.6", "la": "-10", "dist": "14"}, {"player": "mike yastrzemski", "game": "sf @ col", "gameIdx": 0, "hr/park": "", "pa": "57", "dt": "", "img": "https://www.mlbstatic.com/team-logos/137.svg", "team": "sf", "start": "", "in": "7", "result": "Double Play", "evo": "72.4", "la": "12", "dist": "133"}, {"player": "steven duggar", "game": "sf @ col", "gameIdx": 0, "hr/park": "", "pa": "56", "dt": "", "img": "https://www.mlbstatic.com/team-logos/137.svg", "team": "sf", "start": "", "in": "7", "result": "Single", "evo": "101.9", "la": "11", "dist": "219"}, {"player": "nolan arenado", "game": "sf @ col", "gameIdx": 0, "hr/park": "", "pa": "55", "dt": "", "img": "https://www.mlbstatic.com/team-logos/115.svg", "team": "col", "start": "", "in": "6", "result": "Pop Out", "evo": "", "la": "", "dist": ""}, {"player": "daniel murphy", "game": "sf @ col", "gameIdx": 0, "hr/park": "", "pa": "54", "dt": "", "img": "https://www.mlbstatic.com/team-logos/115.svg", "team": "col", "start": "", "in": "6", "result": "Single", "evo": "81.7", "la": "15", "dist": "206"}, {"player": "trevor story", "game": "sf @ col", "gameIdx": 0, "hr/park": "", "pa": "53", "dt": "", "img": "https://www.mlbstatic.com/team-logos/115.svg", "team": "col", "start": "", "in": "6", "result": "Walk", "evo": "", "la": "", "dist": ""}, {"player": "charlie blackmon", "game": "sf @ col", "gameIdx": 0, "hr/park": "", "pa": "52", "dt": "", "img": "https://www.mlbstatic.com/team-logos/115.svg", "team": "col", "start": "", "in": "6", "result": "Groundout", "evo": "102.1", "la": "8", "dist": "139"}, {"player": "yonder alonso", "game": "sf @ col", "gameIdx": 0, "hr/park": "", "pa": "51", "dt": "", "img": "https://www.mlbstatic.com/team-logos/115.svg", "team": "col", "start": "", "in": "6", "result": "Pop Out", "evo": "80.5", "la": "63", "dist": "202"}, {"player": "kevin pillar", "game": "sf @ col", "gameIdx": 0, "hr/park": "", "pa": "50", "dt": "", "img": "https://www.mlbstatic.com/team-logos/137.svg", "team": "sf", "start": "", "in": "6", "result": "Flyout", "evo": "87.9", "la": "47", "dist": "291"}, {"player": "evan longoria", "game": "sf @ col", "gameIdx": 0, "hr/park": "", "pa": "49", "dt": "", "img": "https://www.mlbstatic.com/team-logos/137.svg", "team": "sf", "start": "", "in": "6", "result": "Single", "evo": "103.9", "la": "11", "dist": "220"}, {"player": "buster posey", "game": "sf @ col", "gameIdx": 0, "hr/park": "", "pa": "48", "dt": "", "img": "https://www.mlbstatic.com/team-logos/137.svg", "team": "sf", "start": "", "in": "6", "result": "Groundout", "evo": "72.6", "la": "-39", "dist": "4"}, {"player": "austin slater", "game": "sf @ col", "gameIdx": 0, "hr/park": "", "pa": "47", "dt": "", "img": "https://www.mlbstatic.com/team-logos/137.svg", "team": "sf", "start": "", "in": "6", "result": "Strikeout", "evo": "", "la": "", "dist": ""}, {"player": "chris iannetta", "game": "sf @ col", "gameIdx": 0, "hr/park": "", "pa": "46", "dt": "", "img": "https://www.mlbstatic.com/team-logos/115.svg", "team": "col", "start": "", "in": "5", "result": "GIDP", "evo": "112.1", "la": "-6", "dist": "17"}, {"player": "yonathan daza", "game": "sf @ col", "gameIdx": 0, "hr/park": "", "pa": "45", "dt": "", "img": "https://www.mlbstatic.com/team-logos/115.svg", "team": "col", "start": "", "in": "5", "result": "Single", "evo": "94.0", "la": "7", "dist": "127"}, {"player": "raimel tapia", "game": "sf @ col", "gameIdx": 0, "hr/park": "", "pa": "44", "dt": "", "img": "https://www.mlbstatic.com/team-logos/115.svg", "team": "col", "start": "", "in": "5", "result": "Forceout", "evo": "87.8", "la": "-8", "dist": "20"}, {"player": "ryan mcmahon", "game": "sf @ col", "gameIdx": 0, "hr/park": "", "pa": "43", "dt": "", "img": "https://www.mlbstatic.com/team-logos/115.svg", "team": "col", "start": "", "in": "5", "result": "Single", "evo": "107.1", "la": "-7", "dist": "18"}, {"player": "nolan arenado", "game": "sf @ col", "gameIdx": 0, "hr/park": "30/30", "pa": "42", "dt": "", "img": "https://www.mlbstatic.com/team-logos/115.svg", "team": "col", "start": "", "in": "5", "result": "Home Run", "evo": "100.8", "la": "31", "dist": "424"}, {"player": "brandon belt", "game": "sf @ col", "gameIdx": 0, "hr/park": "", "pa": "41", "dt": "", "img": "https://www.mlbstatic.com/team-logos/137.svg", "team": "sf", "start": "", "in": "5", "result": "Strikeout", "evo": "", "la": "", "dist": ""}, {"player": "donovan solano", "game": "sf @ col", "gameIdx": 0, "hr/park": "7/30", "pa": "40", "dt": "", "img": "https://www.mlbstatic.com/team-logos/137.svg", "team": "sf", "start": "", "in": "5", "result": "Flyout", "evo": "92.2", "la": "33", "dist": "366"}, {"player": "joe panik", "game": "sf @ col", "gameIdx": 0, "hr/park": "", "pa": "39", "dt": "", "img": "https://www.mlbstatic.com/team-logos/137.svg", "team": "sf", "start": "", "in": "5", "result": "Single", "evo": "96.9", "la": "-4", "dist": "29"}, {"player": "mike yastrzemski", "game": "sf @ col", "gameIdx": 0, "hr/park": "", "pa": "38", "dt": "", "img": "https://www.mlbstatic.com/team-logos/137.svg", "team": "sf", "start": "", "in": "5", "result": "Groundout", "evo": "85.2", "la": "-38", "dist": "4"}, {"player": "daniel murphy", "game": "sf @ col", "gameIdx": 0, "hr/park": "", "pa": "37", "dt": "", "img": "https://www.mlbstatic.com/team-logos/115.svg", "team": "col", "start": "", "in": "4", "result": "Groundout", "evo": "98.6", "la": "-18", "dist": "6"}, {"player": "trevor story", "game": "sf @ col", "gameIdx": 0, "hr/park": "", "pa": "36", "dt": "", "img": "https://www.mlbstatic.com/team-logos/115.svg", "team": "col", "start": "", "in": "4", "result": "Double", "evo": "103.1", "la": "12", "dist": "225"}, {"player": "charlie blackmon", "game": "sf @ col", "gameIdx": 0, "hr/park": "", "pa": "35", "dt": "", "img": "https://www.mlbstatic.com/team-logos/115.svg", "team": "col", "start": "", "in": "4", "result": "Single", "evo": "105.9", "la": "-1", "dist": "34"}, {"player": "kyle freeland", "game": "sf @ col", "gameIdx": 0, "hr/park": "", "pa": "34", "dt": "", "img": "https://www.mlbstatic.com/team-logos/115.svg", "team": "col", "start": "", "in": "4", "result": "Strikeout", "evo": "", "la": "", "dist": ""}, {"player": "chris iannetta", "game": "sf @ col", "gameIdx": 0, "hr/park": "", "pa": "33", "dt": "", "img": "https://www.mlbstatic.com/team-logos/115.svg", "team": "col", "start": "", "in": "4", "result": "Strikeout", "evo": "", "la": "", "dist": ""}, {"player": "scooter gennett", "game": "sf @ col", "gameIdx": 0, "hr/park": "", "pa": "32", "dt": "", "img": "https://www.mlbstatic.com/team-logos/137.svg", "team": "sf", "start": "", "in": "4", "result": "Strikeout", "evo": "", "la": "", "dist": ""}, {"player": "kevin pillar", "game": "sf @ col", "gameIdx": 0, "hr/park": "", "pa": "31", "dt": "", "img": "https://www.mlbstatic.com/team-logos/137.svg", "team": "sf", "start": "", "in": "4", "result": "Groundout", "evo": "104.3", "la": "-7", "dist": "16"}, {"player": "evan longoria", "game": "sf @ col", "gameIdx": 0, "hr/park": "", "pa": "30", "dt": "", "img": "https://www.mlbstatic.com/team-logos/137.svg", "team": "sf", "start": "", "in": "4", "result": "Groundout", "evo": "101.6", "la": "4", "dist": "82"}, {"player": "yonathan daza", "game": "sf @ col", "gameIdx": 0, "hr/park": "", "pa": "29", "dt": "", "img": "https://www.mlbstatic.com/team-logos/115.svg", "team": "col", "start": "", "in": "3", "result": "Forceout", "evo": "95.8", "la": "3", "dist": "79"}, {"player": "raimel tapia", "game": "sf @ col", "gameIdx": 0, "hr/park": "", "pa": "28", "dt": "", "img": "https://www.mlbstatic.com/team-logos/115.svg", "team": "col", "start": "", "in": "3", "result": "Single", "evo": "90.1", "la": "3", "dist": "66"}, {"player": "ryan mcmahon", "game": "sf @ col", "gameIdx": 0, "hr/park": "", "pa": "27", "dt": "", "img": "https://www.mlbstatic.com/team-logos/115.svg", "team": "col", "start": "", "in": "3", "result": "Walk", "evo": "", "la": "", "dist": ""}, {"player": "nolan arenado", "game": "sf @ col", "gameIdx": 0, "hr/park": "", "pa": "26", "dt": "", "img": "https://www.mlbstatic.com/team-logos/115.svg", "team": "col", "start": "", "in": "3", "result": "GIDP", "evo": "", "la": "", "dist": ""}, {"player": "daniel murphy", "game": "sf @ col", "gameIdx": 0, "hr/park": "", "pa": "25", "dt": "", "img": "https://www.mlbstatic.com/team-logos/115.svg", "team": "col", "start": "", "in": "3", "result": "Single", "evo": "98.7", "la": "-4", "dist": "30"}, {"player": "trevor story", "game": "sf @ col", "gameIdx": 0, "hr/park": "", "pa": "24", "dt": "", "img": "https://www.mlbstatic.com/team-logos/115.svg", "team": "col", "start": "", "in": "3", "result": "Walk", "evo": "", "la": "", "dist": ""}, {"player": "charlie blackmon", "game": "sf @ col", "gameIdx": 0, "hr/park": "", "pa": "23", "dt": "", "img": "https://www.mlbstatic.com/team-logos/115.svg", "team": "col", "start": "", "in": "3", "result": "Double", "evo": "102.9", "la": "10", "dist": "177"}, {"player": "buster posey", "game": "sf @ col", "gameIdx": 0, "hr/park": "", "pa": "22", "dt": "", "img": "https://www.mlbstatic.com/team-logos/137.svg", "team": "sf", "start": "", "in": "3", "result": "Groundout", "evo": "89.4", "la": "-27", "dist": "7"}, {"player": "austin slater", "game": "sf @ col", "gameIdx": 0, "hr/park": "", "pa": "21", "dt": "", "img": "https://www.mlbstatic.com/team-logos/137.svg", "team": "sf", "start": "", "in": "3", "result": "Walk", "evo": "", "la": "", "dist": ""}, {"player": "brandon belt", "game": "sf @ col", "gameIdx": 0, "hr/park": "", "pa": "20", "dt": "", "img": "https://www.mlbstatic.com/team-logos/137.svg", "team": "sf", "start": "", "in": "3", "result": "Strikeout", "evo": "", "la": "", "dist": ""}, {"player": "donovan solano", "game": "sf @ col", "gameIdx": 0, "hr/park": "30/30", "pa": "19", "dt": "", "img": "https://www.mlbstatic.com/team-logos/137.svg", "team": "sf", "start": "", "in": "3", "result": "Home Run", "evo": "103.4", "la": "23", "dist": "445"}, {"player": "tyler beede", "game": "sf @ col", "gameIdx": 0, "hr/park": "", "pa": "18", "dt": "", "img": "https://www.mlbstatic.com/team-logos/137.svg", "team": "sf", "start": "", "in": "3", "result": "Strikeout", "evo": "", "la": "", "dist": ""}, {"player": "kyle freeland", "game": "sf @ col", "gameIdx": 0, "hr/park": "", "pa": "17", "dt": "", "img": "https://www.mlbstatic.com/team-logos/115.svg", "team": "col", "start": "", "in": "2", "result": "Strikeout", "evo": "", "la": "", "dist": ""}, {"player": "chris iannetta", "game": "sf @ col", "gameIdx": 0, "hr/park": "0/30", "pa": "16", "dt": "", "img": "https://www.mlbstatic.com/team-logos/115.svg", "team": "col", "start": "", "in": "2", "result": "Flyout", "evo": "100.6", "la": "50", "dist": "326"}, {"player": "yonathan daza", "game": "sf @ col", "gameIdx": 0, "hr/park": "", "pa": "15", "dt": "", "img": "https://www.mlbstatic.com/team-logos/115.svg", "team": "col", "start": "", "in": "2", "result": "Groundout", "evo": "85.6", "la": "1", "dist": "52"}, {"player": "mike yastrzemski", "game": "sf @ col", "gameIdx": 0, "hr/park": "", "pa": "14", "dt": "", "img": "https://www.mlbstatic.com/team-logos/137.svg", "team": "sf", "start": "", "in": "2", "result": "Groundout", "evo": "64.1", "la": "-29", "dist": "6"}, {"player": "scooter gennett", "game": "sf @ col", "gameIdx": 0, "hr/park": "12/30", "pa": "13", "dt": "", "img": "https://www.mlbstatic.com/team-logos/137.svg", "team": "sf", "start": "", "in": "2", "result": "Flyout", "evo": "92.6", "la": "31", "dist": "372"}, {"player": "kevin pillar", "game": "sf @ col", "gameIdx": 0, "hr/park": "0/30", "pa": "12", "dt": "", "img": "https://www.mlbstatic.com/team-logos/137.svg", "team": "sf", "start": "", "in": "2", "result": "Single", "evo": "97.5", "la": "15", "dist": "309"}, {"player": "evan longoria", "game": "sf @ col", "gameIdx": 0, "hr/park": "", "pa": "11", "dt": "", "img": "https://www.mlbstatic.com/team-logos/137.svg", "team": "sf", "start": "", "in": "2", "result": "Strikeout", "evo": "", "la": "", "dist": ""}, {"player": "raimel tapia", "game": "sf @ col", "gameIdx": 0, "hr/park": "", "pa": "10", "dt": "", "img": "https://www.mlbstatic.com/team-logos/115.svg", "team": "col", "start": "", "in": "1", "result": "Groundout", "evo": "89.7", "la": "-2", "dist": "37"}, {"player": "ryan mcmahon", "game": "sf @ col", "gameIdx": 0, "hr/park": "", "pa": "9", "dt": "", "img": "https://www.mlbstatic.com/team-logos/115.svg", "team": "col", "start": "", "in": "1", "result": "Groundout", "evo": "100.8", "la": "-8", "dist": "14"}, {"player": "nolan arenado", "game": "sf @ col", "gameIdx": 0, "hr/park": "30/30", "pa": "8", "dt": "", "img": "https://www.mlbstatic.com/team-logos/115.svg", "team": "col", "start": "", "in": "1", "result": "Home Run", "evo": "99.8", "la": "34", "dist": "424"}, {"player": "daniel murphy", "game": "sf @ col", "gameIdx": 0, "hr/park": "", "pa": "7", "dt": "", "img": "https://www.mlbstatic.com/team-logos/115.svg", "team": "col", "start": "", "in": "1", "result": "Groundout", "evo": "103.0", "la": "-8", "dist": "17"}, {"player": "trevor story", "game": "sf @ col", "gameIdx": 0, "hr/park": "30/30", "pa": "6", "dt": "", "img": "https://www.mlbstatic.com/team-logos/115.svg", "team": "col", "start": "", "in": "1", "result": "Home Run", "evo": "95.5", "la": "34", "dist": "409"}, {"player": "charlie blackmon", "game": "sf @ col", "gameIdx": 0, "hr/park": "", "pa": "5", "dt": "", "img": "https://www.mlbstatic.com/team-logos/115.svg", "team": "col", "start": "", "in": "1", "result": "Double", "evo": "96.2", "la": "17", "dist": "277"}, {"player": "buster posey", "game": "sf @ col", "gameIdx": 0, "hr/park": "", "pa": "4", "dt": "", "img": "https://www.mlbstatic.com/team-logos/137.svg", "team": "sf", "start": "", "in": "1", "result": "GIDP", "evo": "102.2", "la": "-3", "dist": "15"}, {"player": "austin slater", "game": "sf @ col", "gameIdx": 0, "hr/park": "", "pa": "3", "dt": "", "img": "https://www.mlbstatic.com/team-logos/137.svg", "team": "sf", "start": "", "in": "1", "result": "Single", "evo": "91.8", "la": "17", "dist": "282"}, {"player": "brandon belt", "game": "sf @ col", "gameIdx": 0, "hr/park": "0/30", "pa": "2", "dt": "", "img": "https://www.mlbstatic.com/team-logos/137.svg", "team": "sf", "start": "", "in": "1", "result": "Flyout", "evo": "97.9", "la": "43", "dist": "378"}, {"player": "donovan solano", "game": "sf @ col", "gameIdx": 0, "hr/park": "28/30", "pa": "1", "dt": "", "img": "https://www.mlbstatic.com/team-logos/137.svg", "team": "sf", "start": "", "in": "1", "result": "Home Run", "evo": "97.1", "la": "25", "dist": "391"}], "stl @ ath": [], "wsh @ ari": [{"player": "juan soto", "game": "wsh @ ari", "gameIdx": 0, "hr/park": "", "pa": "77", "dt": "", "img": "https://www.mlbstatic.com/team-logos/120.svg", "team": "wsh", "start": "", "in": "9", "result": "Flyout", "evo": "89.1", "la": "48", "dist": "282"}, {"player": "anthony rendon", "game": "wsh @ ari", "gameIdx": 0, "hr/park": "", "pa": "76", "dt": "", "img": "https://www.mlbstatic.com/team-logos/120.svg", "team": "wsh", "start": "", "in": "9", "result": "Lineout", "evo": "70.9", "la": "13", "dist": "141"}, {"player": "adam eaton", "game": "wsh @ ari", "gameIdx": 0, "hr/park": "", "pa": "75", "dt": "", "img": "https://www.mlbstatic.com/team-logos/120.svg", "team": "wsh", "start": "", "in": "9", "result": "Groundout", "evo": "85.1", "la": "-20", "dist": "5"}, {"player": "tim locastro", "game": "wsh @ ari", "gameIdx": 0, "hr/park": "", "pa": "74", "dt": "", "img": "https://www.mlbstatic.com/team-logos/109.svg", "team": "ari", "start": "", "in": "8", "result": "Pop Out", "evo": "83.1", "la": "74", "dist": "128"}, {"player": "david peralta", "game": "wsh @ ari", "gameIdx": 0, "hr/park": "", "pa": "73", "dt": "", "img": "https://www.mlbstatic.com/team-logos/109.svg", "team": "ari", "start": "", "in": "8", "result": "Walk", "evo": "", "la": "", "dist": ""}, {"player": "carson kelly", "game": "wsh @ ari", "gameIdx": 0, "hr/park": "", "pa": "72", "dt": "", "img": "https://www.mlbstatic.com/team-logos/109.svg", "team": "ari", "start": "", "in": "8", "result": "Pop Out", "evo": "", "la": "", "dist": ""}, {"player": "nick ahmed", "game": "wsh @ ari", "gameIdx": 0, "hr/park": "", "pa": "71", "dt": "", "img": "https://www.mlbstatic.com/team-logos/109.svg", "team": "ari", "start": "", "in": "8", "result": "Flyout", "evo": "89.2", "la": "46", "dist": "293"}, {"player": "trea turner", "game": "wsh @ ari", "gameIdx": 0, "hr/park": "", "pa": "70", "dt": "", "img": "https://www.mlbstatic.com/team-logos/120.svg", "team": "wsh", "start": "", "in": "8", "result": "Groundout", "evo": "89.7", "la": "-38", "dist": "3"}, {"player": "andrew stevenson", "game": "wsh @ ari", "gameIdx": 0, "hr/park": "", "pa": "69", "dt": "", "img": "https://www.mlbstatic.com/team-logos/120.svg", "team": "wsh", "start": "", "in": "8", "result": "Single", "evo": "73.2", "la": "-6", "dist": "23"}, {"player": "yan gomes", "game": "wsh @ ari", "gameIdx": 0, "hr/park": "0/30", "pa": "68", "dt": "", "img": "https://www.mlbstatic.com/team-logos/120.svg", "team": "wsh", "start": "", "in": "8", "result": "Flyout", "evo": "94.7", "la": "37", "dist": "341"}, {"player": "gerardo parra", "game": "wsh @ ari", "gameIdx": 0, "hr/park": "", "pa": "67", "dt": "", "img": "https://www.mlbstatic.com/team-logos/120.svg", "team": "wsh", "start": "", "in": "8", "result": "Lineout", "evo": "92.0", "la": "9", "dist": "158"}, {"player": "jake lamb", "game": "wsh @ ari", "gameIdx": 0, "hr/park": "", "pa": "66", "dt": "", "img": "https://www.mlbstatic.com/team-logos/109.svg", "team": "ari", "start": "", "in": "7", "result": "Groundout", "evo": "", "la": "", "dist": ""}, {"player": "adam jones", "game": "wsh @ ari", "gameIdx": 0, "hr/park": "", "pa": "65", "dt": "", "img": "https://www.mlbstatic.com/team-logos/109.svg", "team": "ari", "start": "", "in": "7", "result": "Single", "evo": "93.9", "la": "9", "dist": "161"}, {"player": "christian walker", "game": "wsh @ ari", "gameIdx": 0, "hr/park": "", "pa": "64", "dt": "", "img": "https://www.mlbstatic.com/team-logos/109.svg", "team": "ari", "start": "", "in": "7", "result": "Strikeout", "evo": "", "la": "", "dist": ""}, {"player": "eduardo escobar", "game": "wsh @ ari", "gameIdx": 0, "hr/park": "0/30", "pa": "63", "dt": "", "img": "https://www.mlbstatic.com/team-logos/109.svg", "team": "ari", "start": "", "in": "7", "result": "Flyout", "evo": "96.6", "la": "25", "dist": "384"}, {"player": "ketel marte", "game": "wsh @ ari", "gameIdx": 0, "hr/park": "", "pa": "62", "dt": "", "img": "https://www.mlbstatic.com/team-logos/109.svg", "team": "ari", "start": "", "in": "7", "result": "Single", "evo": "94.4", "la": "12", "dist": "162"}, {"player": "tim locastro", "game": "wsh @ ari", "gameIdx": 0, "hr/park": "", "pa": "61", "dt": "", "img": "https://www.mlbstatic.com/team-logos/109.svg", "team": "ari", "start": "", "in": "7", "result": "Hit By Pitch", "evo": "", "la": "", "dist": ""}, {"player": "brian dozier", "game": "wsh @ ari", "gameIdx": 0, "hr/park": "", "pa": "60", "dt": "", "img": "https://www.mlbstatic.com/team-logos/120.svg", "team": "wsh", "start": "", "in": "7", "result": "Strikeout", "evo": "", "la": "", "dist": ""}, {"player": "matt adams", "game": "wsh @ ari", "gameIdx": 0, "hr/park": "", "pa": "59", "dt": "", "img": "https://www.mlbstatic.com/team-logos/120.svg", "team": "wsh", "start": "", "in": "7", "result": "Strikeout", "evo": "", "la": "", "dist": ""}, {"player": "juan soto", "game": "wsh @ ari", "gameIdx": 0, "hr/park": "", "pa": "58", "dt": "", "img": "https://www.mlbstatic.com/team-logos/120.svg", "team": "wsh", "start": "", "in": "7", "result": "Walk", "evo": "", "la": "", "dist": ""}, {"player": "anthony rendon", "game": "wsh @ ari", "gameIdx": 0, "hr/park": "", "pa": "57", "dt": "", "img": "https://www.mlbstatic.com/team-logos/120.svg", "team": "wsh", "start": "", "in": "7", "result": "Single", "evo": "94.7", "la": "16", "dist": "243"}, {"player": "adam eaton", "game": "wsh @ ari", "gameIdx": 0, "hr/park": "", "pa": "56", "dt": "", "img": "https://www.mlbstatic.com/team-logos/120.svg", "team": "wsh", "start": "", "in": "7", "result": "Sac Bunt", "evo": "", "la": "", "dist": ""}, {"player": "trea turner", "game": "wsh @ ari", "gameIdx": 0, "hr/park": "", "pa": "55", "dt": "", "img": "https://www.mlbstatic.com/team-logos/120.svg", "team": "wsh", "start": "", "in": "7", "result": "Single", "evo": "68.6", "la": "-36", "dist": "3"}, {"player": "david peralta", "game": "wsh @ ari", "gameIdx": 0, "hr/park": "", "pa": "54", "dt": "", "img": "https://www.mlbstatic.com/team-logos/109.svg", "team": "ari", "start": "", "in": "6", "result": "Groundout", "evo": "96.3", "la": "-11", "dist": "13"}, {"player": "carson kelly", "game": "wsh @ ari", "gameIdx": 0, "hr/park": "", "pa": "53", "dt": "", "img": "https://www.mlbstatic.com/team-logos/109.svg", "team": "ari", "start": "", "in": "6", "result": "Strikeout", "evo": "", "la": "", "dist": ""}, {"player": "nick ahmed", "game": "wsh @ ari", "gameIdx": 0, "hr/park": "", "pa": "52", "dt": "", "img": "https://www.mlbstatic.com/team-logos/109.svg", "team": "ari", "start": "", "in": "6", "result": "Walk", "evo": "", "la": "", "dist": ""}, {"player": "wilmer flores", "game": "wsh @ ari", "gameIdx": 0, "hr/park": "", "pa": "51", "dt": "", "img": "https://www.mlbstatic.com/team-logos/109.svg", "team": "ari", "start": "", "in": "6", "result": "Groundout", "evo": "94.7", "la": "-10", "dist": "8"}, {"player": "adam jones", "game": "wsh @ ari", "gameIdx": 0, "hr/park": "", "pa": "50", "dt": "", "img": "https://www.mlbstatic.com/team-logos/109.svg", "team": "ari", "start": "", "in": "6", "result": "Double", "evo": "105.5", "la": "-2", "dist": "36"}, {"player": "christian walker", "game": "wsh @ ari", "gameIdx": 0, "hr/park": "0/30", "pa": "49", "dt": "", "img": "https://www.mlbstatic.com/team-logos/109.svg", "team": "ari", "start": "", "in": "6", "result": "Single", "evo": "85.7", "la": "27", "dist": "309"}, {"player": "patrick corbin", "game": "wsh @ ari", "gameIdx": 0, "hr/park": "", "pa": "48", "dt": "", "img": "https://www.mlbstatic.com/team-logos/120.svg", "team": "wsh", "start": "", "in": "6", "result": "Forceout", "evo": "84.7", "la": "-3", "dist": "30"}, {"player": "yan gomes", "game": "wsh @ ari", "gameIdx": 0, "hr/park": "", "pa": "47", "dt": "", "img": "https://www.mlbstatic.com/team-logos/120.svg", "team": "wsh", "start": "", "in": "6", "result": "Intent Walk", "evo": "", "la": "", "dist": ""}, {"player": "gerardo parra", "game": "wsh @ ari", "gameIdx": 0, "hr/park": "", "pa": "46", "dt": "", "img": "https://www.mlbstatic.com/team-logos/120.svg", "team": "wsh", "start": "", "in": "6", "result": "Walk", "evo": "", "la": "", "dist": ""}, {"player": "brian dozier", "game": "wsh @ ari", "gameIdx": 0, "hr/park": "", "pa": "45", "dt": "", "img": "https://www.mlbstatic.com/team-logos/120.svg", "team": "wsh", "start": "", "in": "6", "result": "Single", "evo": "99.5", "la": "15", "dist": "232"}, {"player": "matt adams", "game": "wsh @ ari", "gameIdx": 0, "hr/park": "", "pa": "44", "dt": "", "img": "https://www.mlbstatic.com/team-logos/120.svg", "team": "wsh", "start": "", "in": "6", "result": "Single", "evo": "84.4", "la": "2", "dist": "62"}, {"player": "juan soto", "game": "wsh @ ari", "gameIdx": 0, "hr/park": "", "pa": "43", "dt": "", "img": "https://www.mlbstatic.com/team-logos/120.svg", "team": "wsh", "start": "", "in": "6", "result": "Flyout", "evo": "90.2", "la": "46", "dist": "299"}, {"player": "anthony rendon", "game": "wsh @ ari", "gameIdx": 0, "hr/park": "", "pa": "42", "dt": "", "img": "https://www.mlbstatic.com/team-logos/120.svg", "team": "wsh", "start": "", "in": "6", "result": "Pop Out", "evo": "", "la": "", "dist": ""}, {"player": "eduardo escobar", "game": "wsh @ ari", "gameIdx": 0, "hr/park": "", "pa": "41", "dt": "", "img": "https://www.mlbstatic.com/team-logos/109.svg", "team": "ari", "start": "", "in": "5", "result": "GIDP", "evo": "102.7", "la": "-5", "dist": "14"}, {"player": "ketel marte", "game": "wsh @ ari", "gameIdx": 0, "hr/park": "", "pa": "40", "dt": "", "img": "https://www.mlbstatic.com/team-logos/109.svg", "team": "ari", "start": "", "in": "5", "result": "Single", "evo": "98.6", "la": "13", "dist": "228"}, {"player": "tim locastro", "game": "wsh @ ari", "gameIdx": 0, "hr/park": "", "pa": "39", "dt": "", "img": "https://www.mlbstatic.com/team-logos/109.svg", "team": "ari", "start": "", "in": "5", "result": "Strikeout", "evo": "", "la": "", "dist": ""}, {"player": "adam eaton", "game": "wsh @ ari", "gameIdx": 0, "hr/park": "", "pa": "38", "dt": "", "img": "https://www.mlbstatic.com/team-logos/120.svg", "team": "wsh", "start": "", "in": "5", "result": "Groundout", "evo": "93.6", "la": "-11", "dist": "12"}, {"player": "trea turner", "game": "wsh @ ari", "gameIdx": 0, "hr/park": "", "pa": "37", "dt": "", "img": "https://www.mlbstatic.com/team-logos/120.svg", "team": "wsh", "start": "", "in": "5", "result": "Groundout", "evo": "104.2", "la": "-11", "dist": "11"}, {"player": "patrick corbin", "game": "wsh @ ari", "gameIdx": 0, "hr/park": "", "pa": "36", "dt": "", "img": "https://www.mlbstatic.com/team-logos/120.svg", "team": "wsh", "start": "", "in": "5", "result": "Lineout", "evo": "92.9", "la": "18", "dist": "296"}, {"player": "taylor clarke", "game": "wsh @ ari", "gameIdx": 0, "hr/park": "", "pa": "35", "dt": "", "img": "https://www.mlbstatic.com/team-logos/109.svg", "team": "ari", "start": "", "in": "4", "result": "Strikeout", "evo": "", "la": "", "dist": ""}, {"player": "carson kelly", "game": "wsh @ ari", "gameIdx": 0, "hr/park": "0/30", "pa": "34", "dt": "", "img": "https://www.mlbstatic.com/team-logos/109.svg", "team": "ari", "start": "", "in": "4", "result": "Lineout", "evo": "99.2", "la": "21", "dist": "376"}, {"player": "nick ahmed", "game": "wsh @ ari", "gameIdx": 0, "hr/park": "", "pa": "33", "dt": "", "img": "https://www.mlbstatic.com/team-logos/109.svg", "team": "ari", "start": "", "in": "4", "result": "Groundout", "evo": "100.2", "la": "-10", "dist": "15"}, {"player": "yan gomes", "game": "wsh @ ari", "gameIdx": 0, "hr/park": "", "pa": "32", "dt": "", "img": "https://www.mlbstatic.com/team-logos/120.svg", "team": "wsh", "start": "", "in": "4", "result": "Strikeout", "evo": "", "la": "", "dist": ""}, {"player": "gerardo parra", "game": "wsh @ ari", "gameIdx": 0, "hr/park": "", "pa": "31", "dt": "", "img": "https://www.mlbstatic.com/team-logos/120.svg", "team": "wsh", "start": "", "in": "4", "result": "Single", "evo": "94.2", "la": "5", "dist": "94"}, {"player": "brian dozier", "game": "wsh @ ari", "gameIdx": 0, "hr/park": "30/30", "pa": "30", "dt": "", "img": "https://www.mlbstatic.com/team-logos/120.svg", "team": "wsh", "start": "", "in": "4", "result": "Home Run", "evo": "102.6", "la": "32", "dist": "418"}, {"player": "matt adams", "game": "wsh @ ari", "gameIdx": 0, "hr/park": "5/30", "pa": "29", "dt": "", "img": "https://www.mlbstatic.com/team-logos/120.svg", "team": "wsh", "start": "", "in": "4", "result": "Flyout", "evo": "102.4", "la": "33", "dist": "386"}, {"player": "juan soto", "game": "wsh @ ari", "gameIdx": 0, "hr/park": "", "pa": "28", "dt": "", "img": "https://www.mlbstatic.com/team-logos/120.svg", "team": "wsh", "start": "", "in": "4", "result": "Strikeout", "evo": "", "la": "", "dist": ""}, {"player": "wilmer flores", "game": "wsh @ ari", "gameIdx": 0, "hr/park": "0/30", "pa": "27", "dt": "", "img": "https://www.mlbstatic.com/team-logos/109.svg", "team": "ari", "start": "", "in": "3", "result": "Flyout", "evo": "97.6", "la": "46", "dist": "308"}, {"player": "adam jones", "game": "wsh @ ari", "gameIdx": 0, "hr/park": "", "pa": "26", "dt": "", "img": "https://www.mlbstatic.com/team-logos/109.svg", "team": "ari", "start": "", "in": "3", "result": "Strikeout", "evo": "", "la": "", "dist": ""}, {"player": "christian walker", "game": "wsh @ ari", "gameIdx": 0, "hr/park": "", "pa": "25", "dt": "", "img": "https://www.mlbstatic.com/team-logos/109.svg", "team": "ari", "start": "", "in": "3", "result": "Single", "evo": "107.7", "la": "12", "dist": "216"}, {"player": "eduardo escobar", "game": "wsh @ ari", "gameIdx": 0, "hr/park": "0/30", "pa": "24", "dt": "", "img": "https://www.mlbstatic.com/team-logos/109.svg", "team": "ari", "start": "", "in": "3", "result": "Flyout", "evo": "100.3", "la": "34", "dist": "369"}, {"player": "ketel marte", "game": "wsh @ ari", "gameIdx": 0, "hr/park": "0/30", "pa": "23", "dt": "", "img": "https://www.mlbstatic.com/team-logos/109.svg", "team": "ari", "start": "", "in": "3", "result": "Home Run", "evo": "106.5", "la": "12", "dist": "340"}, {"player": "anthony rendon", "game": "wsh @ ari", "gameIdx": 0, "hr/park": "", "pa": "22", "dt": "", "img": "https://www.mlbstatic.com/team-logos/120.svg", "team": "wsh", "start": "", "in": "3", "result": "Pop Out", "evo": "", "la": "", "dist": ""}, {"player": "adam eaton", "game": "wsh @ ari", "gameIdx": 0, "hr/park": "", "pa": "21", "dt": "", "img": "https://www.mlbstatic.com/team-logos/120.svg", "team": "wsh", "start": "", "in": "3", "result": "Double Play", "evo": "85.6", "la": "8", "dist": "119"}, {"player": "trea turner", "game": "wsh @ ari", "gameIdx": 0, "hr/park": "", "pa": "20", "dt": "", "img": "https://www.mlbstatic.com/team-logos/120.svg", "team": "wsh", "start": "", "in": "3", "result": "Single", "evo": "78.7", "la": "20", "dist": "237"}, {"player": "tim locastro", "game": "wsh @ ari", "gameIdx": 0, "hr/park": "", "pa": "19", "dt": "", "img": "https://www.mlbstatic.com/team-logos/109.svg", "team": "ari", "start": "", "in": "2", "result": "Strikeout", "evo": "", "la": "", "dist": ""}, {"player": "taylor clarke", "game": "wsh @ ari", "gameIdx": 0, "hr/park": "", "pa": "18", "dt": "", "img": "https://www.mlbstatic.com/team-logos/109.svg", "team": "ari", "start": "", "in": "2", "result": "Strikeout", "evo": "", "la": "", "dist": ""}, {"player": "carson kelly", "game": "wsh @ ari", "gameIdx": 0, "hr/park": "", "pa": "17", "dt": "", "img": "https://www.mlbstatic.com/team-logos/109.svg", "team": "ari", "start": "", "in": "2", "result": "Groundout", "evo": "98.9", "la": "-5", "dist": "22"}, {"player": "nick ahmed", "game": "wsh @ ari", "gameIdx": 0, "hr/park": "6/30", "pa": "16", "dt": "", "img": "https://www.mlbstatic.com/team-logos/109.svg", "team": "ari", "start": "", "in": "2", "result": "Double", "evo": "98.7", "la": "27", "dist": "399"}, {"player": "wilmer flores", "game": "wsh @ ari", "gameIdx": 0, "hr/park": "", "pa": "15", "dt": "", "img": "https://www.mlbstatic.com/team-logos/109.svg", "team": "ari", "start": "", "in": "2", "result": "Walk", "evo": "", "la": "", "dist": ""}, {"player": "adam jones", "game": "wsh @ ari", "gameIdx": 0, "hr/park": "", "pa": "14", "dt": "", "img": "https://www.mlbstatic.com/team-logos/109.svg", "team": "ari", "start": "", "in": "2", "result": "Double", "evo": "90.8", "la": "5", "dist": "88"}, {"player": "christian walker", "game": "wsh @ ari", "gameIdx": 0, "hr/park": "", "pa": "13", "dt": "", "img": "https://www.mlbstatic.com/team-logos/109.svg", "team": "ari", "start": "", "in": "2", "result": "Walk", "evo": "", "la": "", "dist": ""}, {"player": "patrick corbin", "game": "wsh @ ari", "gameIdx": 0, "hr/park": "", "pa": "12", "dt": "", "img": "https://www.mlbstatic.com/team-logos/120.svg", "team": "wsh", "start": "", "in": "2", "result": "Groundout", "evo": "76.9", "la": "4", "dist": "78"}, {"player": "yan gomes", "game": "wsh @ ari", "gameIdx": 0, "hr/park": "", "pa": "11", "dt": "", "img": "https://www.mlbstatic.com/team-logos/120.svg", "team": "wsh", "start": "", "in": "2", "result": "Flyout", "evo": "97.7", "la": "52", "dist": "287"}, {"player": "gerardo parra", "game": "wsh @ ari", "gameIdx": 0, "hr/park": "30/30", "pa": "10", "dt": "", "img": "https://www.mlbstatic.com/team-logos/120.svg", "team": "wsh", "start": "", "in": "2", "result": "Home Run", "evo": "103.3", "la": "37", "dist": "387"}, {"player": "brian dozier", "game": "wsh @ ari", "gameIdx": 0, "hr/park": "0/30", "pa": "9", "dt": "", "img": "https://www.mlbstatic.com/team-logos/120.svg", "team": "wsh", "start": "", "in": "2", "result": "Lineout", "evo": "94.8", "la": "23", "dist": "349"}, {"player": "matt adams", "game": "wsh @ ari", "gameIdx": 0, "hr/park": "", "pa": "8", "dt": "", "img": "https://www.mlbstatic.com/team-logos/120.svg", "team": "wsh", "start": "", "in": "2", "result": "Walk", "evo": "", "la": "", "dist": ""}, {"player": "eduardo escobar", "game": "wsh @ ari", "gameIdx": 0, "hr/park": "", "pa": "7", "dt": "", "img": "https://www.mlbstatic.com/team-logos/109.svg", "team": "ari", "start": "", "in": "1", "result": "Groundout", "evo": "75.1", "la": "-26", "dist": "5"}, {"player": "ketel marte", "game": "wsh @ ari", "gameIdx": 0, "hr/park": "", "pa": "6", "dt": "", "img": "https://www.mlbstatic.com/team-logos/109.svg", "team": "ari", "start": "", "in": "1", "result": "Pop Out", "evo": "71.3", "la": "78", "dist": "84"}, {"player": "tim locastro", "game": "wsh @ ari", "gameIdx": 0, "hr/park": "0/30", "pa": "5", "dt": "", "img": "https://www.mlbstatic.com/team-logos/109.svg", "team": "ari", "start": "", "in": "1", "result": "Flyout", "evo": "92.4", "la": "24", "dist": "361"}, {"player": "juan soto", "game": "wsh @ ari", "gameIdx": 0, "hr/park": "0/30", "pa": "4", "dt": "", "img": "https://www.mlbstatic.com/team-logos/120.svg", "team": "wsh", "start": "", "in": "1", "result": "Flyout", "evo": "94.0", "la": "47", "dist": "306"}, {"player": "anthony rendon", "game": "wsh @ ari", "gameIdx": 0, "hr/park": "", "pa": "3", "dt": "", "img": "https://www.mlbstatic.com/team-logos/120.svg", "team": "wsh", "start": "", "in": "1", "result": "Hit By Pitch", "evo": "", "la": "", "dist": ""}, {"player": "adam eaton", "game": "wsh @ ari", "gameIdx": 0, "hr/park": "", "pa": "2", "dt": "", "img": "https://www.mlbstatic.com/team-logos/120.svg", "team": "wsh", "start": "", "in": "1", "result": "Strikeout", "evo": "", "la": "", "dist": ""}, {"player": "trea turner", "game": "wsh @ ari", "gameIdx": 0, "hr/park": "", "pa": "1", "dt": "", "img": "https://www.mlbstatic.com/team-logos/120.svg", "team": "wsh", "start": "", "in": "1", "result": "Groundout", "evo": "86.3", "la": "-26", "dist": "6"}], "sd @ lad": [], "bos @ nyy": []}