{"all": {"pitchers": "6", "batters": "18", "pitches": "267", "max velomax pitch velocity": "96.0", "min velomin pitch velocity": "76.4", "ff%fourseam fastball %": "29.6", "si%sinker %": "27.3", "fc%cutter %": "2.2", "fs%splitter %": "0.0", "ch%changeup %": "7.1", "sl%slider %": "27.7", "cu%curve %": "6.0", "max evmax exit velocity": "110.9", "hhhard hit": "24", "hh%hard hit %": "38.7", "brlbarrels": "5", "brl%barrel %": "8.1", "ab": "73", "avg": ".370", "h": "27", "1b": "18", "2b": "6", "3b": "0", "hr": "3", "so": "11", "bipballs in play": "62", "liveGames": 0, "totGames": 6}, "kc @ tor": [{"player": "martin maldonado", "game": "kc @ tor", "gameIdx": 0, "hr/park": "", "pa": "78", "dt": "", "img": "https://www.mlbstatic.com/team-logos/118.svg", "team": "kc", "start": "", "in": "9", "result": "Groundout", "evo": "66.5", "la": "-26", "dist": "7"}, {"player": "humberto arteaga", "game": "kc @ tor", "gameIdx": 0, "hr/park": "", "pa": "77", "dt": "", "img": "https://www.mlbstatic.com/team-logos/118.svg", "team": "kc", "start": "", "in": "9", "result": "Strikeout", "evo": "", "la": "", "dist": ""}, {"player": "cheslor cuthbert", "game": "kc @ tor", "gameIdx": 0, "hr/park": "", "pa": "76", "dt": "", "img": "https://www.mlbstatic.com/team-logos/118.svg", "team": "kc", "start": "", "in": "9", "result": "Pop Out", "evo": "", "la": "", "dist": ""}, {"player": "teoscar hernandez", "game": "kc @ tor", "gameIdx": 0, "hr/park": "", "pa": "75", "dt": "", "img": "https://www.mlbstatic.com/team-logos/141.svg", "team": "tor", "start": "", "in": "8", "result": "Forceout", "evo": "82.5", "la": "6", "dist": "86"}, {"player": "rowdy tellez", "game": "kc @ tor", "gameIdx": 0, "hr/park": "", "pa": "74", "dt": "", "img": "https://www.mlbstatic.com/team-logos/141.svg", "team": "tor", "start": "", "in": "8", "result": "Single", "evo": "108.9", "la": "", "dist": "54"}, {"player": "randal grichuk", "game": "kc @ tor", "gameIdx": 0, "hr/park": "", "pa": "73", "dt": "", "img": "https://www.mlbstatic.com/team-logos/141.svg", "team": "tor", "start": "", "in": "8", "result": "Flyout", "evo": "76.6", "la": "41", "dist": "256"}, {"player": "cavan biggio", "game": "kc @ tor", "gameIdx": 0, "hr/park": "", "pa": "72", "dt": "", "img": "https://www.mlbstatic.com/team-logos/141.svg", "team": "tor", "start": "", "in": "8", "result": "Forceout", "evo": "86.6", "la": "-4", "dist": "25"}, {"player": "lourdes gurriel", "game": "kc @ tor", "gameIdx": 0, "hr/park": "", "pa": "71", "dt": "", "img": "https://www.mlbstatic.com/team-logos/141.svg", "team": "tor", "start": "", "in": "8", "result": "Single", "evo": "107.4", "la": "14", "dist": "239"}, {"player": "jorge soler", "game": "kc @ tor", "gameIdx": 0, "hr/park": "", "pa": "70", "dt": "", "img": "https://www.mlbstatic.com/team-logos/118.svg", "team": "kc", "start": "", "in": "8", "result": "Flyout", "evo": "85.9", "la": "53", "dist": "233"}, {"player": "hunter dozier", "game": "kc @ tor", "gameIdx": 0, "hr/park": "", "pa": "69", "dt": "", "img": "https://www.mlbstatic.com/team-logos/118.svg", "team": "kc", "start": "", "in": "8", "result": "Strikeout", "evo": "", "la": "", "dist": ""}, {"player": "alex gordon", "game": "kc @ tor", "gameIdx": 0, "hr/park": "", "pa": "68", "dt": "", "img": "https://www.mlbstatic.com/team-logos/118.svg", "team": "kc", "start": "", "in": "8", "result": "Strikeout", "evo": "", "la": "", "dist": ""}, {"player": "vladimir guerrero", "game": "kc @ tor", "gameIdx": 0, "hr/park": "", "pa": "67", "dt": "", "img": "https://www.mlbstatic.com/team-logos/141.svg", "team": "tor", "start": "", "in": "7", "result": "Pop Out", "evo": "", "la": "", "dist": ""}, {"player": "eric sogard", "game": "kc @ tor", "gameIdx": 0, "hr/park": "", "pa": "66", "dt": "", "img": "https://www.mlbstatic.com/team-logos/141.svg", "team": "tor", "start": "", "in": "7", "result": "Walk", "evo": "", "la": "", "dist": ""}, {"player": "danny jansen", "game": "kc @ tor", "gameIdx": 0, "hr/park": "0/30", "pa": "65", "dt": "", "img": "https://www.mlbstatic.com/team-logos/141.svg", "team": "tor", "start": "", "in": "7", "result": "Flyout", "evo": "94.8", "la": "29", "dist": "353"}, {"player": "freddy galvis", "game": "kc @ tor", "gameIdx": 0, "hr/park": "0/30", "pa": "64", "dt": "", "img": "https://www.mlbstatic.com/team-logos/141.svg", "team": "tor", "start": "", "in": "7", "result": "Flyout", "evo": "95.9", "la": "37", "dist": "345"}, {"player": "nicky lopez", "game": "kc @ tor", "gameIdx": 0, "hr/park": "", "pa": "63", "dt": "", "img": "https://www.mlbstatic.com/team-logos/118.svg", "team": "kc", "start": "", "in": "7", "result": "Pop Out", "evo": "59.3", "la": "41", "dist": "176"}, {"player": "whit merrifield", "game": "kc @ tor", "gameIdx": 0, "hr/park": "", "pa": "62", "dt": "", "img": "https://www.mlbstatic.com/team-logos/118.svg", "team": "kc", "start": "", "in": "7", "result": "Single", "evo": "76.5", "la": "27", "dist": "261"}, {"player": "billy hamilton", "game": "kc @ tor", "gameIdx": 0, "hr/park": "", "pa": "61", "dt": "", "img": "https://www.mlbstatic.com/team-logos/118.svg", "team": "kc", "start": "", "in": "7", "result": "Strikeout", "evo": "", "la": "", "dist": ""}, {"player": "martin maldonado", "game": "kc @ tor", "gameIdx": 0, "hr/park": "0/30", "pa": "60", "dt": "", "img": "https://www.mlbstatic.com/team-logos/118.svg", "team": "kc", "start": "", "in": "7", "result": "Double", "evo": "94.6", "la": "19", "dist": "330"}, {"player": "humberto arteaga", "game": "kc @ tor", "gameIdx": 0, "hr/park": "", "pa": "59", "dt": "", "img": "https://www.mlbstatic.com/team-logos/118.svg", "team": "kc", "start": "", "in": "7", "result": "Pop Out", "evo": "", "la": "", "dist": ""}, {"player": "teoscar hernandez", "game": "kc @ tor", "gameIdx": 0, "hr/park": "", "pa": "58", "dt": "", "img": "https://www.mlbstatic.com/team-logos/141.svg", "team": "tor", "start": "", "in": "6", "result": "Strikeout", "evo": "", "la": "", "dist": ""}, {"player": "rowdy tellez", "game": "kc @ tor", "gameIdx": 0, "hr/park": "", "pa": "57", "dt": "", "img": "https://www.mlbstatic.com/team-logos/141.svg", "team": "tor", "start": "", "in": "6", "result": "GIDP", "evo": "87.2", "la": "6", "dist": "96"}, {"player": "randal grichuk", "game": "kc @ tor", "gameIdx": 0, "hr/park": "", "pa": "56", "dt": "", "img": "https://www.mlbstatic.com/team-logos/141.svg", "team": "tor", "start": "", "in": "6", "result": "Single", "evo": "110.9", "la": "", "dist": "41"}, {"player": "cavan biggio", "game": "kc @ tor", "gameIdx": 0, "hr/park": "", "pa": "55", "dt": "", "img": "https://www.mlbstatic.com/team-logos/141.svg", "team": "tor", "start": "", "in": "6", "result": "Single", "evo": "84.4", "la": "14", "dist": "173"}, {"player": "lourdes gurriel", "game": "kc @ tor", "gameIdx": 0, "hr/park": "", "pa": "54", "dt": "", "img": "https://www.mlbstatic.com/team-logos/141.svg", "team": "tor", "start": "", "in": "6", "result": "Single", "evo": "", "la": "", "dist": ""}, {"player": "cheslor cuthbert", "game": "kc @ tor", "gameIdx": 0, "hr/park": "", "pa": "53", "dt": "", "img": "https://www.mlbstatic.com/team-logos/118.svg", "team": "kc", "start": "", "in": "6", "result": "Strikeout", "evo": "", "la": "", "dist": ""}, {"player": "jorge soler", "game": "kc @ tor", "gameIdx": 0, "hr/park": "", "pa": "52", "dt": "", "img": "https://www.mlbstatic.com/team-logos/118.svg", "team": "kc", "start": "", "in": "6", "result": "GIDP", "evo": "94.0", "la": "-20", "dist": "7"}, {"player": "hunter dozier", "game": "kc @ tor", "gameIdx": 0, "hr/park": "", "pa": "51", "dt": "", "img": "https://www.mlbstatic.com/team-logos/118.svg", "team": "kc", "start": "", "in": "6", "result": "Single", "evo": "108.1", "la": "8", "dist": "219"}, {"player": "vladimir guerrero", "game": "kc @ tor", "gameIdx": 0, "hr/park": "0/30", "pa": "50", "dt": "", "img": "https://www.mlbstatic.com/team-logos/141.svg", "team": "tor", "start": "", "in": "5", "result": "Lineout", "evo": "92.8", "la": "25", "dist": "327"}, {"player": "eric sogard", "game": "kc @ tor", "gameIdx": 0, "hr/park": "", "pa": "49", "dt": "", "img": "https://www.mlbstatic.com/team-logos/141.svg", "team": "tor", "start": "", "in": "5", "result": "Strikeout", "evo": "", "la": "", "dist": ""}, {"player": "danny jansen", "game": "kc @ tor", "gameIdx": 0, "hr/park": "", "pa": "48", "dt": "", "img": "https://www.mlbstatic.com/team-logos/141.svg", "team": "tor", "start": "", "in": "5", "result": "Groundout", "evo": "94.4", "la": "-22", "dist": "7"}, {"player": "freddy galvis", "game": "kc @ tor", "gameIdx": 0, "hr/park": "", "pa": "47", "dt": "", "img": "https://www.mlbstatic.com/team-logos/141.svg", "team": "tor", "start": "", "in": "5", "result": "Double", "evo": "94.4", "la": "-10", "dist": "15"}, {"player": "teoscar hernandez", "game": "kc @ tor", "gameIdx": 0, "hr/park": "", "pa": "46", "dt": "", "img": "https://www.mlbstatic.com/team-logos/141.svg", "team": "tor", "start": "", "in": "5", "result": "Single", "evo": "107.9", "la": "7", "dist": "155"}, {"player": "alex gordon", "game": "kc @ tor", "gameIdx": 0, "hr/park": "", "pa": "45", "dt": "", "img": "https://www.mlbstatic.com/team-logos/118.svg", "team": "kc", "start": "", "in": "5", "result": "Groundout", "evo": "100.4", "la": "-23", "dist": "4"}, {"player": "nicky lopez", "game": "kc @ tor", "gameIdx": 0, "hr/park": "", "pa": "44", "dt": "", "img": "https://www.mlbstatic.com/team-logos/118.svg", "team": "kc", "start": "", "in": "5", "result": "Groundout", "evo": "52.1", "la": "-47", "dist": "3"}, {"player": "whit merrifield", "game": "kc @ tor", "gameIdx": 0, "hr/park": "0/30", "pa": "43", "dt": "", "img": "https://www.mlbstatic.com/team-logos/118.svg", "team": "kc", "start": "", "in": "5", "result": "Double", "evo": "102.9", "la": "22", "dist": "342"}, {"player": "billy hamilton", "game": "kc @ tor", "gameIdx": 0, "hr/park": "", "pa": "42", "dt": "", "img": "https://www.mlbstatic.com/team-logos/118.svg", "team": "kc", "start": "", "in": "5", "result": "Flyout", "evo": "80.5", "la": "45", "dist": "243"}, {"player": "rowdy tellez", "game": "kc @ tor", "gameIdx": 0, "hr/park": "", "pa": "41", "dt": "", "img": "https://www.mlbstatic.com/team-logos/141.svg", "team": "tor", "start": "", "in": "4", "result": "GIDP", "evo": "107.4", "la": "-2", "dist": "39"}, {"player": "randal grichuk", "game": "kc @ tor", "gameIdx": 0, "hr/park": "", "pa": "40", "dt": "", "img": "https://www.mlbstatic.com/team-logos/141.svg", "team": "tor", "start": "", "in": "4", "result": "Single", "evo": "101.0", "la": "-8", "dist": "13"}, {"player": "cavan biggio", "game": "kc @ tor", "gameIdx": 0, "hr/park": "", "pa": "39", "dt": "", "img": "https://www.mlbstatic.com/team-logos/141.svg", "team": "tor", "start": "", "in": "4", "result": "Single", "evo": "97.1", "la": "4", "dist": "86"}, {"player": "lourdes gurriel", "game": "kc @ tor", "gameIdx": 0, "hr/park": "", "pa": "38", "dt": "", "img": "https://www.mlbstatic.com/team-logos/141.svg", "team": "tor", "start": "", "in": "4", "result": "Walk", "evo": "", "la": "", "dist": ""}, {"player": "vladimir guerrero", "game": "kc @ tor", "gameIdx": 0, "hr/park": "", "pa": "37", "dt": "", "img": "https://www.mlbstatic.com/team-logos/141.svg", "team": "tor", "start": "", "in": "4", "result": "Walk", "evo": "", "la": "", "dist": ""}, {"player": "eric sogard", "game": "kc @ tor", "gameIdx": 0, "hr/park": "", "pa": "36", "dt": "", "img": "https://www.mlbstatic.com/team-logos/141.svg", "team": "tor", "start": "", "in": "4", "result": "Pop Out", "evo": "72.1", "la": "57", "dist": "187"}, {"player": "martin maldonado", "game": "kc @ tor", "gameIdx": 0, "hr/park": "", "pa": "35", "dt": "", "img": "https://www.mlbstatic.com/team-logos/118.svg", "team": "kc", "start": "", "in": "4", "result": "Strikeout", "evo": "", "la": "", "dist": ""}, {"player": "humberto arteaga", "game": "kc @ tor", "gameIdx": 0, "hr/park": "", "pa": "34", "dt": "", "img": "https://www.mlbstatic.com/team-logos/118.svg", "team": "kc", "start": "", "in": "4", "result": "Single", "evo": "83.2", "la": "14", "dist": "206"}, {"player": "cheslor cuthbert", "game": "kc @ tor", "gameIdx": 0, "hr/park": "", "pa": "33", "dt": "", "img": "https://www.mlbstatic.com/team-logos/118.svg", "team": "kc", "start": "", "in": "4", "result": "Single", "evo": "106.4", "la": "4", "dist": "119"}, {"player": "jorge soler", "game": "kc @ tor", "gameIdx": 0, "hr/park": "", "pa": "32", "dt": "", "img": "https://www.mlbstatic.com/team-logos/118.svg", "team": "kc", "start": "", "in": "4", "result": "Single", "evo": "98.2", "la": "13", "dist": "255"}, {"player": "hunter dozier", "game": "kc @ tor", "gameIdx": 0, "hr/park": "", "pa": "31", "dt": "", "img": "https://www.mlbstatic.com/team-logos/118.svg", "team": "kc", "start": "", "in": "4", "result": "Walk", "evo": "", "la": "", "dist": ""}, {"player": "alex gordon", "game": "kc @ tor", "gameIdx": 0, "hr/park": "", "pa": "30", "dt": "", "img": "https://www.mlbstatic.com/team-logos/118.svg", "team": "kc", "start": "", "in": "4", "result": "Forceout", "evo": "64.1", "la": "-39", "dist": "3"}, {"player": "nicky lopez", "game": "kc @ tor", "gameIdx": 0, "hr/park": "", "pa": "29", "dt": "", "img": "https://www.mlbstatic.com/team-logos/118.svg", "team": "kc", "start": "", "in": "4", "result": "Single", "evo": "99.4", "la": "-2", "dist": "33"}, {"player": "whit merrifield", "game": "kc @ tor", "gameIdx": 0, "hr/park": "", "pa": "28", "dt": "", "img": "https://www.mlbstatic.com/team-logos/118.svg", "team": "kc", "start": "", "in": "4", "result": "Strikeout", "evo": "", "la": "", "dist": ""}, {"player": "danny jansen", "game": "kc @ tor", "gameIdx": 0, "hr/park": "0/30", "pa": "27", "dt": "", "img": "https://www.mlbstatic.com/team-logos/141.svg", "team": "tor", "start": "", "in": "3", "result": "Lineout", "evo": "86.4", "la": "25", "dist": "323"}, {"player": "freddy galvis", "game": "kc @ tor", "gameIdx": 0, "hr/park": "25/30", "pa": "26", "dt": "", "img": "https://www.mlbstatic.com/team-logos/141.svg", "team": "tor", "start": "", "in": "3", "result": "Home Run", "evo": "100.6", "la": "32", "dist": "416"}, {"player": "teoscar hernandez", "game": "kc @ tor", "gameIdx": 0, "hr/park": "", "pa": "25", "dt": "", "img": "https://www.mlbstatic.com/team-logos/141.svg", "team": "tor", "start": "", "in": "3", "result": "Flyout", "evo": "", "la": "", "dist": ""}, {"player": "rowdy tellez", "game": "kc @ tor", "gameIdx": 0, "hr/park": "0/30", "pa": "24", "dt": "", "img": "https://www.mlbstatic.com/team-logos/141.svg", "team": "tor", "start": "", "in": "3", "result": "Flyout", "evo": "91.4", "la": "35", "dist": "331"}, {"player": "billy hamilton", "game": "kc @ tor", "gameIdx": 0, "hr/park": "", "pa": "23", "dt": "", "img": "https://www.mlbstatic.com/team-logos/118.svg", "team": "kc", "start": "", "in": "3", "result": "Groundout", "evo": "94.7", "la": "-10", "dist": "17"}, {"player": "martin maldonado", "game": "kc @ tor", "gameIdx": 0, "hr/park": "0/30", "pa": "22", "dt": "", "img": "https://www.mlbstatic.com/team-logos/118.svg", "team": "kc", "start": "", "in": "3", "result": "Lineout", "evo": "107.7", "la": "18", "dist": "326"}, {"player": "humberto arteaga", "game": "kc @ tor", "gameIdx": 0, "hr/park": "", "pa": "21", "dt": "", "img": "https://www.mlbstatic.com/team-logos/118.svg", "team": "kc", "start": "", "in": "3", "result": "Groundout", "evo": "87.4", "la": "2", "dist": "55"}, {"player": "randal grichuk", "game": "kc @ tor", "gameIdx": 0, "hr/park": "", "pa": "20", "dt": "", "img": "https://www.mlbstatic.com/team-logos/141.svg", "team": "tor", "start": "", "in": "2", "result": "Single", "evo": "99.2", "la": "13", "dist": "276"}, {"player": "cavan biggio", "game": "kc @ tor", "gameIdx": 0, "hr/park": "", "pa": "19", "dt": "", "img": "https://www.mlbstatic.com/team-logos/141.svg", "team": "tor", "start": "", "in": "2", "result": "Double", "evo": "84.9", "la": "15", "dist": "189"}, {"player": "lourdes gurriel", "game": "kc @ tor", "gameIdx": 0, "hr/park": "", "pa": "18", "dt": "", "img": "https://www.mlbstatic.com/team-logos/141.svg", "team": "tor", "start": "", "in": "2", "result": "Double", "evo": "77.1", "la": "4", "dist": "68"}, {"player": "vladimir guerrero", "game": "kc @ tor", "gameIdx": 0, "hr/park": "", "pa": "17", "dt": "", "img": "https://www.mlbstatic.com/team-logos/141.svg", "team": "tor", "start": "", "in": "2", "result": "Walk", "evo": "", "la": "", "dist": ""}, {"player": "eric sogard", "game": "kc @ tor", "gameIdx": 0, "hr/park": "", "pa": "16", "dt": "", "img": "https://www.mlbstatic.com/team-logos/141.svg", "team": "tor", "start": "", "in": "2", "result": "Lineout", "evo": "85.8", "la": "24", "dist": "285"}, {"player": "danny jansen", "game": "kc @ tor", "gameIdx": 0, "hr/park": "", "pa": "15", "dt": "", "img": "https://www.mlbstatic.com/team-logos/141.svg", "team": "tor", "start": "", "in": "2", "result": "Lineout", "evo": "52.0", "la": "34", "dist": "157"}, {"player": "freddy galvis", "game": "kc @ tor", "gameIdx": 0, "hr/park": "21/30", "pa": "14", "dt": "", "img": "https://www.mlbstatic.com/team-logos/141.svg", "team": "tor", "start": "", "in": "2", "result": "Home Run", "evo": "104.3", "la": "34", "dist": "409"}, {"player": "teoscar hernandez", "game": "kc @ tor", "gameIdx": 0, "hr/park": "30/30", "pa": "13", "dt": "", "img": "https://www.mlbstatic.com/team-logos/141.svg", "team": "tor", "start": "", "in": "2", "result": "Home Run", "evo": "110.0", "la": "21", "dist": "417"}, {"player": "cheslor cuthbert", "game": "kc @ tor", "gameIdx": 0, "hr/park": "", "pa": "12", "dt": "", "img": "https://www.mlbstatic.com/team-logos/118.svg", "team": "kc", "start": "", "in": "2", "result": "Flyout", "evo": "91.6", "la": "48", "dist": "279"}, {"player": "jorge soler", "game": "kc @ tor", "gameIdx": 0, "hr/park": "", "pa": "11", "dt": "", "img": "https://www.mlbstatic.com/team-logos/118.svg", "team": "kc", "start": "", "in": "2", "result": "GIDP", "evo": "109.7", "la": "-14", "dist": "7"}, {"player": "hunter dozier", "game": "kc @ tor", "gameIdx": 0, "hr/park": "", "pa": "10", "dt": "", "img": "https://www.mlbstatic.com/team-logos/118.svg", "team": "kc", "start": "", "in": "2", "result": "Single", "evo": "96.7", "la": "11", "dist": "206"}, {"player": "rowdy tellez", "game": "kc @ tor", "gameIdx": 0, "hr/park": "", "pa": "9", "dt": "", "img": "https://www.mlbstatic.com/team-logos/141.svg", "team": "tor", "start": "", "in": "1", "result": "Strikeout", "evo": "", "la": "", "dist": ""}, {"player": "randal grichuk", "game": "kc @ tor", "gameIdx": 0, "hr/park": "", "pa": "8", "dt": "", "img": "https://www.mlbstatic.com/team-logos/141.svg", "team": "tor", "start": "", "in": "1", "result": "Single", "evo": "98.0", "la": "3", "dist": "82"}, {"player": "cavan biggio", "game": "kc @ tor", "gameIdx": 0, "hr/park": "", "pa": "7", "dt": "", "img": "https://www.mlbstatic.com/team-logos/141.svg", "team": "tor", "start": "", "in": "1", "result": "Groundout", "evo": "93.3", "la": "1", "dist": "50"}, {"player": "lourdes gurriel", "game": "kc @ tor", "gameIdx": 0, "hr/park": "", "pa": "6", "dt": "", "img": "https://www.mlbstatic.com/team-logos/141.svg", "team": "tor", "start": "", "in": "1", "result": "Pop Out", "evo": "", "la": "", "dist": ""}, {"player": "vladimir guerrero", "game": "kc @ tor", "gameIdx": 0, "hr/park": "", "pa": "5", "dt": "", "img": "https://www.mlbstatic.com/team-logos/141.svg", "team": "tor", "start": "", "in": "1", "result": "Double", "evo": "110.2", "la": "9", "dist": "223"}, {"player": "eric sogard", "game": "kc @ tor", "gameIdx": 0, "hr/park": "", "pa": "4", "dt": "", "img": "https://www.mlbstatic.com/team-logos/141.svg", "team": "tor", "start": "", "in": "1", "result": "Single", "evo": "97.7", "la": "12", "dist": "226"}, {"player": "alex gordon", "game": "kc @ tor", "gameIdx": 0, "hr/park": "", "pa": "3", "dt": "", "img": "https://www.mlbstatic.com/team-logos/118.svg", "team": "kc", "start": "", "in": "1", "result": "Strikeout", "evo": "", "la": "", "dist": ""}, {"player": "nicky lopez", "game": "kc @ tor", "gameIdx": 0, "hr/park": "", "pa": "2", "dt": "", "img": "https://www.mlbstatic.com/team-logos/118.svg", "team": "kc", "start": "", "in": "1", "result": "Groundout", "evo": "75.8", "la": "8", "dist": "123"}, {"player": "whit merrifield", "game": "kc @ tor", "gameIdx": 0, "hr/park": "", "pa": "1", "dt": "", "img": "https://www.mlbstatic.com/team-logos/118.svg", "team": "kc", "start": "", "in": "1", "result": "Flyout", "evo": "80.8", "la": "32", "dist": "290"}], "chc @ pit": [], "bal @ tb": [], "mil @ cin": [], "sf @ sd": [], "laa @ tex": []}