{"all": {"pitchers": "31", "batters": "80", "pitches": "1018", "max velomax pitch velocity": "100.2", "min velomin pitch velocity": "70.3", "ff%fourseam fastball %": "34.4", "si%sinker %": "13.1", "fc%cutter %": "4.7", "fs%splitter %": "1.3", "ch%changeup %": "8.7", "sl%slider %": "22.7", "cu%curve %": "15.1", "max evmax exit velocity": "109.2", "hhhard hit": "56", "hh%hard hit %": "27.3", "brlbarrels": "6", "brl%barrel %": "2.9", "ab": "259", "avg": ".232", "h": "60", "1b": "49", "2b": "9", "3b": "0", "hr": "2", "so": "67", "bipballs in play": "205", "liveGames": 0, "totGames": 16}, "cle @ chw": [], "hou @ sea": [{"player": "adam frazier", "game": "hou @ sea", "gameIdx": 0, "hr/park": "", "pa": "69", "dt": "", "img": "https://www.mlbstatic.com/team-logos/136.svg", "team": "sea", "start": "", "in": "9", "result": "Strikeout", "evo": "", "la": "", "dist": ""}, {"player": "eugenio suarez", "game": "hou @ sea", "gameIdx": 0, "hr/park": "", "pa": "68", "dt": "", "img": "https://www.mlbstatic.com/team-logos/136.svg", "team": "sea", "start": "", "in": "9", "result": "Pop Out", "evo": "84.5", "la": "62", "dist": "162"}, {"player": "carlos santana", "game": "hou @ sea", "gameIdx": 0, "hr/park": "", "pa": "67", "dt": "", "img": "https://www.mlbstatic.com/team-logos/136.svg", "team": "sea", "start": "", "in": "9", "result": "Flyout", "evo": "65.1", "la": "43", "dist": "188"}, {"player": "martin maldonado", "game": "hou @ sea", "gameIdx": 0, "hr/park": "", "pa": "66", "dt": "", "img": "https://www.mlbstatic.com/team-logos/117.svg", "team": "hou", "start": "", "in": "9", "result": "Groundout", "evo": "99.1", "la": "-6", "dist": "15"}, {"player": "jake meyers", "game": "hou @ sea", "gameIdx": 0, "hr/park": "", "pa": "65", "dt": "", "img": "https://www.mlbstatic.com/team-logos/117.svg", "team": "hou", "start": "", "in": "9", "result": "Hit By Pitch", "evo": "", "la": "", "dist": ""}, {"player": "chas mccormick", "game": "hou @ sea", "gameIdx": 0, "hr/park": "0/30", "pa": "64", "dt": "", "img": "https://www.mlbstatic.com/team-logos/117.svg", "team": "hou", "start": "", "in": "9", "result": "Flyout", "evo": "97.5", "la": "29", "dist": "321"}, {"player": "yuli gurriel", "game": "hou @ sea", "gameIdx": 0, "hr/park": "", "pa": "63", "dt": "", "img": "https://www.mlbstatic.com/team-logos/117.svg", "team": "hou", "start": "", "in": "9", "result": "Groundout", "evo": "88.2", "la": "-42", "dist": "3"}, {"player": "jesse winker", "game": "hou @ sea", "gameIdx": 0, "hr/park": "", "pa": "62", "dt": "", "img": "https://www.mlbstatic.com/team-logos/136.svg", "team": "sea", "start": "", "in": "8", "result": "GIDP", "evo": "93.5", "la": "-2", "dist": "35"}, {"player": "ty france", "game": "hou @ sea", "gameIdx": 0, "hr/park": "", "pa": "61", "dt": "", "img": "https://www.mlbstatic.com/team-logos/136.svg", "team": "sea", "start": "", "in": "8", "result": "Hit By Pitch", "evo": "", "la": "", "dist": ""}, {"player": "jp crawford", "game": "hou @ sea", "gameIdx": 0, "hr/park": "", "pa": "60", "dt": "", "img": "https://www.mlbstatic.com/team-logos/136.svg", "team": "sea", "start": "", "in": "8", "result": "Flyout", "evo": "82.1", "la": "49", "dist": "219"}, {"player": "kyle tucker", "game": "hou @ sea", "gameIdx": 0, "hr/park": "0/30", "pa": "59", "dt": "", "img": "https://www.mlbstatic.com/team-logos/117.svg", "team": "hou", "start": "", "in": "8", "result": "Flyout", "evo": "98.9", "la": "26", "dist": "370"}, {"player": "alex bregman", "game": "hou @ sea", "gameIdx": 0, "hr/park": "", "pa": "58", "dt": "", "img": "https://www.mlbstatic.com/team-logos/117.svg", "team": "hou", "start": "", "in": "8", "result": "Flyout", "evo": "74.5", "la": "54", "dist": "199"}, {"player": "yordan alvarez", "game": "hou @ sea", "gameIdx": 0, "hr/park": "", "pa": "57", "dt": "", "img": "https://www.mlbstatic.com/team-logos/117.svg", "team": "hou", "start": "", "in": "8", "result": "Strikeout", "evo": "", "la": "", "dist": ""}, {"player": "jeremy pena", "game": "hou @ sea", "gameIdx": 0, "hr/park": "", "pa": "56", "dt": "", "img": "https://www.mlbstatic.com/team-logos/117.svg", "team": "hou", "start": "", "in": "8", "result": "Single", "evo": "91.1", "la": "-1", "dist": "39"}, {"player": "jose altuve", "game": "hou @ sea", "gameIdx": 0, "hr/park": "", "pa": "55", "dt": "", "img": "https://www.mlbstatic.com/team-logos/117.svg", "team": "hou", "start": "", "in": "8", "result": "Single", "evo": "77.6", "la": "25", "dist": "254"}, {"player": "sam haggerty", "game": "hou @ sea", "gameIdx": 0, "hr/park": "", "pa": "54", "dt": "", "img": "https://www.mlbstatic.com/team-logos/136.svg", "team": "sea", "start": "", "in": "7", "result": "Strikeout", "evo": "", "la": "", "dist": ""}, {"player": "kyle lewis", "game": "hou @ sea", "gameIdx": 0, "hr/park": "", "pa": "53", "dt": "", "img": "https://www.mlbstatic.com/team-logos/136.svg", "team": "sea", "start": "", "in": "7", "result": "Walk", "evo": "", "la": "", "dist": ""}, {"player": "cal raleigh", "game": "hou @ sea", "gameIdx": 0, "hr/park": "", "pa": "52", "dt": "", "img": "https://www.mlbstatic.com/team-logos/136.svg", "team": "sea", "start": "", "in": "7", "result": "Strikeout", "evo": "", "la": "", "dist": ""}, {"player": "adam frazier", "game": "hou @ sea", "gameIdx": 0, "hr/park": "", "pa": "51", "dt": "", "img": "https://www.mlbstatic.com/team-logos/136.svg", "team": "sea", "start": "", "in": "7", "result": "Single", "evo": "78.9", "la": "8", "dist": "97"}, {"player": "eugenio suarez", "game": "hou @ sea", "gameIdx": 0, "hr/park": "", "pa": "50", "dt": "", "img": "https://www.mlbstatic.com/team-logos/136.svg", "team": "sea", "start": "", "in": "7", "result": "Walk", "evo": "", "la": "", "dist": ""}, {"player": "carlos santana", "game": "hou @ sea", "gameIdx": 0, "hr/park": "25/30", "pa": "49", "dt": "", "img": "https://www.mlbstatic.com/team-logos/136.svg", "team": "sea", "start": "", "in": "7", "result": "Home Run", "evo": "101.6", "la": "28", "dist": "384"}, {"player": "jesse winker", "game": "hou @ sea", "gameIdx": 0, "hr/park": "", "pa": "48", "dt": "", "img": "https://www.mlbstatic.com/team-logos/136.svg", "team": "sea", "start": "", "in": "7", "result": "Flyout", "evo": "98.4", "la": "49", "dist": "290"}, {"player": "martin maldonado", "game": "hou @ sea", "gameIdx": 0, "hr/park": "", "pa": "47", "dt": "", "img": "https://www.mlbstatic.com/team-logos/117.svg", "team": "hou", "start": "", "in": "7", "result": "Strikeout", "evo": "", "la": "", "dist": ""}, {"player": "jake meyers", "game": "hou @ sea", "gameIdx": 0, "hr/park": "", "pa": "46", "dt": "", "img": "https://www.mlbstatic.com/team-logos/117.svg", "team": "hou", "start": "", "in": "7", "result": "Forceout", "evo": "84.2", "la": "-44", "dist": "4"}, {"player": "chas mccormick", "game": "hou @ sea", "gameIdx": 0, "hr/park": "", "pa": "45", "dt": "", "img": "https://www.mlbstatic.com/team-logos/117.svg", "team": "hou", "start": "", "in": "7", "result": "Walk", "evo": "", "la": "", "dist": ""}, {"player": "yuli gurriel", "game": "hou @ sea", "gameIdx": 0, "hr/park": "", "pa": "44", "dt": "", "img": "https://www.mlbstatic.com/team-logos/117.svg", "team": "hou", "start": "", "in": "7", "result": "Pop Out", "evo": "61.2", "la": "36", "dist": "183"}, {"player": "ty france", "game": "hou @ sea", "gameIdx": 0, "hr/park": "", "pa": "43", "dt": "", "img": "https://www.mlbstatic.com/team-logos/136.svg", "team": "sea", "start": "", "in": "6", "result": "Pop Out", "evo": "72.7", "la": "67", "dist": "122"}, {"player": "jp crawford", "game": "hou @ sea", "gameIdx": 0, "hr/park": "", "pa": "42", "dt": "", "img": "https://www.mlbstatic.com/team-logos/136.svg", "team": "sea", "start": "", "in": "6", "result": "Groundout", "evo": "87.8", "la": "-2", "dist": "30"}, {"player": "sam haggerty", "game": "hou @ sea", "gameIdx": 0, "hr/park": "", "pa": "41", "dt": "", "img": "https://www.mlbstatic.com/team-logos/136.svg", "team": "sea", "start": "", "in": "6", "result": "Strikeout", "evo": "", "la": "", "dist": ""}, {"player": "kyle tucker", "game": "hou @ sea", "gameIdx": 0, "hr/park": "", "pa": "40", "dt": "", "img": "https://www.mlbstatic.com/team-logos/117.svg", "team": "hou", "start": "", "in": "6", "result": "Groundout", "evo": "98.3", "la": "-3", "dist": "31"}, {"player": "alex bregman", "game": "hou @ sea", "gameIdx": 0, "hr/park": "", "pa": "39", "dt": "", "img": "https://www.mlbstatic.com/team-logos/117.svg", "team": "hou", "start": "", "in": "6", "result": "Strikeout", "evo": "", "la": "", "dist": ""}, {"player": "yordan alvarez", "game": "hou @ sea", "gameIdx": 0, "hr/park": "0/30", "pa": "38", "dt": "", "img": "https://www.mlbstatic.com/team-logos/117.svg", "team": "hou", "start": "", "in": "6", "result": "Flyout", "evo": "97.3", "la": "43", "dist": "307"}, {"player": "dylan moore", "game": "hou @ sea", "gameIdx": 0, "hr/park": "", "pa": "37", "dt": "", "img": "https://www.mlbstatic.com/team-logos/136.svg", "team": "sea", "start": "", "in": "5", "result": "Strikeout", "evo": "", "la": "", "dist": ""}, {"player": "cal raleigh", "game": "hou @ sea", "gameIdx": 0, "hr/park": "", "pa": "36", "dt": "", "img": "https://www.mlbstatic.com/team-logos/136.svg", "team": "sea", "start": "", "in": "5", "result": "Strikeout", "evo": "", "la": "", "dist": ""}, {"player": "adam frazier", "game": "hou @ sea", "gameIdx": 0, "hr/park": "1/30", "pa": "35", "dt": "", "img": "https://www.mlbstatic.com/team-logos/136.svg", "team": "sea", "start": "", "in": "5", "result": "Flyout", "evo": "92.7", "la": "32", "dist": "361"}, {"player": "jeremy pena", "game": "hou @ sea", "gameIdx": 0, "hr/park": "", "pa": "34", "dt": "", "img": "https://www.mlbstatic.com/team-logos/117.svg", "team": "hou", "start": "", "in": "5", "result": "Lineout", "evo": "95.9", "la": "18", "dist": "278"}, {"player": "jose altuve", "game": "hou @ sea", "gameIdx": 0, "hr/park": "", "pa": "33", "dt": "", "img": "https://www.mlbstatic.com/team-logos/117.svg", "team": "hou", "start": "", "in": "5", "result": "Strikeout", "evo": "", "la": "", "dist": ""}, {"player": "martin maldonado", "game": "hou @ sea", "gameIdx": 0, "hr/park": "", "pa": "32", "dt": "", "img": "https://www.mlbstatic.com/team-logos/117.svg", "team": "hou", "start": "", "in": "5", "result": "Sac Bunt", "evo": "32.7", "la": "-23", "dist": "5"}, {"player": "jake meyers", "game": "hou @ sea", "gameIdx": 0, "hr/park": "", "pa": "31", "dt": "", "img": "https://www.mlbstatic.com/team-logos/117.svg", "team": "hou", "start": "", "in": "5", "result": "Double", "evo": "95.8", "la": "17", "dist": "243"}, {"player": "eugenio suarez", "game": "hou @ sea", "gameIdx": 0, "hr/park": "", "pa": "30", "dt": "", "img": "https://www.mlbstatic.com/team-logos/136.svg", "team": "sea", "start": "", "in": "4", "result": "Strikeout", "evo": "", "la": "", "dist": ""}, {"player": "carlos santana", "game": "hou @ sea", "gameIdx": 0, "hr/park": "", "pa": "29", "dt": "", "img": "https://www.mlbstatic.com/team-logos/136.svg", "team": "sea", "start": "", "in": "4", "result": "Groundout", "evo": "89.6", "la": "-26", "dist": "8"}, {"player": "jesse winker", "game": "hou @ sea", "gameIdx": 0, "hr/park": "", "pa": "28", "dt": "", "img": "https://www.mlbstatic.com/team-logos/136.svg", "team": "sea", "start": "", "in": "4", "result": "Flyout", "evo": "90.8", "la": "46", "dist": "290"}, {"player": "chas mccormick", "game": "hou @ sea", "gameIdx": 0, "hr/park": "", "pa": "27", "dt": "", "img": "https://www.mlbstatic.com/team-logos/117.svg", "team": "hou", "start": "", "in": "4", "result": "Lineout", "evo": "104.3", "la": "16", "dist": "296"}, {"player": "yuli gurriel", "game": "hou @ sea", "gameIdx": 0, "hr/park": "", "pa": "26", "dt": "", "img": "https://www.mlbstatic.com/team-logos/117.svg", "team": "hou", "start": "", "in": "4", "result": "Double", "evo": "81.1", "la": "20", "dist": "268"}, {"player": "kyle tucker", "game": "hou @ sea", "gameIdx": 0, "hr/park": "0/30", "pa": "25", "dt": "", "img": "https://www.mlbstatic.com/team-logos/117.svg", "team": "hou", "start": "", "in": "4", "result": "Double", "evo": "105.6", "la": "16", "dist": "311"}, {"player": "alex bregman", "game": "hou @ sea", "gameIdx": 0, "hr/park": "", "pa": "24", "dt": "", "img": "https://www.mlbstatic.com/team-logos/117.svg", "team": "hou", "start": "", "in": "4", "result": "Pop Out", "evo": "68.5", "la": "81", "dist": "51"}, {"player": "yordan alvarez", "game": "hou @ sea", "gameIdx": 0, "hr/park": "", "pa": "23", "dt": "", "img": "https://www.mlbstatic.com/team-logos/117.svg", "team": "hou", "start": "", "in": "4", "result": "Walk", "evo": "", "la": "", "dist": ""}, {"player": "jeremy pena", "game": "hou @ sea", "gameIdx": 0, "hr/park": "", "pa": "22", "dt": "", "img": "https://www.mlbstatic.com/team-logos/117.svg", "team": "hou", "start": "", "in": "4", "result": "Strikeout", "evo": "", "la": "", "dist": ""}, {"player": "ty france", "game": "hou @ sea", "gameIdx": 0, "hr/park": "0/30", "pa": "21", "dt": "", "img": "https://www.mlbstatic.com/team-logos/136.svg", "team": "sea", "start": "", "in": "3", "result": "Flyout", "evo": "91.7", "la": "28", "dist": "324"}, {"player": "jp crawford", "game": "hou @ sea", "gameIdx": 0, "hr/park": "", "pa": "20", "dt": "", "img": "https://www.mlbstatic.com/team-logos/136.svg", "team": "sea", "start": "", "in": "3", "result": "Groundout", "evo": "63.5", "la": "-1", "dist": "31"}, {"player": "sam haggerty", "game": "hou @ sea", "gameIdx": 0, "hr/park": "", "pa": "19", "dt": "", "img": "https://www.mlbstatic.com/team-logos/136.svg", "team": "sea", "start": "", "in": "3", "result": "Strikeout", "evo": "", "la": "", "dist": ""}, {"player": "jose altuve", "game": "hou @ sea", "gameIdx": 0, "hr/park": "", "pa": "18", "dt": "", "img": "https://www.mlbstatic.com/team-logos/117.svg", "team": "hou", "start": "", "in": "3", "result": "Double Play", "evo": "87.3", "la": "11", "dist": "137"}, {"player": "martin maldonado", "game": "hou @ sea", "gameIdx": 0, "hr/park": "", "pa": "17", "dt": "", "img": "https://www.mlbstatic.com/team-logos/117.svg", "team": "hou", "start": "", "in": "3", "result": "Strikeout", "evo": "", "la": "", "dist": ""}, {"player": "jake meyers", "game": "hou @ sea", "gameIdx": 0, "hr/park": "", "pa": "16", "dt": "", "img": "https://www.mlbstatic.com/team-logos/117.svg", "team": "hou", "start": "", "in": "3", "result": "Single", "evo": "34.7", "la": "-45", "dist": "4"}, {"player": "chas mccormick", "game": "hou @ sea", "gameIdx": 0, "hr/park": "", "pa": "15", "dt": "", "img": "https://www.mlbstatic.com/team-logos/117.svg", "team": "hou", "start": "", "in": "3", "result": "Single", "evo": "81.5", "la": "26", "dist": "249"}, {"player": "dylan moore", "game": "hou @ sea", "gameIdx": 0, "hr/park": "", "pa": "14", "dt": "", "img": "https://www.mlbstatic.com/team-logos/136.svg", "team": "sea", "start": "", "in": "2", "result": "Strikeout", "evo": "", "la": "", "dist": ""}, {"player": "cal raleigh", "game": "hou @ sea", "gameIdx": 0, "hr/park": "", "pa": "13", "dt": "", "img": "https://www.mlbstatic.com/team-logos/136.svg", "team": "sea", "start": "", "in": "2", "result": "Pop Out", "evo": "77.6", "la": "74", "dist": "94"}, {"player": "adam frazier", "game": "hou @ sea", "gameIdx": 0, "hr/park": "", "pa": "12", "dt": "", "img": "https://www.mlbstatic.com/team-logos/136.svg", "team": "sea", "start": "", "in": "2", "result": "Single", "evo": "98.8", "la": "-1", "dist": "52"}, {"player": "eugenio suarez", "game": "hou @ sea", "gameIdx": 0, "hr/park": "", "pa": "11", "dt": "", "img": "https://www.mlbstatic.com/team-logos/136.svg", "team": "sea", "start": "", "in": "2", "result": "Strikeout", "evo": "", "la": "", "dist": ""}, {"player": "yuli gurriel", "game": "hou @ sea", "gameIdx": 0, "hr/park": "", "pa": "10", "dt": "", "img": "https://www.mlbstatic.com/team-logos/117.svg", "team": "hou", "start": "", "in": "2", "result": "Flyout", "evo": "83.0", "la": "35", "dist": "274"}, {"player": "kyle tucker", "game": "hou @ sea", "gameIdx": 0, "hr/park": "", "pa": "9", "dt": "", "img": "https://www.mlbstatic.com/team-logos/117.svg", "team": "hou", "start": "", "in": "2", "result": "Groundout", "evo": "96.9", "la": "-6", "dist": "17"}, {"player": "alex bregman", "game": "hou @ sea", "gameIdx": 0, "hr/park": "", "pa": "8", "dt": "", "img": "https://www.mlbstatic.com/team-logos/117.svg", "team": "hou", "start": "", "in": "2", "result": "Strikeout", "evo": "", "la": "", "dist": ""}, {"player": "carlos santana", "game": "hou @ sea", "gameIdx": 0, "hr/park": "", "pa": "7", "dt": "", "img": "https://www.mlbstatic.com/team-logos/136.svg", "team": "sea", "start": "", "in": "1", "result": "Pop Out", "evo": "81.5", "la": "64", "dist": "132"}, {"player": "jesse winker", "game": "hou @ sea", "gameIdx": 0, "hr/park": "", "pa": "6", "dt": "", "img": "https://www.mlbstatic.com/team-logos/136.svg", "team": "sea", "start": "", "in": "1", "result": "Flyout", "evo": "81.7", "la": "39", "dist": "272"}, {"player": "ty france", "game": "hou @ sea", "gameIdx": 0, "hr/park": "", "pa": "5", "dt": "", "img": "https://www.mlbstatic.com/team-logos/136.svg", "team": "sea", "start": "", "in": "1", "result": "Lineout", "evo": "89.5", "la": "18", "dist": "289"}, {"player": "jp crawford", "game": "hou @ sea", "gameIdx": 0, "hr/park": "", "pa": "4", "dt": "", "img": "https://www.mlbstatic.com/team-logos/136.svg", "team": "sea", "start": "", "in": "1", "result": "Single", "evo": "91.3", "la": "11", "dist": "223"}, {"player": "yordan alvarez", "game": "hou @ sea", "gameIdx": 0, "hr/park": "", "pa": "3", "dt": "", "img": "https://www.mlbstatic.com/team-logos/117.svg", "team": "hou", "start": "", "in": "1", "result": "Strikeout", "evo": "", "la": "", "dist": ""}, {"player": "jeremy pena", "game": "hou @ sea", "gameIdx": 0, "hr/park": "", "pa": "2", "dt": "", "img": "https://www.mlbstatic.com/team-logos/117.svg", "team": "hou", "start": "", "in": "1", "result": "Strikeout", "evo": "", "la": "", "dist": ""}, {"player": "jose altuve", "game": "hou @ sea", "gameIdx": 0, "hr/park": "", "pa": "1", "dt": "", "img": "https://www.mlbstatic.com/team-logos/117.svg", "team": "hou", "start": "", "in": "1", "result": "Strikeout", "evo": "", "la": "", "dist": ""}], "tor @ bos": [], "chc @ phi": [], "min @ det": [], "stl @ cin": [], "mia @ pit": [{"player": "joey wendle", "game": "mia @ pit", "gameIdx": 0, "hr/park": "", "pa": "68", "dt": "", "img": "https://www.mlbstatic.com/team-logos/146.svg", "team": "mia", "start": "", "in": "9", "result": "Groundout", "evo": "101.4", "la": "-33", "dist": "4"}, {"player": "avisail garcia", "game": "mia @ pit", "gameIdx": 0, "hr/park": "", "pa": "67", "dt": "", "img": "https://www.mlbstatic.com/team-logos/146.svg", "team": "mia", "start": "", "in": "9", "result": "Strikeout", "evo": "", "la": "", "dist": ""}, {"player": "jj bleday", "game": "mia @ pit", "gameIdx": 0, "hr/park": "", "pa": "66", "dt": "", "img": "https://www.mlbstatic.com/team-logos/146.svg", "team": "mia", "start": "", "in": "9", "result": "Walk", "evo": "", "la": "", "dist": ""}, {"player": "jesus aguilar", "game": "mia @ pit", "gameIdx": 0, "hr/park": "", "pa": "65", "dt": "", "img": "https://www.mlbstatic.com/team-logos/146.svg", "team": "mia", "start": "", "in": "9", "result": "Strikeout", "evo": "", "la": "", "dist": ""}, {"player": "yoshi tsutsugo", "game": "mia @ pit", "gameIdx": 0, "hr/park": "", "pa": "64", "dt": "", "img": "https://www.mlbstatic.com/team-logos/134.svg", "team": "pit", "start": "", "in": "8", "result": "Groundout", "evo": "94.7", "la": "6", "dist": "106"}, {"player": "oneil cruz", "game": "mia @ pit", "gameIdx": 0, "hr/park": "", "pa": "63", "dt": "", "img": "https://www.mlbstatic.com/team-logos/134.svg", "team": "pit", "start": "", "in": "8", "result": "Strikeout", "evo": "", "la": "", "dist": ""}, {"player": "michael chavis", "game": "mia @ pit", "gameIdx": 0, "hr/park": "", "pa": "62", "dt": "", "img": "https://www.mlbstatic.com/team-logos/134.svg", "team": "pit", "start": "", "in": "8", "result": "Single", "evo": "43.8", "la": "-79", "dist": "2"}, {"player": "cal mitchell", "game": "mia @ pit", "gameIdx": 0, "hr/park": "", "pa": "61", "dt": "", "img": "https://www.mlbstatic.com/team-logos/134.svg", "team": "pit", "start": "", "in": "8", "result": "Walk", "evo": "", "la": "", "dist": ""}, {"player": "ben gamel", "game": "mia @ pit", "gameIdx": 0, "hr/park": "0/30", "pa": "60", "dt": "", "img": "https://www.mlbstatic.com/team-logos/134.svg", "team": "pit", "start": "", "in": "8", "result": "Flyout", "evo": "95.7", "la": "29", "dist": "355"}, {"player": "nick fortes", "game": "mia @ pit", "gameIdx": 0, "hr/park": "", "pa": "59", "dt": "", "img": "https://www.mlbstatic.com/team-logos/146.svg", "team": "mia", "start": "", "in": "8", "result": "Pop Out", "evo": "76.2", "la": "59", "dist": "167"}, {"player": "miguel rojas", "game": "mia @ pit", "gameIdx": 0, "hr/park": "", "pa": "58", "dt": "", "img": "https://www.mlbstatic.com/team-logos/146.svg", "team": "mia", "start": "", "in": "8", "result": "Single", "evo": "91.3", "la": "12", "dist": "211"}, {"player": "jesus sanchez", "game": "mia @ pit", "gameIdx": 0, "hr/park": "", "pa": "57", "dt": "", "img": "https://www.mlbstatic.com/team-logos/146.svg", "team": "mia", "start": "", "in": "8", "result": "Strikeout", "evo": "", "la": "", "dist": ""}, {"player": "garrett cooper", "game": "mia @ pit", "gameIdx": 0, "hr/park": "", "pa": "56", "dt": "", "img": "https://www.mlbstatic.com/team-logos/146.svg", "team": "mia", "start": "", "in": "8", "result": "Hit By Pitch", "evo": "", "la": "", "dist": ""}, {"player": "bryan de la cruz", "game": "mia @ pit", "gameIdx": 0, "hr/park": "", "pa": "55", "dt": "", "img": "https://www.mlbstatic.com/team-logos/146.svg", "team": "mia", "start": "", "in": "8", "result": "Strikeout", "evo": "", "la": "", "dist": ""}, {"player": "kebryan hayes", "game": "mia @ pit", "gameIdx": 0, "hr/park": "", "pa": "54", "dt": "", "img": "https://www.mlbstatic.com/team-logos/134.svg", "team": "pit", "start": "", "in": "7", "result": "Groundout", "evo": "49.7", "la": "-69", "dist": ""}, {"player": "greg allen", "game": "mia @ pit", "gameIdx": 0, "hr/park": "", "pa": "53", "dt": "", "img": "https://www.mlbstatic.com/team-logos/134.svg", "team": "pit", "start": "", "in": "7", "result": "GIDP", "evo": "75.8", "la": "-24", "dist": "7"}, {"player": "kevin newman", "game": "mia @ pit", "gameIdx": 0, "hr/park": "", "pa": "52", "dt": "", "img": "https://www.mlbstatic.com/team-logos/134.svg", "team": "pit", "start": "", "in": "7", "result": "Walk", "evo": "", "la": "", "dist": ""}, {"player": "joey wendle", "game": "mia @ pit", "gameIdx": 0, "hr/park": "", "pa": "51", "dt": "", "img": "https://www.mlbstatic.com/team-logos/146.svg", "team": "mia", "start": "", "in": "7", "result": "GIDP", "evo": "67.1", "la": "-32", "dist": "5"}, {"player": "avisail garcia", "game": "mia @ pit", "gameIdx": 0, "hr/park": "", "pa": "50", "dt": "", "img": "https://www.mlbstatic.com/team-logos/146.svg", "team": "mia", "start": "", "in": "7", "result": "Field Error", "evo": "98.2", "la": "-12", "dist": "9"}, {"player": "brian anderson", "game": "mia @ pit", "gameIdx": 0, "hr/park": "0/30", "pa": "49", "dt": "", "img": "https://www.mlbstatic.com/team-logos/146.svg", "team": "mia", "start": "", "in": "7", "result": "Flyout", "evo": "97.3", "la": "35", "dist": "370"}, {"player": "tyler heineman", "game": "mia @ pit", "gameIdx": 0, "hr/park": "", "pa": "48", "dt": "", "img": "https://www.mlbstatic.com/team-logos/134.svg", "team": "pit", "start": "", "in": "6", "result": "Pop Out", "evo": "47.0", "la": "70", "dist": "72"}, {"player": "yoshi tsutsugo", "game": "mia @ pit", "gameIdx": 0, "hr/park": "", "pa": "47", "dt": "", "img": "https://www.mlbstatic.com/team-logos/134.svg", "team": "pit", "start": "", "in": "6", "result": "Single", "evo": "101.0", "la": "4", "dist": "88"}, {"player": "oneil cruz", "game": "mia @ pit", "gameIdx": 0, "hr/park": "", "pa": "46", "dt": "", "img": "https://www.mlbstatic.com/team-logos/134.svg", "team": "pit", "start": "", "in": "6", "result": "Forceout", "evo": "51.2", "la": "-24", "dist": "6"}, {"player": "michael chavis", "game": "mia @ pit", "gameIdx": 0, "hr/park": "", "pa": "45", "dt": "", "img": "https://www.mlbstatic.com/team-logos/134.svg", "team": "pit", "start": "", "in": "6", "result": "Strikeout", "evo": "", "la": "", "dist": ""}, {"player": "cal mitchell", "game": "mia @ pit", "gameIdx": 0, "hr/park": "", "pa": "44", "dt": "", "img": "https://www.mlbstatic.com/team-logos/134.svg", "team": "pit", "start": "", "in": "6", "result": "Single", "evo": "68.9", "la": "7", "dist": "88"}, {"player": "ben gamel", "game": "mia @ pit", "gameIdx": 0, "hr/park": "", "pa": "43", "dt": "", "img": "https://www.mlbstatic.com/team-logos/134.svg", "team": "pit", "start": "", "in": "6", "result": "Single", "evo": "95.2", "la": "9", "dist": "154"}, {"player": "jesus aguilar", "game": "mia @ pit", "gameIdx": 0, "hr/park": "0/30", "pa": "42", "dt": "", "img": "https://www.mlbstatic.com/team-logos/146.svg", "team": "mia", "start": "", "in": "6", "result": "Flyout", "evo": "82.8", "la": "32", "dist": "300"}, {"player": "nick fortes", "game": "mia @ pit", "gameIdx": 0, "hr/park": "", "pa": "41", "dt": "", "img": "https://www.mlbstatic.com/team-logos/146.svg", "team": "mia", "start": "", "in": "6", "result": "Hit By Pitch", "evo": "", "la": "", "dist": ""}, {"player": "miguel rojas", "game": "mia @ pit", "gameIdx": 0, "hr/park": "", "pa": "40", "dt": "", "img": "https://www.mlbstatic.com/team-logos/146.svg", "team": "mia", "start": "", "in": "6", "result": "Groundout", "evo": "85.2", "la": "-2", "dist": "28"}, {"player": "kebryan hayes", "game": "mia @ pit", "gameIdx": 0, "hr/park": "", "pa": "39", "dt": "", "img": "https://www.mlbstatic.com/team-logos/134.svg", "team": "pit", "start": "", "in": "5", "result": "Groundout", "evo": "90.7", "la": "-9", "dist": "16"}, {"player": "greg allen", "game": "mia @ pit", "gameIdx": 0, "hr/park": "", "pa": "38", "dt": "", "img": "https://www.mlbstatic.com/team-logos/134.svg", "team": "pit", "start": "", "in": "5", "result": "Single", "evo": "95.6", "la": "-1", "dist": "47"}, {"player": "kevin newman", "game": "mia @ pit", "gameIdx": 0, "hr/park": "0/30", "pa": "37", "dt": "", "img": "https://www.mlbstatic.com/team-logos/134.svg", "team": "pit", "start": "", "in": "5", "result": "Flyout", "evo": "87.5", "la": "30", "dist": "333"}, {"player": "tyler heineman", "game": "mia @ pit", "gameIdx": 0, "hr/park": "", "pa": "36", "dt": "", "img": "https://www.mlbstatic.com/team-logos/134.svg", "team": "pit", "start": "", "in": "5", "result": "Flyout", "evo": "76.0", "la": "43", "dist": "239"}, {"player": "jacob stallings", "game": "mia @ pit", "gameIdx": 0, "hr/park": "", "pa": "35", "dt": "", "img": "https://www.mlbstatic.com/team-logos/146.svg", "team": "mia", "start": "", "in": "5", "result": "GIDP", "evo": "99.5", "la": "-21", "dist": "5"}, {"player": "luke williams", "game": "mia @ pit", "gameIdx": 0, "hr/park": "", "pa": "34", "dt": "", "img": "https://www.mlbstatic.com/team-logos/146.svg", "team": "mia", "start": "", "in": "5", "result": "Flyout", "evo": "88.1", "la": "47", "dist": "274"}, {"player": "bryan de la cruz", "game": "mia @ pit", "gameIdx": 0, "hr/park": "", "pa": "33", "dt": "", "img": "https://www.mlbstatic.com/team-logos/146.svg", "team": "mia", "start": "", "in": "5", "result": "Single", "evo": "97.3", "la": "1", "dist": "46"}, {"player": "yoshi tsutsugo", "game": "mia @ pit", "gameIdx": 0, "hr/park": "", "pa": "32", "dt": "", "img": "https://www.mlbstatic.com/team-logos/134.svg", "team": "pit", "start": "", "in": "4", "result": "Double Play", "evo": "97.1", "la": "9", "dist": "150"}, {"player": "oneil cruz", "game": "mia @ pit", "gameIdx": 0, "hr/park": "", "pa": "31", "dt": "", "img": "https://www.mlbstatic.com/team-logos/134.svg", "team": "pit", "start": "", "in": "4", "result": "Single", "evo": "62.6", "la": "-65", "dist": "2"}, {"player": "josh vanmeter", "game": "mia @ pit", "gameIdx": 0, "hr/park": "", "pa": "30", "dt": "", "img": "https://www.mlbstatic.com/team-logos/134.svg", "team": "pit", "start": "", "in": "4", "result": "Groundout", "evo": "94.1", "la": "-4", "dist": "29"}, {"player": "joey wendle", "game": "mia @ pit", "gameIdx": 0, "hr/park": "", "pa": "29", "dt": "", "img": "https://www.mlbstatic.com/team-logos/146.svg", "team": "mia", "start": "", "in": "4", "result": "Groundout", "evo": "98.7", "la": "-5", "dist": "19"}, {"player": "avisail garcia", "game": "mia @ pit", "gameIdx": 0, "hr/park": "", "pa": "28", "dt": "", "img": "https://www.mlbstatic.com/team-logos/146.svg", "team": "mia", "start": "", "in": "4", "result": "Single", "evo": "89.5", "la": "14", "dist": "202"}, {"player": "brian anderson", "game": "mia @ pit", "gameIdx": 0, "hr/park": "", "pa": "27", "dt": "", "img": "https://www.mlbstatic.com/team-logos/146.svg", "team": "mia", "start": "", "in": "4", "result": "Strikeout", "evo": "", "la": "", "dist": ""}, {"player": "jesus aguilar", "game": "mia @ pit", "gameIdx": 0, "hr/park": "", "pa": "26", "dt": "", "img": "https://www.mlbstatic.com/team-logos/146.svg", "team": "mia", "start": "", "in": "4", "result": "Single", "evo": "74.7", "la": "20", "dist": "207"}, {"player": "nick fortes", "game": "mia @ pit", "gameIdx": 0, "hr/park": "", "pa": "25", "dt": "", "img": "https://www.mlbstatic.com/team-logos/146.svg", "team": "mia", "start": "", "in": "4", "result": "Groundout", "evo": "64.8", "la": "-60", "dist": "2"}, {"player": "cal mitchell", "game": "mia @ pit", "gameIdx": 0, "hr/park": "", "pa": "24", "dt": "", "img": "https://www.mlbstatic.com/team-logos/134.svg", "team": "pit", "start": "", "in": "3", "result": "Strikeout", "evo": "", "la": "", "dist": ""}, {"player": "ben gamel", "game": "mia @ pit", "gameIdx": 0, "hr/park": "", "pa": "23", "dt": "", "img": "https://www.mlbstatic.com/team-logos/134.svg", "team": "pit", "start": "", "in": "3", "result": "Walk", "evo": "", "la": "", "dist": ""}, {"player": "kebryan hayes", "game": "mia @ pit", "gameIdx": 0, "hr/park": "", "pa": "22", "dt": "", "img": "https://www.mlbstatic.com/team-logos/134.svg", "team": "pit", "start": "", "in": "3", "result": "Fielders Choice Out", "evo": "88.2", "la": "-54", "dist": "2"}, {"player": "greg allen", "game": "mia @ pit", "gameIdx": 0, "hr/park": "", "pa": "21", "dt": "", "img": "https://www.mlbstatic.com/team-logos/134.svg", "team": "pit", "start": "", "in": "3", "result": "Strikeout", "evo": "", "la": "", "dist": ""}, {"player": "kevin newman", "game": "mia @ pit", "gameIdx": 0, "hr/park": "", "pa": "20", "dt": "", "img": "https://www.mlbstatic.com/team-logos/134.svg", "team": "pit", "start": "", "in": "3", "result": "Double", "evo": "101.7", "la": "-16", "dist": "7"}, {"player": "tyler heineman", "game": "mia @ pit", "gameIdx": 0, "hr/park": "", "pa": "19", "dt": "", "img": "https://www.mlbstatic.com/team-logos/134.svg", "team": "pit", "start": "", "in": "3", "result": "Single", "evo": "57.6", "la": "-42", "dist": "4"}, {"player": "miguel rojas", "game": "mia @ pit", "gameIdx": 0, "hr/park": "", "pa": "18", "dt": "", "img": "https://www.mlbstatic.com/team-logos/146.svg", "team": "mia", "start": "", "in": "3", "result": "GIDP", "evo": "84.8", "la": "2", "dist": "61"}, {"player": "jacob stallings", "game": "mia @ pit", "gameIdx": 0, "hr/park": "", "pa": "17", "dt": "", "img": "https://www.mlbstatic.com/team-logos/146.svg", "team": "mia", "start": "", "in": "3", "result": "Single", "evo": "100.2", "la": "6", "dist": "148"}, {"player": "luke williams", "game": "mia @ pit", "gameIdx": 0, "hr/park": "", "pa": "16", "dt": "", "img": "https://www.mlbstatic.com/team-logos/146.svg", "team": "mia", "start": "", "in": "3", "result": "Field Error", "evo": "63.0", "la": "-43", "dist": "3"}, {"player": "bryan de la cruz", "game": "mia @ pit", "gameIdx": 0, "hr/park": "1/30", "pa": "15", "dt": "", "img": "https://www.mlbstatic.com/team-logos/146.svg", "team": "mia", "start": "", "in": "3", "result": "Flyout", "evo": "97.7", "la": "29", "dist": "377"}, {"player": "yoshi tsutsugo", "game": "mia @ pit", "gameIdx": 0, "hr/park": "", "pa": "14", "dt": "", "img": "https://www.mlbstatic.com/team-logos/134.svg", "team": "pit", "start": "", "in": "2", "result": "Groundout", "evo": "78.4", "la": "-42", "dist": "3"}, {"player": "oneil cruz", "game": "mia @ pit", "gameIdx": 0, "hr/park": "0/30", "pa": "13", "dt": "", "img": "https://www.mlbstatic.com/team-logos/134.svg", "team": "pit", "start": "", "in": "2", "result": "Lineout", "evo": "99.8", "la": "16", "dist": "306"}, {"player": "josh vanmeter", "game": "mia @ pit", "gameIdx": 0, "hr/park": "", "pa": "12", "dt": "", "img": "https://www.mlbstatic.com/team-logos/134.svg", "team": "pit", "start": "", "in": "2", "result": "Single", "evo": "63.4", "la": "-77", "dist": "2"}, {"player": "cal mitchell", "game": "mia @ pit", "gameIdx": 0, "hr/park": "", "pa": "11", "dt": "", "img": "https://www.mlbstatic.com/team-logos/134.svg", "team": "pit", "start": "", "in": "2", "result": "Flyout", "evo": "93.2", "la": "45", "dist": "296"}, {"player": "joey wendle", "game": "mia @ pit", "gameIdx": 0, "hr/park": "", "pa": "10", "dt": "", "img": "https://www.mlbstatic.com/team-logos/146.svg", "team": "mia", "start": "", "in": "2", "result": "Strikeout", "evo": "", "la": "", "dist": ""}, {"player": "avisail garcia", "game": "mia @ pit", "gameIdx": 0, "hr/park": "0/30", "pa": "9", "dt": "", "img": "https://www.mlbstatic.com/team-logos/146.svg", "team": "mia", "start": "", "in": "2", "result": "Flyout", "evo": "88.3", "la": "32", "dist": "320"}, {"player": "brian anderson", "game": "mia @ pit", "gameIdx": 0, "hr/park": "", "pa": "8", "dt": "", "img": "https://www.mlbstatic.com/team-logos/146.svg", "team": "mia", "start": "", "in": "2", "result": "Groundout", "evo": "88.1", "la": "-12", "dist": "12"}, {"player": "ben gamel", "game": "mia @ pit", "gameIdx": 0, "hr/park": "", "pa": "7", "dt": "", "img": "https://www.mlbstatic.com/team-logos/134.svg", "team": "pit", "start": "", "in": "1", "result": "Groundout", "evo": "109.2", "la": "-20", "dist": "5"}, {"player": "kebryan hayes", "game": "mia @ pit", "gameIdx": 0, "hr/park": "", "pa": "6", "dt": "", "img": "https://www.mlbstatic.com/team-logos/134.svg", "team": "pit", "start": "", "in": "1", "result": "Walk", "evo": "", "la": "", "dist": ""}, {"player": "greg allen", "game": "mia @ pit", "gameIdx": 0, "hr/park": "", "pa": "5", "dt": "", "img": "https://www.mlbstatic.com/team-logos/134.svg", "team": "pit", "start": "", "in": "1", "result": "Strikeout", "evo": "", "la": "", "dist": ""}, {"player": "kevin newman", "game": "mia @ pit", "gameIdx": 0, "hr/park": "", "pa": "4", "dt": "", "img": "https://www.mlbstatic.com/team-logos/134.svg", "team": "pit", "start": "", "in": "1", "result": "Pop Out", "evo": "83.5", "la": "79", "dist": "38"}, {"player": "jesus aguilar", "game": "mia @ pit", "gameIdx": 0, "hr/park": "", "pa": "3", "dt": "", "img": "https://www.mlbstatic.com/team-logos/146.svg", "team": "mia", "start": "", "in": "1", "result": "Strikeout", "evo": "", "la": "", "dist": ""}, {"player": "nick fortes", "game": "mia @ pit", "gameIdx": 0, "hr/park": "", "pa": "2", "dt": "", "img": "https://www.mlbstatic.com/team-logos/146.svg", "team": "mia", "start": "", "in": "1", "result": "Strikeout", "evo": "", "la": "", "dist": ""}, {"player": "miguel rojas", "game": "mia @ pit", "gameIdx": 0, "hr/park": "", "pa": "1", "dt": "", "img": "https://www.mlbstatic.com/team-logos/146.svg", "team": "mia", "start": "", "in": "1", "result": "Groundout", "evo": "75.1", "la": "", "dist": "45"}], "nyy @ bal": [], "sd @ nym": [{"player": "tomas nido", "game": "sd @ nym", "gameIdx": 0, "hr/park": "", "pa": "69", "dt": "", "img": "https://www.mlbstatic.com/team-logos/121.svg", "team": "nym", "start": "", "in": "9", "result": "Pop Out", "evo": "62.7", "la": "39", "dist": "202"}, {"player": "jd davis", "game": "sd @ nym", "gameIdx": 0, "hr/park": "", "pa": "68", "dt": "", "img": "https://www.mlbstatic.com/team-logos/121.svg", "team": "nym", "start": "", "in": "9", "result": "Single", "evo": "67.7", "la": "42", "dist": "205"}, {"player": "luis guillorme", "game": "sd @ nym", "gameIdx": 0, "hr/park": "", "pa": "67", "dt": "", "img": "https://www.mlbstatic.com/team-logos/121.svg", "team": "nym", "start": "", "in": "9", "result": "Walk", "evo": "", "la": "", "dist": ""}, {"player": "eduardo escobar", "game": "sd @ nym", "gameIdx": 0, "hr/park": "", "pa": "66", "dt": "", "img": "https://www.mlbstatic.com/team-logos/121.svg", "team": "nym", "start": "", "in": "9", "result": "Strikeout", "evo": "", "la": "", "dist": ""}, {"player": "mark canha", "game": "sd @ nym", "gameIdx": 0, "hr/park": "1/30", "pa": "65", "dt": "", "img": "https://www.mlbstatic.com/team-logos/121.svg", "team": "nym", "start": "", "in": "9", "result": "Flyout", "evo": "91.5", "la": "38", "dist": "333"}, {"player": "pete alonso", "game": "sd @ nym", "gameIdx": 0, "hr/park": "", "pa": "64", "dt": "", "img": "https://www.mlbstatic.com/team-logos/121.svg", "team": "nym", "start": "", "in": "9", "result": "Single", "evo": "85.9", "la": "14", "dist": "209"}, {"player": "eric hosmer", "game": "sd @ nym", "gameIdx": 0, "hr/park": "", "pa": "63", "dt": "", "img": "https://www.mlbstatic.com/team-logos/135.svg", "team": "sd", "start": "", "in": "9", "result": "Groundout", "evo": "80.4", "la": "8", "dist": "117"}, {"player": "luke voit", "game": "sd @ nym", "gameIdx": 0, "hr/park": "", "pa": "62", "dt": "", "img": "https://www.mlbstatic.com/team-logos/135.svg", "team": "sd", "start": "", "in": "9", "result": "Groundout", "evo": "49.1", "la": "-81", "dist": "2"}, {"player": "nomar mazara", "game": "sd @ nym", "gameIdx": 0, "hr/park": "", "pa": "61", "dt": "", "img": "https://www.mlbstatic.com/team-logos/135.svg", "team": "sd", "start": "", "in": "9", "result": "Strikeout", "evo": "", "la": "", "dist": ""}, {"player": "francisco lindor", "game": "sd @ nym", "gameIdx": 0, "hr/park": "", "pa": "60", "dt": "", "img": "https://www.mlbstatic.com/team-logos/121.svg", "team": "nym", "start": "", "in": "8", "result": "Groundout", "evo": "94.1", "la": "-18", "dist": "9"}, {"player": "starling marte", "game": "sd @ nym", "gameIdx": 0, "hr/park": "", "pa": "59", "dt": "", "img": "https://www.mlbstatic.com/team-logos/121.svg", "team": "nym", "start": "", "in": "8", "result": "Forceout", "evo": "73.0", "la": "-8", "dist": "15"}, {"player": "brandon nimmo", "game": "sd @ nym", "gameIdx": 0, "hr/park": "", "pa": "58", "dt": "", "img": "https://www.mlbstatic.com/team-logos/121.svg", "team": "nym", "start": "", "in": "8", "result": "Strikeout", "evo": "", "la": "", "dist": ""}, {"player": "tomas nido", "game": "sd @ nym", "gameIdx": 0, "hr/park": "", "pa": "57", "dt": "", "img": "https://www.mlbstatic.com/team-logos/121.svg", "team": "nym", "start": "", "in": "8", "result": "Single", "evo": "76.8", "la": "16", "dist": "184"}, {"player": "manny machado", "game": "sd @ nym", "gameIdx": 0, "hr/park": "", "pa": "56", "dt": "", "img": "https://www.mlbstatic.com/team-logos/135.svg", "team": "sd", "start": "", "in": "8", "result": "Strikeout", "evo": "", "la": "", "dist": ""}, {"player": "jake cronenworth", "game": "sd @ nym", "gameIdx": 0, "hr/park": "", "pa": "55", "dt": "", "img": "https://www.mlbstatic.com/team-logos/135.svg", "team": "sd", "start": "", "in": "8", "result": "Strikeout", "evo": "", "la": "", "dist": ""}, {"player": "jurickson profar", "game": "sd @ nym", "gameIdx": 0, "hr/park": "", "pa": "54", "dt": "", "img": "https://www.mlbstatic.com/team-logos/135.svg", "team": "sd", "start": "", "in": "8", "result": "Strikeout", "evo": "", "la": "", "dist": ""}, {"player": "jd davis", "game": "sd @ nym", "gameIdx": 0, "hr/park": "", "pa": "53", "dt": "", "img": "https://www.mlbstatic.com/team-logos/121.svg", "team": "nym", "start": "", "in": "7", "result": "Strikeout", "evo": "", "la": "", "dist": ""}, {"player": "luis guillorme", "game": "sd @ nym", "gameIdx": 0, "hr/park": "", "pa": "52", "dt": "", "img": "https://www.mlbstatic.com/team-logos/121.svg", "team": "nym", "start": "", "in": "7", "result": "Strikeout", "evo": "", "la": "", "dist": ""}, {"player": "eduardo escobar", "game": "sd @ nym", "gameIdx": 0, "hr/park": "", "pa": "51", "dt": "", "img": "https://www.mlbstatic.com/team-logos/121.svg", "team": "nym", "start": "", "in": "7", "result": "Strikeout", "evo": "", "la": "", "dist": ""}, {"player": "ha seong kim", "game": "sd @ nym", "gameIdx": 0, "hr/park": "", "pa": "50", "dt": "", "img": "https://www.mlbstatic.com/team-logos/135.svg", "team": "sd", "start": "", "in": "7", "result": "Strikeout", "evo": "", "la": "", "dist": ""}, {"player": "trent grisham", "game": "sd @ nym", "gameIdx": 0, "hr/park": "", "pa": "49", "dt": "", "img": "https://www.mlbstatic.com/team-logos/135.svg", "team": "sd", "start": "", "in": "7", "result": "Groundout", "evo": "49.3", "la": "-47", "dist": "4"}, {"player": "jorge alfaro", "game": "sd @ nym", "gameIdx": 0, "hr/park": "", "pa": "48", "dt": "", "img": "https://www.mlbstatic.com/team-logos/135.svg", "team": "sd", "start": "", "in": "7", "result": "Fielders Choice", "evo": "72.9", "la": "-9", "dist": "16"}, {"player": "eric hosmer", "game": "sd @ nym", "gameIdx": 0, "hr/park": "", "pa": "47", "dt": "", "img": "https://www.mlbstatic.com/team-logos/135.svg", "team": "sd", "start": "", "in": "7", "result": "Groundout", "evo": "77.5", "la": "-42", "dist": "5"}, {"player": "luke voit", "game": "sd @ nym", "gameIdx": 0, "hr/park": "", "pa": "46", "dt": "", "img": "https://www.mlbstatic.com/team-logos/135.svg", "team": "sd", "start": "", "in": "7", "result": "Single", "evo": "86.1", "la": "22", "dist": "255"}, {"player": "mark canha", "game": "sd @ nym", "gameIdx": 0, "hr/park": "", "pa": "45", "dt": "", "img": "https://www.mlbstatic.com/team-logos/121.svg", "team": "nym", "start": "", "in": "6", "result": "GIDP", "evo": "84.7", "la": "8", "dist": "120"}, {"player": "pete alonso", "game": "sd @ nym", "gameIdx": 0, "hr/park": "0/30", "pa": "44", "dt": "", "img": "https://www.mlbstatic.com/team-logos/121.svg", "team": "nym", "start": "", "in": "6", "result": "Lineout", "evo": "105.8", "la": "17", "dist": "341"}, {"player": "francisco lindor", "game": "sd @ nym", "gameIdx": 0, "hr/park": "", "pa": "43", "dt": "", "img": "https://www.mlbstatic.com/team-logos/121.svg", "team": "nym", "start": "", "in": "6", "result": "Single", "evo": "95.1", "la": "14", "dist": "235"}, {"player": "nomar mazara", "game": "sd @ nym", "gameIdx": 0, "hr/park": "", "pa": "42", "dt": "", "img": "https://www.mlbstatic.com/team-logos/135.svg", "team": "sd", "start": "", "in": "6", "result": "Strikeout", "evo": "", "la": "", "dist": ""}, {"player": "manny machado", "game": "sd @ nym", "gameIdx": 0, "hr/park": "10/30", "pa": "41", "dt": "", "img": "https://www.mlbstatic.com/team-logos/135.svg", "team": "sd", "start": "", "in": "6", "result": "Home Run", "evo": "106.7", "la": "20", "dist": "380"}, {"player": "jake cronenworth", "game": "sd @ nym", "gameIdx": 0, "hr/park": "", "pa": "40", "dt": "", "img": "https://www.mlbstatic.com/team-logos/135.svg", "team": "sd", "start": "", "in": "6", "result": "Strikeout", "evo": "", "la": "", "dist": ""}, {"player": "jurickson profar", "game": "sd @ nym", "gameIdx": 0, "hr/park": "", "pa": "39", "dt": "", "img": "https://www.mlbstatic.com/team-logos/135.svg", "team": "sd", "start": "", "in": "6", "result": "Single", "evo": "100.6", "la": "", "dist": "50"}, {"player": "ha seong kim", "game": "sd @ nym", "gameIdx": 0, "hr/park": "", "pa": "38", "dt": "", "img": "https://www.mlbstatic.com/team-logos/135.svg", "team": "sd", "start": "", "in": "6", "result": "Strikeout", "evo": "", "la": "", "dist": ""}, {"player": "starling marte", "game": "sd @ nym", "gameIdx": 0, "hr/park": "", "pa": "37", "dt": "", "img": "https://www.mlbstatic.com/team-logos/121.svg", "team": "nym", "start": "", "in": "5", "result": "Strikeout", "evo": "", "la": "", "dist": ""}, {"player": "brandon nimmo", "game": "sd @ nym", "gameIdx": 0, "hr/park": "", "pa": "36", "dt": "", "img": "https://www.mlbstatic.com/team-logos/121.svg", "team": "nym", "start": "", "in": "5", "result": "Single", "evo": "99.0", "la": "13", "dist": "250"}, {"player": "tomas nido", "game": "sd @ nym", "gameIdx": 0, "hr/park": "", "pa": "35", "dt": "", "img": "https://www.mlbstatic.com/team-logos/121.svg", "team": "nym", "start": "", "in": "5", "result": "Flyout", "evo": "91.9", "la": "46", "dist": "297"}, {"player": "jd davis", "game": "sd @ nym", "gameIdx": 0, "hr/park": "", "pa": "34", "dt": "", "img": "https://www.mlbstatic.com/team-logos/121.svg", "team": "nym", "start": "", "in": "5", "result": "Strikeout", "evo": "", "la": "", "dist": ""}, {"player": "luis guillorme", "game": "sd @ nym", "gameIdx": 0, "hr/park": "", "pa": "33", "dt": "", "img": "https://www.mlbstatic.com/team-logos/121.svg", "team": "nym", "start": "", "in": "5", "result": "Walk", "evo": "", "la": "", "dist": ""}, {"player": "trent grisham", "game": "sd @ nym", "gameIdx": 0, "hr/park": "0/30", "pa": "32", "dt": "", "img": "https://www.mlbstatic.com/team-logos/135.svg", "team": "sd", "start": "", "in": "5", "result": "Flyout", "evo": "83.9", "la": "27", "dist": "305"}, {"player": "jorge alfaro", "game": "sd @ nym", "gameIdx": 0, "hr/park": "", "pa": "31", "dt": "", "img": "https://www.mlbstatic.com/team-logos/135.svg", "team": "sd", "start": "", "in": "5", "result": "Lineout", "evo": "78.4", "la": "23", "dist": "252"}, {"player": "eric hosmer", "game": "sd @ nym", "gameIdx": 0, "hr/park": "", "pa": "30", "dt": "", "img": "https://www.mlbstatic.com/team-logos/135.svg", "team": "sd", "start": "", "in": "5", "result": "Single", "evo": "82.5", "la": "19", "dist": "253"}, {"player": "luke voit", "game": "sd @ nym", "gameIdx": 0, "hr/park": "", "pa": "29", "dt": "", "img": "https://www.mlbstatic.com/team-logos/135.svg", "team": "sd", "start": "", "in": "5", "result": "Strikeout", "evo": "", "la": "", "dist": ""}, {"player": "nomar mazara", "game": "sd @ nym", "gameIdx": 0, "hr/park": "", "pa": "28", "dt": "", "img": "https://www.mlbstatic.com/team-logos/135.svg", "team": "sd", "start": "", "in": "5", "result": "Hit By Pitch", "evo": "", "la": "", "dist": ""}, {"player": "eduardo escobar", "game": "sd @ nym", "gameIdx": 0, "hr/park": "0/30", "pa": "27", "dt": "", "img": "https://www.mlbstatic.com/team-logos/121.svg", "team": "nym", "start": "", "in": "4", "result": "Flyout", "evo": "97.6", "la": "31", "dist": "360"}, {"player": "mark canha", "game": "sd @ nym", "gameIdx": 0, "hr/park": "", "pa": "26", "dt": "", "img": "https://www.mlbstatic.com/team-logos/121.svg", "team": "nym", "start": "", "in": "4", "result": "Groundout", "evo": "90.7", "la": "1", "dist": "50"}, {"player": "pete alonso", "game": "sd @ nym", "gameIdx": 0, "hr/park": "", "pa": "25", "dt": "", "img": "https://www.mlbstatic.com/team-logos/121.svg", "team": "nym", "start": "", "in": "4", "result": "Double", "evo": "98.7", "la": "14", "dist": "201"}, {"player": "francisco lindor", "game": "sd @ nym", "gameIdx": 0, "hr/park": "", "pa": "24", "dt": "", "img": "https://www.mlbstatic.com/team-logos/121.svg", "team": "nym", "start": "", "in": "4", "result": "Groundout", "evo": "103.2", "la": "-17", "dist": "9"}, {"player": "manny machado", "game": "sd @ nym", "gameIdx": 0, "hr/park": "", "pa": "23", "dt": "", "img": "https://www.mlbstatic.com/team-logos/135.svg", "team": "sd", "start": "", "in": "4", "result": "Strikeout", "evo": "", "la": "", "dist": ""}, {"player": "jake cronenworth", "game": "sd @ nym", "gameIdx": 0, "hr/park": "1/30", "pa": "22", "dt": "", "img": "https://www.mlbstatic.com/team-logos/135.svg", "team": "sd", "start": "", "in": "4", "result": "Flyout", "evo": "99.5", "la": "32", "dist": "363"}, {"player": "jurickson profar", "game": "sd @ nym", "gameIdx": 0, "hr/park": "", "pa": "21", "dt": "", "img": "https://www.mlbstatic.com/team-logos/135.svg", "team": "sd", "start": "", "in": "4", "result": "Strikeout", "evo": "", "la": "", "dist": ""}, {"player": "starling marte", "game": "sd @ nym", "gameIdx": 0, "hr/park": "", "pa": "20", "dt": "", "img": "https://www.mlbstatic.com/team-logos/121.svg", "team": "nym", "start": "", "in": "3", "result": "Strikeout", "evo": "", "la": "", "dist": ""}, {"player": "brandon nimmo", "game": "sd @ nym", "gameIdx": 0, "hr/park": "0/30", "pa": "19", "dt": "", "img": "https://www.mlbstatic.com/team-logos/121.svg", "team": "nym", "start": "", "in": "3", "result": "Flyout", "evo": "93.8", "la": "26", "dist": "355"}, {"player": "tomas nido", "game": "sd @ nym", "gameIdx": 0, "hr/park": "", "pa": "18", "dt": "", "img": "https://www.mlbstatic.com/team-logos/121.svg", "team": "nym", "start": "", "in": "3", "result": "Sac Bunt", "evo": "23.2", "la": "-7", "dist": "10"}, {"player": "jd davis", "game": "sd @ nym", "gameIdx": 0, "hr/park": "", "pa": "17", "dt": "", "img": "https://www.mlbstatic.com/team-logos/121.svg", "team": "nym", "start": "", "in": "3", "result": "Single", "evo": "105.9", "la": "-12", "dist": "12"}, {"player": "ha seong kim", "game": "sd @ nym", "gameIdx": 0, "hr/park": "0/30", "pa": "16", "dt": "", "img": "https://www.mlbstatic.com/team-logos/135.svg", "team": "sd", "start": "", "in": "3", "result": "Flyout", "evo": "84.4", "la": "33", "dist": "313"}, {"player": "trent grisham", "game": "sd @ nym", "gameIdx": 0, "hr/park": "", "pa": "15", "dt": "", "img": "https://www.mlbstatic.com/team-logos/135.svg", "team": "sd", "start": "", "in": "3", "result": "Strikeout", "evo": "", "la": "", "dist": ""}, {"player": "jorge alfaro", "game": "sd @ nym", "gameIdx": 0, "hr/park": "", "pa": "14", "dt": "", "img": "https://www.mlbstatic.com/team-logos/135.svg", "team": "sd", "start": "", "in": "3", "result": "Pop Out", "evo": "55.1", "la": "42", "dist": "159"}, {"player": "luis guillorme", "game": "sd @ nym", "gameIdx": 0, "hr/park": "", "pa": "13", "dt": "", "img": "https://www.mlbstatic.com/team-logos/121.svg", "team": "nym", "start": "", "in": "2", "result": "GIDP", "evo": "94.0", "la": "-1", "dist": "48"}, {"player": "eduardo escobar", "game": "sd @ nym", "gameIdx": 0, "hr/park": "", "pa": "12", "dt": "", "img": "https://www.mlbstatic.com/team-logos/121.svg", "team": "nym", "start": "", "in": "2", "result": "Forceout", "evo": "75.8", "la": "-38", "dist": "4"}, {"player": "mark canha", "game": "sd @ nym", "gameIdx": 0, "hr/park": "", "pa": "11", "dt": "", "img": "https://www.mlbstatic.com/team-logos/121.svg", "team": "nym", "start": "", "in": "2", "result": "Walk", "evo": "", "la": "", "dist": ""}, {"player": "pete alonso", "game": "sd @ nym", "gameIdx": 0, "hr/park": "", "pa": "10", "dt": "", "img": "https://www.mlbstatic.com/team-logos/121.svg", "team": "nym", "start": "", "in": "2", "result": "Single", "evo": "89.5", "la": "9", "dist": "168"}, {"player": "eric hosmer", "game": "sd @ nym", "gameIdx": 0, "hr/park": "", "pa": "9", "dt": "", "img": "https://www.mlbstatic.com/team-logos/135.svg", "team": "sd", "start": "", "in": "2", "result": "Groundout", "evo": "66.6", "la": "-12", "dist": "12"}, {"player": "luke voit", "game": "sd @ nym", "gameIdx": 0, "hr/park": "", "pa": "8", "dt": "", "img": "https://www.mlbstatic.com/team-logos/135.svg", "team": "sd", "start": "", "in": "2", "result": "Strikeout", "evo": "", "la": "", "dist": ""}, {"player": "nomar mazara", "game": "sd @ nym", "gameIdx": 0, "hr/park": "", "pa": "7", "dt": "", "img": "https://www.mlbstatic.com/team-logos/135.svg", "team": "sd", "start": "", "in": "2", "result": "Flyout", "evo": "81.7", "la": "51", "dist": "240"}, {"player": "francisco lindor", "game": "sd @ nym", "gameIdx": 0, "hr/park": "", "pa": "6", "dt": "", "img": "https://www.mlbstatic.com/team-logos/121.svg", "team": "nym", "start": "", "in": "1", "result": "Strikeout", "evo": "", "la": "", "dist": ""}, {"player": "starling marte", "game": "sd @ nym", "gameIdx": 0, "hr/park": "", "pa": "5", "dt": "", "img": "https://www.mlbstatic.com/team-logos/121.svg", "team": "nym", "start": "", "in": "1", "result": "Strikeout", "evo": "", "la": "", "dist": ""}, {"player": "brandon nimmo", "game": "sd @ nym", "gameIdx": 0, "hr/park": "0/30", "pa": "4", "dt": "", "img": "https://www.mlbstatic.com/team-logos/121.svg", "team": "nym", "start": "", "in": "1", "result": "Flyout", "evo": "90.8", "la": "27", "dist": "339"}, {"player": "manny machado", "game": "sd @ nym", "gameIdx": 0, "hr/park": "0/30", "pa": "3", "dt": "", "img": "https://www.mlbstatic.com/team-logos/135.svg", "team": "sd", "start": "", "in": "1", "result": "Lineout", "evo": "100.4", "la": "17", "dist": "312"}, {"player": "jake cronenworth", "game": "sd @ nym", "gameIdx": 0, "hr/park": "", "pa": "2", "dt": "", "img": "https://www.mlbstatic.com/team-logos/135.svg", "team": "sd", "start": "", "in": "1", "result": "Strikeout", "evo": "", "la": "", "dist": ""}, {"player": "jurickson profar", "game": "sd @ nym", "gameIdx": 0, "hr/park": "", "pa": "1", "dt": "", "img": "https://www.mlbstatic.com/team-logos/135.svg", "team": "sd", "start": "", "in": "1", "result": "Strikeout", "evo": "", "la": "", "dist": ""}], "tb @ kc": [], "col @ mil": [], "sf @ lad": [], "laa @ atl": [], "wsh @ ari": [], "tex @ ath": []}