{"all": {"pitchers": "9", "batters": "19", "pitches": "288", "max velomax pitch velocity": "95.5", "min velomin pitch velocity": "72.8", "ff%fourseam fastball %": "39.9", "si%sinker %": "5.2", "fc%cutter %": "20.5", "fs%splitter %": "1.0", "ch%changeup %": "4.9", "sl%slider %": "10.4", "cu%curve %": "18.1", "max evmax exit velocity": "106.8", "hhhard hit": "16", "hh%hard hit %": "38.1", "brlbarrels": "3", "brl%barrel %": "7.1", "ab": "60", "avg": ".217", "h": "13", "1b": "8", "2b": "4", "3b": "0", "hr": "1", "so": "19", "bipballs in play": "42", "liveGames": 0, "totGames": 17}, "ari @ wsh": [], "sf @ nym": [], "stl @ mia": [], "nyy @ det": [], "tor @ bos": [], "tb @ chc": [], "pit @ mil": [], "laa @ hou": [], "min @ kc": [], "phi @ col": [], "bal @ ath": [], "cin @ sd": [], "tex @ sea": [], "atl @ lad": [], "chw @ cle": []}