{"all": {"pitchers": "6", "batters": "19", "pitches": "268", "max velomax pitch velocity": "101.2", "min velomin pitch velocity": "73.0", "ff%fourseam fastball %": "54.9", "si%sinker %": "2.2", "fc%cutter %": "0.0", "fs%splitter %": "0.0", "ch%changeup %": "8.2", "sl%slider %": "23.9", "cu%curve %": "10.8", "max evmax exit velocity": "108.5", "hhhard hit": "18", "hh%hard hit %": "36.7", "brlbarrels": "5", "brl%barrel %": "10.2", "ab": "60", "avg": ".183", "h": "11", "1b": "5", "2b": "5", "3b": "0", "hr": "1", "so": "13", "bipballs in play": "49", "liveGames": 0, "totGames": 10}, "tb @ bal": [], "mia @ cin": [], "phi @ pit": [], "kc @ nyy": [], "det @ tor": [], "cle @ bos": [], "sea @ hou": [{"player": "cal raleigh", "game": "sea @ hou", "gameIdx": 0, "hr/park": "", "pa": "66", "dt": "", "img": "https://www.mlbstatic.com/team-logos/136.svg", "team": "sea", "start": "", "in": "9", "result": "Strikeout", "evo": "", "la": "", "dist": ""}, {"player": "jp crawford", "game": "sea @ hou", "gameIdx": 0, "hr/park": "", "pa": "65", "dt": "", "img": "https://www.mlbstatic.com/team-logos/136.svg", "team": "sea", "start": "", "in": "9", "result": "Single", "evo": "89.5", "la": "-7", "dist": "18"}, {"player": "eugenio suarez", "game": "sea @ hou", "gameIdx": 0, "hr/park": "", "pa": "64", "dt": "", "img": "https://www.mlbstatic.com/team-logos/136.svg", "team": "sea", "start": "", "in": "9", "result": "Strikeout", "evo": "", "la": "", "dist": ""}, {"player": "carlos santana", "game": "sea @ hou", "gameIdx": 0, "hr/park": "", "pa": "63", "dt": "", "img": "https://www.mlbstatic.com/team-logos/136.svg", "team": "sea", "start": "", "in": "9", "result": "Pop Out", "evo": "60.8", "la": "69", "dist": "88"}, {"player": "jeremy pena", "game": "sea @ hou", "gameIdx": 0, "hr/park": "", "pa": "62", "dt": "", "img": "https://www.mlbstatic.com/team-logos/117.svg", "team": "hou", "start": "", "in": "8", "result": "Groundout", "evo": "78.4", "la": "5", "dist": "79"}, {"player": "kyle tucker", "game": "sea @ hou", "gameIdx": 0, "hr/park": "", "pa": "61", "dt": "", "img": "https://www.mlbstatic.com/team-logos/117.svg", "team": "hou", "start": "", "in": "8", "result": "Groundout", "evo": "101.5", "la": "-20", "dist": "6"}, {"player": "alex bregman", "game": "sea @ hou", "gameIdx": 0, "hr/park": "10/30", "pa": "60", "dt": "", "img": "https://www.mlbstatic.com/team-logos/117.svg", "team": "hou", "start": "", "in": "8", "result": "Double", "evo": "100.3", "la": "28", "dist": "374"}, {"player": "yordan alvarez", "game": "sea @ hou", "gameIdx": 0, "hr/park": "", "pa": "59", "dt": "", "img": "https://www.mlbstatic.com/team-logos/117.svg", "team": "hou", "start": "", "in": "8", "result": "Strikeout", "evo": "", "la": "", "dist": ""}, {"player": "yuli gurriel", "game": "sea @ hou", "gameIdx": 0, "hr/park": "", "pa": "58", "dt": "", "img": "https://www.mlbstatic.com/team-logos/117.svg", "team": "hou", "start": "", "in": "8", "result": "Hit By Pitch", "evo": "", "la": "", "dist": ""}, {"player": "ty france", "game": "sea @ hou", "gameIdx": 0, "hr/park": "", "pa": "57", "dt": "", "img": "https://www.mlbstatic.com/team-logos/136.svg", "team": "sea", "start": "", "in": "8", "result": "Groundout", "evo": "30.6", "la": "-46", "dist": "3"}, {"player": "julio rodriguez", "game": "sea @ hou", "gameIdx": 0, "hr/park": "", "pa": "56", "dt": "", "img": "https://www.mlbstatic.com/team-logos/136.svg", "team": "sea", "start": "", "in": "8", "result": "Groundout", "evo": "83.2", "la": "1", "dist": "54"}, {"player": "kyle lewis", "game": "sea @ hou", "gameIdx": 0, "hr/park": "", "pa": "55", "dt": "", "img": "https://www.mlbstatic.com/team-logos/136.svg", "team": "sea", "start": "", "in": "8", "result": "Pop Out", "evo": "70.9", "la": "76", "dist": "54"}, {"player": "jose altuve", "game": "sea @ hou", "gameIdx": 0, "hr/park": "0/30", "pa": "54", "dt": "", "img": "https://www.mlbstatic.com/team-logos/117.svg", "team": "hou", "start": "", "in": "7", "result": "Flyout", "evo": "84.8", "la": "25", "dist": "303"}, {"player": "martin maldonado", "game": "sea @ hou", "gameIdx": 0, "hr/park": "", "pa": "53", "dt": "", "img": "https://www.mlbstatic.com/team-logos/117.svg", "team": "hou", "start": "", "in": "7", "result": "Strikeout", "evo": "", "la": "", "dist": ""}, {"player": "jake meyers", "game": "sea @ hou", "gameIdx": 0, "hr/park": "", "pa": "52", "dt": "", "img": "https://www.mlbstatic.com/team-logos/117.svg", "team": "hou", "start": "", "in": "7", "result": "Flyout", "evo": "85.2", "la": "34", "dist": "277"}, {"player": "adam frazier", "game": "sea @ hou", "gameIdx": 0, "hr/park": "0/30", "pa": "51", "dt": "", "img": "https://www.mlbstatic.com/team-logos/136.svg", "team": "sea", "start": "", "in": "7", "result": "Lineout", "evo": "96.9", "la": "20", "dist": "329"}, {"player": "jesse winker", "game": "sea @ hou", "gameIdx": 0, "hr/park": "0/30", "pa": "50", "dt": "", "img": "https://www.mlbstatic.com/team-logos/136.svg", "team": "sea", "start": "", "in": "7", "result": "Lineout", "evo": "100.1", "la": "19", "dist": "332"}, {"player": "cal raleigh", "game": "sea @ hou", "gameIdx": 0, "hr/park": "", "pa": "49", "dt": "", "img": "https://www.mlbstatic.com/team-logos/136.svg", "team": "sea", "start": "", "in": "7", "result": "Double", "evo": "93.1", "la": "13", "dist": "208"}, {"player": "jp crawford", "game": "sea @ hou", "gameIdx": 0, "hr/park": "", "pa": "48", "dt": "", "img": "https://www.mlbstatic.com/team-logos/136.svg", "team": "sea", "start": "", "in": "7", "result": "Groundout", "evo": "85.4", "la": "-15", "dist": "10"}, {"player": "chas mccormick", "game": "sea @ hou", "gameIdx": 0, "hr/park": "", "pa": "47", "dt": "", "img": "https://www.mlbstatic.com/team-logos/117.svg", "team": "hou", "start": "", "in": "6", "result": "Strikeout", "evo": "", "la": "", "dist": ""}, {"player": "jeremy pena", "game": "sea @ hou", "gameIdx": 0, "hr/park": "", "pa": "46", "dt": "", "img": "https://www.mlbstatic.com/team-logos/117.svg", "team": "hou", "start": "", "in": "6", "result": "Walk", "evo": "", "la": "", "dist": ""}, {"player": "kyle tucker", "game": "sea @ hou", "gameIdx": 0, "hr/park": "", "pa": "45", "dt": "", "img": "https://www.mlbstatic.com/team-logos/117.svg", "team": "hou", "start": "", "in": "6", "result": "Groundout", "evo": "85.1", "la": "-4", "dist": "25"}, {"player": "alex bregman", "game": "sea @ hou", "gameIdx": 0, "hr/park": "", "pa": "44", "dt": "", "img": "https://www.mlbstatic.com/team-logos/117.svg", "team": "hou", "start": "", "in": "6", "result": "Strikeout", "evo": "", "la": "", "dist": ""}, {"player": "eugenio suarez", "game": "sea @ hou", "gameIdx": 0, "hr/park": "0/30", "pa": "43", "dt": "", "img": "https://www.mlbstatic.com/team-logos/136.svg", "team": "sea", "start": "", "in": "6", "result": "Flyout", "evo": "100.5", "la": "48", "dist": "307"}, {"player": "carlos santana", "game": "sea @ hou", "gameIdx": 0, "hr/park": "", "pa": "42", "dt": "", "img": "https://www.mlbstatic.com/team-logos/136.svg", "team": "sea", "start": "", "in": "6", "result": "GIDP", "evo": "88.9", "la": "-18", "dist": "5"}, {"player": "ty france", "game": "sea @ hou", "gameIdx": 0, "hr/park": "0/30", "pa": "41", "dt": "", "img": "https://www.mlbstatic.com/team-logos/136.svg", "team": "sea", "start": "", "in": "6", "result": "Single", "evo": "90.9", "la": "30", "dist": "327"}, {"player": "yordan alvarez", "game": "sea @ hou", "gameIdx": 0, "hr/park": "", "pa": "40", "dt": "", "img": "https://www.mlbstatic.com/team-logos/117.svg", "team": "hou", "start": "", "in": "5", "result": "Pop Out", "evo": "94.7", "la": "71", "dist": "133"}, {"player": "yuli gurriel", "game": "sea @ hou", "gameIdx": 0, "hr/park": "", "pa": "39", "dt": "", "img": "https://www.mlbstatic.com/team-logos/117.svg", "team": "hou", "start": "", "in": "5", "result": "Single", "evo": "105.2", "la": "3", "dist": "90"}, {"player": "jose altuve", "game": "sea @ hou", "gameIdx": 0, "hr/park": "", "pa": "38", "dt": "", "img": "https://www.mlbstatic.com/team-logos/117.svg", "team": "hou", "start": "", "in": "5", "result": "Strikeout", "evo": "", "la": "", "dist": ""}, {"player": "martin maldonado", "game": "sea @ hou", "gameIdx": 0, "hr/park": "0/30", "pa": "37", "dt": "", "img": "https://www.mlbstatic.com/team-logos/117.svg", "team": "hou", "start": "", "in": "5", "result": "Flyout", "evo": "92.5", "la": "34", "dist": "322"}, {"player": "julio rodriguez", "game": "sea @ hou", "gameIdx": 0, "hr/park": "", "pa": "36", "dt": "", "img": "https://www.mlbstatic.com/team-logos/136.svg", "team": "sea", "start": "", "in": "5", "result": "Strikeout", "evo": "", "la": "", "dist": ""}, {"player": "dylan moore", "game": "sea @ hou", "gameIdx": 0, "hr/park": "", "pa": "35", "dt": "", "img": "https://www.mlbstatic.com/team-logos/136.svg", "team": "sea", "start": "", "in": "5", "result": "Pop Out", "evo": "86.2", "la": "82", "dist": "16"}, {"player": "adam frazier", "game": "sea @ hou", "gameIdx": 0, "hr/park": "4/30", "pa": "34", "dt": "", "img": "https://www.mlbstatic.com/team-logos/136.svg", "team": "sea", "start": "", "in": "5", "result": "Flyout", "evo": "98.3", "la": "39", "dist": "361"}, {"player": "jake meyers", "game": "sea @ hou", "gameIdx": 0, "hr/park": "", "pa": "33", "dt": "", "img": "https://www.mlbstatic.com/team-logos/117.svg", "team": "hou", "start": "", "in": "4", "result": "Lineout", "evo": "101.7", "la": "16", "dist": "286"}, {"player": "chas mccormick", "game": "sea @ hou", "gameIdx": 0, "hr/park": "", "pa": "32", "dt": "", "img": "https://www.mlbstatic.com/team-logos/117.svg", "team": "hou", "start": "", "in": "4", "result": "Single", "evo": "45.6", "la": "-73", "dist": "2"}, {"player": "jeremy pena", "game": "sea @ hou", "gameIdx": 0, "hr/park": "", "pa": "31", "dt": "", "img": "https://www.mlbstatic.com/team-logos/117.svg", "team": "hou", "start": "", "in": "4", "result": "Strikeout", "evo": "", "la": "", "dist": ""}, {"player": "kyle tucker", "game": "sea @ hou", "gameIdx": 0, "hr/park": "", "pa": "30", "dt": "", "img": "https://www.mlbstatic.com/team-logos/117.svg", "team": "hou", "start": "", "in": "4", "result": "Groundout", "evo": "93.2", "la": "-3", "dist": "24"}, {"player": "jesse winker", "game": "sea @ hou", "gameIdx": 0, "hr/park": "0/30", "pa": "29", "dt": "", "img": "https://www.mlbstatic.com/team-logos/136.svg", "team": "sea", "start": "", "in": "4", "result": "Flyout", "evo": "86.0", "la": "37", "dist": "311"}, {"player": "cal raleigh", "game": "sea @ hou", "gameIdx": 0, "hr/park": "0/30", "pa": "28", "dt": "", "img": "https://www.mlbstatic.com/team-logos/136.svg", "team": "sea", "start": "", "in": "4", "result": "Flyout", "evo": "91.2", "la": "40", "dist": "316"}, {"player": "jp crawford", "game": "sea @ hou", "gameIdx": 0, "hr/park": "0/30", "pa": "27", "dt": "", "img": "https://www.mlbstatic.com/team-logos/136.svg", "team": "sea", "start": "", "in": "4", "result": "Flyout", "evo": "91.2", "la": "38", "dist": "322"}, {"player": "alex bregman", "game": "sea @ hou", "gameIdx": 0, "hr/park": "", "pa": "26", "dt": "", "img": "https://www.mlbstatic.com/team-logos/117.svg", "team": "hou", "start": "", "in": "3", "result": "Forceout", "evo": "98.6", "la": "6", "dist": "116"}, {"player": "yordan alvarez", "game": "sea @ hou", "gameIdx": 0, "hr/park": "", "pa": "25", "dt": "", "img": "https://www.mlbstatic.com/team-logos/117.svg", "team": "hou", "start": "", "in": "3", "result": "Walk", "evo": "", "la": "", "dist": ""}, {"player": "yuli gurriel", "game": "sea @ hou", "gameIdx": 0, "hr/park": "", "pa": "24", "dt": "", "img": "https://www.mlbstatic.com/team-logos/117.svg", "team": "hou", "start": "", "in": "3", "result": "Groundout", "evo": "93.7", "la": "-23", "dist": "10"}, {"player": "jose altuve", "game": "sea @ hou", "gameIdx": 0, "hr/park": "", "pa": "23", "dt": "", "img": "https://www.mlbstatic.com/team-logos/117.svg", "team": "hou", "start": "", "in": "3", "result": "Double", "evo": "90.5", "la": "21", "dist": "247"}, {"player": "martin maldonado", "game": "sea @ hou", "gameIdx": 0, "hr/park": "0/30", "pa": "22", "dt": "", "img": "https://www.mlbstatic.com/team-logos/117.svg", "team": "hou", "start": "", "in": "3", "result": "Lineout", "evo": "101.2", "la": "19", "dist": "340"}, {"player": "eugenio suarez", "game": "sea @ hou", "gameIdx": 0, "hr/park": "", "pa": "21", "dt": "", "img": "https://www.mlbstatic.com/team-logos/136.svg", "team": "sea", "start": "", "in": "3", "result": "Groundout", "evo": "78.5", "la": "-23", "dist": "5"}, {"player": "carlos santana", "game": "sea @ hou", "gameIdx": 0, "hr/park": "", "pa": "20", "dt": "", "img": "https://www.mlbstatic.com/team-logos/136.svg", "team": "sea", "start": "", "in": "3", "result": "Groundout", "evo": "92.7", "la": "-8", "dist": "20"}, {"player": "ty france", "game": "sea @ hou", "gameIdx": 0, "hr/park": "0/30", "pa": "19", "dt": "", "img": "https://www.mlbstatic.com/team-logos/136.svg", "team": "sea", "start": "", "in": "3", "result": "Sac Fly", "evo": "96.4", "la": "37", "dist": "349"}, {"player": "julio rodriguez", "game": "sea @ hou", "gameIdx": 0, "hr/park": "", "pa": "18", "dt": "", "img": "https://www.mlbstatic.com/team-logos/136.svg", "team": "sea", "start": "", "in": "3", "result": "Walk", "evo": "", "la": "", "dist": ""}, {"player": "dylan moore", "game": "sea @ hou", "gameIdx": 0, "hr/park": "", "pa": "17", "dt": "", "img": "https://www.mlbstatic.com/team-logos/136.svg", "team": "sea", "start": "", "in": "3", "result": "Walk", "evo": "", "la": "", "dist": ""}, {"player": "adam frazier", "game": "sea @ hou", "gameIdx": 0, "hr/park": "", "pa": "16", "dt": "", "img": "https://www.mlbstatic.com/team-logos/136.svg", "team": "sea", "start": "", "in": "3", "result": "Single", "evo": "92.5", "la": "10", "dist": "157"}, {"player": "jake meyers", "game": "sea @ hou", "gameIdx": 0, "hr/park": "", "pa": "15", "dt": "", "img": "https://www.mlbstatic.com/team-logos/117.svg", "team": "hou", "start": "", "in": "2", "result": "Strikeout", "evo": "", "la": "", "dist": ""}, {"player": "chas mccormick", "game": "sea @ hou", "gameIdx": 0, "hr/park": "", "pa": "14", "dt": "", "img": "https://www.mlbstatic.com/team-logos/117.svg", "team": "hou", "start": "", "in": "2", "result": "Strikeout", "evo": "", "la": "", "dist": ""}, {"player": "jeremy pena", "game": "sea @ hou", "gameIdx": 0, "hr/park": "", "pa": "13", "dt": "", "img": "https://www.mlbstatic.com/team-logos/117.svg", "team": "hou", "start": "", "in": "2", "result": "Groundout", "evo": "100.6", "la": "-9", "dist": "13"}, {"player": "jesse winker", "game": "sea @ hou", "gameIdx": 0, "hr/park": "", "pa": "12", "dt": "", "img": "https://www.mlbstatic.com/team-logos/136.svg", "team": "sea", "start": "", "in": "2", "result": "Strikeout", "evo": "", "la": "", "dist": ""}, {"player": "cal raleigh", "game": "sea @ hou", "gameIdx": 0, "hr/park": "", "pa": "11", "dt": "", "img": "https://www.mlbstatic.com/team-logos/136.svg", "team": "sea", "start": "", "in": "2", "result": "Strikeout", "evo": "", "la": "", "dist": ""}, {"player": "jp crawford", "game": "sea @ hou", "gameIdx": 0, "hr/park": "", "pa": "10", "dt": "", "img": "https://www.mlbstatic.com/team-logos/136.svg", "team": "sea", "start": "", "in": "2", "result": "Double", "evo": "95.5", "la": "-4", "dist": "36"}, {"player": "eugenio suarez", "game": "sea @ hou", "gameIdx": 0, "hr/park": "0/30", "pa": "9", "dt": "", "img": "https://www.mlbstatic.com/team-logos/136.svg", "team": "sea", "start": "", "in": "2", "result": "Flyout", "evo": "105.2", "la": "38", "dist": "383"}, {"player": "kyle tucker", "game": "sea @ hou", "gameIdx": 0, "hr/park": "0/30", "pa": "8", "dt": "", "img": "https://www.mlbstatic.com/team-logos/117.svg", "team": "hou", "start": "", "in": "1", "result": "Flyout", "evo": "90.4", "la": "27", "dist": "327"}, {"player": "alex bregman", "game": "sea @ hou", "gameIdx": 0, "hr/park": "29/30", "pa": "7", "dt": "", "img": "https://www.mlbstatic.com/team-logos/117.svg", "team": "hou", "start": "", "in": "1", "result": "Home Run", "evo": "106.5", "la": "23", "dist": "384"}, {"player": "yordan alvarez", "game": "sea @ hou", "gameIdx": 0, "hr/park": "0/30", "pa": "6", "dt": "", "img": "https://www.mlbstatic.com/team-logos/117.svg", "team": "hou", "start": "", "in": "1", "result": "Double", "evo": "108.5", "la": "17", "dist": "310"}, {"player": "yuli gurriel", "game": "sea @ hou", "gameIdx": 0, "hr/park": "", "pa": "5", "dt": "", "img": "https://www.mlbstatic.com/team-logos/117.svg", "team": "hou", "start": "", "in": "1", "result": "Groundout", "evo": "104.9", "la": "-13", "dist": "11"}, {"player": "jose altuve", "game": "sea @ hou", "gameIdx": 0, "hr/park": "", "pa": "4", "dt": "", "img": "https://www.mlbstatic.com/team-logos/117.svg", "team": "hou", "start": "", "in": "1", "result": "Groundout", "evo": "82.7", "la": "-30", "dist": "7"}, {"player": "carlos santana", "game": "sea @ hou", "gameIdx": 0, "hr/park": "", "pa": "3", "dt": "", "img": "https://www.mlbstatic.com/team-logos/136.svg", "team": "sea", "start": "", "in": "1", "result": "Groundout", "evo": "79.3", "la": "9", "dist": "122"}, {"player": "ty france", "game": "sea @ hou", "gameIdx": 0, "hr/park": "", "pa": "2", "dt": "", "img": "https://www.mlbstatic.com/team-logos/136.svg", "team": "sea", "start": "", "in": "1", "result": "Groundout", "evo": "83.6", "la": "-15", "dist": "8"}, {"player": "julio rodriguez", "game": "sea @ hou", "gameIdx": 0, "hr/park": "0/30", "pa": "1", "dt": "", "img": "https://www.mlbstatic.com/team-logos/136.svg", "team": "sea", "start": "", "in": "1", "result": "Flyout", "evo": "103.8", "la": "24", "dist": "391"}], "lad @ col": [], "tex @ laa": [], "chc @ sf": []}