{"all": {"pitchers": "7", "batters": "20", "pitches": "315", "max velomax pitch velocity": "96.9", "min velomin pitch velocity": "73.6", "ff%fourseam fastball %": "40.0", "si%sinker %": "11.7", "fc%cutter %": "0.0", "fs%splitter %": "0.0", "ch%changeup %": "0.3", "sl%slider %": "26.7", "cu%curve %": "21.3", "max evmax exit velocity": "117.7", "hhhard hit": "27", "hh%hard hit %": "50.9", "brlbarrels": "5", "brl%barrel %": "9.4", "ab": "69", "avg": ".304", "h": "21", "1b": "13", "2b": "5", "3b": "2", "hr": "1", "so": "15", "bipballs in play": "53", "liveGames": 0, "totGames": 15}, "sf @ chc": [], "stl @ pit": [{"player": "brendan donovan", "game": "stl @ pit", "gameIdx": 0, "hr/park": "", "pa": "75", "dt": "", "img": "https://www.mlbstatic.com/team-logos/138.svg", "team": "stl", "start": "", "in": "9", "result": "Groundout", "evo": "90.6", "la": "-3", "dist": "24"}, {"player": "lars nootbaar", "game": "stl @ pit", "gameIdx": 0, "hr/park": "", "pa": "74", "dt": "", "img": "https://www.mlbstatic.com/team-logos/138.svg", "team": "stl", "start": "", "in": "9", "result": "Strikeout", "evo": "", "la": "", "dist": ""}, {"player": "nolan gorman", "game": "stl @ pit", "gameIdx": 0, "hr/park": "", "pa": "73", "dt": "", "img": "https://www.mlbstatic.com/team-logos/138.svg", "team": "stl", "start": "", "in": "9", "result": "Flyout", "evo": "76.2", "la": "36", "dist": "272"}, {"player": "bryan reynolds", "game": "stl @ pit", "gameIdx": 0, "hr/park": "", "pa": "72", "dt": "", "img": "https://www.mlbstatic.com/team-logos/134.svg", "team": "pit", "start": "", "in": "8", "result": "Flyout", "evo": "98.3", "la": "57", "dist": "231"}, {"player": "oneil cruz", "game": "stl @ pit", "gameIdx": 0, "hr/park": "", "pa": "71", "dt": "", "img": "https://www.mlbstatic.com/team-logos/134.svg", "team": "pit", "start": "", "in": "8", "result": "Single", "evo": "117.7", "la": "-2", "dist": "43"}, {"player": "jason delay", "game": "stl @ pit", "gameIdx": 0, "hr/park": "", "pa": "70", "dt": "", "img": "https://www.mlbstatic.com/team-logos/134.svg", "team": "pit", "start": "", "in": "8", "result": "Strikeout", "evo": "", "la": "", "dist": ""}, {"player": "cal mitchell", "game": "stl @ pit", "gameIdx": 0, "hr/park": "", "pa": "69", "dt": "", "img": "https://www.mlbstatic.com/team-logos/134.svg", "team": "pit", "start": "", "in": "8", "result": "Single", "evo": "99.8", "la": "-20", "dist": "8"}, {"player": "michael chavis", "game": "stl @ pit", "gameIdx": 0, "hr/park": "0/30", "pa": "68", "dt": "", "img": "https://www.mlbstatic.com/team-logos/134.svg", "team": "pit", "start": "", "in": "8", "result": "Triple", "evo": "107.9", "la": "15", "dist": "352"}, {"player": "jack suwinski", "game": "stl @ pit", "gameIdx": 0, "hr/park": "", "pa": "67", "dt": "", "img": "https://www.mlbstatic.com/team-logos/134.svg", "team": "pit", "start": "", "in": "8", "result": "Single", "evo": "90.6", "la": "4", "dist": "83"}, {"player": "kebryan hayes", "game": "stl @ pit", "gameIdx": 0, "hr/park": "", "pa": "66", "dt": "", "img": "https://www.mlbstatic.com/team-logos/134.svg", "team": "pit", "start": "", "in": "8", "result": "Strikeout", "evo": "", "la": "", "dist": ""}, {"player": "ben gamel", "game": "stl @ pit", "gameIdx": 0, "hr/park": "", "pa": "65", "dt": "", "img": "https://www.mlbstatic.com/team-logos/134.svg", "team": "pit", "start": "", "in": "8", "result": "Walk", "evo": "", "la": "", "dist": ""}, {"player": "albert pujols", "game": "stl @ pit", "gameIdx": 0, "hr/park": "", "pa": "64", "dt": "", "img": "https://www.mlbstatic.com/team-logos/138.svg", "team": "stl", "start": "", "in": "8", "result": "Forceout", "evo": "78.0", "la": "6", "dist": "91"}, {"player": "tyler oneill", "game": "stl @ pit", "gameIdx": 0, "hr/park": "", "pa": "63", "dt": "", "img": "https://www.mlbstatic.com/team-logos/138.svg", "team": "stl", "start": "", "in": "8", "result": "Single", "evo": "87.9", "la": "3", "dist": "54"}, {"player": "corey dickerson", "game": "stl @ pit", "gameIdx": 0, "hr/park": "", "pa": "62", "dt": "", "img": "https://www.mlbstatic.com/team-logos/138.svg", "team": "stl", "start": "", "in": "8", "result": "Groundout", "evo": "75.7", "la": "9", "dist": "131"}, {"player": "nolan arenado", "game": "stl @ pit", "gameIdx": 0, "hr/park": "", "pa": "61", "dt": "", "img": "https://www.mlbstatic.com/team-logos/138.svg", "team": "stl", "start": "", "in": "8", "result": "Strikeout", "evo": "", "la": "", "dist": ""}, {"player": "rodolfo castro", "game": "stl @ pit", "gameIdx": 0, "hr/park": "", "pa": "60", "dt": "", "img": "https://www.mlbstatic.com/team-logos/134.svg", "team": "pit", "start": "", "in": "7", "result": "Single", "evo": "80.1", "la": "22", "dist": "245"}, {"player": "bryan reynolds", "game": "stl @ pit", "gameIdx": 0, "hr/park": "1/30", "pa": "59", "dt": "", "img": "https://www.mlbstatic.com/team-logos/134.svg", "team": "pit", "start": "", "in": "7", "result": "Double", "evo": "98.6", "la": "38", "dist": "334"}, {"player": "oneil cruz", "game": "stl @ pit", "gameIdx": 0, "hr/park": "", "pa": "58", "dt": "", "img": "https://www.mlbstatic.com/team-logos/134.svg", "team": "pit", "start": "", "in": "7", "result": "Strikeout", "evo": "", "la": "", "dist": ""}, {"player": "paul goldschmidt", "game": "stl @ pit", "gameIdx": 0, "hr/park": "", "pa": "57", "dt": "", "img": "https://www.mlbstatic.com/team-logos/138.svg", "team": "stl", "start": "", "in": "7", "result": "Strikeout", "evo": "", "la": "", "dist": ""}, {"player": "tommy edman", "game": "stl @ pit", "gameIdx": 0, "hr/park": "", "pa": "56", "dt": "", "img": "https://www.mlbstatic.com/team-logos/138.svg", "team": "stl", "start": "", "in": "7", "result": "Double", "evo": "80.9", "la": "31", "dist": "282"}, {"player": "brendan donovan", "game": "stl @ pit", "gameIdx": 0, "hr/park": "", "pa": "55", "dt": "", "img": "https://www.mlbstatic.com/team-logos/138.svg", "team": "stl", "start": "", "in": "7", "result": "Strikeout", "evo": "", "la": "", "dist": ""}, {"player": "lars nootbaar", "game": "stl @ pit", "gameIdx": 0, "hr/park": "", "pa": "54", "dt": "", "img": "https://www.mlbstatic.com/team-logos/138.svg", "team": "stl", "start": "", "in": "7", "result": "Walk", "evo": "", "la": "", "dist": ""}, {"player": "andrew knizner", "game": "stl @ pit", "gameIdx": 0, "hr/park": "", "pa": "53", "dt": "", "img": "https://www.mlbstatic.com/team-logos/138.svg", "team": "stl", "start": "", "in": "7", "result": "Groundout", "evo": "103.5", "la": "2", "dist": "65"}, {"player": "jason delay", "game": "stl @ pit", "gameIdx": 0, "hr/park": "", "pa": "52", "dt": "", "img": "https://www.mlbstatic.com/team-logos/134.svg", "team": "pit", "start": "", "in": "6", "result": "Groundout", "evo": "95.6", "la": "5", "dist": "88"}, {"player": "cal mitchell", "game": "stl @ pit", "gameIdx": 0, "hr/park": "4/30", "pa": "51", "dt": "", "img": "https://www.mlbstatic.com/team-logos/134.svg", "team": "pit", "start": "", "in": "6", "result": "Single", "evo": "101.9", "la": "23", "dist": "379"}, {"player": "michael chavis", "game": "stl @ pit", "gameIdx": 0, "hr/park": "", "pa": "50", "dt": "", "img": "https://www.mlbstatic.com/team-logos/134.svg", "team": "pit", "start": "", "in": "6", "result": "Groundout", "evo": "83.0", "la": "-45", "dist": "3"}, {"player": "jack suwinski", "game": "stl @ pit", "gameIdx": 0, "hr/park": "", "pa": "49", "dt": "", "img": "https://www.mlbstatic.com/team-logos/134.svg", "team": "pit", "start": "", "in": "6", "result": "Pop Out", "evo": "64.5", "la": "26", "dist": "161"}, {"player": "albert pujols", "game": "stl @ pit", "gameIdx": 0, "hr/park": "", "pa": "48", "dt": "", "img": "https://www.mlbstatic.com/team-logos/138.svg", "team": "stl", "start": "", "in": "6", "result": "GIDP", "evo": "103.3", "la": "-21", "dist": "8"}, {"player": "tyler oneill", "game": "stl @ pit", "gameIdx": 0, "hr/park": "", "pa": "47", "dt": "", "img": "https://www.mlbstatic.com/team-logos/138.svg", "team": "stl", "start": "", "in": "6", "result": "Walk", "evo": "", "la": "", "dist": ""}, {"player": "corey dickerson", "game": "stl @ pit", "gameIdx": 0, "hr/park": "", "pa": "46", "dt": "", "img": "https://www.mlbstatic.com/team-logos/138.svg", "team": "stl", "start": "", "in": "6", "result": "Forceout", "evo": "71.8", "la": "-23", "dist": "7"}, {"player": "nolan arenado", "game": "stl @ pit", "gameIdx": 0, "hr/park": "", "pa": "45", "dt": "", "img": "https://www.mlbstatic.com/team-logos/138.svg", "team": "stl", "start": "", "in": "6", "result": "Single", "evo": "102.7", "la": "10", "dist": "162"}, {"player": "paul goldschmidt", "game": "stl @ pit", "gameIdx": 0, "hr/park": "", "pa": "44", "dt": "", "img": "https://www.mlbstatic.com/team-logos/138.svg", "team": "stl", "start": "", "in": "6", "result": "Double", "evo": "103.5", "la": "2", "dist": "84"}, {"player": "kebryan hayes", "game": "stl @ pit", "gameIdx": 0, "hr/park": "", "pa": "43", "dt": "", "img": "https://www.mlbstatic.com/team-logos/134.svg", "team": "pit", "start": "", "in": "5", "result": "Strikeout", "evo": "", "la": "", "dist": ""}, {"player": "ben gamel", "game": "stl @ pit", "gameIdx": 0, "hr/park": "", "pa": "42", "dt": "", "img": "https://www.mlbstatic.com/team-logos/134.svg", "team": "pit", "start": "", "in": "5", "result": "Forceout", "evo": "55.9", "la": "-16", "dist": "10"}, {"player": "rodolfo castro", "game": "stl @ pit", "gameIdx": 0, "hr/park": "", "pa": "41", "dt": "", "img": "https://www.mlbstatic.com/team-logos/134.svg", "team": "pit", "start": "", "in": "5", "result": "Strikeout", "evo": "", "la": "", "dist": ""}, {"player": "bryan reynolds", "game": "stl @ pit", "gameIdx": 0, "hr/park": "", "pa": "40", "dt": "", "img": "https://www.mlbstatic.com/team-logos/134.svg", "team": "pit", "start": "", "in": "5", "result": "Single", "evo": "88.5", "la": "-20", "dist": "11"}, {"player": "oneil cruz", "game": "stl @ pit", "gameIdx": 0, "hr/park": "0/30", "pa": "39", "dt": "", "img": "https://www.mlbstatic.com/team-logos/134.svg", "team": "pit", "start": "", "in": "5", "result": "Triple", "evo": "108.5", "la": "18", "dist": "367"}, {"player": "jason delay", "game": "stl @ pit", "gameIdx": 0, "hr/park": "", "pa": "38", "dt": "", "img": "https://www.mlbstatic.com/team-logos/134.svg", "team": "pit", "start": "", "in": "5", "result": "Single", "evo": "97.2", "la": "5", "dist": "116"}, {"player": "cal mitchell", "game": "stl @ pit", "gameIdx": 0, "hr/park": "", "pa": "37", "dt": "", "img": "https://www.mlbstatic.com/team-logos/134.svg", "team": "pit", "start": "", "in": "5", "result": "Single", "evo": "96.6", "la": "7", "dist": "168"}, {"player": "tommy edman", "game": "stl @ pit", "gameIdx": 0, "hr/park": "0/30", "pa": "36", "dt": "", "img": "https://www.mlbstatic.com/team-logos/138.svg", "team": "stl", "start": "", "in": "5", "result": "Flyout", "evo": "95.2", "la": "35", "dist": "372"}, {"player": "brendan donovan", "game": "stl @ pit", "gameIdx": 0, "hr/park": "", "pa": "35", "dt": "", "img": "https://www.mlbstatic.com/team-logos/138.svg", "team": "stl", "start": "", "in": "5", "result": "Groundout", "evo": "91.1", "la": "-18", "dist": "6"}, {"player": "lars nootbaar", "game": "stl @ pit", "gameIdx": 0, "hr/park": "", "pa": "34", "dt": "", "img": "https://www.mlbstatic.com/team-logos/138.svg", "team": "stl", "start": "", "in": "5", "result": "Groundout", "evo": "103.9", "la": "-21", "dist": "8"}, {"player": "michael chavis", "game": "stl @ pit", "gameIdx": 0, "hr/park": "", "pa": "33", "dt": "", "img": "https://www.mlbstatic.com/team-logos/134.svg", "team": "pit", "start": "", "in": "4", "result": "Strikeout", "evo": "", "la": "", "dist": ""}, {"player": "jack suwinski", "game": "stl @ pit", "gameIdx": 0, "hr/park": "", "pa": "32", "dt": "", "img": "https://www.mlbstatic.com/team-logos/134.svg", "team": "pit", "start": "", "in": "4", "result": "Walk", "evo": "", "la": "", "dist": ""}, {"player": "kebryan hayes", "game": "stl @ pit", "gameIdx": 0, "hr/park": "", "pa": "31", "dt": "", "img": "https://www.mlbstatic.com/team-logos/134.svg", "team": "pit", "start": "", "in": "4", "result": "Single", "evo": "111.9", "la": "-3", "dist": "31"}, {"player": "ben gamel", "game": "stl @ pit", "gameIdx": 0, "hr/park": "", "pa": "30", "dt": "", "img": "https://www.mlbstatic.com/team-logos/134.svg", "team": "pit", "start": "", "in": "4", "result": "Flyout", "evo": "77.9", "la": "34", "dist": "274"}, {"player": "rodolfo castro", "game": "stl @ pit", "gameIdx": 0, "hr/park": "", "pa": "29", "dt": "", "img": "https://www.mlbstatic.com/team-logos/134.svg", "team": "pit", "start": "", "in": "4", "result": "Strikeout", "evo": "", "la": "", "dist": ""}, {"player": "andrew knizner", "game": "stl @ pit", "gameIdx": 0, "hr/park": "", "pa": "28", "dt": "", "img": "https://www.mlbstatic.com/team-logos/138.svg", "team": "stl", "start": "", "in": "4", "result": "Pop Out", "evo": "71.5", "la": "52", "dist": "200"}, {"player": "alec burleson", "game": "stl @ pit", "gameIdx": 0, "hr/park": "", "pa": "27", "dt": "", "img": "https://www.mlbstatic.com/team-logos/138.svg", "team": "stl", "start": "", "in": "4", "result": "Field Error", "evo": "55.9", "la": "-74", "dist": "1"}, {"player": "tyler oneill", "game": "stl @ pit", "gameIdx": 0, "hr/park": "", "pa": "26", "dt": "", "img": "https://www.mlbstatic.com/team-logos/138.svg", "team": "stl", "start": "", "in": "4", "result": "Walk", "evo": "", "la": "", "dist": ""}, {"player": "corey dickerson", "game": "stl @ pit", "gameIdx": 0, "hr/park": "", "pa": "25", "dt": "", "img": "https://www.mlbstatic.com/team-logos/138.svg", "team": "stl", "start": "", "in": "4", "result": "Double", "evo": "90.2", "la": "9", "dist": "173"}, {"player": "nolan arenado", "game": "stl @ pit", "gameIdx": 0, "hr/park": "", "pa": "24", "dt": "", "img": "https://www.mlbstatic.com/team-logos/138.svg", "team": "stl", "start": "", "in": "4", "result": "Groundout", "evo": "53.4", "la": "-43", "dist": "5"}, {"player": "paul goldschmidt", "game": "stl @ pit", "gameIdx": 0, "hr/park": "", "pa": "23", "dt": "", "img": "https://www.mlbstatic.com/team-logos/138.svg", "team": "stl", "start": "", "in": "4", "result": "Groundout", "evo": "107.2", "la": "-13", "dist": "6"}, {"player": "bryan reynolds", "game": "stl @ pit", "gameIdx": 0, "hr/park": "", "pa": "22", "dt": "", "img": "https://www.mlbstatic.com/team-logos/134.svg", "team": "pit", "start": "", "in": "3", "result": "Double Play", "evo": "97.0", "la": "11", "dist": "159"}, {"player": "oneil cruz", "game": "stl @ pit", "gameIdx": 0, "hr/park": "", "pa": "21", "dt": "", "img": "https://www.mlbstatic.com/team-logos/134.svg", "team": "pit", "start": "", "in": "3", "result": "Double", "evo": "109.0", "la": "1", "dist": "68"}, {"player": "jason delay", "game": "stl @ pit", "gameIdx": 0, "hr/park": "", "pa": "20", "dt": "", "img": "https://www.mlbstatic.com/team-logos/134.svg", "team": "pit", "start": "", "in": "3", "result": "Strikeout", "evo": "", "la": "", "dist": ""}, {"player": "cal mitchell", "game": "stl @ pit", "gameIdx": 0, "hr/park": "", "pa": "19", "dt": "", "img": "https://www.mlbstatic.com/team-logos/134.svg", "team": "pit", "start": "", "in": "3", "result": "Walk", "evo": "", "la": "", "dist": ""}, {"player": "tommy edman", "game": "stl @ pit", "gameIdx": 0, "hr/park": "", "pa": "18", "dt": "", "img": "https://www.mlbstatic.com/team-logos/138.svg", "team": "stl", "start": "", "in": "3", "result": "Groundout", "evo": "78.9", "la": "-25", "dist": "7"}, {"player": "brendan donovan", "game": "stl @ pit", "gameIdx": 0, "hr/park": "1/30", "pa": "17", "dt": "", "img": "https://www.mlbstatic.com/team-logos/138.svg", "team": "stl", "start": "", "in": "3", "result": "Flyout", "evo": "99.4", "la": "31", "dist": "375"}, {"player": "lars nootbaar", "game": "stl @ pit", "gameIdx": 0, "hr/park": "", "pa": "16", "dt": "", "img": "https://www.mlbstatic.com/team-logos/138.svg", "team": "stl", "start": "", "in": "3", "result": "Groundout", "evo": "104.9", "la": "-16", "dist": "11"}, {"player": "michael chavis", "game": "stl @ pit", "gameIdx": 0, "hr/park": "", "pa": "15", "dt": "", "img": "https://www.mlbstatic.com/team-logos/134.svg", "team": "pit", "start": "", "in": "2", "result": "Strikeout Double Play", "evo": "", "la": "", "dist": ""}, {"player": "jack suwinski", "game": "stl @ pit", "gameIdx": 0, "hr/park": "", "pa": "14", "dt": "", "img": "https://www.mlbstatic.com/team-logos/134.svg", "team": "pit", "start": "", "in": "2", "result": "Strikeout", "evo": "", "la": "", "dist": ""}, {"player": "kebryan hayes", "game": "stl @ pit", "gameIdx": 0, "hr/park": "", "pa": "13", "dt": "", "img": "https://www.mlbstatic.com/team-logos/134.svg", "team": "pit", "start": "", "in": "2", "result": "Single", "evo": "99.5", "la": "4", "dist": "110"}, {"player": "ben gamel", "game": "stl @ pit", "gameIdx": 0, "hr/park": "26/30", "pa": "12", "dt": "", "img": "https://www.mlbstatic.com/team-logos/134.svg", "team": "pit", "start": "", "in": "2", "result": "Home Run", "evo": "104.9", "la": "29", "dist": "418"}, {"player": "andrew knizner", "game": "stl @ pit", "gameIdx": 0, "hr/park": "0/30", "pa": "11", "dt": "", "img": "https://www.mlbstatic.com/team-logos/138.svg", "team": "stl", "start": "", "in": "2", "result": "Flyout", "evo": "95.6", "la": "46", "dist": "300"}, {"player": "alec burleson", "game": "stl @ pit", "gameIdx": 0, "hr/park": "0/30", "pa": "10", "dt": "", "img": "https://www.mlbstatic.com/team-logos/138.svg", "team": "stl", "start": "", "in": "2", "result": "Flyout", "evo": "94.6", "la": "44", "dist": "307"}, {"player": "tyler oneill", "game": "stl @ pit", "gameIdx": 0, "hr/park": "", "pa": "9", "dt": "", "img": "https://www.mlbstatic.com/team-logos/138.svg", "team": "stl", "start": "", "in": "2", "result": "Strikeout", "evo": "", "la": "", "dist": ""}, {"player": "corey dickerson", "game": "stl @ pit", "gameIdx": 0, "hr/park": "", "pa": "8", "dt": "", "img": "https://www.mlbstatic.com/team-logos/138.svg", "team": "stl", "start": "", "in": "2", "result": "Pop Out", "evo": "60.4", "la": "59", "dist": "128"}, {"player": "rodolfo castro", "game": "stl @ pit", "gameIdx": 0, "hr/park": "", "pa": "7", "dt": "", "img": "https://www.mlbstatic.com/team-logos/134.svg", "team": "pit", "start": "", "in": "1", "result": "Groundout", "evo": "88.0", "la": "-3", "dist": "31"}, {"player": "bryan reynolds", "game": "stl @ pit", "gameIdx": 0, "hr/park": "", "pa": "6", "dt": "", "img": "https://www.mlbstatic.com/team-logos/134.svg", "team": "pit", "start": "", "in": "1", "result": "Groundout", "evo": "86.0", "la": "-4", "dist": "29"}, {"player": "oneil cruz", "game": "stl @ pit", "gameIdx": 0, "hr/park": "", "pa": "5", "dt": "", "img": "https://www.mlbstatic.com/team-logos/134.svg", "team": "pit", "start": "", "in": "1", "result": "Strikeout", "evo": "", "la": "", "dist": ""}, {"player": "nolan arenado", "game": "stl @ pit", "gameIdx": 0, "hr/park": "", "pa": "4", "dt": "", "img": "https://www.mlbstatic.com/team-logos/138.svg", "team": "stl", "start": "", "in": "1", "result": "Pop Out", "evo": "69.2", "la": "48", "dist": "197"}, {"player": "paul goldschmidt", "game": "stl @ pit", "gameIdx": 0, "hr/park": "0/30", "pa": "3", "dt": "", "img": "https://www.mlbstatic.com/team-logos/138.svg", "team": "stl", "start": "", "in": "1", "result": "Flyout", "evo": "102.1", "la": "32", "dist": "379"}, {"player": "tommy edman", "game": "stl @ pit", "gameIdx": 0, "hr/park": "", "pa": "2", "dt": "", "img": "https://www.mlbstatic.com/team-logos/138.svg", "team": "stl", "start": "", "in": "1", "result": "Single", "evo": "95.7", "la": "1", "dist": "55"}, {"player": "brendan donovan", "game": "stl @ pit", "gameIdx": 0, "hr/park": "", "pa": "1", "dt": "", "img": "https://www.mlbstatic.com/team-logos/138.svg", "team": "stl", "start": "", "in": "1", "result": "Groundout", "evo": "73.4", "la": "3", "dist": "53"}], "nym @ mia": [], "bos @ bal": [], "wsh @ phi": [], "tb @ nyy": [], "tor @ tex": [], "laa @ hou": [], "det @ kc": [], "cle @ min": [], "cin @ mil": [], "ari @ col": [], "lad @ sd": [], "atl @ sea": [], "chw @ ath": []}