{"all": {"pitchers": "23", "batters": "59", "pitches": "789", "max velomax pitch velocity": "100.9", "min velomin pitch velocity": "49.4", "ff%fourseam fastball %": "35.4", "si%sinker %": "14.8", "fc%cutter %": "6.0", "fs%splitter %": "0.5", "ch%changeup %": "10.9", "sl%slider %": "22.6", "cu%curve %": "8.1", "max evmax exit velocity": "111.4", "hhhard hit": "50", "hh%hard hit %": "33.3", "brlbarrels": "11", "brl%barrel %": "7.3", "ab": "190", "avg": ".216", "h": "41", "1b": "24", "2b": "12", "3b": "0", "hr": "5", "so": "43", "bipballs in play": "150", "liveGames": 0, "totGames": 15}, "bos @ chc": [], "tb @ tor": [{"player": "isaac paredes", "game": "tb @ tor", "gameIdx": 0, "hr/park": "", "pa": "79", "dt": "", "img": "https://www.mlbstatic.com/team-logos/139.svg", "team": "tb", "start": "", "in": "9", "result": "GIDP", "evo": "95.0", "la": "-10", "dist": "18"}, {"player": "wander franco", "game": "tb @ tor", "gameIdx": 0, "hr/park": "", "pa": "78", "dt": "", "img": "https://www.mlbstatic.com/team-logos/139.svg", "team": "tb", "start": "", "in": "9", "result": "Single", "evo": "80.2", "la": "11", "dist": "152"}, {"player": "ji man choi", "game": "tb @ tor", "gameIdx": 0, "hr/park": "", "pa": "77", "dt": "", "img": "https://www.mlbstatic.com/team-logos/139.svg", "team": "tb", "start": "", "in": "9", "result": "Strikeout", "evo": "", "la": "", "dist": ""}, {"player": "vidal brujan", "game": "tb @ tor", "gameIdx": 0, "hr/park": "", "pa": "76", "dt": "", "img": "https://www.mlbstatic.com/team-logos/139.svg", "team": "tb", "start": "", "in": "9", "result": "Pop Out", "evo": "68.8", "la": "59", "dist": "154"}, {"player": "vladimir guerrero", "game": "tb @ tor", "gameIdx": 0, "hr/park": "", "pa": "75", "dt": "", "img": "https://www.mlbstatic.com/team-logos/141.svg", "team": "tor", "start": "", "in": "8", "result": "Groundout", "evo": "59.8", "la": "-7", "dist": "16"}, {"player": "zack collins", "game": "tb @ tor", "gameIdx": 0, "hr/park": "", "pa": "74", "dt": "", "img": "https://www.mlbstatic.com/team-logos/141.svg", "team": "tor", "start": "", "in": "8", "result": "Flyout", "evo": "83.9", "la": "48", "dist": "274"}, {"player": "bradley zimmer", "game": "tb @ tor", "gameIdx": 0, "hr/park": "10/30", "pa": "73", "dt": "", "img": "https://www.mlbstatic.com/team-logos/141.svg", "team": "tor", "start": "", "in": "8", "result": "Flyout", "evo": "102.9", "la": "34", "dist": "405"}, {"player": "cavan biggio", "game": "tb @ tor", "gameIdx": 0, "hr/park": "", "pa": "72", "dt": "", "img": "https://www.mlbstatic.com/team-logos/141.svg", "team": "tor", "start": "", "in": "8", "result": "Double", "evo": "81.5", "la": "2", "dist": "63"}, {"player": "brett phillips", "game": "tb @ tor", "gameIdx": 0, "hr/park": "", "pa": "71", "dt": "", "img": "https://www.mlbstatic.com/team-logos/139.svg", "team": "tb", "start": "", "in": "8", "result": "Groundout", "evo": "69.9", "la": "-18", "dist": "8"}, {"player": "rene pinto", "game": "tb @ tor", "gameIdx": 0, "hr/park": "", "pa": "70", "dt": "", "img": "https://www.mlbstatic.com/team-logos/139.svg", "team": "tb", "start": "", "in": "8", "result": "Groundout", "evo": "81.2", "la": "-14", "dist": "7"}, {"player": "josh lowe", "game": "tb @ tor", "gameIdx": 0, "hr/park": "0/30", "pa": "69", "dt": "", "img": "https://www.mlbstatic.com/team-logos/139.svg", "team": "tb", "start": "", "in": "8", "result": "Lineout", "evo": "88.8", "la": "24", "dist": "331"}, {"player": "santiago espinal", "game": "tb @ tor", "gameIdx": 0, "hr/park": "", "pa": "68", "dt": "", "img": "https://www.mlbstatic.com/team-logos/141.svg", "team": "tor", "start": "", "in": "7", "result": "Groundout", "evo": "85.4", "la": "4", "dist": "84"}, {"player": "lourdes gurriel", "game": "tb @ tor", "gameIdx": 0, "hr/park": "30/30", "pa": "67", "dt": "", "img": "https://www.mlbstatic.com/team-logos/141.svg", "team": "tor", "start": "", "in": "7", "result": "Home Run", "evo": "107.0", "la": "25", "dist": "431"}, {"player": "raimel tapia", "game": "tb @ tor", "gameIdx": 0, "hr/park": "", "pa": "66", "dt": "", "img": "https://www.mlbstatic.com/team-logos/141.svg", "team": "tor", "start": "", "in": "7", "result": "Groundout", "evo": "72.0", "la": "-26", "dist": "6"}, {"player": "teoscar hernandez", "game": "tb @ tor", "gameIdx": 0, "hr/park": "", "pa": "65", "dt": "", "img": "https://www.mlbstatic.com/team-logos/141.svg", "team": "tor", "start": "", "in": "7", "result": "Groundout", "evo": "76.0", "la": "-5", "dist": "17"}, {"player": "harold ramirez", "game": "tb @ tor", "gameIdx": 0, "hr/park": "", "pa": "64", "dt": "", "img": "https://www.mlbstatic.com/team-logos/139.svg", "team": "tb", "start": "", "in": "7", "result": "Strikeout", "evo": "", "la": "", "dist": ""}, {"player": "kevin kiermaier", "game": "tb @ tor", "gameIdx": 0, "hr/park": "", "pa": "63", "dt": "", "img": "https://www.mlbstatic.com/team-logos/139.svg", "team": "tb", "start": "", "in": "7", "result": "Walk", "evo": "", "la": "", "dist": ""}, {"player": "isaac paredes", "game": "tb @ tor", "gameIdx": 0, "hr/park": "", "pa": "62", "dt": "", "img": "https://www.mlbstatic.com/team-logos/139.svg", "team": "tb", "start": "", "in": "7", "result": "Strikeout", "evo": "", "la": "", "dist": ""}, {"player": "wander franco", "game": "tb @ tor", "gameIdx": 0, "hr/park": "0/30", "pa": "61", "dt": "", "img": "https://www.mlbstatic.com/team-logos/139.svg", "team": "tb", "start": "", "in": "7", "result": "Lineout", "evo": "95.4", "la": "18", "dist": "320"}, {"player": "alejandro kirk", "game": "tb @ tor", "gameIdx": 0, "hr/park": "0/30", "pa": "60", "dt": "", "img": "https://www.mlbstatic.com/team-logos/141.svg", "team": "tor", "start": "", "in": "6", "result": "Flyout", "evo": "95.3", "la": "39", "dist": "308"}, {"player": "vladimir guerrero", "game": "tb @ tor", "gameIdx": 0, "hr/park": "", "pa": "59", "dt": "", "img": "https://www.mlbstatic.com/team-logos/141.svg", "team": "tor", "start": "", "in": "6", "result": "Groundout", "evo": "79.6", "la": "3", "dist": "77"}, {"player": "bo bichette", "game": "tb @ tor", "gameIdx": 0, "hr/park": "", "pa": "58", "dt": "", "img": "https://www.mlbstatic.com/team-logos/141.svg", "team": "tor", "start": "", "in": "6", "result": "Flyout", "evo": "89.4", "la": "34", "dist": "289"}, {"player": "george springer", "game": "tb @ tor", "gameIdx": 0, "hr/park": "", "pa": "57", "dt": "", "img": "https://www.mlbstatic.com/team-logos/141.svg", "team": "tor", "start": "", "in": "6", "result": "Single", "evo": "80.4", "la": "14", "dist": "156"}, {"player": "cavan biggio", "game": "tb @ tor", "gameIdx": 0, "hr/park": "", "pa": "56", "dt": "", "img": "https://www.mlbstatic.com/team-logos/141.svg", "team": "tor", "start": "", "in": "6", "result": "Walk", "evo": "", "la": "", "dist": ""}, {"player": "santiago espinal", "game": "tb @ tor", "gameIdx": 0, "hr/park": "", "pa": "55", "dt": "", "img": "https://www.mlbstatic.com/team-logos/141.svg", "team": "tor", "start": "", "in": "6", "result": "Walk", "evo": "", "la": "", "dist": ""}, {"player": "lourdes gurriel", "game": "tb @ tor", "gameIdx": 0, "hr/park": "", "pa": "54", "dt": "", "img": "https://www.mlbstatic.com/team-logos/141.svg", "team": "tor", "start": "", "in": "6", "result": "Single", "evo": "101.4", "la": "-16", "dist": "6"}, {"player": "ji man choi", "game": "tb @ tor", "gameIdx": 0, "hr/park": "", "pa": "53", "dt": "", "img": "https://www.mlbstatic.com/team-logos/139.svg", "team": "tb", "start": "", "in": "6", "result": "Lineout", "evo": "79.4", "la": "26", "dist": "258"}, {"player": "yandy diaz", "game": "tb @ tor", "gameIdx": 0, "hr/park": "0/30", "pa": "52", "dt": "", "img": "https://www.mlbstatic.com/team-logos/139.svg", "team": "tb", "start": "", "in": "6", "result": "Lineout", "evo": "93.5", "la": "20", "dist": "321"}, {"player": "brett phillips", "game": "tb @ tor", "gameIdx": 0, "hr/park": "", "pa": "51", "dt": "", "img": "https://www.mlbstatic.com/team-logos/139.svg", "team": "tb", "start": "", "in": "6", "result": "Strikeout", "evo": "", "la": "", "dist": ""}, {"player": "raimel tapia", "game": "tb @ tor", "gameIdx": 0, "hr/park": "", "pa": "50", "dt": "", "img": "https://www.mlbstatic.com/team-logos/141.svg", "team": "tor", "start": "", "in": "5", "result": "Groundout", "evo": "101.8", "la": "-6", "dist": "25"}, {"player": "teoscar hernandez", "game": "tb @ tor", "gameIdx": 0, "hr/park": "", "pa": "49", "dt": "", "img": "https://www.mlbstatic.com/team-logos/141.svg", "team": "tor", "start": "", "in": "5", "result": "Groundout", "evo": "98.3", "la": "", "dist": "43"}, {"player": "alejandro kirk", "game": "tb @ tor", "gameIdx": 0, "hr/park": "0/30", "pa": "48", "dt": "", "img": "https://www.mlbstatic.com/team-logos/141.svg", "team": "tor", "start": "", "in": "5", "result": "Flyout", "evo": "91.6", "la": "34", "dist": "352"}, {"player": "rene pinto", "game": "tb @ tor", "gameIdx": 0, "hr/park": "", "pa": "47", "dt": "", "img": "https://www.mlbstatic.com/team-logos/139.svg", "team": "tb", "start": "", "in": "5", "result": "Groundout", "evo": "102.7", "la": "-9", "dist": "9"}, {"player": "josh lowe", "game": "tb @ tor", "gameIdx": 0, "hr/park": "", "pa": "46", "dt": "", "img": "https://www.mlbstatic.com/team-logos/139.svg", "team": "tb", "start": "", "in": "5", "result": "Groundout", "evo": "91.2", "la": "-14", "dist": "8"}, {"player": "harold ramirez", "game": "tb @ tor", "gameIdx": 0, "hr/park": "0/30", "pa": "45", "dt": "", "img": "https://www.mlbstatic.com/team-logos/139.svg", "team": "tb", "start": "", "in": "5", "result": "Double", "evo": "104.8", "la": "18", "dist": "366"}, {"player": "kevin kiermaier", "game": "tb @ tor", "gameIdx": 0, "hr/park": "", "pa": "44", "dt": "", "img": "https://www.mlbstatic.com/team-logos/139.svg", "team": "tb", "start": "", "in": "5", "result": "Single", "evo": "77.7", "la": "-58", "dist": "1"}, {"player": "isaac paredes", "game": "tb @ tor", "gameIdx": 0, "hr/park": "", "pa": "43", "dt": "", "img": "https://www.mlbstatic.com/team-logos/139.svg", "team": "tb", "start": "", "in": "5", "result": "Groundout", "evo": "88.5", "la": "-6", "dist": "24"}, {"player": "vladimir guerrero", "game": "tb @ tor", "gameIdx": 0, "hr/park": "0/30", "pa": "42", "dt": "", "img": "https://www.mlbstatic.com/team-logos/141.svg", "team": "tor", "start": "", "in": "4", "result": "Lineout", "evo": "103.0", "la": "20", "dist": "356"}, {"player": "bo bichette", "game": "tb @ tor", "gameIdx": 0, "hr/park": "0/30", "pa": "41", "dt": "", "img": "https://www.mlbstatic.com/team-logos/141.svg", "team": "tor", "start": "", "in": "4", "result": "Flyout", "evo": "95.7", "la": "42", "dist": "320"}, {"player": "george springer", "game": "tb @ tor", "gameIdx": 0, "hr/park": "", "pa": "40", "dt": "", "img": "https://www.mlbstatic.com/team-logos/141.svg", "team": "tor", "start": "", "in": "4", "result": "Lineout", "evo": "98.8", "la": "16", "dist": "282"}, {"player": "cavan biggio", "game": "tb @ tor", "gameIdx": 0, "hr/park": "", "pa": "39", "dt": "", "img": "https://www.mlbstatic.com/team-logos/141.svg", "team": "tor", "start": "", "in": "4", "result": "Walk", "evo": "", "la": "", "dist": ""}, {"player": "wander franco", "game": "tb @ tor", "gameIdx": 0, "hr/park": "", "pa": "38", "dt": "", "img": "https://www.mlbstatic.com/team-logos/139.svg", "team": "tb", "start": "", "in": "4", "result": "Lineout", "evo": "92.0", "la": "9", "dist": "130"}, {"player": "ji man choi", "game": "tb @ tor", "gameIdx": 0, "hr/park": "", "pa": "37", "dt": "", "img": "https://www.mlbstatic.com/team-logos/139.svg", "team": "tb", "start": "", "in": "4", "result": "Walk", "evo": "", "la": "", "dist": ""}, {"player": "yandy diaz", "game": "tb @ tor", "gameIdx": 0, "hr/park": "", "pa": "36", "dt": "", "img": "https://www.mlbstatic.com/team-logos/139.svg", "team": "tb", "start": "", "in": "4", "result": "Single", "evo": "101.5", "la": "9", "dist": "221"}, {"player": "brett phillips", "game": "tb @ tor", "gameIdx": 0, "hr/park": "", "pa": "35", "dt": "", "img": "https://www.mlbstatic.com/team-logos/139.svg", "team": "tb", "start": "", "in": "4", "result": "Forceout", "evo": "71.7", "la": "10", "dist": "111"}, {"player": "rene pinto", "game": "tb @ tor", "gameIdx": 0, "hr/park": "", "pa": "34", "dt": "", "img": "https://www.mlbstatic.com/team-logos/139.svg", "team": "tb", "start": "", "in": "4", "result": "Single", "evo": "94.9", "la": "-3", "dist": "25"}, {"player": "josh lowe", "game": "tb @ tor", "gameIdx": 0, "hr/park": "", "pa": "33", "dt": "", "img": "https://www.mlbstatic.com/team-logos/139.svg", "team": "tb", "start": "", "in": "4", "result": "Groundout", "evo": "68.5", "la": "-46", "dist": "3"}, {"player": "santiago espinal", "game": "tb @ tor", "gameIdx": 0, "hr/park": "", "pa": "32", "dt": "", "img": "https://www.mlbstatic.com/team-logos/141.svg", "team": "tor", "start": "", "in": "3", "result": "Forceout", "evo": "76.6", "la": "1", "dist": "49"}, {"player": "lourdes gurriel", "game": "tb @ tor", "gameIdx": 0, "hr/park": "", "pa": "31", "dt": "", "img": "https://www.mlbstatic.com/team-logos/141.svg", "team": "tor", "start": "", "in": "3", "result": "Walk", "evo": "", "la": "", "dist": ""}, {"player": "raimel tapia", "game": "tb @ tor", "gameIdx": 0, "hr/park": "", "pa": "30", "dt": "", "img": "https://www.mlbstatic.com/team-logos/141.svg", "team": "tor", "start": "", "in": "3", "result": "Single", "evo": "100.7", "la": "-1", "dist": "41"}, {"player": "teoscar hernandez", "game": "tb @ tor", "gameIdx": 0, "hr/park": "", "pa": "29", "dt": "", "img": "https://www.mlbstatic.com/team-logos/141.svg", "team": "tor", "start": "", "in": "3", "result": "Strikeout", "evo": "", "la": "", "dist": ""}, {"player": "alejandro kirk", "game": "tb @ tor", "gameIdx": 0, "hr/park": "", "pa": "28", "dt": "", "img": "https://www.mlbstatic.com/team-logos/141.svg", "team": "tor", "start": "", "in": "3", "result": "Double", "evo": "88.8", "la": "-8", "dist": "16"}, {"player": "vladimir guerrero", "game": "tb @ tor", "gameIdx": 0, "hr/park": "", "pa": "27", "dt": "", "img": "https://www.mlbstatic.com/team-logos/141.svg", "team": "tor", "start": "", "in": "3", "result": "Double", "evo": "107.8", "la": "8", "dist": "181"}, {"player": "bo bichette", "game": "tb @ tor", "gameIdx": 0, "hr/park": "8/30", "pa": "26", "dt": "", "img": "https://www.mlbstatic.com/team-logos/141.svg", "team": "tor", "start": "", "in": "3", "result": "Double", "evo": "100.6", "la": "25", "dist": "348"}, {"player": "george springer", "game": "tb @ tor", "gameIdx": 0, "hr/park": "", "pa": "25", "dt": "", "img": "https://www.mlbstatic.com/team-logos/141.svg", "team": "tor", "start": "", "in": "3", "result": "Walk", "evo": "", "la": "", "dist": ""}, {"player": "cavan biggio", "game": "tb @ tor", "gameIdx": 0, "hr/park": "1/30", "pa": "24", "dt": "", "img": "https://www.mlbstatic.com/team-logos/141.svg", "team": "tor", "start": "", "in": "3", "result": "Double", "evo": "97.8", "la": "29", "dist": "383"}, {"player": "santiago espinal", "game": "tb @ tor", "gameIdx": 0, "hr/park": "", "pa": "23", "dt": "", "img": "https://www.mlbstatic.com/team-logos/141.svg", "team": "tor", "start": "", "in": "3", "result": "Groundout", "evo": "97.7", "la": "-13", "dist": "10"}, {"player": "lourdes gurriel", "game": "tb @ tor", "gameIdx": 0, "hr/park": "0/30", "pa": "22", "dt": "", "img": "https://www.mlbstatic.com/team-logos/141.svg", "team": "tor", "start": "", "in": "3", "result": "Double", "evo": "104.2", "la": "17", "dist": "333"}, {"player": "harold ramirez", "game": "tb @ tor", "gameIdx": 0, "hr/park": "", "pa": "21", "dt": "", "img": "https://www.mlbstatic.com/team-logos/139.svg", "team": "tb", "start": "", "in": "3", "result": "Lineout", "evo": "90.0", "la": "11", "dist": "168"}, {"player": "kevin kiermaier", "game": "tb @ tor", "gameIdx": 0, "hr/park": "", "pa": "20", "dt": "", "img": "https://www.mlbstatic.com/team-logos/139.svg", "team": "tb", "start": "", "in": "3", "result": "Walk", "evo": "", "la": "", "dist": ""}, {"player": "isaac paredes", "game": "tb @ tor", "gameIdx": 0, "hr/park": "", "pa": "19", "dt": "", "img": "https://www.mlbstatic.com/team-logos/139.svg", "team": "tb", "start": "", "in": "3", "result": "Strikeout", "evo": "", "la": "", "dist": ""}, {"player": "wander franco", "game": "tb @ tor", "gameIdx": 0, "hr/park": "", "pa": "18", "dt": "", "img": "https://www.mlbstatic.com/team-logos/139.svg", "team": "tb", "start": "", "in": "3", "result": "Flyout", "evo": "73.3", "la": "40", "dist": "247"}, {"player": "ji man choi", "game": "tb @ tor", "gameIdx": 0, "hr/park": "", "pa": "17", "dt": "", "img": "https://www.mlbstatic.com/team-logos/139.svg", "team": "tb", "start": "", "in": "3", "result": "Single", "evo": "91.6", "la": "-1", "dist": "32"}, {"player": "raimel tapia", "game": "tb @ tor", "gameIdx": 0, "hr/park": "", "pa": "16", "dt": "", "img": "https://www.mlbstatic.com/team-logos/141.svg", "team": "tor", "start": "", "in": "2", "result": "GIDP", "evo": "68.3", "la": "-17", "dist": "7"}, {"player": "teoscar hernandez", "game": "tb @ tor", "gameIdx": 0, "hr/park": "", "pa": "15", "dt": "", "img": "https://www.mlbstatic.com/team-logos/141.svg", "team": "tor", "start": "", "in": "2", "result": "Single", "evo": "79.7", "la": "-5", "dist": "24"}, {"player": "alejandro kirk", "game": "tb @ tor", "gameIdx": 0, "hr/park": "", "pa": "14", "dt": "", "img": "https://www.mlbstatic.com/team-logos/141.svg", "team": "tor", "start": "", "in": "2", "result": "Lineout", "evo": "83.9", "la": "21", "dist": "274"}, {"player": "yandy diaz", "game": "tb @ tor", "gameIdx": 0, "hr/park": "", "pa": "13", "dt": "", "img": "https://www.mlbstatic.com/team-logos/139.svg", "team": "tb", "start": "", "in": "2", "result": "Forceout", "evo": "105.5", "la": "2", "dist": "64"}, {"player": "brett phillips", "game": "tb @ tor", "gameIdx": 0, "hr/park": "", "pa": "12", "dt": "", "img": "https://www.mlbstatic.com/team-logos/139.svg", "team": "tb", "start": "", "in": "2", "result": "Hit By Pitch", "evo": "", "la": "", "dist": ""}, {"player": "rene pinto", "game": "tb @ tor", "gameIdx": 0, "hr/park": "", "pa": "11", "dt": "", "img": "https://www.mlbstatic.com/team-logos/139.svg", "team": "tb", "start": "", "in": "2", "result": "Groundout", "evo": "77.8", "la": "-17", "dist": "9"}, {"player": "josh lowe", "game": "tb @ tor", "gameIdx": 0, "hr/park": "", "pa": "10", "dt": "", "img": "https://www.mlbstatic.com/team-logos/139.svg", "team": "tb", "start": "", "in": "2", "result": "Double", "evo": "56.6", "la": "-7", "dist": "11"}, {"player": "harold ramirez", "game": "tb @ tor", "gameIdx": 0, "hr/park": "", "pa": "9", "dt": "", "img": "https://www.mlbstatic.com/team-logos/139.svg", "team": "tb", "start": "", "in": "2", "result": "Single", "evo": "78.7", "la": "20", "dist": "248"}, {"player": "kevin kiermaier", "game": "tb @ tor", "gameIdx": 0, "hr/park": "", "pa": "8", "dt": "", "img": "https://www.mlbstatic.com/team-logos/139.svg", "team": "tb", "start": "", "in": "2", "result": "Strikeout", "evo": "", "la": "", "dist": ""}, {"player": "vladimir guerrero", "game": "tb @ tor", "gameIdx": 0, "hr/park": "", "pa": "7", "dt": "", "img": "https://www.mlbstatic.com/team-logos/141.svg", "team": "tor", "start": "", "in": "1", "result": "Pop Out", "evo": "78.2", "la": "68", "dist": "114"}, {"player": "bo bichette", "game": "tb @ tor", "gameIdx": 0, "hr/park": "0/30", "pa": "6", "dt": "", "img": "https://www.mlbstatic.com/team-logos/141.svg", "team": "tor", "start": "", "in": "1", "result": "Flyout", "evo": "94.1", "la": "31", "dist": "353"}, {"player": "george springer", "game": "tb @ tor", "gameIdx": 0, "hr/park": "", "pa": "5", "dt": "", "img": "https://www.mlbstatic.com/team-logos/141.svg", "team": "tor", "start": "", "in": "1", "result": "Groundout", "evo": "97.7", "la": "-8", "dist": "16"}, {"player": "isaac paredes", "game": "tb @ tor", "gameIdx": 0, "hr/park": "", "pa": "4", "dt": "", "img": "https://www.mlbstatic.com/team-logos/139.svg", "team": "tb", "start": "", "in": "1", "result": "Strikeout", "evo": "", "la": "", "dist": ""}, {"player": "wander franco", "game": "tb @ tor", "gameIdx": 0, "hr/park": "", "pa": "3", "dt": "", "img": "https://www.mlbstatic.com/team-logos/139.svg", "team": "tb", "start": "", "in": "1", "result": "Forceout", "evo": "76.4", "la": "-13", "dist": "13"}, {"player": "ji man choi", "game": "tb @ tor", "gameIdx": 0, "hr/park": "", "pa": "2", "dt": "", "img": "https://www.mlbstatic.com/team-logos/139.svg", "team": "tb", "start": "", "in": "1", "result": "Single", "evo": "83.4", "la": "2", "dist": "50"}, {"player": "yandy diaz", "game": "tb @ tor", "gameIdx": 0, "hr/park": "0/30", "pa": "1", "dt": "", "img": "https://www.mlbstatic.com/team-logos/139.svg", "team": "tb", "start": "", "in": "1", "result": "Lineout", "evo": "94.1", "la": "23", "dist": "311"}], "stl @ phi": [], "mia @ wsh": [], "atl @ cin": [], "mil @ pit": [], "kc @ det": [], "tex @ nym": [{"player": "kole calhoun", "game": "tex @ nym", "gameIdx": 0, "hr/park": "", "pa": "65", "dt": "", "img": "https://www.mlbstatic.com/team-logos/140.svg", "team": "tex", "start": "", "in": "9", "result": "Strikeout", "evo": "", "la": "", "dist": ""}, {"player": "jonah heim", "game": "tex @ nym", "gameIdx": 0, "hr/park": "", "pa": "64", "dt": "", "img": "https://www.mlbstatic.com/team-logos/140.svg", "team": "tex", "start": "", "in": "9", "result": "Strikeout", "evo": "", "la": "", "dist": ""}, {"player": "adolis garcia", "game": "tex @ nym", "gameIdx": 0, "hr/park": "", "pa": "63", "dt": "", "img": "https://www.mlbstatic.com/team-logos/140.svg", "team": "tex", "start": "", "in": "9", "result": "Groundout", "evo": "88.1", "la": "-34", "dist": "5"}, {"player": "mark canha", "game": "tex @ nym", "gameIdx": 0, "hr/park": "", "pa": "62", "dt": "", "img": "https://www.mlbstatic.com/team-logos/121.svg", "team": "nym", "start": "", "in": "8", "result": "Strikeout", "evo": "", "la": "", "dist": ""}, {"player": "jeff mcneil", "game": "tex @ nym", "gameIdx": 0, "hr/park": "", "pa": "61", "dt": "", "img": "https://www.mlbstatic.com/team-logos/121.svg", "team": "nym", "start": "", "in": "8", "result": "Pop Out", "evo": "43.2", "la": "38", "dist": "107"}, {"player": "pete alonso", "game": "tex @ nym", "gameIdx": 0, "hr/park": "", "pa": "60", "dt": "", "img": "https://www.mlbstatic.com/team-logos/121.svg", "team": "nym", "start": "", "in": "8", "result": "Walk", "evo": "", "la": "", "dist": ""}, {"player": "francisco lindor", "game": "tex @ nym", "gameIdx": 0, "hr/park": "", "pa": "59", "dt": "", "img": "https://www.mlbstatic.com/team-logos/121.svg", "team": "nym", "start": "", "in": "8", "result": "Strikeout", "evo": "", "la": "", "dist": ""}, {"player": "starling marte", "game": "tex @ nym", "gameIdx": 0, "hr/park": "", "pa": "58", "dt": "", "img": "https://www.mlbstatic.com/team-logos/121.svg", "team": "nym", "start": "", "in": "8", "result": "Single", "evo": "101.8", "la": "-7", "dist": "16"}, {"player": "corey seager", "game": "tex @ nym", "gameIdx": 0, "hr/park": "", "pa": "57", "dt": "", "img": "https://www.mlbstatic.com/team-logos/140.svg", "team": "tex", "start": "", "in": "8", "result": "Groundout", "evo": "76.9", "la": "11", "dist": "128"}, {"player": "marcus semien", "game": "tex @ nym", "gameIdx": 0, "hr/park": "", "pa": "56", "dt": "", "img": "https://www.mlbstatic.com/team-logos/140.svg", "team": "tex", "start": "", "in": "8", "result": "GIDP", "evo": "105.8", "la": "-30", "dist": "4"}, {"player": "josh smith", "game": "tex @ nym", "gameIdx": 0, "hr/park": "", "pa": "55", "dt": "", "img": "https://www.mlbstatic.com/team-logos/140.svg", "team": "tex", "start": "", "in": "8", "result": "Single", "evo": "73.9", "la": "18", "dist": "164"}, {"player": "brandon nimmo", "game": "tex @ nym", "gameIdx": 0, "hr/park": "", "pa": "54", "dt": "", "img": "https://www.mlbstatic.com/team-logos/121.svg", "team": "nym", "start": "", "in": "7", "result": "Groundout", "evo": "45.5", "la": "-50", "dist": "4"}, {"player": "james mccann", "game": "tex @ nym", "gameIdx": 0, "hr/park": "", "pa": "53", "dt": "", "img": "https://www.mlbstatic.com/team-logos/121.svg", "team": "nym", "start": "", "in": "7", "result": "Groundout", "evo": "86.1", "la": "-15", "dist": "6"}, {"player": "eduardo escobar", "game": "tex @ nym", "gameIdx": 0, "hr/park": "", "pa": "52", "dt": "", "img": "https://www.mlbstatic.com/team-logos/121.svg", "team": "nym", "start": "", "in": "7", "result": "Flyout", "evo": "84.8", "la": "42", "dist": "283"}, {"player": "leody taveras", "game": "tex @ nym", "gameIdx": 0, "hr/park": "0/30", "pa": "51", "dt": "", "img": "https://www.mlbstatic.com/team-logos/140.svg", "team": "tex", "start": "", "in": "7", "result": "Flyout", "evo": "85.6", "la": "32", "dist": "321"}, {"player": "nathaniel lowe", "game": "tex @ nym", "gameIdx": 0, "hr/park": "", "pa": "50", "dt": "", "img": "https://www.mlbstatic.com/team-logos/140.svg", "team": "tex", "start": "", "in": "7", "result": "Strikeout", "evo": "", "la": "", "dist": ""}, {"player": "mitch garver", "game": "tex @ nym", "gameIdx": 0, "hr/park": "", "pa": "49", "dt": "", "img": "https://www.mlbstatic.com/team-logos/140.svg", "team": "tex", "start": "", "in": "7", "result": "Strikeout", "evo": "", "la": "", "dist": ""}, {"player": "luis guillorme", "game": "tex @ nym", "gameIdx": 0, "hr/park": "", "pa": "48", "dt": "", "img": "https://www.mlbstatic.com/team-logos/121.svg", "team": "nym", "start": "", "in": "6", "result": "Strikeout", "evo": "", "la": "", "dist": ""}, {"player": "mark canha", "game": "tex @ nym", "gameIdx": 0, "hr/park": "0/30", "pa": "47", "dt": "", "img": "https://www.mlbstatic.com/team-logos/121.svg", "team": "nym", "start": "", "in": "6", "result": "Lineout", "evo": "92.5", "la": "24", "dist": "313"}, {"player": "jeff mcneil", "game": "tex @ nym", "gameIdx": 0, "hr/park": "", "pa": "46", "dt": "", "img": "https://www.mlbstatic.com/team-logos/121.svg", "team": "nym", "start": "", "in": "6", "result": "Strikeout", "evo": "", "la": "", "dist": ""}, {"player": "pete alonso", "game": "tex @ nym", "gameIdx": 0, "hr/park": "", "pa": "45", "dt": "", "img": "https://www.mlbstatic.com/team-logos/121.svg", "team": "nym", "start": "", "in": "6", "result": "Single", "evo": "109.7", "la": "2", "dist": "83"}, {"player": "kole calhoun", "game": "tex @ nym", "gameIdx": 0, "hr/park": "", "pa": "44", "dt": "", "img": "https://www.mlbstatic.com/team-logos/140.svg", "team": "tex", "start": "", "in": "6", "result": "Strikeout", "evo": "", "la": "", "dist": ""}, {"player": "jonah heim", "game": "tex @ nym", "gameIdx": 0, "hr/park": "", "pa": "43", "dt": "", "img": "https://www.mlbstatic.com/team-logos/140.svg", "team": "tex", "start": "", "in": "6", "result": "Single", "evo": "96.3", "la": "1", "dist": "49"}, {"player": "adolis garcia", "game": "tex @ nym", "gameIdx": 0, "hr/park": "", "pa": "42", "dt": "", "img": "https://www.mlbstatic.com/team-logos/140.svg", "team": "tex", "start": "", "in": "6", "result": "Groundout", "evo": "110.9", "la": "3", "dist": "82"}, {"player": "corey seager", "game": "tex @ nym", "gameIdx": 0, "hr/park": "", "pa": "41", "dt": "", "img": "https://www.mlbstatic.com/team-logos/140.svg", "team": "tex", "start": "", "in": "6", "result": "Groundout", "evo": "59.3", "la": "-11", "dist": "13"}, {"player": "marcus semien", "game": "tex @ nym", "gameIdx": 0, "hr/park": "", "pa": "40", "dt": "", "img": "https://www.mlbstatic.com/team-logos/140.svg", "team": "tex", "start": "", "in": "6", "result": "Single", "evo": "69.2", "la": "18", "dist": "170"}, {"player": "francisco lindor", "game": "tex @ nym", "gameIdx": 0, "hr/park": "0/30", "pa": "39", "dt": "", "img": "https://www.mlbstatic.com/team-logos/121.svg", "team": "nym", "start": "", "in": "5", "result": "Flyout", "evo": "99.6", "la": "51", "dist": "310"}, {"player": "starling marte", "game": "tex @ nym", "gameIdx": 0, "hr/park": "", "pa": "38", "dt": "", "img": "https://www.mlbstatic.com/team-logos/121.svg", "team": "nym", "start": "", "in": "5", "result": "Groundout", "evo": "91.9", "la": "-9", "dist": "14"}, {"player": "brandon nimmo", "game": "tex @ nym", "gameIdx": 0, "hr/park": "", "pa": "37", "dt": "", "img": "https://www.mlbstatic.com/team-logos/121.svg", "team": "nym", "start": "", "in": "5", "result": "Strikeout", "evo": "", "la": "", "dist": ""}, {"player": "josh smith", "game": "tex @ nym", "gameIdx": 0, "hr/park": "", "pa": "36", "dt": "", "img": "https://www.mlbstatic.com/team-logos/140.svg", "team": "tex", "start": "", "in": "5", "result": "Strikeout", "evo": "", "la": "", "dist": ""}, {"player": "leody taveras", "game": "tex @ nym", "gameIdx": 0, "hr/park": "", "pa": "35", "dt": "", "img": "https://www.mlbstatic.com/team-logos/140.svg", "team": "tex", "start": "", "in": "5", "result": "Strikeout", "evo": "", "la": "", "dist": ""}, {"player": "nathaniel lowe", "game": "tex @ nym", "gameIdx": 0, "hr/park": "30/30", "pa": "34", "dt": "", "img": "https://www.mlbstatic.com/team-logos/140.svg", "team": "tex", "start": "", "in": "5", "result": "Home Run", "evo": "111.1", "la": "36", "dist": "435"}, {"player": "mitch garver", "game": "tex @ nym", "gameIdx": 0, "hr/park": "", "pa": "33", "dt": "", "img": "https://www.mlbstatic.com/team-logos/140.svg", "team": "tex", "start": "", "in": "5", "result": "Strikeout", "evo": "", "la": "", "dist": ""}, {"player": "james mccann", "game": "tex @ nym", "gameIdx": 0, "hr/park": "", "pa": "32", "dt": "", "img": "https://www.mlbstatic.com/team-logos/121.svg", "team": "nym", "start": "", "in": "4", "result": "Groundout", "evo": "91.3", "la": "-2", "dist": "34"}, {"player": "eduardo escobar", "game": "tex @ nym", "gameIdx": 0, "hr/park": "30/30", "pa": "31", "dt": "", "img": "https://www.mlbstatic.com/team-logos/121.svg", "team": "nym", "start": "", "in": "4", "result": "Home Run", "evo": "106.5", "la": "32", "dist": "417"}, {"player": "luis guillorme", "game": "tex @ nym", "gameIdx": 0, "hr/park": "", "pa": "30", "dt": "", "img": "https://www.mlbstatic.com/team-logos/121.svg", "team": "nym", "start": "", "in": "4", "result": "Groundout", "evo": "93.0", "la": "-14", "dist": "11"}, {"player": "mark canha", "game": "tex @ nym", "gameIdx": 0, "hr/park": "", "pa": "29", "dt": "", "img": "https://www.mlbstatic.com/team-logos/121.svg", "team": "nym", "start": "", "in": "4", "result": "Single", "evo": "101.0", "la": "3", "dist": "73"}, {"player": "jeff mcneil", "game": "tex @ nym", "gameIdx": 0, "hr/park": "", "pa": "28", "dt": "", "img": "https://www.mlbstatic.com/team-logos/121.svg", "team": "nym", "start": "", "in": "4", "result": "Walk", "evo": "", "la": "", "dist": ""}, {"player": "pete alonso", "game": "tex @ nym", "gameIdx": 0, "hr/park": "", "pa": "27", "dt": "", "img": "https://www.mlbstatic.com/team-logos/121.svg", "team": "nym", "start": "", "in": "4", "result": "Pop Out", "evo": "75.7", "la": "49", "dist": "206"}, {"player": "francisco lindor", "game": "tex @ nym", "gameIdx": 0, "hr/park": "", "pa": "26", "dt": "", "img": "https://www.mlbstatic.com/team-logos/121.svg", "team": "nym", "start": "", "in": "4", "result": "Single", "evo": "80.5", "la": "25", "dist": "264"}, {"player": "kole calhoun", "game": "tex @ nym", "gameIdx": 0, "hr/park": "", "pa": "25", "dt": "", "img": "https://www.mlbstatic.com/team-logos/140.svg", "team": "tex", "start": "", "in": "4", "result": "Strikeout", "evo": "", "la": "", "dist": ""}, {"player": "jonah heim", "game": "tex @ nym", "gameIdx": 0, "hr/park": "", "pa": "24", "dt": "", "img": "https://www.mlbstatic.com/team-logos/140.svg", "team": "tex", "start": "", "in": "4", "result": "Groundout", "evo": "98.3", "la": "-7", "dist": "18"}, {"player": "adolis garcia", "game": "tex @ nym", "gameIdx": 0, "hr/park": "", "pa": "23", "dt": "", "img": "https://www.mlbstatic.com/team-logos/140.svg", "team": "tex", "start": "", "in": "4", "result": "Strikeout", "evo": "", "la": "", "dist": ""}, {"player": "starling marte", "game": "tex @ nym", "gameIdx": 0, "hr/park": "", "pa": "22", "dt": "", "img": "https://www.mlbstatic.com/team-logos/121.svg", "team": "nym", "start": "", "in": "3", "result": "GIDP", "evo": "92.8", "la": "-11", "dist": "13"}, {"player": "brandon nimmo", "game": "tex @ nym", "gameIdx": 0, "hr/park": "1/30", "pa": "21", "dt": "", "img": "https://www.mlbstatic.com/team-logos/121.svg", "team": "nym", "start": "", "in": "3", "result": "Flyout", "evo": "97.7", "la": "26", "dist": "355"}, {"player": "james mccann", "game": "tex @ nym", "gameIdx": 0, "hr/park": "", "pa": "20", "dt": "", "img": "https://www.mlbstatic.com/team-logos/121.svg", "team": "nym", "start": "", "in": "3", "result": "Walk", "evo": "", "la": "", "dist": ""}, {"player": "corey seager", "game": "tex @ nym", "gameIdx": 0, "hr/park": "", "pa": "19", "dt": "", "img": "https://www.mlbstatic.com/team-logos/140.svg", "team": "tex", "start": "", "in": "3", "result": "Flyout", "evo": "80.6", "la": "32", "dist": "286"}, {"player": "marcus semien", "game": "tex @ nym", "gameIdx": 0, "hr/park": "29/30", "pa": "18", "dt": "", "img": "https://www.mlbstatic.com/team-logos/140.svg", "team": "tex", "start": "", "in": "3", "result": "Home Run", "evo": "104.6", "la": "26", "dist": "382"}, {"player": "josh smith", "game": "tex @ nym", "gameIdx": 0, "hr/park": "", "pa": "17", "dt": "", "img": "https://www.mlbstatic.com/team-logos/140.svg", "team": "tex", "start": "", "in": "3", "result": "Groundout", "evo": "90.0", "la": "-41", "dist": "3"}, {"player": "leody taveras", "game": "tex @ nym", "gameIdx": 0, "hr/park": "", "pa": "16", "dt": "", "img": "https://www.mlbstatic.com/team-logos/140.svg", "team": "tex", "start": "", "in": "3", "result": "Strikeout", "evo": "", "la": "", "dist": ""}, {"player": "eduardo escobar", "game": "tex @ nym", "gameIdx": 0, "hr/park": "", "pa": "15", "dt": "", "img": "https://www.mlbstatic.com/team-logos/121.svg", "team": "nym", "start": "", "in": "2", "result": "Flyout", "evo": "92.4", "la": "50", "dist": "279"}, {"player": "luis guillorme", "game": "tex @ nym", "gameIdx": 0, "hr/park": "", "pa": "14", "dt": "", "img": "https://www.mlbstatic.com/team-logos/121.svg", "team": "nym", "start": "", "in": "2", "result": "GIDP", "evo": "90.6", "la": "2", "dist": "63"}, {"player": "mark canha", "game": "tex @ nym", "gameIdx": 0, "hr/park": "", "pa": "13", "dt": "", "img": "https://www.mlbstatic.com/team-logos/121.svg", "team": "nym", "start": "", "in": "2", "result": "Hit By Pitch", "evo": "", "la": "", "dist": ""}, {"player": "nathaniel lowe", "game": "tex @ nym", "gameIdx": 0, "hr/park": "", "pa": "12", "dt": "", "img": "https://www.mlbstatic.com/team-logos/140.svg", "team": "tex", "start": "", "in": "2", "result": "Groundout", "evo": "84.3", "la": "-1", "dist": "39"}, {"player": "mitch garver", "game": "tex @ nym", "gameIdx": 0, "hr/park": "", "pa": "11", "dt": "", "img": "https://www.mlbstatic.com/team-logos/140.svg", "team": "tex", "start": "", "in": "2", "result": "Single", "evo": "71.3", "la": "-37", "dist": "3"}, {"player": "kole calhoun", "game": "tex @ nym", "gameIdx": 0, "hr/park": "", "pa": "10", "dt": "", "img": "https://www.mlbstatic.com/team-logos/140.svg", "team": "tex", "start": "", "in": "2", "result": "Strikeout", "evo": "", "la": "", "dist": ""}, {"player": "jonah heim", "game": "tex @ nym", "gameIdx": 0, "hr/park": "", "pa": "9", "dt": "", "img": "https://www.mlbstatic.com/team-logos/140.svg", "team": "tex", "start": "", "in": "2", "result": "Strikeout", "evo": "", "la": "", "dist": ""}, {"player": "jeff mcneil", "game": "tex @ nym", "gameIdx": 0, "hr/park": "", "pa": "8", "dt": "", "img": "https://www.mlbstatic.com/team-logos/121.svg", "team": "nym", "start": "", "in": "1", "result": "Strikeout", "evo": "", "la": "", "dist": ""}, {"player": "pete alonso", "game": "tex @ nym", "gameIdx": 0, "hr/park": "", "pa": "7", "dt": "", "img": "https://www.mlbstatic.com/team-logos/121.svg", "team": "nym", "start": "", "in": "1", "result": "Single", "evo": "104.1", "la": "-6", "dist": "17"}, {"player": "francisco lindor", "game": "tex @ nym", "gameIdx": 0, "hr/park": "", "pa": "6", "dt": "", "img": "https://www.mlbstatic.com/team-logos/121.svg", "team": "nym", "start": "", "in": "1", "result": "Walk", "evo": "", "la": "", "dist": ""}, {"player": "starling marte", "game": "tex @ nym", "gameIdx": 0, "hr/park": "", "pa": "5", "dt": "", "img": "https://www.mlbstatic.com/team-logos/121.svg", "team": "nym", "start": "", "in": "1", "result": "Groundout", "evo": "64.4", "la": "-45", "dist": "4"}, {"player": "brandon nimmo", "game": "tex @ nym", "gameIdx": 0, "hr/park": "", "pa": "4", "dt": "", "img": "https://www.mlbstatic.com/team-logos/121.svg", "team": "nym", "start": "", "in": "1", "result": "Groundout", "evo": "80.3", "la": "-31", "dist": "4"}, {"player": "adolis garcia", "game": "tex @ nym", "gameIdx": 0, "hr/park": "", "pa": "3", "dt": "", "img": "https://www.mlbstatic.com/team-logos/140.svg", "team": "tex", "start": "", "in": "1", "result": "Groundout", "evo": "64.1", "la": "-29", "dist": "7"}, {"player": "corey seager", "game": "tex @ nym", "gameIdx": 0, "hr/park": "", "pa": "2", "dt": "", "img": "https://www.mlbstatic.com/team-logos/140.svg", "team": "tex", "start": "", "in": "1", "result": "Lineout", "evo": "67.9", "la": "15", "dist": "143"}, {"player": "marcus semien", "game": "tex @ nym", "gameIdx": 0, "hr/park": "", "pa": "1", "dt": "", "img": "https://www.mlbstatic.com/team-logos/140.svg", "team": "tex", "start": "", "in": "1", "result": "Strikeout", "evo": "", "la": "", "dist": ""}], "ari @ col": [], "laa @ hou": [], "bal @ min": [{"player": "byron buxton", "game": "bal @ min", "gameIdx": 0, "hr/park": "28/30", "pa": "62", "dt": "", "img": "https://www.mlbstatic.com/team-logos/142.svg", "team": "min", "start": "", "in": "9", "result": "Home Run", "evo": "103.7", "la": "26", "dist": "399"}, {"player": "luis arraez", "game": "bal @ min", "gameIdx": 0, "hr/park": "", "pa": "61", "dt": "", "img": "https://www.mlbstatic.com/team-logos/142.svg", "team": "min", "start": "", "in": "9", "result": "Single", "evo": "95.7", "la": "-4", "dist": "31"}, {"player": "rougned odor", "game": "bal @ min", "gameIdx": 0, "hr/park": "", "pa": "60", "dt": "", "img": "https://www.mlbstatic.com/team-logos/110.svg", "team": "bal", "start": "", "in": "9", "result": "Strikeout", "evo": "", "la": "", "dist": ""}, {"player": "adley rutschman", "game": "bal @ min", "gameIdx": 0, "hr/park": "", "pa": "59", "dt": "", "img": "https://www.mlbstatic.com/team-logos/110.svg", "team": "bal", "start": "", "in": "9", "result": "Groundout", "evo": "51.4", "la": "-57", "dist": "3"}, {"player": "ryan mountcastle", "game": "bal @ min", "gameIdx": 0, "hr/park": "", "pa": "58", "dt": "", "img": "https://www.mlbstatic.com/team-logos/110.svg", "team": "bal", "start": "", "in": "9", "result": "Single", "evo": "111.4", "la": "", "dist": "47"}, {"player": "anthony santander", "game": "bal @ min", "gameIdx": 0, "hr/park": "0/30", "pa": "57", "dt": "", "img": "https://www.mlbstatic.com/team-logos/110.svg", "team": "bal", "start": "", "in": "9", "result": "Flyout", "evo": "90.5", "la": "38", "dist": "319"}, {"player": "gary sanchez", "game": "bal @ min", "gameIdx": 0, "hr/park": "", "pa": "56", "dt": "", "img": "https://www.mlbstatic.com/team-logos/142.svg", "team": "min", "start": "", "in": "8", "result": "Strikeout", "evo": "", "la": "", "dist": ""}, {"player": "gio urshela", "game": "bal @ min", "gameIdx": 0, "hr/park": "", "pa": "55", "dt": "", "img": "https://www.mlbstatic.com/team-logos/142.svg", "team": "min", "start": "", "in": "8", "result": "Strikeout", "evo": "", "la": "", "dist": ""}, {"player": "alex kirilloff", "game": "bal @ min", "gameIdx": 0, "hr/park": "", "pa": "54", "dt": "", "img": "https://www.mlbstatic.com/team-logos/142.svg", "team": "min", "start": "", "in": "8", "result": "Groundout", "evo": "80.6", "la": "-42", "dist": "4"}, {"player": "austin hays", "game": "bal @ min", "gameIdx": 0, "hr/park": "", "pa": "53", "dt": "", "img": "https://www.mlbstatic.com/team-logos/110.svg", "team": "bal", "start": "", "in": "8", "result": "Pop Out", "evo": "75.3", "la": "65", "dist": "146"}, {"player": "cedric mullins", "game": "bal @ min", "gameIdx": 0, "hr/park": "", "pa": "52", "dt": "", "img": "https://www.mlbstatic.com/team-logos/110.svg", "team": "bal", "start": "", "in": "8", "result": "Pop Out", "evo": "89.7", "la": "69", "dist": "121"}, {"player": "jorge mateo", "game": "bal @ min", "gameIdx": 0, "hr/park": "", "pa": "51", "dt": "", "img": "https://www.mlbstatic.com/team-logos/110.svg", "team": "bal", "start": "", "in": "8", "result": "Fielders Choice", "evo": "74.3", "la": "6", "dist": "93"}, {"player": "trey mancini", "game": "bal @ min", "gameIdx": 0, "hr/park": "", "pa": "50", "dt": "", "img": "https://www.mlbstatic.com/team-logos/110.svg", "team": "bal", "start": "", "in": "8", "result": "Groundout", "evo": "98.6", "la": "-3", "dist": "28"}, {"player": "ryan mckenna", "game": "bal @ min", "gameIdx": 0, "hr/park": "", "pa": "49", "dt": "", "img": "https://www.mlbstatic.com/team-logos/110.svg", "team": "bal", "start": "", "in": "8", "result": "Double", "evo": "84.4", "la": "26", "dist": "284"}, {"player": "jose miranda", "game": "bal @ min", "gameIdx": 0, "hr/park": "", "pa": "48", "dt": "", "img": "https://www.mlbstatic.com/team-logos/142.svg", "team": "min", "start": "", "in": "7", "result": "Groundout", "evo": "90.6", "la": "-3", "dist": "34"}, {"player": "jorge polanco", "game": "bal @ min", "gameIdx": 0, "hr/park": "", "pa": "47", "dt": "", "img": "https://www.mlbstatic.com/team-logos/142.svg", "team": "min", "start": "", "in": "7", "result": "Lineout", "evo": "72.6", "la": "13", "dist": "143"}, {"player": "max kepler", "game": "bal @ min", "gameIdx": 0, "hr/park": "", "pa": "46", "dt": "", "img": "https://www.mlbstatic.com/team-logos/142.svg", "team": "min", "start": "", "in": "7", "result": "Groundout", "evo": "79.2", "la": "6", "dist": "102"}, {"player": "rougned odor", "game": "bal @ min", "gameIdx": 0, "hr/park": "", "pa": "45", "dt": "", "img": "https://www.mlbstatic.com/team-logos/110.svg", "team": "bal", "start": "", "in": "7", "result": "Strikeout", "evo": "", "la": "", "dist": ""}, {"player": "adley rutschman", "game": "bal @ min", "gameIdx": 0, "hr/park": "", "pa": "44", "dt": "", "img": "https://www.mlbstatic.com/team-logos/110.svg", "team": "bal", "start": "", "in": "7", "result": "Strikeout", "evo": "", "la": "", "dist": ""}, {"player": "ryan mountcastle", "game": "bal @ min", "gameIdx": 0, "hr/park": "", "pa": "43", "dt": "", "img": "https://www.mlbstatic.com/team-logos/110.svg", "team": "bal", "start": "", "in": "7", "result": "Flyout", "evo": "88.1", "la": "46", "dist": "291"}, {"player": "carlos correa", "game": "bal @ min", "gameIdx": 0, "hr/park": "", "pa": "42", "dt": "", "img": "https://www.mlbstatic.com/team-logos/142.svg", "team": "min", "start": "", "in": "6", "result": "Lineout", "evo": "108.8", "la": "7", "dist": "137"}, {"player": "byron buxton", "game": "bal @ min", "gameIdx": 0, "hr/park": "", "pa": "41", "dt": "", "img": "https://www.mlbstatic.com/team-logos/142.svg", "team": "min", "start": "", "in": "6", "result": "Strikeout", "evo": "", "la": "", "dist": ""}, {"player": "luis arraez", "game": "bal @ min", "gameIdx": 0, "hr/park": "", "pa": "40", "dt": "", "img": "https://www.mlbstatic.com/team-logos/142.svg", "team": "min", "start": "", "in": "6", "result": "Lineout", "evo": "85.9", "la": "21", "dist": "251"}, {"player": "anthony santander", "game": "bal @ min", "gameIdx": 0, "hr/park": "0/30", "pa": "39", "dt": "", "img": "https://www.mlbstatic.com/team-logos/110.svg", "team": "bal", "start": "", "in": "6", "result": "Flyout", "evo": "98.7", "la": "26", "dist": "380"}, {"player": "austin hays", "game": "bal @ min", "gameIdx": 0, "hr/park": "", "pa": "38", "dt": "", "img": "https://www.mlbstatic.com/team-logos/110.svg", "team": "bal", "start": "", "in": "6", "result": "Flyout", "evo": "80.2", "la": "49", "dist": "226"}, {"player": "cedric mullins", "game": "bal @ min", "gameIdx": 0, "hr/park": "", "pa": "37", "dt": "", "img": "https://www.mlbstatic.com/team-logos/110.svg", "team": "bal", "start": "", "in": "6", "result": "Flyout", "evo": "97.0", "la": "53", "dist": "264"}, {"player": "gary sanchez", "game": "bal @ min", "gameIdx": 0, "hr/park": "0/30", "pa": "36", "dt": "", "img": "https://www.mlbstatic.com/team-logos/142.svg", "team": "min", "start": "", "in": "5", "result": "Flyout", "evo": "92.4", "la": "37", "dist": "309"}, {"player": "gio urshela", "game": "bal @ min", "gameIdx": 0, "hr/park": "0/30", "pa": "35", "dt": "", "img": "https://www.mlbstatic.com/team-logos/142.svg", "team": "min", "start": "", "in": "5", "result": "Flyout", "evo": "88.5", "la": "30", "dist": "312"}, {"player": "alex kirilloff", "game": "bal @ min", "gameIdx": 0, "hr/park": "", "pa": "34", "dt": "", "img": "https://www.mlbstatic.com/team-logos/142.svg", "team": "min", "start": "", "in": "5", "result": "Groundout", "evo": "101.0", "la": "6", "dist": "105"}, {"player": "jorge mateo", "game": "bal @ min", "gameIdx": 0, "hr/park": "", "pa": "33", "dt": "", "img": "https://www.mlbstatic.com/team-logos/110.svg", "team": "bal", "start": "", "in": "5", "result": "Strikeout", "evo": "", "la": "", "dist": ""}, {"player": "jonathan arauz", "game": "bal @ min", "gameIdx": 0, "hr/park": "", "pa": "32", "dt": "", "img": "https://www.mlbstatic.com/team-logos/110.svg", "team": "bal", "start": "", "in": "5", "result": "Strikeout", "evo": "", "la": "", "dist": ""}, {"player": "ryan mckenna", "game": "bal @ min", "gameIdx": 0, "hr/park": "", "pa": "31", "dt": "", "img": "https://www.mlbstatic.com/team-logos/110.svg", "team": "bal", "start": "", "in": "5", "result": "Strikeout", "evo": "", "la": "", "dist": ""}, {"player": "jose miranda", "game": "bal @ min", "gameIdx": 0, "hr/park": "", "pa": "30", "dt": "", "img": "https://www.mlbstatic.com/team-logos/142.svg", "team": "min", "start": "", "in": "4", "result": "Pop Out", "evo": "91.3", "la": "74", "dist": "82"}, {"player": "jorge polanco", "game": "bal @ min", "gameIdx": 0, "hr/park": "0/30", "pa": "29", "dt": "", "img": "https://www.mlbstatic.com/team-logos/142.svg", "team": "min", "start": "", "in": "4", "result": "Flyout", "evo": "92.6", "la": "39", "dist": "315"}, {"player": "max kepler", "game": "bal @ min", "gameIdx": 0, "hr/park": "", "pa": "28", "dt": "", "img": "https://www.mlbstatic.com/team-logos/142.svg", "team": "min", "start": "", "in": "4", "result": "Flyout", "evo": "92.1", "la": "49", "dist": "278"}, {"player": "rougned odor", "game": "bal @ min", "gameIdx": 0, "hr/park": "", "pa": "27", "dt": "", "img": "https://www.mlbstatic.com/team-logos/110.svg", "team": "bal", "start": "", "in": "4", "result": "Flyout", "evo": "89.8", "la": "49", "dist": "250"}, {"player": "adley rutschman", "game": "bal @ min", "gameIdx": 0, "hr/park": "", "pa": "26", "dt": "", "img": "https://www.mlbstatic.com/team-logos/110.svg", "team": "bal", "start": "", "in": "4", "result": "Pop Out", "evo": "75.9", "la": "65", "dist": "168"}, {"player": "ryan mountcastle", "game": "bal @ min", "gameIdx": 0, "hr/park": "", "pa": "25", "dt": "", "img": "https://www.mlbstatic.com/team-logos/110.svg", "team": "bal", "start": "", "in": "4", "result": "Double", "evo": "89.5", "la": "-19", "dist": "9"}, {"player": "anthony santander", "game": "bal @ min", "gameIdx": 0, "hr/park": "", "pa": "24", "dt": "", "img": "https://www.mlbstatic.com/team-logos/110.svg", "team": "bal", "start": "", "in": "4", "result": "Pop Out", "evo": "81.0", "la": "79", "dist": "43"}, {"player": "carlos correa", "game": "bal @ min", "gameIdx": 0, "hr/park": "", "pa": "23", "dt": "", "img": "https://www.mlbstatic.com/team-logos/142.svg", "team": "min", "start": "", "in": "3", "result": "Strikeout", "evo": "", "la": "", "dist": ""}, {"player": "byron buxton", "game": "bal @ min", "gameIdx": 0, "hr/park": "0/30", "pa": "22", "dt": "", "img": "https://www.mlbstatic.com/team-logos/142.svg", "team": "min", "start": "", "in": "3", "result": "Flyout", "evo": "84.7", "la": "35", "dist": "306"}, {"player": "luis arraez", "game": "bal @ min", "gameIdx": 0, "hr/park": "", "pa": "21", "dt": "", "img": "https://www.mlbstatic.com/team-logos/142.svg", "team": "min", "start": "", "in": "3", "result": "Strikeout", "evo": "", "la": "", "dist": ""}, {"player": "austin hays", "game": "bal @ min", "gameIdx": 0, "hr/park": "0/30", "pa": "20", "dt": "", "img": "https://www.mlbstatic.com/team-logos/110.svg", "team": "bal", "start": "", "in": "3", "result": "Lineout", "evo": "104.3", "la": "16", "dist": "331"}, {"player": "cedric mullins", "game": "bal @ min", "gameIdx": 0, "hr/park": "0/30", "pa": "19", "dt": "", "img": "https://www.mlbstatic.com/team-logos/110.svg", "team": "bal", "start": "", "in": "3", "result": "Double", "evo": "107.7", "la": "15", "dist": "348"}, {"player": "jorge mateo", "game": "bal @ min", "gameIdx": 0, "hr/park": "", "pa": "18", "dt": "", "img": "https://www.mlbstatic.com/team-logos/110.svg", "team": "bal", "start": "", "in": "3", "result": "Walk", "evo": "", "la": "", "dist": ""}, {"player": "jonathan arauz", "game": "bal @ min", "gameIdx": 0, "hr/park": "", "pa": "17", "dt": "", "img": "https://www.mlbstatic.com/team-logos/110.svg", "team": "bal", "start": "", "in": "3", "result": "Lineout", "evo": "81.4", "la": "29", "dist": "290"}, {"player": "ryan mckenna", "game": "bal @ min", "gameIdx": 0, "hr/park": "0/30", "pa": "16", "dt": "", "img": "https://www.mlbstatic.com/team-logos/110.svg", "team": "bal", "start": "", "in": "3", "result": "Flyout", "evo": "99.4", "la": "25", "dist": "349"}, {"player": "ryan jeffers", "game": "bal @ min", "gameIdx": 0, "hr/park": "", "pa": "15", "dt": "", "img": "https://www.mlbstatic.com/team-logos/142.svg", "team": "min", "start": "", "in": "2", "result": "Lineout", "evo": "89.8", "la": "25", "dist": "287"}, {"player": "gio urshela", "game": "bal @ min", "gameIdx": 0, "hr/park": "0/30", "pa": "14", "dt": "", "img": "https://www.mlbstatic.com/team-logos/142.svg", "team": "min", "start": "", "in": "2", "result": "Lineout", "evo": "106.5", "la": "18", "dist": "345"}, {"player": "alex kirilloff", "game": "bal @ min", "gameIdx": 0, "hr/park": "", "pa": "13", "dt": "", "img": "https://www.mlbstatic.com/team-logos/142.svg", "team": "min", "start": "", "in": "2", "result": "Groundout", "evo": "101.5", "la": "-23", "dist": "4"}, {"player": "rougned odor", "game": "bal @ min", "gameIdx": 0, "hr/park": "", "pa": "12", "dt": "", "img": "https://www.mlbstatic.com/team-logos/110.svg", "team": "bal", "start": "", "in": "2", "result": "Flyout", "evo": "87.2", "la": "49", "dist": "255"}, {"player": "adley rutschman", "game": "bal @ min", "gameIdx": 0, "hr/park": "", "pa": "11", "dt": "", "img": "https://www.mlbstatic.com/team-logos/110.svg", "team": "bal", "start": "", "in": "2", "result": "Groundout", "evo": "82.8", "la": "-9", "dist": "17"}, {"player": "ryan mountcastle", "game": "bal @ min", "gameIdx": 0, "hr/park": "", "pa": "10", "dt": "", "img": "https://www.mlbstatic.com/team-logos/110.svg", "team": "bal", "start": "", "in": "2", "result": "Strikeout", "evo": "", "la": "", "dist": ""}, {"player": "jose miranda", "game": "bal @ min", "gameIdx": 0, "hr/park": "", "pa": "9", "dt": "", "img": "https://www.mlbstatic.com/team-logos/142.svg", "team": "min", "start": "", "in": "1", "result": "Single", "evo": "94.9", "la": "-15", "dist": "11"}, {"player": "jorge polanco", "game": "bal @ min", "gameIdx": 0, "hr/park": "", "pa": "8", "dt": "", "img": "https://www.mlbstatic.com/team-logos/142.svg", "team": "min", "start": "", "in": "1", "result": "Strikeout", "evo": "", "la": "", "dist": ""}, {"player": "max kepler", "game": "bal @ min", "gameIdx": 0, "hr/park": "", "pa": "7", "dt": "", "img": "https://www.mlbstatic.com/team-logos/142.svg", "team": "min", "start": "", "in": "1", "result": "Walk", "evo": "", "la": "", "dist": ""}, {"player": "carlos correa", "game": "bal @ min", "gameIdx": 0, "hr/park": "", "pa": "6", "dt": "", "img": "https://www.mlbstatic.com/team-logos/142.svg", "team": "min", "start": "", "in": "1", "result": "Single", "evo": "104.8", "la": "12", "dist": "272"}, {"player": "byron buxton", "game": "bal @ min", "gameIdx": 0, "hr/park": "", "pa": "5", "dt": "", "img": "https://www.mlbstatic.com/team-logos/142.svg", "team": "min", "start": "", "in": "1", "result": "Strikeout", "evo": "", "la": "", "dist": ""}, {"player": "luis arraez", "game": "bal @ min", "gameIdx": 0, "hr/park": "0/30", "pa": "4", "dt": "", "img": "https://www.mlbstatic.com/team-logos/142.svg", "team": "min", "start": "", "in": "1", "result": "Double", "evo": "103.4", "la": "23", "dist": "361"}, {"player": "anthony santander", "game": "bal @ min", "gameIdx": 0, "hr/park": "", "pa": "3", "dt": "", "img": "https://www.mlbstatic.com/team-logos/110.svg", "team": "bal", "start": "", "in": "1", "result": "Lineout", "evo": "86.0", "la": "22", "dist": "289"}, {"player": "austin hays", "game": "bal @ min", "gameIdx": 0, "hr/park": "", "pa": "2", "dt": "", "img": "https://www.mlbstatic.com/team-logos/110.svg", "team": "bal", "start": "", "in": "1", "result": "Lineout", "evo": "79.4", "la": "24", "dist": "284"}, {"player": "cedric mullins", "game": "bal @ min", "gameIdx": 0, "hr/park": "", "pa": "1", "dt": "", "img": "https://www.mlbstatic.com/team-logos/110.svg", "team": "bal", "start": "", "in": "1", "result": "Strikeout", "evo": "", "la": "", "dist": ""}], "sd @ lad": [], "ath @ sea": [], "chw @ sf": [], "nyy @ cle": []}