{"all": {"pitchers": "9", "batters": "21", "pitches": "308", "max velomax pitch velocity": "100.5", "min velomin pitch velocity": "68.9", "ff%fourseam fastball %": "23.1", "si%sinker %": "27.3", "fc%cutter %": "4.5", "fs%splitter %": "0.0", "ch%changeup %": "11.4", "sl%slider %": "28.2", "cu%curve %": "5.5", "max evmax exit velocity": "110.9", "hhhard hit": "20", "hh%hard hit %": "36.4", "brlbarrels": "4", "brl%barrel %": "7.3", "ab": "69", "avg": ".261", "h": "18", "1b": "9", "2b": "6", "3b": "1", "hr": "2", "so": "17", "bipballs in play": "55", "liveGames": 0, "totGames": 15}, "bal @ cin": [], "nym @ mia": [{"player": "joey wendle", "game": "nym @ mia", "gameIdx": 0, "hr/park": "", "pa": "81", "dt": "", "img": "https://www.mlbstatic.com/team-logos/146.svg", "team": "mia", "start": "", "in": "9", "result": "Strikeout", "evo": "", "la": "", "dist": ""}, {"player": "jesus sanchez", "game": "nym @ mia", "gameIdx": 0, "hr/park": "", "pa": "80", "dt": "", "img": "https://www.mlbstatic.com/team-logos/146.svg", "team": "mia", "start": "", "in": "9", "result": "Strikeout", "evo": "", "la": "", "dist": ""}, {"player": "nick fortes", "game": "nym @ mia", "gameIdx": 0, "hr/park": "", "pa": "79", "dt": "", "img": "https://www.mlbstatic.com/team-logos/146.svg", "team": "mia", "start": "", "in": "9", "result": "Strikeout", "evo": "", "la": "", "dist": ""}, {"player": "eduardo escobar", "game": "nym @ mia", "gameIdx": 0, "hr/park": "", "pa": "78", "dt": "", "img": "https://www.mlbstatic.com/team-logos/121.svg", "team": "nym", "start": "", "in": "9", "result": "Strikeout", "evo": "", "la": "", "dist": ""}, {"player": "mark canha", "game": "nym @ mia", "gameIdx": 0, "hr/park": "", "pa": "77", "dt": "", "img": "https://www.mlbstatic.com/team-logos/121.svg", "team": "nym", "start": "", "in": "9", "result": "Groundout", "evo": "106.4", "la": "", "dist": "59"}, {"player": "jeff mcneil", "game": "nym @ mia", "gameIdx": 0, "hr/park": "", "pa": "76", "dt": "", "img": "https://www.mlbstatic.com/team-logos/121.svg", "team": "nym", "start": "", "in": "9", "result": "Pop Out", "evo": "59.6", "la": "55", "dist": "144"}, {"player": "bryan de la cruz", "game": "nym @ mia", "gameIdx": 0, "hr/park": "0/30", "pa": "75", "dt": "", "img": "https://www.mlbstatic.com/team-logos/146.svg", "team": "mia", "start": "", "in": "8", "result": "Lineout", "evo": "103.3", "la": "16", "dist": "325"}, {"player": "miguel rojas", "game": "nym @ mia", "gameIdx": 0, "hr/park": "9/30", "pa": "74", "dt": "", "img": "https://www.mlbstatic.com/team-logos/146.svg", "team": "mia", "start": "", "in": "8", "result": "Flyout", "evo": "98.7", "la": "37", "dist": "357"}, {"player": "jj bleday", "game": "nym @ mia", "gameIdx": 0, "hr/park": "", "pa": "73", "dt": "", "img": "https://www.mlbstatic.com/team-logos/146.svg", "team": "mia", "start": "", "in": "8", "result": "Strikeout", "evo": "", "la": "", "dist": ""}, {"player": "daniel vogelbach", "game": "nym @ mia", "gameIdx": 0, "hr/park": "", "pa": "72", "dt": "", "img": "https://www.mlbstatic.com/team-logos/121.svg", "team": "nym", "start": "", "in": "8", "result": "Strikeout", "evo": "", "la": "", "dist": ""}, {"player": "francisco lindor", "game": "nym @ mia", "gameIdx": 0, "hr/park": "", "pa": "70", "dt": "", "img": "https://www.mlbstatic.com/team-logos/121.svg", "team": "nym", "start": "", "in": "8", "result": "Double", "evo": "80.8", "la": "23", "dist": "248"}, {"player": "starling marte", "game": "nym @ mia", "gameIdx": 0, "hr/park": "", "pa": "69", "dt": "", "img": "https://www.mlbstatic.com/team-logos/121.svg", "team": "nym", "start": "", "in": "8", "result": "Strikeout", "evo": "", "la": "", "dist": ""}, {"player": "brandon nimmo", "game": "nym @ mia", "gameIdx": 0, "hr/park": "30/30", "pa": "68", "dt": "", "img": "https://www.mlbstatic.com/team-logos/121.svg", "team": "nym", "start": "", "in": "8", "result": "Home Run", "evo": "104.0", "la": "32", "dist": "406"}, {"player": "tomas nido", "game": "nym @ mia", "gameIdx": 0, "hr/park": "", "pa": "67", "dt": "", "img": "https://www.mlbstatic.com/team-logos/121.svg", "team": "nym", "start": "", "in": "8", "result": "Sac Bunt", "evo": "24.9", "la": "11", "dist": "23"}, {"player": "eduardo escobar", "game": "nym @ mia", "gameIdx": 0, "hr/park": "", "pa": "66", "dt": "", "img": "https://www.mlbstatic.com/team-logos/121.svg", "team": "nym", "start": "", "in": "8", "result": "Single", "evo": "64.6", "la": "7", "dist": "65"}, {"player": "avisail garcia", "game": "nym @ mia", "gameIdx": 0, "hr/park": "", "pa": "65", "dt": "", "img": "https://www.mlbstatic.com/team-logos/146.svg", "team": "mia", "start": "", "in": "7", "result": "Strikeout", "evo": "", "la": "", "dist": ""}, {"player": "lewin diaz", "game": "nym @ mia", "gameIdx": 0, "hr/park": "", "pa": "64", "dt": "", "img": "https://www.mlbstatic.com/team-logos/146.svg", "team": "mia", "start": "", "in": "7", "result": "Single", "evo": "64.9", "la": "-82", "dist": "2"}, {"player": "jesus aguilar", "game": "nym @ mia", "gameIdx": 0, "hr/park": "", "pa": "63", "dt": "", "img": "https://www.mlbstatic.com/team-logos/146.svg", "team": "mia", "start": "", "in": "7", "result": "Strikeout", "evo": "", "la": "", "dist": ""}, {"player": "joey wendle", "game": "nym @ mia", "gameIdx": 0, "hr/park": "0/30", "pa": "62", "dt": "", "img": "https://www.mlbstatic.com/team-logos/146.svg", "team": "mia", "start": "", "in": "7", "result": "Flyout", "evo": "91.5", "la": "34", "dist": "330"}, {"player": "mark canha", "game": "nym @ mia", "gameIdx": 0, "hr/park": "", "pa": "61", "dt": "", "img": "https://www.mlbstatic.com/team-logos/121.svg", "team": "nym", "start": "", "in": "7", "result": "Forceout", "evo": "92.6", "la": "-14", "dist": "12"}, {"player": "jeff mcneil", "game": "nym @ mia", "gameIdx": 0, "hr/park": "", "pa": "60", "dt": "", "img": "https://www.mlbstatic.com/team-logos/121.svg", "team": "nym", "start": "", "in": "7", "result": "Strikeout", "evo": "", "la": "", "dist": ""}, {"player": "daniel vogelbach", "game": "nym @ mia", "gameIdx": 0, "hr/park": "", "pa": "59", "dt": "", "img": "https://www.mlbstatic.com/team-logos/121.svg", "team": "nym", "start": "", "in": "7", "result": "Walk", "evo": "", "la": "", "dist": ""}, {"player": "pete alonso", "game": "nym @ mia", "gameIdx": 0, "hr/park": "", "pa": "58", "dt": "", "img": "https://www.mlbstatic.com/team-logos/121.svg", "team": "nym", "start": "", "in": "7", "result": "Forceout", "evo": "107.0", "la": "-15", "dist": "6"}, {"player": "francisco lindor", "game": "nym @ mia", "gameIdx": 0, "hr/park": "", "pa": "57", "dt": "", "img": "https://www.mlbstatic.com/team-logos/121.svg", "team": "nym", "start": "", "in": "7", "result": "Walk", "evo": "", "la": "", "dist": ""}, {"player": "jacob stallings", "game": "nym @ mia", "gameIdx": 0, "hr/park": "", "pa": "56", "dt": "", "img": "https://www.mlbstatic.com/team-logos/146.svg", "team": "mia", "start": "", "in": "6", "result": "GIDP", "evo": "89.6", "la": "-8", "dist": "19"}, {"player": "luke williams", "game": "nym @ mia", "gameIdx": 0, "hr/park": "", "pa": "55", "dt": "", "img": "https://www.mlbstatic.com/team-logos/146.svg", "team": "mia", "start": "", "in": "6", "result": "Flyout", "evo": "92.9", "la": "50", "dist": "264"}, {"player": "bryan de la cruz", "game": "nym @ mia", "gameIdx": 0, "hr/park": "", "pa": "54", "dt": "", "img": "https://www.mlbstatic.com/team-logos/146.svg", "team": "mia", "start": "", "in": "6", "result": "Single", "evo": "90.3", "la": "12", "dist": "202"}, {"player": "miguel rojas", "game": "nym @ mia", "gameIdx": 0, "hr/park": "", "pa": "53", "dt": "", "img": "https://www.mlbstatic.com/team-logos/146.svg", "team": "mia", "start": "", "in": "6", "result": "Single", "evo": "82.6", "la": "18", "dist": "252"}, {"player": "starling marte", "game": "nym @ mia", "gameIdx": 0, "hr/park": "", "pa": "52", "dt": "", "img": "https://www.mlbstatic.com/team-logos/121.svg", "team": "nym", "start": "", "in": "6", "result": "Groundout", "evo": "67.1", "la": "-45", "dist": "3"}, {"player": "brandon nimmo", "game": "nym @ mia", "gameIdx": 0, "hr/park": "", "pa": "51", "dt": "", "img": "https://www.mlbstatic.com/team-logos/121.svg", "team": "nym", "start": "", "in": "6", "result": "Groundout", "evo": "105.6", "la": "-3", "dist": "24"}, {"player": "tomas nido", "game": "nym @ mia", "gameIdx": 0, "hr/park": "", "pa": "50", "dt": "", "img": "https://www.mlbstatic.com/team-logos/121.svg", "team": "nym", "start": "", "in": "6", "result": "Groundout", "evo": "80.0", "la": "4", "dist": "76"}, {"player": "jj bleday", "game": "nym @ mia", "gameIdx": 0, "hr/park": "", "pa": "49", "dt": "", "img": "https://www.mlbstatic.com/team-logos/146.svg", "team": "mia", "start": "", "in": "5", "result": "Groundout", "evo": "54.0", "la": "-38", "dist": "6"}, {"player": "avisail garcia", "game": "nym @ mia", "gameIdx": 0, "hr/park": "", "pa": "48", "dt": "", "img": "https://www.mlbstatic.com/team-logos/146.svg", "team": "mia", "start": "", "in": "5", "result": "Groundout", "evo": "106.7", "la": "-9", "dist": "18"}, {"player": "lewin diaz", "game": "nym @ mia", "gameIdx": 0, "hr/park": "", "pa": "47", "dt": "", "img": "https://www.mlbstatic.com/team-logos/146.svg", "team": "mia", "start": "", "in": "5", "result": "Strikeout", "evo": "", "la": "", "dist": ""}, {"player": "luis guillorme", "game": "nym @ mia", "gameIdx": 0, "hr/park": "0/30", "pa": "46", "dt": "", "img": "https://www.mlbstatic.com/team-logos/121.svg", "team": "nym", "start": "", "in": "5", "result": "Lineout", "evo": "92.3", "la": "24", "dist": "328"}, {"player": "mark canha", "game": "nym @ mia", "gameIdx": 0, "hr/park": "", "pa": "45", "dt": "", "img": "https://www.mlbstatic.com/team-logos/121.svg", "team": "nym", "start": "", "in": "5", "result": "Strikeout", "evo": "", "la": "", "dist": ""}, {"player": "jeff mcneil", "game": "nym @ mia", "gameIdx": 0, "hr/park": "", "pa": "44", "dt": "", "img": "https://www.mlbstatic.com/team-logos/121.svg", "team": "nym", "start": "", "in": "5", "result": "Single", "evo": "96.2", "la": "4", "dist": "89"}, {"player": "daniel vogelbach", "game": "nym @ mia", "gameIdx": 0, "hr/park": "", "pa": "43", "dt": "", "img": "https://www.mlbstatic.com/team-logos/121.svg", "team": "nym", "start": "", "in": "5", "result": "Double", "evo": "108.7", "la": "11", "dist": "274"}, {"player": "pete alonso", "game": "nym @ mia", "gameIdx": 0, "hr/park": "", "pa": "42", "dt": "", "img": "https://www.mlbstatic.com/team-logos/121.svg", "team": "nym", "start": "", "in": "5", "result": "Groundout", "evo": "97.0", "la": "-37", "dist": "3"}, {"player": "jesus aguilar", "game": "nym @ mia", "gameIdx": 0, "hr/park": "1/30", "pa": "41", "dt": "", "img": "https://www.mlbstatic.com/team-logos/146.svg", "team": "mia", "start": "", "in": "4", "result": "Flyout", "evo": "94.2", "la": "32", "dist": "349"}, {"player": "joey wendle", "game": "nym @ mia", "gameIdx": 0, "hr/park": "", "pa": "40", "dt": "", "img": "https://www.mlbstatic.com/team-logos/146.svg", "team": "mia", "start": "", "in": "4", "result": "Hit By Pitch", "evo": "", "la": "", "dist": ""}, {"player": "jacob stallings", "game": "nym @ mia", "gameIdx": 0, "hr/park": "", "pa": "39", "dt": "", "img": "https://www.mlbstatic.com/team-logos/146.svg", "team": "mia", "start": "", "in": "4", "result": "Groundout", "evo": "96.3", "la": "", "dist": "46"}, {"player": "luke williams", "game": "nym @ mia", "gameIdx": 0, "hr/park": "", "pa": "38", "dt": "", "img": "https://www.mlbstatic.com/team-logos/146.svg", "team": "mia", "start": "", "in": "4", "result": "Groundout", "evo": "86.2", "la": "-36", "dist": "4"}, {"player": "francisco lindor", "game": "nym @ mia", "gameIdx": 0, "hr/park": "", "pa": "37", "dt": "", "img": "https://www.mlbstatic.com/team-logos/121.svg", "team": "nym", "start": "", "in": "4", "result": "Strikeout", "evo": "", "la": "", "dist": ""}, {"player": "starling marte", "game": "nym @ mia", "gameIdx": 0, "hr/park": "20/30", "pa": "36", "dt": "", "img": "https://www.mlbstatic.com/team-logos/121.svg", "team": "nym", "start": "", "in": "4", "result": "Home Run", "evo": "106.6", "la": "22", "dist": "413"}, {"player": "brandon nimmo", "game": "nym @ mia", "gameIdx": 0, "hr/park": "0/30", "pa": "35", "dt": "", "img": "https://www.mlbstatic.com/team-logos/121.svg", "team": "nym", "start": "", "in": "4", "result": "Flyout", "evo": "89.6", "la": "30", "dist": "314"}, {"player": "tomas nido", "game": "nym @ mia", "gameIdx": 0, "hr/park": "", "pa": "34", "dt": "", "img": "https://www.mlbstatic.com/team-logos/121.svg", "team": "nym", "start": "", "in": "4", "result": "Lineout", "evo": "96.7", "la": "17", "dist": "271"}, {"player": "bryan de la cruz", "game": "nym @ mia", "gameIdx": 0, "hr/park": "", "pa": "33", "dt": "", "img": "https://www.mlbstatic.com/team-logos/146.svg", "team": "mia", "start": "", "in": "3", "result": "Forceout", "evo": "78.6", "la": "1", "dist": "53"}, {"player": "miguel rojas", "game": "nym @ mia", "gameIdx": 0, "hr/park": "", "pa": "32", "dt": "", "img": "https://www.mlbstatic.com/team-logos/146.svg", "team": "mia", "start": "", "in": "3", "result": "Walk", "evo": "", "la": "", "dist": ""}, {"player": "jj bleday", "game": "nym @ mia", "gameIdx": 0, "hr/park": "", "pa": "31", "dt": "", "img": "https://www.mlbstatic.com/team-logos/146.svg", "team": "mia", "start": "", "in": "3", "result": "Strikeout", "evo": "", "la": "", "dist": ""}, {"player": "avisail garcia", "game": "nym @ mia", "gameIdx": 0, "hr/park": "", "pa": "30", "dt": "", "img": "https://www.mlbstatic.com/team-logos/146.svg", "team": "mia", "start": "", "in": "3", "result": "Walk", "evo": "", "la": "", "dist": ""}, {"player": "lewin diaz", "game": "nym @ mia", "gameIdx": 0, "hr/park": "", "pa": "29", "dt": "", "img": "https://www.mlbstatic.com/team-logos/146.svg", "team": "mia", "start": "", "in": "3", "result": "Pop Out", "evo": "80.4", "la": "59", "dist": "191"}, {"player": "luis guillorme", "game": "nym @ mia", "gameIdx": 0, "hr/park": "", "pa": "28", "dt": "", "img": "https://www.mlbstatic.com/team-logos/121.svg", "team": "nym", "start": "", "in": "3", "result": "Strikeout", "evo": "", "la": "", "dist": ""}, {"player": "mark canha", "game": "nym @ mia", "gameIdx": 0, "hr/park": "", "pa": "27", "dt": "", "img": "https://www.mlbstatic.com/team-logos/121.svg", "team": "nym", "start": "", "in": "3", "result": "Groundout", "evo": "63.4", "la": "-18", "dist": "7"}, {"player": "jeff mcneil", "game": "nym @ mia", "gameIdx": 0, "hr/park": "", "pa": "26", "dt": "", "img": "https://www.mlbstatic.com/team-logos/121.svg", "team": "nym", "start": "", "in": "3", "result": "Groundout", "evo": "79.7", "la": "-36", "dist": "3"}, {"player": "daniel vogelbach", "game": "nym @ mia", "gameIdx": 0, "hr/park": "0/30", "pa": "25", "dt": "", "img": "https://www.mlbstatic.com/team-logos/121.svg", "team": "nym", "start": "", "in": "3", "result": "Double", "evo": "110.9", "la": "19", "dist": "381"}, {"player": "jesus aguilar", "game": "nym @ mia", "gameIdx": 0, "hr/park": "", "pa": "24", "dt": "", "img": "https://www.mlbstatic.com/team-logos/146.svg", "team": "mia", "start": "", "in": "2", "result": "Groundout", "evo": "94.2", "la": "-4", "dist": "23"}, {"player": "joey wendle", "game": "nym @ mia", "gameIdx": 0, "hr/park": "", "pa": "23", "dt": "", "img": "https://www.mlbstatic.com/team-logos/146.svg", "team": "mia", "start": "", "in": "2", "result": "GIDP", "evo": "88.9", "la": "-29", "dist": "7"}, {"player": "jacob stallings", "game": "nym @ mia", "gameIdx": 0, "hr/park": "", "pa": "22", "dt": "", "img": "https://www.mlbstatic.com/team-logos/146.svg", "team": "mia", "start": "", "in": "2", "result": "Single", "evo": "98.6", "la": "5", "dist": "99"}, {"player": "luke williams", "game": "nym @ mia", "gameIdx": 0, "hr/park": "", "pa": "21", "dt": "", "img": "https://www.mlbstatic.com/team-logos/146.svg", "team": "mia", "start": "", "in": "2", "result": "Walk", "evo": "", "la": "", "dist": ""}, {"player": "pete alonso", "game": "nym @ mia", "gameIdx": 0, "hr/park": "", "pa": "20", "dt": "", "img": "https://www.mlbstatic.com/team-logos/121.svg", "team": "nym", "start": "", "in": "2", "result": "Forceout", "evo": "92.0", "la": "-17", "dist": "9"}, {"player": "francisco lindor", "game": "nym @ mia", "gameIdx": 0, "hr/park": "", "pa": "19", "dt": "", "img": "https://www.mlbstatic.com/team-logos/121.svg", "team": "nym", "start": "", "in": "2", "result": "Walk", "evo": "", "la": "", "dist": ""}, {"player": "starling marte", "game": "nym @ mia", "gameIdx": 0, "hr/park": "", "pa": "18", "dt": "", "img": "https://www.mlbstatic.com/team-logos/121.svg", "team": "nym", "start": "", "in": "2", "result": "Triple", "evo": "104.4", "la": "13", "dist": "289"}, {"player": "brandon nimmo", "game": "nym @ mia", "gameIdx": 0, "hr/park": "11/30", "pa": "17", "dt": "", "img": "https://www.mlbstatic.com/team-logos/121.svg", "team": "nym", "start": "", "in": "2", "result": "Double", "evo": "104.9", "la": "23", "dist": "408"}, {"player": "tomas nido", "game": "nym @ mia", "gameIdx": 0, "hr/park": "", "pa": "16", "dt": "", "img": "https://www.mlbstatic.com/team-logos/121.svg", "team": "nym", "start": "", "in": "2", "result": "Walk", "evo": "", "la": "", "dist": ""}, {"player": "luis guillorme", "game": "nym @ mia", "gameIdx": 0, "hr/park": "", "pa": "15", "dt": "", "img": "https://www.mlbstatic.com/team-logos/121.svg", "team": "nym", "start": "", "in": "2", "result": "Groundout", "evo": "84.6", "la": "-12", "dist": "11"}, {"player": "mark canha", "game": "nym @ mia", "gameIdx": 0, "hr/park": "", "pa": "14", "dt": "", "img": "https://www.mlbstatic.com/team-logos/121.svg", "team": "nym", "start": "", "in": "2", "result": "Double", "evo": "88.8", "la": "22", "dist": "272"}, {"player": "jeff mcneil", "game": "nym @ mia", "gameIdx": 0, "hr/park": "", "pa": "13", "dt": "", "img": "https://www.mlbstatic.com/team-logos/121.svg", "team": "nym", "start": "", "in": "2", "result": "Flyout", "evo": "85.7", "la": "38", "dist": "286"}, {"player": "bryan de la cruz", "game": "nym @ mia", "gameIdx": 0, "hr/park": "", "pa": "12", "dt": "", "img": "https://www.mlbstatic.com/team-logos/146.svg", "team": "mia", "start": "", "in": "1", "result": "Groundout", "evo": "84.9", "la": "-12", "dist": "14"}, {"player": "miguel rojas", "game": "nym @ mia", "gameIdx": 0, "hr/park": "", "pa": "11", "dt": "", "img": "https://www.mlbstatic.com/team-logos/146.svg", "team": "mia", "start": "", "in": "1", "result": "Double", "evo": "71.8", "la": "23", "dist": "200"}, {"player": "jj bleday", "game": "nym @ mia", "gameIdx": 0, "hr/park": "", "pa": "10", "dt": "", "img": "https://www.mlbstatic.com/team-logos/146.svg", "team": "mia", "start": "", "in": "1", "result": "Single", "evo": "60.7", "la": "-19", "dist": "9"}, {"player": "avisail garcia", "game": "nym @ mia", "gameIdx": 0, "hr/park": "", "pa": "9", "dt": "", "img": "https://www.mlbstatic.com/team-logos/146.svg", "team": "mia", "start": "", "in": "1", "result": "Single", "evo": "102.0", "la": "-17", "dist": "7"}, {"player": "lewin diaz", "game": "nym @ mia", "gameIdx": 0, "hr/park": "", "pa": "8", "dt": "", "img": "https://www.mlbstatic.com/team-logos/146.svg", "team": "mia", "start": "", "in": "1", "result": "Walk", "evo": "", "la": "", "dist": ""}, {"player": "jesus aguilar", "game": "nym @ mia", "gameIdx": 0, "hr/park": "", "pa": "7", "dt": "", "img": "https://www.mlbstatic.com/team-logos/146.svg", "team": "mia", "start": "", "in": "1", "result": "Lineout", "evo": "102.2", "la": "8", "dist": "202"}, {"player": "joey wendle", "game": "nym @ mia", "gameIdx": 0, "hr/park": "", "pa": "6", "dt": "", "img": "https://www.mlbstatic.com/team-logos/146.svg", "team": "mia", "start": "", "in": "1", "result": "Groundout", "evo": "79.3", "la": "-24", "dist": "7"}, {"player": "daniel vogelbach", "game": "nym @ mia", "gameIdx": 0, "hr/park": "", "pa": "5", "dt": "", "img": "https://www.mlbstatic.com/team-logos/121.svg", "team": "nym", "start": "", "in": "1", "result": "Lineout", "evo": "84.4", "la": "21", "dist": "279"}, {"player": "pete alonso", "game": "nym @ mia", "gameIdx": 0, "hr/park": "", "pa": "4", "dt": "", "img": "https://www.mlbstatic.com/team-logos/121.svg", "team": "nym", "start": "", "in": "1", "result": "Strikeout", "evo": "", "la": "", "dist": ""}, {"player": "francisco lindor", "game": "nym @ mia", "gameIdx": 0, "hr/park": "", "pa": "3", "dt": "", "img": "https://www.mlbstatic.com/team-logos/121.svg", "team": "nym", "start": "", "in": "1", "result": "Walk", "evo": "", "la": "", "dist": ""}, {"player": "starling marte", "game": "nym @ mia", "gameIdx": 0, "hr/park": "", "pa": "2", "dt": "", "img": "https://www.mlbstatic.com/team-logos/121.svg", "team": "nym", "start": "", "in": "1", "result": "Single", "evo": "102.4", "la": "-14", "dist": "8"}, {"player": "brandon nimmo", "game": "nym @ mia", "gameIdx": 0, "hr/park": "", "pa": "1", "dt": "", "img": "https://www.mlbstatic.com/team-logos/121.svg", "team": "nym", "start": "", "in": "1", "result": "Strikeout", "evo": "", "la": "", "dist": ""}], "stl @ wsh": [], "phi @ pit": [], "kc @ nyy": [], "det @ tor": [], "cle @ tb": [], "mil @ bos": [], "ari @ atl": [], "sea @ hou": [], "ath @ chw": [], "lad @ col": [], "tex @ laa": [], "min @ sd": [], "chc @ sf": []}