{"all": {"pitchers": "10", "batters": "20", "pitches": "285", "max velomax pitch velocity": "99.8", "min velomin pitch velocity": "71.9", "ff%fourseam fastball %": "46.0", "si%sinker %": "4.6", "fc%cutter %": "4.2", "fs%splitter %": "0.0", "ch%changeup %": "10.5", "sl%slider %": "26.0", "cu%curve %": "8.8", "max evmax exit velocity": "108.1", "hhhard hit": "16", "hh%hard hit %": "30.8", "brlbarrels": "4", "brl%barrel %": "7.7", "ab": "67", "avg": ".209", "h": "14", "1b": "9", "2b": "4", "3b": "0", "hr": "1", "so": "19", "bipballs in play": "52", "liveGames": 0, "totGames": 15}, "ari @ stl": [], "hou @ tor": [], "wsh @ sf": [], "laa @ chw": [], "cle @ ath": [], "min @ tb": [], "sea @ mia": [], "sd @ pit": [], "bos @ bal": [], "atl @ tex": [], "phi @ nym": [], "nyy @ kc": [], "chc @ mil": [], "cin @ col": [], "det @ lad": [{"player": "cody bellinger", "game": "det @ lad", "gameIdx": 0, "hr/park": "", "pa": "74", "dt": "", "img": "https://www.mlbstatic.com/team-logos/119.svg", "team": "lad", "start": "", "in": "9", "result": "Groundout", "evo": "84.0", "la": "2", "dist": "67"}, {"player": "justin turner", "game": "det @ lad", "gameIdx": 0, "hr/park": "", "pa": "73", "dt": "", "img": "https://www.mlbstatic.com/team-logos/119.svg", "team": "lad", "start": "", "in": "9", "result": "Flyout", "evo": "78.5", "la": "38", "dist": "257"}, {"player": "max muncy", "game": "det @ lad", "gameIdx": 0, "hr/park": "", "pa": "72", "dt": "", "img": "https://www.mlbstatic.com/team-logos/119.svg", "team": "lad", "start": "", "in": "9", "result": "Strikeout", "evo": "", "la": "", "dist": ""}, {"player": "spencer torkelson", "game": "det @ lad", "gameIdx": 0, "hr/park": "", "pa": "71", "dt": "", "img": "https://www.mlbstatic.com/team-logos/116.svg", "team": "det", "start": "", "in": "9", "result": "Forceout", "evo": "94.4", "la": "-22", "dist": "7"}, {"player": "austin meadows", "game": "det @ lad", "gameIdx": 0, "hr/park": "", "pa": "70", "dt": "", "img": "https://www.mlbstatic.com/team-logos/116.svg", "team": "det", "start": "", "in": "9", "result": "Single", "evo": "101.0", "la": "3", "dist": "100"}, {"player": "miguel cabrera", "game": "det @ lad", "gameIdx": 0, "hr/park": "", "pa": "69", "dt": "", "img": "https://www.mlbstatic.com/team-logos/116.svg", "team": "det", "start": "", "in": "9", "result": "Strikeout", "evo": "", "la": "", "dist": ""}, {"player": "javier baez", "game": "det @ lad", "gameIdx": 0, "hr/park": "0/30", "pa": "68", "dt": "", "img": "https://www.mlbstatic.com/team-logos/116.svg", "team": "det", "start": "", "in": "9", "result": "Lineout", "evo": "107.2", "la": "18", "dist": "381"}, {"player": "trea turner", "game": "det @ lad", "gameIdx": 0, "hr/park": "", "pa": "67", "dt": "", "img": "https://www.mlbstatic.com/team-logos/119.svg", "team": "lad", "start": "", "in": "8", "result": "Lineout", "evo": "89.0", "la": "21", "dist": "295"}, {"player": "freddie freeman", "game": "det @ lad", "gameIdx": 0, "hr/park": "0/30", "pa": "66", "dt": "", "img": "https://www.mlbstatic.com/team-logos/119.svg", "team": "lad", "start": "", "in": "8", "result": "Flyout", "evo": "91.9", "la": "31", "dist": "328"}, {"player": "mookie betts", "game": "det @ lad", "gameIdx": 0, "hr/park": "", "pa": "65", "dt": "", "img": "https://www.mlbstatic.com/team-logos/119.svg", "team": "lad", "start": "", "in": "8", "result": "Flyout", "evo": "91.8", "la": "47", "dist": "274"}, {"player": "robbie grossman", "game": "det @ lad", "gameIdx": 0, "hr/park": "", "pa": "64", "dt": "", "img": "https://www.mlbstatic.com/team-logos/116.svg", "team": "det", "start": "", "in": "8", "result": "Strikeout", "evo": "", "la": "", "dist": ""}, {"player": "derek hill", "game": "det @ lad", "gameIdx": 0, "hr/park": "", "pa": "63", "dt": "", "img": "https://www.mlbstatic.com/team-logos/116.svg", "team": "det", "start": "", "in": "8", "result": "Strikeout", "evo": "", "la": "", "dist": ""}, {"player": "tucker barnhart", "game": "det @ lad", "gameIdx": 0, "hr/park": "", "pa": "62", "dt": "", "img": "https://www.mlbstatic.com/team-logos/116.svg", "team": "det", "start": "", "in": "8", "result": "Double", "evo": "102.2", "la": "17", "dist": "245"}, {"player": "jeimer candelario", "game": "det @ lad", "gameIdx": 0, "hr/park": "", "pa": "61", "dt": "", "img": "https://www.mlbstatic.com/team-logos/116.svg", "team": "det", "start": "", "in": "8", "result": "Single", "evo": "73.6", "la": "-37", "dist": "3"}, {"player": "jonathan schoop", "game": "det @ lad", "gameIdx": 0, "hr/park": "", "pa": "60", "dt": "", "img": "https://www.mlbstatic.com/team-logos/116.svg", "team": "det", "start": "", "in": "8", "result": "Strikeout", "evo": "", "la": "", "dist": ""}, {"player": "austin barnes", "game": "det @ lad", "gameIdx": 0, "hr/park": "", "pa": "59", "dt": "", "img": "https://www.mlbstatic.com/team-logos/119.svg", "team": "lad", "start": "", "in": "7", "result": "GIDP", "evo": "97.3", "la": "-13", "dist": "13"}, {"player": "gavin lux", "game": "det @ lad", "gameIdx": 0, "hr/park": "", "pa": "58", "dt": "", "img": "https://www.mlbstatic.com/team-logos/119.svg", "team": "lad", "start": "", "in": "7", "result": "Single", "evo": "80.8", "la": "-1", "dist": "35"}, {"player": "chris taylor", "game": "det @ lad", "gameIdx": 0, "hr/park": "", "pa": "57", "dt": "", "img": "https://www.mlbstatic.com/team-logos/119.svg", "team": "lad", "start": "", "in": "7", "result": "Strikeout", "evo": "", "la": "", "dist": ""}, {"player": "cody bellinger", "game": "det @ lad", "gameIdx": 0, "hr/park": "", "pa": "56", "dt": "", "img": "https://www.mlbstatic.com/team-logos/119.svg", "team": "lad", "start": "", "in": "7", "result": "Walk", "evo": "", "la": "", "dist": ""}, {"player": "spencer torkelson", "game": "det @ lad", "gameIdx": 0, "hr/park": "", "pa": "55", "dt": "", "img": "https://www.mlbstatic.com/team-logos/116.svg", "team": "det", "start": "", "in": "7", "result": "Strikeout", "evo": "", "la": "", "dist": ""}, {"player": "austin meadows", "game": "det @ lad", "gameIdx": 0, "hr/park": "", "pa": "54", "dt": "", "img": "https://www.mlbstatic.com/team-logos/116.svg", "team": "det", "start": "", "in": "7", "result": "Single", "evo": "73.6", "la": "-4", "dist": "25"}, {"player": "miguel cabrera", "game": "det @ lad", "gameIdx": 0, "hr/park": "", "pa": "53", "dt": "", "img": "https://www.mlbstatic.com/team-logos/116.svg", "team": "det", "start": "", "in": "7", "result": "Walk", "evo": "", "la": "", "dist": ""}, {"player": "javier baez", "game": "det @ lad", "gameIdx": 0, "hr/park": "", "pa": "52", "dt": "", "img": "https://www.mlbstatic.com/team-logos/116.svg", "team": "det", "start": "", "in": "7", "result": "Double", "evo": "88.3", "la": "2", "dist": "72"}, {"player": "robbie grossman", "game": "det @ lad", "gameIdx": 0, "hr/park": "", "pa": "51", "dt": "", "img": "https://www.mlbstatic.com/team-logos/116.svg", "team": "det", "start": "", "in": "7", "result": "Strikeout", "evo": "", "la": "", "dist": ""}, {"player": "derek hill", "game": "det @ lad", "gameIdx": 0, "hr/park": "", "pa": "50", "dt": "", "img": "https://www.mlbstatic.com/team-logos/116.svg", "team": "det", "start": "", "in": "7", "result": "Strikeout", "evo": "", "la": "", "dist": ""}, {"player": "harold castro", "game": "det @ lad", "gameIdx": 0, "hr/park": "", "pa": "49", "dt": "", "img": "https://www.mlbstatic.com/team-logos/116.svg", "team": "det", "start": "", "in": "7", "result": "Single", "evo": "85.4", "la": "5", "dist": "70"}, {"player": "jeimer candelario", "game": "det @ lad", "gameIdx": 0, "hr/park": "", "pa": "48", "dt": "", "img": "https://www.mlbstatic.com/team-logos/116.svg", "team": "det", "start": "", "in": "7", "result": "Hit By Pitch", "evo": "", "la": "", "dist": ""}, {"player": "justin turner", "game": "det @ lad", "gameIdx": 0, "hr/park": "", "pa": "47", "dt": "", "img": "https://www.mlbstatic.com/team-logos/119.svg", "team": "lad", "start": "", "in": "6", "result": "Groundout", "evo": "69.7", "la": "-29", "dist": "6"}, {"player": "max muncy", "game": "det @ lad", "gameIdx": 0, "hr/park": "0/30", "pa": "46", "dt": "", "img": "https://www.mlbstatic.com/team-logos/119.svg", "team": "lad", "start": "", "in": "6", "result": "Flyout", "evo": "98.1", "la": "41", "dist": "332"}, {"player": "trea turner", "game": "det @ lad", "gameIdx": 0, "hr/park": "0/30", "pa": "45", "dt": "", "img": "https://www.mlbstatic.com/team-logos/119.svg", "team": "lad", "start": "", "in": "6", "result": "Flyout", "evo": "92.1", "la": "37", "dist": "321"}, {"player": "jonathan schoop", "game": "det @ lad", "gameIdx": 0, "hr/park": "", "pa": "44", "dt": "", "img": "https://www.mlbstatic.com/team-logos/116.svg", "team": "det", "start": "", "in": "6", "result": "Groundout", "evo": "89.7", "la": "5", "dist": "90"}, {"player": "spencer torkelson", "game": "det @ lad", "gameIdx": 0, "hr/park": "", "pa": "43", "dt": "", "img": "https://www.mlbstatic.com/team-logos/116.svg", "team": "det", "start": "", "in": "6", "result": "Groundout", "evo": "96.2", "la": "-5", "dist": "18"}, {"player": "austin meadows", "game": "det @ lad", "gameIdx": 0, "hr/park": "", "pa": "42", "dt": "", "img": "https://www.mlbstatic.com/team-logos/116.svg", "team": "det", "start": "", "in": "6", "result": "Walk", "evo": "", "la": "", "dist": ""}, {"player": "miguel cabrera", "game": "det @ lad", "gameIdx": 0, "hr/park": "", "pa": "41", "dt": "", "img": "https://www.mlbstatic.com/team-logos/116.svg", "team": "det", "start": "", "in": "6", "result": "Groundout", "evo": "94.9", "la": "-11", "dist": "15"}, {"player": "freddie freeman", "game": "det @ lad", "gameIdx": 0, "hr/park": "0/30", "pa": "40", "dt": "", "img": "https://www.mlbstatic.com/team-logos/119.svg", "team": "lad", "start": "", "in": "5", "result": "Flyout", "evo": "89.7", "la": "28", "dist": "308"}, {"player": "mookie betts", "game": "det @ lad", "gameIdx": 0, "hr/park": "0/30", "pa": "39", "dt": "", "img": "https://www.mlbstatic.com/team-logos/119.svg", "team": "lad", "start": "", "in": "5", "result": "Flyout", "evo": "93.9", "la": "34", "dist": "357"}, {"player": "austin barnes", "game": "det @ lad", "gameIdx": 0, "hr/park": "0/30", "pa": "38", "dt": "", "img": "https://www.mlbstatic.com/team-logos/119.svg", "team": "lad", "start": "", "in": "5", "result": "Lineout", "evo": "95.5", "la": "22", "dist": "332"}, {"player": "javier baez", "game": "det @ lad", "gameIdx": 0, "hr/park": "", "pa": "37", "dt": "", "img": "https://www.mlbstatic.com/team-logos/116.svg", "team": "det", "start": "", "in": "5", "result": "Groundout", "evo": "83.5", "la": "-33", "dist": "4"}, {"player": "robbie grossman", "game": "det @ lad", "gameIdx": 0, "hr/park": "", "pa": "36", "dt": "", "img": "https://www.mlbstatic.com/team-logos/116.svg", "team": "det", "start": "", "in": "5", "result": "Strikeout", "evo": "", "la": "", "dist": ""}, {"player": "derek hill", "game": "det @ lad", "gameIdx": 0, "hr/park": "", "pa": "35", "dt": "", "img": "https://www.mlbstatic.com/team-logos/116.svg", "team": "det", "start": "", "in": "5", "result": "Pop Out", "evo": "96.4", "la": "67", "dist": "143"}, {"player": "gavin lux", "game": "det @ lad", "gameIdx": 0, "hr/park": "", "pa": "34", "dt": "", "img": "https://www.mlbstatic.com/team-logos/119.svg", "team": "lad", "start": "", "in": "4", "result": "Groundout", "evo": "75.0", "la": "-10", "dist": "17"}, {"player": "chris taylor", "game": "det @ lad", "gameIdx": 0, "hr/park": "3/30", "pa": "33", "dt": "", "img": "https://www.mlbstatic.com/team-logos/119.svg", "team": "lad", "start": "", "in": "4", "result": "Double", "evo": "107.4", "la": "23", "dist": "343"}, {"player": "cody bellinger", "game": "det @ lad", "gameIdx": 0, "hr/park": "", "pa": "32", "dt": "", "img": "https://www.mlbstatic.com/team-logos/119.svg", "team": "lad", "start": "", "in": "4", "result": "Pop Out", "evo": "76.3", "la": "78", "dist": "90"}, {"player": "justin turner", "game": "det @ lad", "gameIdx": 0, "hr/park": "0/30", "pa": "31", "dt": "", "img": "https://www.mlbstatic.com/team-logos/119.svg", "team": "lad", "start": "", "in": "4", "result": "Flyout", "evo": "90.9", "la": "43", "dist": "308"}, {"player": "dustin garneau", "game": "det @ lad", "gameIdx": 0, "hr/park": "", "pa": "30", "dt": "", "img": "https://www.mlbstatic.com/team-logos/116.svg", "team": "det", "start": "", "in": "4", "result": "Strikeout", "evo": "", "la": "", "dist": ""}, {"player": "jeimer candelario", "game": "det @ lad", "gameIdx": 0, "hr/park": "", "pa": "29", "dt": "", "img": "https://www.mlbstatic.com/team-logos/116.svg", "team": "det", "start": "", "in": "4", "result": "Single", "evo": "87.0", "la": "10", "dist": "138"}, {"player": "jonathan schoop", "game": "det @ lad", "gameIdx": 0, "hr/park": "", "pa": "28", "dt": "", "img": "https://www.mlbstatic.com/team-logos/116.svg", "team": "det", "start": "", "in": "4", "result": "Strikeout", "evo": "", "la": "", "dist": ""}, {"player": "spencer torkelson", "game": "det @ lad", "gameIdx": 0, "hr/park": "", "pa": "27", "dt": "", "img": "https://www.mlbstatic.com/team-logos/116.svg", "team": "det", "start": "", "in": "4", "result": "Strikeout", "evo": "", "la": "", "dist": ""}, {"player": "austin meadows", "game": "det @ lad", "gameIdx": 0, "hr/park": "", "pa": "26", "dt": "", "img": "https://www.mlbstatic.com/team-logos/116.svg", "team": "det", "start": "", "in": "4", "result": "Single", "evo": "104.3", "la": "13", "dist": "275"}, {"player": "max muncy", "game": "det @ lad", "gameIdx": 0, "hr/park": "", "pa": "25", "dt": "", "img": "https://www.mlbstatic.com/team-logos/119.svg", "team": "lad", "start": "", "in": "3", "result": "Groundout", "evo": "62.1", "la": "-20", "dist": "8"}, {"player": "trea turner", "game": "det @ lad", "gameIdx": 0, "hr/park": "", "pa": "24", "dt": "", "img": "https://www.mlbstatic.com/team-logos/119.svg", "team": "lad", "start": "", "in": "3", "result": "Walk", "evo": "", "la": "", "dist": ""}, {"player": "freddie freeman", "game": "det @ lad", "gameIdx": 0, "hr/park": "", "pa": "23", "dt": "", "img": "https://www.mlbstatic.com/team-logos/119.svg", "team": "lad", "start": "", "in": "3", "result": "Forceout", "evo": "76.6", "la": "-33", "dist": "6"}, {"player": "mookie betts", "game": "det @ lad", "gameIdx": 0, "hr/park": "", "pa": "22", "dt": "", "img": "https://www.mlbstatic.com/team-logos/119.svg", "team": "lad", "start": "", "in": "3", "result": "Single", "evo": "96.6", "la": "11", "dist": "172"}, {"player": "austin barnes", "game": "det @ lad", "gameIdx": 0, "hr/park": "", "pa": "21", "dt": "", "img": "https://www.mlbstatic.com/team-logos/119.svg", "team": "lad", "start": "", "in": "3", "result": "Pop Out", "evo": "83.1", "la": "75", "dist": "59"}, {"player": "miguel cabrera", "game": "det @ lad", "gameIdx": 0, "hr/park": "", "pa": "20", "dt": "", "img": "https://www.mlbstatic.com/team-logos/116.svg", "team": "det", "start": "", "in": "3", "result": "Groundout", "evo": "67.0", "la": "-37", "dist": "3"}, {"player": "javier baez", "game": "det @ lad", "gameIdx": 0, "hr/park": "", "pa": "19", "dt": "", "img": "https://www.mlbstatic.com/team-logos/116.svg", "team": "det", "start": "", "in": "3", "result": "Single", "evo": "108.1", "la": "15", "dist": "260"}, {"player": "robbie grossman", "game": "det @ lad", "gameIdx": 0, "hr/park": "", "pa": "18", "dt": "", "img": "https://www.mlbstatic.com/team-logos/116.svg", "team": "det", "start": "", "in": "3", "result": "Walk", "evo": "", "la": "", "dist": ""}, {"player": "derek hill", "game": "det @ lad", "gameIdx": 0, "hr/park": "", "pa": "17", "dt": "", "img": "https://www.mlbstatic.com/team-logos/116.svg", "team": "det", "start": "", "in": "3", "result": "Double", "evo": "108.0", "la": "13", "dist": "227"}, {"player": "dustin garneau", "game": "det @ lad", "gameIdx": 0, "hr/park": "", "pa": "16", "dt": "", "img": "https://www.mlbstatic.com/team-logos/116.svg", "team": "det", "start": "", "in": "3", "result": "Strikeout", "evo": "", "la": "", "dist": ""}, {"player": "jeimer candelario", "game": "det @ lad", "gameIdx": 0, "hr/park": "", "pa": "15", "dt": "", "img": "https://www.mlbstatic.com/team-logos/116.svg", "team": "det", "start": "", "in": "3", "result": "Pop Out", "evo": "76.7", "la": "68", "dist": "123"}, {"player": "gavin lux", "game": "det @ lad", "gameIdx": 0, "hr/park": "", "pa": "14", "dt": "", "img": "https://www.mlbstatic.com/team-logos/119.svg", "team": "lad", "start": "", "in": "2", "result": "Pop Out", "evo": "71.7", "la": "66", "dist": "145"}, {"player": "chris taylor", "game": "det @ lad", "gameIdx": 0, "hr/park": "", "pa": "13", "dt": "", "img": "https://www.mlbstatic.com/team-logos/119.svg", "team": "lad", "start": "", "in": "2", "result": "Strikeout", "evo": "", "la": "", "dist": ""}, {"player": "cody bellinger", "game": "det @ lad", "gameIdx": 0, "hr/park": "", "pa": "12", "dt": "", "img": "https://www.mlbstatic.com/team-logos/119.svg", "team": "lad", "start": "", "in": "2", "result": "Strikeout", "evo": "", "la": "", "dist": ""}, {"player": "jonathan schoop", "game": "det @ lad", "gameIdx": 0, "hr/park": "", "pa": "11", "dt": "", "img": "https://www.mlbstatic.com/team-logos/116.svg", "team": "det", "start": "", "in": "2", "result": "Pop Out", "evo": "66.5", "la": "64", "dist": "136"}, {"player": "spencer torkelson", "game": "det @ lad", "gameIdx": 0, "hr/park": "", "pa": "10", "dt": "", "img": "https://www.mlbstatic.com/team-logos/116.svg", "team": "det", "start": "", "in": "2", "result": "Strikeout", "evo": "", "la": "", "dist": ""}, {"player": "austin meadows", "game": "det @ lad", "gameIdx": 0, "hr/park": "", "pa": "9", "dt": "", "img": "https://www.mlbstatic.com/team-logos/116.svg", "team": "det", "start": "", "in": "2", "result": "Groundout", "evo": "102.9", "la": "-7", "dist": "19"}, {"player": "justin turner", "game": "det @ lad", "gameIdx": 0, "hr/park": "", "pa": "8", "dt": "", "img": "https://www.mlbstatic.com/team-logos/119.svg", "team": "lad", "start": "", "in": "1", "result": "Strikeout", "evo": "", "la": "", "dist": ""}, {"player": "max muncy", "game": "det @ lad", "gameIdx": 0, "hr/park": "", "pa": "7", "dt": "", "img": "https://www.mlbstatic.com/team-logos/119.svg", "team": "lad", "start": "", "in": "1", "result": "Forceout", "evo": "84.0", "la": "1", "dist": "45"}, {"player": "trea turner", "game": "det @ lad", "gameIdx": 0, "hr/park": "0/30", "pa": "6", "dt": "", "img": "https://www.mlbstatic.com/team-logos/119.svg", "team": "lad", "start": "", "in": "1", "result": "Flyout", "evo": "99.2", "la": "30", "dist": "370"}, {"player": "freddie freeman", "game": "det @ lad", "gameIdx": 0, "hr/park": "", "pa": "5", "dt": "", "img": "https://www.mlbstatic.com/team-logos/119.svg", "team": "lad", "start": "", "in": "1", "result": "Walk", "evo": "", "la": "", "dist": ""}, {"player": "mookie betts", "game": "det @ lad", "gameIdx": 0, "hr/park": "6/30", "pa": "4", "dt": "", "img": "https://www.mlbstatic.com/team-logos/119.svg", "team": "lad", "start": "", "in": "1", "result": "Home Run", "evo": "102.2", "la": "25", "dist": "406"}, {"player": "miguel cabrera", "game": "det @ lad", "gameIdx": 0, "hr/park": "", "pa": "3", "dt": "", "img": "https://www.mlbstatic.com/team-logos/116.svg", "team": "det", "start": "", "in": "1", "result": "Groundout", "evo": "88.1", "la": "-16", "dist": "11"}, {"player": "javier baez", "game": "det @ lad", "gameIdx": 0, "hr/park": "", "pa": "2", "dt": "", "img": "https://www.mlbstatic.com/team-logos/116.svg", "team": "det", "start": "", "in": "1", "result": "Pop Out", "evo": "60.7", "la": "29", "dist": "188"}, {"player": "robbie grossman", "game": "det @ lad", "gameIdx": 0, "hr/park": "", "pa": "1", "dt": "", "img": "https://www.mlbstatic.com/team-logos/116.svg", "team": "det", "start": "", "in": "1", "result": "Strikeout", "evo": "", "la": "", "dist": ""}]}