{"all": {"pitchers": "37", "batters": "99", "pitches": "1387", "max velomax pitch velocity": "101.3", "min velomin pitch velocity": "69.5", "ff%fourseam fastball %": "35.5", "si%sinker %": "10.4", "fc%cutter %": "5.4", "fs%splitter %": "2.4", "ch%changeup %": "6.1", "sl%slider %": "21.3", "cu%curve %": "19.0", "max evmax exit velocity": "112.5", "hhhard hit": "82", "hh%hard hit %": "34.2", "brlbarrels": "15", "brl%barrel %": "6.3", "ab": "324", "avg": ".235", "h": "76", "1b": "60", "2b": "8", "3b": "2", "hr": "6", "so": "90", "bipballs in play": "240", "liveGames": 0, "totGames": 15}, "phi @ cin": [], "sd @ mia": [], "chc @ wsh": [], "bos @ pit": [{"player": "greg allen", "game": "bos @ pit", "gameIdx": 0, "hr/park": "", "pa": "70", "dt": "", "img": "https://www.mlbstatic.com/team-logos/134.svg", "team": "pit", "start": "", "in": "9", "result": "Pop Out", "evo": "85.1", "la": "64", "dist": "150"}, {"player": "rodolfo castro", "game": "bos @ pit", "gameIdx": 0, "hr/park": "", "pa": "69", "dt": "", "img": "https://www.mlbstatic.com/team-logos/134.svg", "team": "pit", "start": "", "in": "9", "result": "Strikeout", "evo": "", "la": "", "dist": ""}, {"player": "oneil cruz", "game": "bos @ pit", "gameIdx": 0, "hr/park": "", "pa": "68", "dt": "", "img": "https://www.mlbstatic.com/team-logos/134.svg", "team": "pit", "start": "", "in": "9", "result": "Strikeout", "evo": "", "la": "", "dist": ""}, {"player": "reese mcguire", "game": "bos @ pit", "gameIdx": 0, "hr/park": "", "pa": "67", "dt": "", "img": "https://www.mlbstatic.com/team-logos/111.svg", "team": "bos", "start": "", "in": "9", "result": "Strikeout", "evo": "", "la": "", "dist": ""}, {"player": "enrique hernandez", "game": "bos @ pit", "gameIdx": 0, "hr/park": "", "pa": "66", "dt": "", "img": "https://www.mlbstatic.com/team-logos/111.svg", "team": "bos", "start": "", "in": "9", "result": "Strikeout", "evo": "", "la": "", "dist": ""}, {"player": "eric hosmer", "game": "bos @ pit", "gameIdx": 0, "hr/park": "", "pa": "65", "dt": "", "img": "https://www.mlbstatic.com/team-logos/111.svg", "team": "bos", "start": "", "in": "9", "result": "Strikeout", "evo": "", "la": "", "dist": ""}, {"player": "josh vanmeter", "game": "bos @ pit", "gameIdx": 0, "hr/park": "0/30", "pa": "64", "dt": "", "img": "https://www.mlbstatic.com/team-logos/134.svg", "team": "pit", "start": "", "in": "8", "result": "Flyout", "evo": "94.1", "la": "39", "dist": "303"}, {"player": "ben gamel", "game": "bos @ pit", "gameIdx": 0, "hr/park": "0/30", "pa": "63", "dt": "", "img": "https://www.mlbstatic.com/team-logos/134.svg", "team": "pit", "start": "", "in": "8", "result": "Double", "evo": "101.4", "la": "20", "dist": "348"}, {"player": "bryan reynolds", "game": "bos @ pit", "gameIdx": 0, "hr/park": "", "pa": "62", "dt": "", "img": "https://www.mlbstatic.com/team-logos/134.svg", "team": "pit", "start": "", "in": "8", "result": "Strikeout", "evo": "", "la": "", "dist": ""}, {"player": "kevin newman", "game": "bos @ pit", "gameIdx": 0, "hr/park": "", "pa": "61", "dt": "", "img": "https://www.mlbstatic.com/team-logos/134.svg", "team": "pit", "start": "", "in": "8", "result": "Single", "evo": "81.7", "la": "25", "dist": "261"}, {"player": "tucupita marcano", "game": "bos @ pit", "gameIdx": 0, "hr/park": "", "pa": "60", "dt": "", "img": "https://www.mlbstatic.com/team-logos/134.svg", "team": "pit", "start": "", "in": "8", "result": "Walk", "evo": "", "la": "", "dist": ""}, {"player": "jason delay", "game": "bos @ pit", "gameIdx": 0, "hr/park": "", "pa": "59", "dt": "", "img": "https://www.mlbstatic.com/team-logos/134.svg", "team": "pit", "start": "", "in": "8", "result": "Single", "evo": "99.0", "la": "15", "dist": "295"}, {"player": "greg allen", "game": "bos @ pit", "gameIdx": 0, "hr/park": "", "pa": "58", "dt": "", "img": "https://www.mlbstatic.com/team-logos/134.svg", "team": "pit", "start": "", "in": "8", "result": "Pop Out", "evo": "59.6", "la": "46", "dist": "175"}, {"player": "christian arroyo", "game": "bos @ pit", "gameIdx": 0, "hr/park": "", "pa": "57", "dt": "", "img": "https://www.mlbstatic.com/team-logos/111.svg", "team": "bos", "start": "", "in": "8", "result": "Groundout", "evo": "103.5", "la": "2", "dist": "63"}, {"player": "alex verdugo", "game": "bos @ pit", "gameIdx": 0, "hr/park": "", "pa": "56", "dt": "", "img": "https://www.mlbstatic.com/team-logos/111.svg", "team": "bos", "start": "", "in": "8", "result": "Flyout", "evo": "82.0", "la": "51", "dist": "224"}, {"player": "jd martinez", "game": "bos @ pit", "gameIdx": 0, "hr/park": "", "pa": "55", "dt": "", "img": "https://www.mlbstatic.com/team-logos/111.svg", "team": "bos", "start": "", "in": "8", "result": "Groundout", "evo": "81.1", "la": "-23", "dist": "6"}, {"player": "rodolfo castro", "game": "bos @ pit", "gameIdx": 0, "hr/park": "", "pa": "54", "dt": "", "img": "https://www.mlbstatic.com/team-logos/134.svg", "team": "pit", "start": "", "in": "7", "result": "Groundout", "evo": "92.3", "la": "1", "dist": "52"}, {"player": "oneil cruz", "game": "bos @ pit", "gameIdx": 0, "hr/park": "", "pa": "53", "dt": "", "img": "https://www.mlbstatic.com/team-logos/134.svg", "team": "pit", "start": "", "in": "7", "result": "Groundout", "evo": "87.4", "la": "-33", "dist": "7"}, {"player": "kevin padlo", "game": "bos @ pit", "gameIdx": 0, "hr/park": "", "pa": "52", "dt": "", "img": "https://www.mlbstatic.com/team-logos/134.svg", "team": "pit", "start": "", "in": "7", "result": "Groundout", "evo": "111.2", "la": "-5", "dist": "17"}, {"player": "rafael devers", "game": "bos @ pit", "gameIdx": 0, "hr/park": "", "pa": "51", "dt": "", "img": "https://www.mlbstatic.com/team-logos/111.svg", "team": "bos", "start": "", "in": "7", "result": "Groundout", "evo": "110.7", "la": "5", "dist": "122"}, {"player": "tommy pham", "game": "bos @ pit", "gameIdx": 0, "hr/park": "", "pa": "50", "dt": "", "img": "https://www.mlbstatic.com/team-logos/111.svg", "team": "bos", "start": "", "in": "7", "result": "Flyout", "evo": "90.7", "la": "45", "dist": "269"}, {"player": "jarren duran", "game": "bos @ pit", "gameIdx": 0, "hr/park": "", "pa": "49", "dt": "", "img": "https://www.mlbstatic.com/team-logos/111.svg", "team": "bos", "start": "", "in": "7", "result": "Strikeout", "evo": "", "la": "", "dist": ""}, {"player": "ben gamel", "game": "bos @ pit", "gameIdx": 0, "hr/park": "0/30", "pa": "48", "dt": "", "img": "https://www.mlbstatic.com/team-logos/134.svg", "team": "pit", "start": "", "in": "6", "result": "Flyout", "evo": "86.4", "la": "38", "dist": "316"}, {"player": "bryan reynolds", "game": "bos @ pit", "gameIdx": 0, "hr/park": "", "pa": "47", "dt": "", "img": "https://www.mlbstatic.com/team-logos/134.svg", "team": "pit", "start": "", "in": "6", "result": "Strikeout", "evo": "", "la": "", "dist": ""}, {"player": "kevin newman", "game": "bos @ pit", "gameIdx": 0, "hr/park": "", "pa": "46", "dt": "", "img": "https://www.mlbstatic.com/team-logos/134.svg", "team": "pit", "start": "", "in": "6", "result": "Pop Out", "evo": "84.6", "la": "73", "dist": "114"}, {"player": "reese mcguire", "game": "bos @ pit", "gameIdx": 0, "hr/park": "", "pa": "45", "dt": "", "img": "https://www.mlbstatic.com/team-logos/111.svg", "team": "bos", "start": "", "in": "6", "result": "Flyout", "evo": "83.4", "la": "56", "dist": "204"}, {"player": "enrique hernandez", "game": "bos @ pit", "gameIdx": 0, "hr/park": "", "pa": "44", "dt": "", "img": "https://www.mlbstatic.com/team-logos/111.svg", "team": "bos", "start": "", "in": "6", "result": "GIDP", "evo": "98.5", "la": "-24", "dist": "6"}, {"player": "eric hosmer", "game": "bos @ pit", "gameIdx": 0, "hr/park": "", "pa": "43", "dt": "", "img": "https://www.mlbstatic.com/team-logos/111.svg", "team": "bos", "start": "", "in": "6", "result": "Walk", "evo": "", "la": "", "dist": ""}, {"player": "tucupita marcano", "game": "bos @ pit", "gameIdx": 0, "hr/park": "", "pa": "42", "dt": "", "img": "https://www.mlbstatic.com/team-logos/134.svg", "team": "pit", "start": "", "in": "5", "result": "Pop Out", "evo": "89.0", "la": "68", "dist": "137"}, {"player": "jason delay", "game": "bos @ pit", "gameIdx": 0, "hr/park": "", "pa": "41", "dt": "", "img": "https://www.mlbstatic.com/team-logos/134.svg", "team": "pit", "start": "", "in": "5", "result": "Strikeout", "evo": "", "la": "", "dist": ""}, {"player": "bligh madris", "game": "bos @ pit", "gameIdx": 0, "hr/park": "", "pa": "40", "dt": "", "img": "https://www.mlbstatic.com/team-logos/134.svg", "team": "pit", "start": "", "in": "5", "result": "Strikeout", "evo": "", "la": "", "dist": ""}, {"player": "rodolfo castro", "game": "bos @ pit", "gameIdx": 0, "hr/park": "", "pa": "39", "dt": "", "img": "https://www.mlbstatic.com/team-logos/134.svg", "team": "pit", "start": "", "in": "5", "result": "Walk", "evo": "", "la": "", "dist": ""}, {"player": "christian arroyo", "game": "bos @ pit", "gameIdx": 0, "hr/park": "0/30", "pa": "38", "dt": "", "img": "https://www.mlbstatic.com/team-logos/111.svg", "team": "bos", "start": "", "in": "5", "result": "Flyout", "evo": "93.7", "la": "40", "dist": "337"}, {"player": "alex verdugo", "game": "bos @ pit", "gameIdx": 0, "hr/park": "", "pa": "37", "dt": "", "img": "https://www.mlbstatic.com/team-logos/111.svg", "team": "bos", "start": "", "in": "5", "result": "Lineout", "evo": "86.5", "la": "21", "dist": "261"}, {"player": "jd martinez", "game": "bos @ pit", "gameIdx": 0, "hr/park": "", "pa": "36", "dt": "", "img": "https://www.mlbstatic.com/team-logos/111.svg", "team": "bos", "start": "", "in": "5", "result": "Pop Out", "evo": "86.2", "la": "76", "dist": "68"}, {"player": "oneil cruz", "game": "bos @ pit", "gameIdx": 0, "hr/park": "", "pa": "35", "dt": "", "img": "https://www.mlbstatic.com/team-logos/134.svg", "team": "pit", "start": "", "in": "4", "result": "Strikeout", "evo": "", "la": "", "dist": ""}, {"player": "kevin padlo", "game": "bos @ pit", "gameIdx": 0, "hr/park": "", "pa": "34", "dt": "", "img": "https://www.mlbstatic.com/team-logos/134.svg", "team": "pit", "start": "", "in": "4", "result": "Flyout", "evo": "94.0", "la": "44", "dist": "295"}, {"player": "ben gamel", "game": "bos @ pit", "gameIdx": 0, "hr/park": "0/30", "pa": "33", "dt": "", "img": "https://www.mlbstatic.com/team-logos/134.svg", "team": "pit", "start": "", "in": "4", "result": "Lineout", "evo": "91.5", "la": "24", "dist": "338"}, {"player": "rafael devers", "game": "bos @ pit", "gameIdx": 0, "hr/park": "", "pa": "32", "dt": "", "img": "https://www.mlbstatic.com/team-logos/111.svg", "team": "bos", "start": "", "in": "4", "result": "Flyout", "evo": "83.2", "la": "50", "dist": "254"}, {"player": "tommy pham", "game": "bos @ pit", "gameIdx": 0, "hr/park": "", "pa": "31", "dt": "", "img": "https://www.mlbstatic.com/team-logos/111.svg", "team": "bos", "start": "", "in": "4", "result": "Pop Out", "evo": "83.8", "la": "59", "dist": "171"}, {"player": "jarren duran", "game": "bos @ pit", "gameIdx": 0, "hr/park": "5/30", "pa": "30", "dt": "", "img": "https://www.mlbstatic.com/team-logos/111.svg", "team": "bos", "start": "", "in": "4", "result": "Flyout", "evo": "101.9", "la": "34", "dist": "373"}, {"player": "bryan reynolds", "game": "bos @ pit", "gameIdx": 0, "hr/park": "", "pa": "29", "dt": "", "img": "https://www.mlbstatic.com/team-logos/134.svg", "team": "pit", "start": "", "in": "3", "result": "Flyout", "evo": "86.5", "la": "52", "dist": "236"}, {"player": "kevin newman", "game": "bos @ pit", "gameIdx": 0, "hr/park": "", "pa": "28", "dt": "", "img": "https://www.mlbstatic.com/team-logos/134.svg", "team": "pit", "start": "", "in": "3", "result": "Walk", "evo": "", "la": "", "dist": ""}, {"player": "tucupita marcano", "game": "bos @ pit", "gameIdx": 0, "hr/park": "", "pa": "27", "dt": "", "img": "https://www.mlbstatic.com/team-logos/134.svg", "team": "pit", "start": "", "in": "3", "result": "Strikeout", "evo": "", "la": "", "dist": ""}, {"player": "jason delay", "game": "bos @ pit", "gameIdx": 0, "hr/park": "", "pa": "26", "dt": "", "img": "https://www.mlbstatic.com/team-logos/134.svg", "team": "pit", "start": "", "in": "3", "result": "Strikeout", "evo": "", "la": "", "dist": ""}, {"player": "reese mcguire", "game": "bos @ pit", "gameIdx": 0, "hr/park": "", "pa": "25", "dt": "", "img": "https://www.mlbstatic.com/team-logos/111.svg", "team": "bos", "start": "", "in": "3", "result": "Groundout", "evo": "90.0", "la": "4", "dist": "93"}, {"player": "enrique hernandez", "game": "bos @ pit", "gameIdx": 0, "hr/park": "", "pa": "24", "dt": "", "img": "https://www.mlbstatic.com/team-logos/111.svg", "team": "bos", "start": "", "in": "3", "result": "Strikeout", "evo": "", "la": "", "dist": ""}, {"player": "eric hosmer", "game": "bos @ pit", "gameIdx": 0, "hr/park": "", "pa": "23", "dt": "", "img": "https://www.mlbstatic.com/team-logos/111.svg", "team": "bos", "start": "", "in": "3", "result": "Lineout", "evo": "101.5", "la": "6", "dist": "156"}, {"player": "bligh madris", "game": "bos @ pit", "gameIdx": 0, "hr/park": "0/30", "pa": "22", "dt": "", "img": "https://www.mlbstatic.com/team-logos/134.svg", "team": "pit", "start": "", "in": "2", "result": "Lineout", "evo": "100.8", "la": "20", "dist": "351"}, {"player": "rodolfo castro", "game": "bos @ pit", "gameIdx": 0, "hr/park": "0/30", "pa": "21", "dt": "", "img": "https://www.mlbstatic.com/team-logos/134.svg", "team": "pit", "start": "", "in": "2", "result": "Flyout", "evo": "105.0", "la": "44", "dist": "328"}, {"player": "oneil cruz", "game": "bos @ pit", "gameIdx": 0, "hr/park": "", "pa": "20", "dt": "", "img": "https://www.mlbstatic.com/team-logos/134.svg", "team": "pit", "start": "", "in": "2", "result": "Groundout", "evo": "103.4", "la": "-3", "dist": "37"}, {"player": "christian arroyo", "game": "bos @ pit", "gameIdx": 0, "hr/park": "", "pa": "19", "dt": "", "img": "https://www.mlbstatic.com/team-logos/111.svg", "team": "bos", "start": "", "in": "2", "result": "Groundout", "evo": "49.0", "la": "-8", "dist": "16"}, {"player": "alex verdugo", "game": "bos @ pit", "gameIdx": 0, "hr/park": "0/30", "pa": "18", "dt": "", "img": "https://www.mlbstatic.com/team-logos/111.svg", "team": "bos", "start": "", "in": "2", "result": "Field Error", "evo": "101.6", "la": "22", "dist": "366"}, {"player": "jd martinez", "game": "bos @ pit", "gameIdx": 0, "hr/park": "", "pa": "17", "dt": "", "img": "https://www.mlbstatic.com/team-logos/111.svg", "team": "bos", "start": "", "in": "2", "result": "Walk", "evo": "", "la": "", "dist": ""}, {"player": "rafael devers", "game": "bos @ pit", "gameIdx": 0, "hr/park": "", "pa": "16", "dt": "", "img": "https://www.mlbstatic.com/team-logos/111.svg", "team": "bos", "start": "", "in": "2", "result": "Strikeout", "evo": "", "la": "", "dist": ""}, {"player": "tommy pham", "game": "bos @ pit", "gameIdx": 0, "hr/park": "", "pa": "15", "dt": "", "img": "https://www.mlbstatic.com/team-logos/111.svg", "team": "bos", "start": "", "in": "2", "result": "Single", "evo": "109.4", "la": "4", "dist": "127"}, {"player": "jarren duran", "game": "bos @ pit", "gameIdx": 0, "hr/park": "", "pa": "14", "dt": "", "img": "https://www.mlbstatic.com/team-logos/111.svg", "team": "bos", "start": "", "in": "2", "result": "Groundout", "evo": "105.2", "la": "3", "dist": "89"}, {"player": "kevin padlo", "game": "bos @ pit", "gameIdx": 0, "hr/park": "", "pa": "13", "dt": "", "img": "https://www.mlbstatic.com/team-logos/134.svg", "team": "pit", "start": "", "in": "1", "result": "Groundout", "evo": "65.8", "la": "-54", "dist": "4"}, {"player": "ben gamel", "game": "bos @ pit", "gameIdx": 0, "hr/park": "", "pa": "12", "dt": "", "img": "https://www.mlbstatic.com/team-logos/134.svg", "team": "pit", "start": "", "in": "1", "result": "Single", "evo": "84.0", "la": "17", "dist": "224"}, {"player": "bryan reynolds", "game": "bos @ pit", "gameIdx": 0, "hr/park": "", "pa": "11", "dt": "", "img": "https://www.mlbstatic.com/team-logos/134.svg", "team": "pit", "start": "", "in": "1", "result": "Walk", "evo": "", "la": "", "dist": ""}, {"player": "kevin newman", "game": "bos @ pit", "gameIdx": 0, "hr/park": "", "pa": "10", "dt": "", "img": "https://www.mlbstatic.com/team-logos/134.svg", "team": "pit", "start": "", "in": "1", "result": "Pop Out", "evo": "75.9", "la": "55", "dist": "183"}, {"player": "tucupita marcano", "game": "bos @ pit", "gameIdx": 0, "hr/park": "", "pa": "9", "dt": "", "img": "https://www.mlbstatic.com/team-logos/134.svg", "team": "pit", "start": "", "in": "1", "result": "Flyout", "evo": "85.2", "la": "56", "dist": "205"}, {"player": "reese mcguire", "game": "bos @ pit", "gameIdx": 0, "hr/park": "", "pa": "8", "dt": "", "img": "https://www.mlbstatic.com/team-logos/111.svg", "team": "bos", "start": "", "in": "1", "result": "GIDP", "evo": "92.4", "la": "6", "dist": "135"}, {"player": "enrique hernandez", "game": "bos @ pit", "gameIdx": 0, "hr/park": "1/30", "pa": "7", "dt": "", "img": "https://www.mlbstatic.com/team-logos/111.svg", "team": "bos", "start": "", "in": "1", "result": "Sac Fly", "evo": "93.2", "la": "30", "dist": "350"}, {"player": "eric hosmer", "game": "bos @ pit", "gameIdx": 0, "hr/park": "", "pa": "6", "dt": "", "img": "https://www.mlbstatic.com/team-logos/111.svg", "team": "bos", "start": "", "in": "1", "result": "Single", "evo": "82.0", "la": "51", "dist": "214"}, {"player": "christian arroyo", "game": "bos @ pit", "gameIdx": 0, "hr/park": "", "pa": "5", "dt": "", "img": "https://www.mlbstatic.com/team-logos/111.svg", "team": "bos", "start": "", "in": "1", "result": "Single", "evo": "101.8", "la": "14", "dist": "256"}, {"player": "alex verdugo", "game": "bos @ pit", "gameIdx": 0, "hr/park": "", "pa": "4", "dt": "", "img": "https://www.mlbstatic.com/team-logos/111.svg", "team": "bos", "start": "", "in": "1", "result": "Single", "evo": "94.2", "la": "-5", "dist": "28"}, {"player": "jd martinez", "game": "bos @ pit", "gameIdx": 0, "hr/park": "", "pa": "3", "dt": "", "img": "https://www.mlbstatic.com/team-logos/111.svg", "team": "bos", "start": "", "in": "1", "result": "Walk", "evo": "", "la": "", "dist": ""}, {"player": "rafael devers", "game": "bos @ pit", "gameIdx": 0, "hr/park": "", "pa": "2", "dt": "", "img": "https://www.mlbstatic.com/team-logos/111.svg", "team": "bos", "start": "", "in": "1", "result": "Walk", "evo": "", "la": "", "dist": ""}, {"player": "tommy pham", "game": "bos @ pit", "gameIdx": 0, "hr/park": "", "pa": "1", "dt": "", "img": "https://www.mlbstatic.com/team-logos/111.svg", "team": "bos", "start": "", "in": "1", "result": "Single", "evo": "92.7", "la": "14", "dist": "238"}], "tb @ nyy": [], "bal @ tor": [], "det @ cle": [], "nym @ atl": [{"player": "francisco lindor", "game": "nym @ atl", "gameIdx": 0, "hr/park": "", "pa": "65", "dt": "", "img": "https://www.mlbstatic.com/team-logos/121.svg", "team": "nym", "start": "", "in": "9", "result": "Groundout", "evo": "101.5", "la": "-4", "dist": "21"}, {"player": "starling marte", "game": "nym @ atl", "gameIdx": 0, "hr/park": "", "pa": "64", "dt": "", "img": "https://www.mlbstatic.com/team-logos/121.svg", "team": "nym", "start": "", "in": "9", "result": "GIDP", "evo": "91.4", "la": "-9", "dist": "10"}, {"player": "brandon nimmo", "game": "nym @ atl", "gameIdx": 0, "hr/park": "", "pa": "63", "dt": "", "img": "https://www.mlbstatic.com/team-logos/121.svg", "team": "nym", "start": "", "in": "9", "result": "Walk", "evo": "", "la": "", "dist": ""}, {"player": "michael harris", "game": "nym @ atl", "gameIdx": 0, "hr/park": "", "pa": "62", "dt": "", "img": "https://www.mlbstatic.com/team-logos/144.svg", "team": "atl", "start": "", "in": "8", "result": "Groundout", "evo": "81.6", "la": "-3", "dist": "22"}, {"player": "vaughn grissom", "game": "nym @ atl", "gameIdx": 0, "hr/park": "", "pa": "61", "dt": "", "img": "https://www.mlbstatic.com/team-logos/144.svg", "team": "atl", "start": "", "in": "8", "result": "Pop Out", "evo": "46.8", "la": "42", "dist": "119"}, {"player": "william contreras", "game": "nym @ atl", "gameIdx": 0, "hr/park": "1/30", "pa": "60", "dt": "", "img": "https://www.mlbstatic.com/team-logos/144.svg", "team": "atl", "start": "", "in": "8", "result": "Lineout", "evo": "102.0", "la": "23", "dist": "345"}, {"player": "james mccann", "game": "nym @ atl", "gameIdx": 0, "hr/park": "", "pa": "59", "dt": "", "img": "https://www.mlbstatic.com/team-logos/121.svg", "team": "nym", "start": "", "in": "8", "result": "Strikeout", "evo": "", "la": "", "dist": ""}, {"player": "deven marrero", "game": "nym @ atl", "gameIdx": 0, "hr/park": "", "pa": "58", "dt": "", "img": "https://www.mlbstatic.com/team-logos/121.svg", "team": "nym", "start": "", "in": "8", "result": "Groundout", "evo": "76.6", "la": "-36", "dist": "4"}, {"player": "mark canha", "game": "nym @ atl", "gameIdx": 0, "hr/park": "0/30", "pa": "57", "dt": "", "img": "https://www.mlbstatic.com/team-logos/121.svg", "team": "nym", "start": "", "in": "8", "result": "Flyout", "evo": "91.1", "la": "36", "dist": "345"}, {"player": "travis darnaud", "game": "nym @ atl", "gameIdx": 0, "hr/park": "", "pa": "56", "dt": "", "img": "https://www.mlbstatic.com/team-logos/144.svg", "team": "atl", "start": "", "in": "7", "result": "Strikeout", "evo": "", "la": "", "dist": ""}, {"player": "matt olson", "game": "nym @ atl", "gameIdx": 0, "hr/park": "", "pa": "55", "dt": "", "img": "https://www.mlbstatic.com/team-logos/144.svg", "team": "atl", "start": "", "in": "7", "result": "Single", "evo": "101.4", "la": "8", "dist": "178"}, {"player": "austin riley", "game": "nym @ atl", "gameIdx": 0, "hr/park": "", "pa": "54", "dt": "", "img": "https://www.mlbstatic.com/team-logos/144.svg", "team": "atl", "start": "", "in": "7", "result": "Groundout", "evo": "59.4", "la": "-6", "dist": "17"}, {"player": "dansby swanson", "game": "nym @ atl", "gameIdx": 0, "hr/park": "", "pa": "53", "dt": "", "img": "https://www.mlbstatic.com/team-logos/144.svg", "team": "atl", "start": "", "in": "7", "result": "Single", "evo": "87.6", "la": "19", "dist": "268"}, {"player": "ronald acuna", "game": "nym @ atl", "gameIdx": 0, "hr/park": "", "pa": "52", "dt": "", "img": "https://www.mlbstatic.com/team-logos/144.svg", "team": "atl", "start": "", "in": "7", "result": "Walk", "evo": "", "la": "", "dist": ""}, {"player": "robbie grossman", "game": "nym @ atl", "gameIdx": 0, "hr/park": "", "pa": "51", "dt": "", "img": "https://www.mlbstatic.com/team-logos/144.svg", "team": "atl", "start": "", "in": "7", "result": "Pop Out", "evo": "69.8", "la": "69", "dist": "131"}, {"player": "jeff mcneil", "game": "nym @ atl", "gameIdx": 0, "hr/park": "", "pa": "50", "dt": "", "img": "https://www.mlbstatic.com/team-logos/121.svg", "team": "nym", "start": "", "in": "7", "result": "Strikeout", "evo": "", "la": "", "dist": ""}, {"player": "daniel vogelbach", "game": "nym @ atl", "gameIdx": 0, "hr/park": "", "pa": "49", "dt": "", "img": "https://www.mlbstatic.com/team-logos/121.svg", "team": "nym", "start": "", "in": "7", "result": "Walk", "evo": "", "la": "", "dist": ""}, {"player": "pete alonso", "game": "nym @ atl", "gameIdx": 0, "hr/park": "", "pa": "48", "dt": "", "img": "https://www.mlbstatic.com/team-logos/121.svg", "team": "nym", "start": "", "in": "7", "result": "Strikeout", "evo": "", "la": "", "dist": ""}, {"player": "francisco lindor", "game": "nym @ atl", "gameIdx": 0, "hr/park": "", "pa": "47", "dt": "", "img": "https://www.mlbstatic.com/team-logos/121.svg", "team": "nym", "start": "", "in": "7", "result": "Single", "evo": "103.4", "la": "-9", "dist": "12"}, {"player": "starling marte", "game": "nym @ atl", "gameIdx": 0, "hr/park": "", "pa": "46", "dt": "", "img": "https://www.mlbstatic.com/team-logos/121.svg", "team": "nym", "start": "", "in": "7", "result": "Strikeout", "evo": "", "la": "", "dist": ""}, {"player": "michael harris", "game": "nym @ atl", "gameIdx": 0, "hr/park": "", "pa": "45", "dt": "", "img": "https://www.mlbstatic.com/team-logos/144.svg", "team": "atl", "start": "", "in": "6", "result": "Groundout", "evo": "88.2", "la": "9", "dist": "138"}, {"player": "vaughn grissom", "game": "nym @ atl", "gameIdx": 0, "hr/park": "", "pa": "44", "dt": "", "img": "https://www.mlbstatic.com/team-logos/144.svg", "team": "atl", "start": "", "in": "6", "result": "Single", "evo": "94.8", "la": "7", "dist": "132"}, {"player": "william contreras", "game": "nym @ atl", "gameIdx": 0, "hr/park": "0/30", "pa": "43", "dt": "", "img": "https://www.mlbstatic.com/team-logos/144.svg", "team": "atl", "start": "", "in": "6", "result": "Flyout", "evo": "90.9", "la": "35", "dist": "319"}, {"player": "travis darnaud", "game": "nym @ atl", "gameIdx": 0, "hr/park": "", "pa": "42", "dt": "", "img": "https://www.mlbstatic.com/team-logos/144.svg", "team": "atl", "start": "", "in": "6", "result": "Flyout", "evo": "92.7", "la": "55", "dist": "240"}, {"player": "brandon nimmo", "game": "nym @ atl", "gameIdx": 0, "hr/park": "0/30", "pa": "41", "dt": "", "img": "https://www.mlbstatic.com/team-logos/121.svg", "team": "nym", "start": "", "in": "6", "result": "Flyout", "evo": "96.5", "la": "28", "dist": "361"}, {"player": "michael perez", "game": "nym @ atl", "gameIdx": 0, "hr/park": "", "pa": "40", "dt": "", "img": "https://www.mlbstatic.com/team-logos/121.svg", "team": "nym", "start": "", "in": "6", "result": "Groundout", "evo": "78.3", "la": "-29", "dist": "4"}, {"player": "deven marrero", "game": "nym @ atl", "gameIdx": 0, "hr/park": "", "pa": "39", "dt": "", "img": "https://www.mlbstatic.com/team-logos/121.svg", "team": "nym", "start": "", "in": "6", "result": "Strikeout", "evo": "", "la": "", "dist": ""}, {"player": "matt olson", "game": "nym @ atl", "gameIdx": 0, "hr/park": "", "pa": "38", "dt": "", "img": "https://www.mlbstatic.com/team-logos/144.svg", "team": "atl", "start": "", "in": "5", "result": "Pop Out", "evo": "76.1", "la": "60", "dist": "171"}, {"player": "austin riley", "game": "nym @ atl", "gameIdx": 0, "hr/park": "0/30", "pa": "37", "dt": "", "img": "https://www.mlbstatic.com/team-logos/144.svg", "team": "atl", "start": "", "in": "5", "result": "Lineout", "evo": "86.3", "la": "26", "dist": "310"}, {"player": "dansby swanson", "game": "nym @ atl", "gameIdx": 0, "hr/park": "", "pa": "36", "dt": "", "img": "https://www.mlbstatic.com/team-logos/144.svg", "team": "atl", "start": "", "in": "5", "result": "Groundout", "evo": "72.2", "la": "", "dist": "34"}, {"player": "ronald acuna", "game": "nym @ atl", "gameIdx": 0, "hr/park": "", "pa": "35", "dt": "", "img": "https://www.mlbstatic.com/team-logos/144.svg", "team": "atl", "start": "", "in": "5", "result": "Walk", "evo": "", "la": "", "dist": ""}, {"player": "tyler naquin", "game": "nym @ atl", "gameIdx": 0, "hr/park": "", "pa": "34", "dt": "", "img": "https://www.mlbstatic.com/team-logos/121.svg", "team": "nym", "start": "", "in": "5", "result": "Strikeout", "evo": "", "la": "", "dist": ""}, {"player": "jeff mcneil", "game": "nym @ atl", "gameIdx": 0, "hr/park": "", "pa": "33", "dt": "", "img": "https://www.mlbstatic.com/team-logos/121.svg", "team": "nym", "start": "", "in": "5", "result": "Strikeout", "evo": "", "la": "", "dist": ""}, {"player": "daniel vogelbach", "game": "nym @ atl", "gameIdx": 0, "hr/park": "", "pa": "32", "dt": "", "img": "https://www.mlbstatic.com/team-logos/121.svg", "team": "nym", "start": "", "in": "5", "result": "Strikeout", "evo": "", "la": "", "dist": ""}, {"player": "robbie grossman", "game": "nym @ atl", "gameIdx": 0, "hr/park": "0/30", "pa": "31", "dt": "", "img": "https://www.mlbstatic.com/team-logos/144.svg", "team": "atl", "start": "", "in": "4", "result": "Flyout", "evo": "92.6", "la": "38", "dist": "341"}, {"player": "michael harris", "game": "nym @ atl", "gameIdx": 0, "hr/park": "", "pa": "30", "dt": "", "img": "https://www.mlbstatic.com/team-logos/144.svg", "team": "atl", "start": "", "in": "4", "result": "Groundout", "evo": "82.7", "la": "-33", "dist": "4"}, {"player": "vaughn grissom", "game": "nym @ atl", "gameIdx": 0, "hr/park": "", "pa": "29", "dt": "", "img": "https://www.mlbstatic.com/team-logos/144.svg", "team": "atl", "start": "", "in": "4", "result": "Strikeout", "evo": "", "la": "", "dist": ""}, {"player": "william contreras", "game": "nym @ atl", "gameIdx": 0, "hr/park": "", "pa": "28", "dt": "", "img": "https://www.mlbstatic.com/team-logos/144.svg", "team": "atl", "start": "", "in": "4", "result": "Single", "evo": "94.6", "la": "16", "dist": "276"}, {"player": "travis darnaud", "game": "nym @ atl", "gameIdx": 0, "hr/park": "", "pa": "27", "dt": "", "img": "https://www.mlbstatic.com/team-logos/144.svg", "team": "atl", "start": "", "in": "4", "result": "Single", "evo": "85.5", "la": "13", "dist": "180"}, {"player": "matt olson", "game": "nym @ atl", "gameIdx": 0, "hr/park": "30/30", "pa": "26", "dt": "", "img": "https://www.mlbstatic.com/team-logos/144.svg", "team": "atl", "start": "", "in": "4", "result": "Home Run", "evo": "109.3", "la": "33", "dist": "443"}, {"player": "austin riley", "game": "nym @ atl", "gameIdx": 0, "hr/park": "", "pa": "25", "dt": "", "img": "https://www.mlbstatic.com/team-logos/144.svg", "team": "atl", "start": "", "in": "4", "result": "Walk", "evo": "", "la": "", "dist": ""}, {"player": "pete alonso", "game": "nym @ atl", "gameIdx": 0, "hr/park": "", "pa": "24", "dt": "", "img": "https://www.mlbstatic.com/team-logos/121.svg", "team": "nym", "start": "", "in": "4", "result": "Lineout", "evo": "65.7", "la": "15", "dist": "139"}, {"player": "francisco lindor", "game": "nym @ atl", "gameIdx": 0, "hr/park": "", "pa": "23", "dt": "", "img": "https://www.mlbstatic.com/team-logos/121.svg", "team": "nym", "start": "", "in": "4", "result": "Single", "evo": "85.8", "la": "4", "dist": "83"}, {"player": "starling marte", "game": "nym @ atl", "gameIdx": 0, "hr/park": "", "pa": "22", "dt": "", "img": "https://www.mlbstatic.com/team-logos/121.svg", "team": "nym", "start": "", "in": "4", "result": "Strikeout", "evo": "", "la": "", "dist": ""}, {"player": "brandon nimmo", "game": "nym @ atl", "gameIdx": 0, "hr/park": "", "pa": "21", "dt": "", "img": "https://www.mlbstatic.com/team-logos/121.svg", "team": "nym", "start": "", "in": "4", "result": "Strikeout", "evo": "", "la": "", "dist": ""}, {"player": "dansby swanson", "game": "nym @ atl", "gameIdx": 0, "hr/park": "", "pa": "20", "dt": "", "img": "https://www.mlbstatic.com/team-logos/144.svg", "team": "atl", "start": "", "in": "3", "result": "Flyout", "evo": "74.5", "la": "51", "dist": "206"}, {"player": "ronald acuna", "game": "nym @ atl", "gameIdx": 0, "hr/park": "", "pa": "19", "dt": "", "img": "https://www.mlbstatic.com/team-logos/144.svg", "team": "atl", "start": "", "in": "3", "result": "Walk", "evo": "", "la": "", "dist": ""}, {"player": "robbie grossman", "game": "nym @ atl", "gameIdx": 0, "hr/park": "30/30", "pa": "18", "dt": "", "img": "https://www.mlbstatic.com/team-logos/144.svg", "team": "atl", "start": "", "in": "3", "result": "Home Run", "evo": "105.8", "la": "24", "dist": "418"}, {"player": "michael harris", "game": "nym @ atl", "gameIdx": 0, "hr/park": "", "pa": "17", "dt": "", "img": "https://www.mlbstatic.com/team-logos/144.svg", "team": "atl", "start": "", "in": "3", "result": "Strikeout", "evo": "", "la": "", "dist": ""}, {"player": "michael perez", "game": "nym @ atl", "gameIdx": 0, "hr/park": "0/30", "pa": "16", "dt": "", "img": "https://www.mlbstatic.com/team-logos/121.svg", "team": "nym", "start": "", "in": "3", "result": "Flyout", "evo": "88.3", "la": "40", "dist": "327"}, {"player": "deven marrero", "game": "nym @ atl", "gameIdx": 0, "hr/park": "", "pa": "15", "dt": "", "img": "https://www.mlbstatic.com/team-logos/121.svg", "team": "nym", "start": "", "in": "3", "result": "Strikeout", "evo": "", "la": "", "dist": ""}, {"player": "tyler naquin", "game": "nym @ atl", "gameIdx": 0, "hr/park": "0/30", "pa": "14", "dt": "", "img": "https://www.mlbstatic.com/team-logos/121.svg", "team": "nym", "start": "", "in": "3", "result": "Flyout", "evo": "84.2", "la": "29", "dist": "325"}, {"player": "vaughn grissom", "game": "nym @ atl", "gameIdx": 0, "hr/park": "", "pa": "13", "dt": "", "img": "https://www.mlbstatic.com/team-logos/144.svg", "team": "atl", "start": "", "in": "2", "result": "Groundout", "evo": "73.3", "la": "-24", "dist": "4"}, {"player": "william contreras", "game": "nym @ atl", "gameIdx": 0, "hr/park": "", "pa": "12", "dt": "", "img": "https://www.mlbstatic.com/team-logos/144.svg", "team": "atl", "start": "", "in": "2", "result": "GIDP", "evo": "97.6", "la": "-15", "dist": "10"}, {"player": "travis darnaud", "game": "nym @ atl", "gameIdx": 0, "hr/park": "", "pa": "11", "dt": "", "img": "https://www.mlbstatic.com/team-logos/144.svg", "team": "atl", "start": "", "in": "2", "result": "Single", "evo": "99.8", "la": "2", "dist": "63"}, {"player": "jeff mcneil", "game": "nym @ atl", "gameIdx": 0, "hr/park": "", "pa": "10", "dt": "", "img": "https://www.mlbstatic.com/team-logos/121.svg", "team": "nym", "start": "", "in": "2", "result": "Strikeout", "evo": "", "la": "", "dist": ""}, {"player": "daniel vogelbach", "game": "nym @ atl", "gameIdx": 0, "hr/park": "", "pa": "9", "dt": "", "img": "https://www.mlbstatic.com/team-logos/121.svg", "team": "nym", "start": "", "in": "2", "result": "Strikeout", "evo": "", "la": "", "dist": ""}, {"player": "pete alonso", "game": "nym @ atl", "gameIdx": 0, "hr/park": "", "pa": "8", "dt": "", "img": "https://www.mlbstatic.com/team-logos/121.svg", "team": "nym", "start": "", "in": "2", "result": "Strikeout", "evo": "", "la": "", "dist": ""}, {"player": "matt olson", "game": "nym @ atl", "gameIdx": 0, "hr/park": "", "pa": "7", "dt": "", "img": "https://www.mlbstatic.com/team-logos/144.svg", "team": "atl", "start": "", "in": "1", "result": "Pop Out", "evo": "51.0", "la": "66", "dist": "92"}, {"player": "austin riley", "game": "nym @ atl", "gameIdx": 0, "hr/park": "", "pa": "6", "dt": "", "img": "https://www.mlbstatic.com/team-logos/144.svg", "team": "atl", "start": "", "in": "1", "result": "Flyout", "evo": "89.3", "la": "58", "dist": "219"}, {"player": "dansby swanson", "game": "nym @ atl", "gameIdx": 0, "hr/park": "", "pa": "5", "dt": "", "img": "https://www.mlbstatic.com/team-logos/144.svg", "team": "atl", "start": "", "in": "1", "result": "Walk", "evo": "", "la": "", "dist": ""}, {"player": "ronald acuna", "game": "nym @ atl", "gameIdx": 0, "hr/park": "", "pa": "4", "dt": "", "img": "https://www.mlbstatic.com/team-logos/144.svg", "team": "atl", "start": "", "in": "1", "result": "Walk", "evo": "", "la": "", "dist": ""}, {"player": "francisco lindor", "game": "nym @ atl", "gameIdx": 0, "hr/park": "0/30", "pa": "3", "dt": "", "img": "https://www.mlbstatic.com/team-logos/121.svg", "team": "nym", "start": "", "in": "1", "result": "Lineout", "evo": "87.7", "la": "26", "dist": "328"}, {"player": "starling marte", "game": "nym @ atl", "gameIdx": 0, "hr/park": "", "pa": "2", "dt": "", "img": "https://www.mlbstatic.com/team-logos/121.svg", "team": "nym", "start": "", "in": "1", "result": "GIDP", "evo": "40.1", "la": "22", "dist": "59"}, {"player": "brandon nimmo", "game": "nym @ atl", "gameIdx": 0, "hr/park": "", "pa": "1", "dt": "", "img": "https://www.mlbstatic.com/team-logos/121.svg", "team": "nym", "start": "", "in": "1", "result": "Single", "evo": "103.4", "la": "2", "dist": "83"}], "kc @ min": [{"player": "michael massey", "game": "kc @ min", "gameIdx": 0, "hr/park": "", "pa": "76", "dt": "", "img": "https://www.mlbstatic.com/team-logos/118.svg", "team": "kc", "start": "", "in": "9", "result": "Strikeout", "evo": "", "la": "", "dist": ""}, {"player": "vinnie pasquantino", "game": "kc @ min", "gameIdx": 0, "hr/park": "", "pa": "75", "dt": "", "img": "https://www.mlbstatic.com/team-logos/118.svg", "team": "kc", "start": "", "in": "9", "result": "Single", "evo": "104.9", "la": "4", "dist": "87"}, {"player": "salvador perez", "game": "kc @ min", "gameIdx": 0, "hr/park": "11/30", "pa": "74", "dt": "", "img": "https://www.mlbstatic.com/team-logos/118.svg", "team": "kc", "start": "", "in": "9", "result": "Flyout", "evo": "108.9", "la": "47", "dist": "358"}, {"player": "ryan ohearn", "game": "kc @ min", "gameIdx": 0, "hr/park": "", "pa": "73", "dt": "", "img": "https://www.mlbstatic.com/team-logos/118.svg", "team": "kc", "start": "", "in": "9", "result": "Strikeout", "evo": "", "la": "", "dist": ""}, {"player": "gilberto celestino", "game": "kc @ min", "gameIdx": 0, "hr/park": "", "pa": "72", "dt": "", "img": "https://www.mlbstatic.com/team-logos/142.svg", "team": "min", "start": "", "in": "8", "result": "Strikeout", "evo": "", "la": "", "dist": ""}, {"player": "nick gordon", "game": "kc @ min", "gameIdx": 0, "hr/park": "", "pa": "71", "dt": "", "img": "https://www.mlbstatic.com/team-logos/142.svg", "team": "min", "start": "", "in": "8", "result": "Single", "evo": "98.9", "la": "11", "dist": "216"}, {"player": "gio urshela", "game": "kc @ min", "gameIdx": 0, "hr/park": "", "pa": "70", "dt": "", "img": "https://www.mlbstatic.com/team-logos/142.svg", "team": "min", "start": "", "in": "8", "result": "Single", "evo": "93.7", "la": "9", "dist": "180"}, {"player": "max kepler", "game": "kc @ min", "gameIdx": 0, "hr/park": "", "pa": "69", "dt": "", "img": "https://www.mlbstatic.com/team-logos/142.svg", "team": "min", "start": "", "in": "8", "result": "Forceout", "evo": "75.7", "la": "3", "dist": "64"}, {"player": "jose miranda", "game": "kc @ min", "gameIdx": 0, "hr/park": "", "pa": "68", "dt": "", "img": "https://www.mlbstatic.com/team-logos/142.svg", "team": "min", "start": "", "in": "8", "result": "Single", "evo": "105.2", "la": "-5", "dist": "15"}, {"player": "byron buxton", "game": "kc @ min", "gameIdx": 0, "hr/park": "", "pa": "67", "dt": "", "img": "https://www.mlbstatic.com/team-logos/142.svg", "team": "min", "start": "", "in": "8", "result": "Single", "evo": "112.5", "la": "9", "dist": "217"}, {"player": "carlos correa", "game": "kc @ min", "gameIdx": 0, "hr/park": "", "pa": "66", "dt": "", "img": "https://www.mlbstatic.com/team-logos/142.svg", "team": "min", "start": "", "in": "8", "result": "Strikeout", "evo": "", "la": "", "dist": ""}, {"player": "luis arraez", "game": "kc @ min", "gameIdx": 0, "hr/park": "", "pa": "65", "dt": "", "img": "https://www.mlbstatic.com/team-logos/142.svg", "team": "min", "start": "", "in": "8", "result": "Field Error", "evo": "96.9", "la": "-16", "dist": "8"}, {"player": "mj melendez", "game": "kc @ min", "gameIdx": 0, "hr/park": "", "pa": "64", "dt": "", "img": "https://www.mlbstatic.com/team-logos/118.svg", "team": "kc", "start": "", "in": "8", "result": "Double Play", "evo": "99.6", "la": "7", "dist": "134"}, {"player": "nicky lopez", "game": "kc @ min", "gameIdx": 0, "hr/park": "", "pa": "63", "dt": "", "img": "https://www.mlbstatic.com/team-logos/118.svg", "team": "kc", "start": "", "in": "8", "result": "Single", "evo": "90.6", "la": "-1", "dist": "43"}, {"player": "kyle isbel", "game": "kc @ min", "gameIdx": 0, "hr/park": "", "pa": "62", "dt": "", "img": "https://www.mlbstatic.com/team-logos/118.svg", "team": "kc", "start": "", "in": "8", "result": "Strikeout", "evo": "", "la": "", "dist": ""}, {"player": "sandy leon", "game": "kc @ min", "gameIdx": 0, "hr/park": "", "pa": "61", "dt": "", "img": "https://www.mlbstatic.com/team-logos/142.svg", "team": "min", "start": "", "in": "7", "result": "Flyout", "evo": "68.5", "la": "42", "dist": "213"}, {"player": "gilberto celestino", "game": "kc @ min", "gameIdx": 0, "hr/park": "", "pa": "60", "dt": "", "img": "https://www.mlbstatic.com/team-logos/142.svg", "team": "min", "start": "", "in": "7", "result": "Walk", "evo": "", "la": "", "dist": ""}, {"player": "nick gordon", "game": "kc @ min", "gameIdx": 0, "hr/park": "3/30", "pa": "59", "dt": "", "img": "https://www.mlbstatic.com/team-logos/142.svg", "team": "min", "start": "", "in": "7", "result": "Double", "evo": "107.9", "la": "22", "dist": "347"}, {"player": "gio urshela", "game": "kc @ min", "gameIdx": 0, "hr/park": "", "pa": "58", "dt": "", "img": "https://www.mlbstatic.com/team-logos/142.svg", "team": "min", "start": "", "in": "7", "result": "Single", "evo": "74.0", "la": "15", "dist": "141"}, {"player": "max kepler", "game": "kc @ min", "gameIdx": 0, "hr/park": "", "pa": "57", "dt": "", "img": "https://www.mlbstatic.com/team-logos/142.svg", "team": "min", "start": "", "in": "7", "result": "Forceout", "evo": "70.2", "la": "-15", "dist": "9"}, {"player": "jose miranda", "game": "kc @ min", "gameIdx": 0, "hr/park": "", "pa": "56", "dt": "", "img": "https://www.mlbstatic.com/team-logos/142.svg", "team": "min", "start": "", "in": "7", "result": "Walk", "evo": "", "la": "", "dist": ""}, {"player": "byron buxton", "game": "kc @ min", "gameIdx": 0, "hr/park": "", "pa": "55", "dt": "", "img": "https://www.mlbstatic.com/team-logos/142.svg", "team": "min", "start": "", "in": "7", "result": "Forceout", "evo": "67.8", "la": "-9", "dist": "14"}, {"player": "carlos correa", "game": "kc @ min", "gameIdx": 0, "hr/park": "", "pa": "54", "dt": "", "img": "https://www.mlbstatic.com/team-logos/142.svg", "team": "min", "start": "", "in": "7", "result": "Walk", "evo": "", "la": "", "dist": ""}, {"player": "luis arraez", "game": "kc @ min", "gameIdx": 0, "hr/park": "1/30", "pa": "53", "dt": "", "img": "https://www.mlbstatic.com/team-logos/142.svg", "team": "min", "start": "", "in": "7", "result": "Double", "evo": "100.9", "la": "22", "dist": "358"}, {"player": "nick pratto", "game": "kc @ min", "gameIdx": 0, "hr/park": "", "pa": "52", "dt": "", "img": "https://www.mlbstatic.com/team-logos/118.svg", "team": "kc", "start": "", "in": "7", "result": "Strikeout", "evo": "", "la": "", "dist": ""}, {"player": "michael a taylor", "game": "kc @ min", "gameIdx": 0, "hr/park": "", "pa": "51", "dt": "", "img": "https://www.mlbstatic.com/team-logos/118.svg", "team": "kc", "start": "", "in": "7", "result": "Strikeout", "evo": "", "la": "", "dist": ""}, {"player": "michael massey", "game": "kc @ min", "gameIdx": 0, "hr/park": "", "pa": "50", "dt": "", "img": "https://www.mlbstatic.com/team-logos/118.svg", "team": "kc", "start": "", "in": "7", "result": "Forceout", "evo": "86.9", "la": "-30", "dist": "3"}, {"player": "vinnie pasquantino", "game": "kc @ min", "gameIdx": 0, "hr/park": "", "pa": "49", "dt": "", "img": "https://www.mlbstatic.com/team-logos/118.svg", "team": "kc", "start": "", "in": "7", "result": "Single", "evo": "97.9", "la": "5", "dist": "119"}, {"player": "salvador perez", "game": "kc @ min", "gameIdx": 0, "hr/park": "", "pa": "48", "dt": "", "img": "https://www.mlbstatic.com/team-logos/118.svg", "team": "kc", "start": "", "in": "7", "result": "Single", "evo": "89.5", "la": "22", "dist": "277"}, {"player": "sandy leon", "game": "kc @ min", "gameIdx": 0, "hr/park": "0/30", "pa": "47", "dt": "", "img": "https://www.mlbstatic.com/team-logos/142.svg", "team": "min", "start": "", "in": "6", "result": "Flyout", "evo": "89.8", "la": "37", "dist": "303"}, {"player": "gilberto celestino", "game": "kc @ min", "gameIdx": 0, "hr/park": "", "pa": "46", "dt": "", "img": "https://www.mlbstatic.com/team-logos/142.svg", "team": "min", "start": "", "in": "6", "result": "Groundout", "evo": "95.2", "la": "-11", "dist": "11"}, {"player": "nick gordon", "game": "kc @ min", "gameIdx": 0, "hr/park": "", "pa": "45", "dt": "", "img": "https://www.mlbstatic.com/team-logos/142.svg", "team": "min", "start": "", "in": "6", "result": "Groundout", "evo": "81.7", "la": "-5", "dist": "21"}, {"player": "gio urshela", "game": "kc @ min", "gameIdx": 0, "hr/park": "", "pa": "44", "dt": "", "img": "https://www.mlbstatic.com/team-logos/142.svg", "team": "min", "start": "", "in": "6", "result": "Single", "evo": "74.5", "la": "21", "dist": "202"}, {"player": "bobby witt", "game": "kc @ min", "gameIdx": 0, "hr/park": "", "pa": "43", "dt": "", "img": "https://www.mlbstatic.com/team-logos/118.svg", "team": "kc", "start": "", "in": "6", "result": "Groundout", "evo": "77.4", "la": "-8", "dist": "18"}, {"player": "mj melendez", "game": "kc @ min", "gameIdx": 0, "hr/park": "", "pa": "42", "dt": "", "img": "https://www.mlbstatic.com/team-logos/118.svg", "team": "kc", "start": "", "in": "6", "result": "Strikeout", "evo": "", "la": "", "dist": ""}, {"player": "nicky lopez", "game": "kc @ min", "gameIdx": 0, "hr/park": "", "pa": "41", "dt": "", "img": "https://www.mlbstatic.com/team-logos/118.svg", "team": "kc", "start": "", "in": "6", "result": "Strikeout", "evo": "", "la": "", "dist": ""}, {"player": "max kepler", "game": "kc @ min", "gameIdx": 0, "hr/park": "", "pa": "40", "dt": "", "img": "https://www.mlbstatic.com/team-logos/142.svg", "team": "min", "start": "", "in": "5", "result": "Lineout", "evo": "108.1", "la": "17", "dist": "299"}, {"player": "jose miranda", "game": "kc @ min", "gameIdx": 0, "hr/park": "", "pa": "39", "dt": "", "img": "https://www.mlbstatic.com/team-logos/142.svg", "team": "min", "start": "", "in": "5", "result": "Single", "evo": "100.9", "la": "6", "dist": "107"}, {"player": "byron buxton", "game": "kc @ min", "gameIdx": 0, "hr/park": "", "pa": "38", "dt": "", "img": "https://www.mlbstatic.com/team-logos/142.svg", "team": "min", "start": "", "in": "5", "result": "Single", "evo": "86.2", "la": "18", "dist": "251"}, {"player": "carlos correa", "game": "kc @ min", "gameIdx": 0, "hr/park": "", "pa": "37", "dt": "", "img": "https://www.mlbstatic.com/team-logos/142.svg", "team": "min", "start": "", "in": "5", "result": "Groundout", "evo": "84.5", "la": "-13", "dist": "12"}, {"player": "luis arraez", "game": "kc @ min", "gameIdx": 0, "hr/park": "", "pa": "36", "dt": "", "img": "https://www.mlbstatic.com/team-logos/142.svg", "team": "min", "start": "", "in": "5", "result": "Groundout", "evo": "98.3", "la": "3", "dist": "70"}, {"player": "kyle isbel", "game": "kc @ min", "gameIdx": 0, "hr/park": "", "pa": "35", "dt": "", "img": "https://www.mlbstatic.com/team-logos/118.svg", "team": "kc", "start": "", "in": "5", "result": "Groundout", "evo": "88.9", "la": "-3", "dist": "30"}, {"player": "nick pratto", "game": "kc @ min", "gameIdx": 0, "hr/park": "", "pa": "34", "dt": "", "img": "https://www.mlbstatic.com/team-logos/118.svg", "team": "kc", "start": "", "in": "5", "result": "Groundout", "evo": "67.6", "la": "-10", "dist": "13"}, {"player": "michael a taylor", "game": "kc @ min", "gameIdx": 0, "hr/park": "", "pa": "33", "dt": "", "img": "https://www.mlbstatic.com/team-logos/118.svg", "team": "kc", "start": "", "in": "5", "result": "Strikeout", "evo": "", "la": "", "dist": ""}, {"player": "sandy leon", "game": "kc @ min", "gameIdx": 0, "hr/park": "", "pa": "32", "dt": "", "img": "https://www.mlbstatic.com/team-logos/142.svg", "team": "min", "start": "", "in": "4", "result": "Strikeout", "evo": "", "la": "", "dist": ""}, {"player": "gilberto celestino", "game": "kc @ min", "gameIdx": 0, "hr/park": "29/30", "pa": "31", "dt": "", "img": "https://www.mlbstatic.com/team-logos/142.svg", "team": "min", "start": "", "in": "4", "result": "Home Run", "evo": "100.2", "la": "38", "dist": "386"}, {"player": "nick gordon", "game": "kc @ min", "gameIdx": 0, "hr/park": "0/30", "pa": "30", "dt": "", "img": "https://www.mlbstatic.com/team-logos/142.svg", "team": "min", "start": "", "in": "4", "result": "Lineout", "evo": "98.9", "la": "19", "dist": "330"}, {"player": "gio urshela", "game": "kc @ min", "gameIdx": 0, "hr/park": "", "pa": "29", "dt": "", "img": "https://www.mlbstatic.com/team-logos/142.svg", "team": "min", "start": "", "in": "4", "result": "Lineout", "evo": "95.8", "la": "6", "dist": "122"}, {"player": "michael massey", "game": "kc @ min", "gameIdx": 0, "hr/park": "", "pa": "28", "dt": "", "img": "https://www.mlbstatic.com/team-logos/118.svg", "team": "kc", "start": "", "in": "4", "result": "Strikeout", "evo": "", "la": "", "dist": ""}, {"player": "vinnie pasquantino", "game": "kc @ min", "gameIdx": 0, "hr/park": "", "pa": "27", "dt": "", "img": "https://www.mlbstatic.com/team-logos/118.svg", "team": "kc", "start": "", "in": "4", "result": "Groundout", "evo": "98.4", "la": "7", "dist": "152"}, {"player": "salvador perez", "game": "kc @ min", "gameIdx": 0, "hr/park": "0/30", "pa": "26", "dt": "", "img": "https://www.mlbstatic.com/team-logos/118.svg", "team": "kc", "start": "", "in": "4", "result": "Lineout", "evo": "91.4", "la": "22", "dist": "315"}, {"player": "bobby witt", "game": "kc @ min", "gameIdx": 0, "hr/park": "", "pa": "25", "dt": "", "img": "https://www.mlbstatic.com/team-logos/118.svg", "team": "kc", "start": "", "in": "4", "result": "Single", "evo": "67.7", "la": "28", "dist": "212"}, {"player": "max kepler", "game": "kc @ min", "gameIdx": 0, "hr/park": "", "pa": "24", "dt": "", "img": "https://www.mlbstatic.com/team-logos/142.svg", "team": "min", "start": "", "in": "3", "result": "Groundout", "evo": "84.4", "la": "-19", "dist": "9"}, {"player": "jose miranda", "game": "kc @ min", "gameIdx": 0, "hr/park": "", "pa": "23", "dt": "", "img": "https://www.mlbstatic.com/team-logos/142.svg", "team": "min", "start": "", "in": "3", "result": "Single", "evo": "97.2", "la": "14", "dist": "246"}, {"player": "byron buxton", "game": "kc @ min", "gameIdx": 0, "hr/park": "", "pa": "22", "dt": "", "img": "https://www.mlbstatic.com/team-logos/142.svg", "team": "min", "start": "", "in": "3", "result": "Strikeout", "evo": "", "la": "", "dist": ""}, {"player": "carlos correa", "game": "kc @ min", "gameIdx": 0, "hr/park": "", "pa": "21", "dt": "", "img": "https://www.mlbstatic.com/team-logos/142.svg", "team": "min", "start": "", "in": "3", "result": "Strikeout", "evo": "", "la": "", "dist": ""}, {"player": "mj melendez", "game": "kc @ min", "gameIdx": 0, "hr/park": "", "pa": "20", "dt": "", "img": "https://www.mlbstatic.com/team-logos/118.svg", "team": "kc", "start": "", "in": "3", "result": "Strikeout", "evo": "", "la": "", "dist": ""}, {"player": "nicky lopez", "game": "kc @ min", "gameIdx": 0, "hr/park": "", "pa": "19", "dt": "", "img": "https://www.mlbstatic.com/team-logos/118.svg", "team": "kc", "start": "", "in": "3", "result": "Strikeout", "evo": "", "la": "", "dist": ""}, {"player": "kyle isbel", "game": "kc @ min", "gameIdx": 0, "hr/park": "", "pa": "18", "dt": "", "img": "https://www.mlbstatic.com/team-logos/118.svg", "team": "kc", "start": "", "in": "3", "result": "Groundout", "evo": "81.9", "la": "-48", "dist": "3"}, {"player": "luis arraez", "game": "kc @ min", "gameIdx": 0, "hr/park": "", "pa": "17", "dt": "", "img": "https://www.mlbstatic.com/team-logos/142.svg", "team": "min", "start": "", "in": "2", "result": "Single", "evo": "76.9", "la": "24", "dist": "248"}, {"player": "sandy leon", "game": "kc @ min", "gameIdx": 0, "hr/park": "", "pa": "16", "dt": "", "img": "https://www.mlbstatic.com/team-logos/142.svg", "team": "min", "start": "", "in": "2", "result": "Sac Bunt", "evo": "30.0", "la": "-36", "dist": "4"}, {"player": "gilberto celestino", "game": "kc @ min", "gameIdx": 0, "hr/park": "", "pa": "15", "dt": "", "img": "https://www.mlbstatic.com/team-logos/142.svg", "team": "min", "start": "", "in": "2", "result": "Field Error", "evo": "90.9", "la": "-18", "dist": "5"}, {"player": "nick gordon", "game": "kc @ min", "gameIdx": 0, "hr/park": "2/30", "pa": "14", "dt": "", "img": "https://www.mlbstatic.com/team-logos/142.svg", "team": "min", "start": "", "in": "2", "result": "Flyout", "evo": "103.7", "la": "45", "dist": "330"}, {"player": "gio urshela", "game": "kc @ min", "gameIdx": 0, "hr/park": "", "pa": "13", "dt": "", "img": "https://www.mlbstatic.com/team-logos/142.svg", "team": "min", "start": "", "in": "2", "result": "Single", "evo": "96.9", "la": "14", "dist": "258"}, {"player": "nick pratto", "game": "kc @ min", "gameIdx": 0, "hr/park": "", "pa": "12", "dt": "", "img": "https://www.mlbstatic.com/team-logos/118.svg", "team": "kc", "start": "", "in": "2", "result": "Strikeout", "evo": "", "la": "", "dist": ""}, {"player": "michael a taylor", "game": "kc @ min", "gameIdx": 0, "hr/park": "", "pa": "11", "dt": "", "img": "https://www.mlbstatic.com/team-logos/118.svg", "team": "kc", "start": "", "in": "2", "result": "Strikeout", "evo": "", "la": "", "dist": ""}, {"player": "michael massey", "game": "kc @ min", "gameIdx": 0, "hr/park": "", "pa": "10", "dt": "", "img": "https://www.mlbstatic.com/team-logos/118.svg", "team": "kc", "start": "", "in": "2", "result": "Strikeout", "evo": "", "la": "", "dist": ""}, {"player": "vinnie pasquantino", "game": "kc @ min", "gameIdx": 0, "hr/park": "", "pa": "9", "dt": "", "img": "https://www.mlbstatic.com/team-logos/118.svg", "team": "kc", "start": "", "in": "2", "result": "Walk", "evo": "", "la": "", "dist": ""}, {"player": "max kepler", "game": "kc @ min", "gameIdx": 0, "hr/park": "", "pa": "8", "dt": "", "img": "https://www.mlbstatic.com/team-logos/142.svg", "team": "min", "start": "", "in": "1", "result": "Strikeout", "evo": "", "la": "", "dist": ""}, {"player": "jose miranda", "game": "kc @ min", "gameIdx": 0, "hr/park": "", "pa": "7", "dt": "", "img": "https://www.mlbstatic.com/team-logos/142.svg", "team": "min", "start": "", "in": "1", "result": "Strikeout", "evo": "", "la": "", "dist": ""}, {"player": "byron buxton", "game": "kc @ min", "gameIdx": 0, "hr/park": "", "pa": "6", "dt": "", "img": "https://www.mlbstatic.com/team-logos/142.svg", "team": "min", "start": "", "in": "1", "result": "Pop Out", "evo": "71.2", "la": "55", "dist": "183"}, {"player": "carlos correa", "game": "kc @ min", "gameIdx": 0, "hr/park": "", "pa": "5", "dt": "", "img": "https://www.mlbstatic.com/team-logos/142.svg", "team": "min", "start": "", "in": "1", "result": "Single", "evo": "72.1", "la": "38", "dist": "247"}, {"player": "luis arraez", "game": "kc @ min", "gameIdx": 0, "hr/park": "", "pa": "4", "dt": "", "img": "https://www.mlbstatic.com/team-logos/142.svg", "team": "min", "start": "", "in": "1", "result": "Single", "evo": "91.0", "la": "14", "dist": "251"}, {"player": "salvador perez", "game": "kc @ min", "gameIdx": 0, "hr/park": "", "pa": "3", "dt": "", "img": "https://www.mlbstatic.com/team-logos/118.svg", "team": "kc", "start": "", "in": "1", "result": "Groundout", "evo": "62.7", "la": "-23", "dist": "6"}, {"player": "bobby witt", "game": "kc @ min", "gameIdx": 0, "hr/park": "", "pa": "2", "dt": "", "img": "https://www.mlbstatic.com/team-logos/118.svg", "team": "kc", "start": "", "in": "1", "result": "Strikeout", "evo": "", "la": "", "dist": ""}, {"player": "mj melendez", "game": "kc @ min", "gameIdx": 0, "hr/park": "", "pa": "1", "dt": "", "img": "https://www.mlbstatic.com/team-logos/118.svg", "team": "kc", "start": "", "in": "1", "result": "Lineout", "evo": "99.2", "la": "11", "dist": "179"}], "col @ stl": [], "ath @ tex": [], "hou @ chw": [{"player": "yordan alvarez", "game": "hou @ chw", "gameIdx": 0, "hr/park": "", "pa": "73", "dt": "", "img": "https://www.mlbstatic.com/team-logos/117.svg", "team": "hou", "start": "", "in": "9", "result": "Strikeout", "evo": "", "la": "", "dist": ""}, {"player": "yuli gurriel", "game": "hou @ chw", "gameIdx": 0, "hr/park": "0/30", "pa": "72", "dt": "", "img": "https://www.mlbstatic.com/team-logos/117.svg", "team": "hou", "start": "", "in": "9", "result": "Flyout", "evo": "94.6", "la": "35", "dist": "331"}, {"player": "jose altuve", "game": "hou @ chw", "gameIdx": 0, "hr/park": "", "pa": "71", "dt": "", "img": "https://www.mlbstatic.com/team-logos/117.svg", "team": "hou", "start": "", "in": "9", "result": "Pop Out", "evo": "88.3", "la": "68", "dist": "151"}, {"player": "josh harrison", "game": "hou @ chw", "gameIdx": 0, "hr/park": "", "pa": "70", "dt": "", "img": "https://www.mlbstatic.com/team-logos/145.svg", "team": "chw", "start": "", "in": "8", "result": "Strikeout", "evo": "", "la": "", "dist": ""}, {"player": "yoan moncada", "game": "hou @ chw", "gameIdx": 0, "hr/park": "", "pa": "69", "dt": "", "img": "https://www.mlbstatic.com/team-logos/145.svg", "team": "chw", "start": "", "in": "8", "result": "Single", "evo": "73.0", "la": "28", "dist": "246"}, {"player": "yasmani grandal", "game": "hou @ chw", "gameIdx": 0, "hr/park": "", "pa": "68", "dt": "", "img": "https://www.mlbstatic.com/team-logos/145.svg", "team": "chw", "start": "", "in": "8", "result": "GIDP", "evo": "100.6", "la": "-18", "dist": "4"}, {"player": "jose abreu", "game": "hou @ chw", "gameIdx": 0, "hr/park": "", "pa": "67", "dt": "", "img": "https://www.mlbstatic.com/team-logos/145.svg", "team": "chw", "start": "", "in": "8", "result": "Single", "evo": "92.5", "la": "-24", "dist": "7"}, {"player": "eloy jimenez", "game": "hou @ chw", "gameIdx": 0, "hr/park": "", "pa": "66", "dt": "", "img": "https://www.mlbstatic.com/team-logos/145.svg", "team": "chw", "start": "", "in": "8", "result": "Walk", "evo": "", "la": "", "dist": ""}, {"player": "christian vazquez", "game": "hou @ chw", "gameIdx": 0, "hr/park": "0/30", "pa": "65", "dt": "", "img": "https://www.mlbstatic.com/team-logos/117.svg", "team": "hou", "start": "", "in": "8", "result": "Flyout", "evo": "86.3", "la": "33", "dist": "311"}, {"player": "mauricio dubon", "game": "hou @ chw", "gameIdx": 0, "hr/park": "", "pa": "64", "dt": "", "img": "https://www.mlbstatic.com/team-logos/117.svg", "team": "hou", "start": "", "in": "8", "result": "Single", "evo": "81.6", "la": "20", "dist": "257"}, {"player": "jeremy pena", "game": "hou @ chw", "gameIdx": 0, "hr/park": "", "pa": "63", "dt": "", "img": "https://www.mlbstatic.com/team-logos/117.svg", "team": "hou", "start": "", "in": "8", "result": "Strikeout", "evo": "", "la": "", "dist": ""}, {"player": "chas mccormick", "game": "hou @ chw", "gameIdx": 0, "hr/park": "", "pa": "62", "dt": "", "img": "https://www.mlbstatic.com/team-logos/117.svg", "team": "hou", "start": "", "in": "8", "result": "Strikeout", "evo": "", "la": "", "dist": ""}, {"player": "andrew vaughn", "game": "hou @ chw", "gameIdx": 0, "hr/park": "", "pa": "61", "dt": "", "img": "https://www.mlbstatic.com/team-logos/145.svg", "team": "chw", "start": "", "in": "7", "result": "Groundout", "evo": "72.8", "la": "-23", "dist": "4"}, {"player": "aj pollock", "game": "hou @ chw", "gameIdx": 0, "hr/park": "", "pa": "60", "dt": "", "img": "https://www.mlbstatic.com/team-logos/145.svg", "team": "chw", "start": "", "in": "7", "result": "Strikeout", "evo": "", "la": "", "dist": ""}, {"player": "gavin sheets", "game": "hou @ chw", "gameIdx": 0, "hr/park": "", "pa": "59", "dt": "", "img": "https://www.mlbstatic.com/team-logos/145.svg", "team": "chw", "start": "", "in": "7", "result": "Double", "evo": "94.5", "la": "20", "dist": "285"}, {"player": "seby zavala", "game": "hou @ chw", "gameIdx": 0, "hr/park": "", "pa": "58", "dt": "", "img": "https://www.mlbstatic.com/team-logos/145.svg", "team": "chw", "start": "", "in": "7", "result": "Walk", "evo": "", "la": "", "dist": ""}, {"player": "josh harrison", "game": "hou @ chw", "gameIdx": 0, "hr/park": "0/30", "pa": "57", "dt": "", "img": "https://www.mlbstatic.com/team-logos/145.svg", "team": "chw", "start": "", "in": "7", "result": "Single", "evo": "90.4", "la": "24", "dist": "302"}, {"player": "yoan moncada", "game": "hou @ chw", "gameIdx": 0, "hr/park": "0/30", "pa": "56", "dt": "", "img": "https://www.mlbstatic.com/team-logos/145.svg", "team": "chw", "start": "", "in": "7", "result": "Flyout", "evo": "93.9", "la": "40", "dist": "316"}, {"player": "kyle tucker", "game": "hou @ chw", "gameIdx": 0, "hr/park": "", "pa": "55", "dt": "", "img": "https://www.mlbstatic.com/team-logos/117.svg", "team": "hou", "start": "", "in": "7", "result": "Groundout", "evo": "87.3", "la": "-29", "dist": "4"}, {"player": "alex bregman", "game": "hou @ chw", "gameIdx": 0, "hr/park": "", "pa": "54", "dt": "", "img": "https://www.mlbstatic.com/team-logos/117.svg", "team": "hou", "start": "", "in": "7", "result": "Flyout", "evo": "83.4", "la": "40", "dist": "279"}, {"player": "yordan alvarez", "game": "hou @ chw", "gameIdx": 0, "hr/park": "", "pa": "53", "dt": "", "img": "https://www.mlbstatic.com/team-logos/117.svg", "team": "hou", "start": "", "in": "7", "result": "Walk", "evo": "", "la": "", "dist": ""}, {"player": "yuli gurriel", "game": "hou @ chw", "gameIdx": 0, "hr/park": "", "pa": "52", "dt": "", "img": "https://www.mlbstatic.com/team-logos/117.svg", "team": "hou", "start": "", "in": "7", "result": "Single", "evo": "101.1", "la": "-14", "dist": "11"}, {"player": "jose altuve", "game": "hou @ chw", "gameIdx": 0, "hr/park": "", "pa": "51", "dt": "", "img": "https://www.mlbstatic.com/team-logos/117.svg", "team": "hou", "start": "", "in": "7", "result": "Strikeout", "evo": "", "la": "", "dist": ""}, {"player": "yasmani grandal", "game": "hou @ chw", "gameIdx": 0, "hr/park": "", "pa": "50", "dt": "", "img": "https://www.mlbstatic.com/team-logos/145.svg", "team": "chw", "start": "", "in": "6", "result": "Flyout", "evo": "81.6", "la": "33", "dist": "292"}, {"player": "jose abreu", "game": "hou @ chw", "gameIdx": 0, "hr/park": "", "pa": "49", "dt": "", "img": "https://www.mlbstatic.com/team-logos/145.svg", "team": "chw", "start": "", "in": "6", "result": "GIDP", "evo": "76.6", "la": "-34", "dist": "6"}, {"player": "eloy jimenez", "game": "hou @ chw", "gameIdx": 0, "hr/park": "", "pa": "48", "dt": "", "img": "https://www.mlbstatic.com/team-logos/145.svg", "team": "chw", "start": "", "in": "6", "result": "Single", "evo": "105.6", "la": "-5", "dist": "29"}, {"player": "martin maldonado", "game": "hou @ chw", "gameIdx": 0, "hr/park": "", "pa": "47", "dt": "", "img": "https://www.mlbstatic.com/team-logos/117.svg", "team": "hou", "start": "", "in": "6", "result": "Groundout", "evo": "59.4", "la": "-1", "dist": "26"}, {"player": "mauricio dubon", "game": "hou @ chw", "gameIdx": 0, "hr/park": "0/30", "pa": "46", "dt": "", "img": "https://www.mlbstatic.com/team-logos/117.svg", "team": "hou", "start": "", "in": "6", "result": "Double", "evo": "100.4", "la": "19", "dist": "352"}, {"player": "jeremy pena", "game": "hou @ chw", "gameIdx": 0, "hr/park": "", "pa": "45", "dt": "", "img": "https://www.mlbstatic.com/team-logos/117.svg", "team": "hou", "start": "", "in": "6", "result": "Groundout", "evo": "70.9", "la": "", "dist": "36"}, {"player": "chas mccormick", "game": "hou @ chw", "gameIdx": 0, "hr/park": "", "pa": "44", "dt": "", "img": "https://www.mlbstatic.com/team-logos/117.svg", "team": "hou", "start": "", "in": "6", "result": "Strikeout", "evo": "", "la": "", "dist": ""}, {"player": "andrew vaughn", "game": "hou @ chw", "gameIdx": 0, "hr/park": "0/30", "pa": "43", "dt": "", "img": "https://www.mlbstatic.com/team-logos/145.svg", "team": "chw", "start": "", "in": "5", "result": "Lineout", "evo": "99.1", "la": "18", "dist": "342"}, {"player": "aj pollock", "game": "hou @ chw", "gameIdx": 0, "hr/park": "0/30", "pa": "42", "dt": "", "img": "https://www.mlbstatic.com/team-logos/145.svg", "team": "chw", "start": "", "in": "5", "result": "Flyout", "evo": "99.4", "la": "31", "dist": "379"}, {"player": "lenyn sosa", "game": "hou @ chw", "gameIdx": 0, "hr/park": "", "pa": "41", "dt": "", "img": "https://www.mlbstatic.com/team-logos/145.svg", "team": "chw", "start": "", "in": "5", "result": "Strikeout", "evo": "", "la": "", "dist": ""}, {"player": "kyle tucker", "game": "hou @ chw", "gameIdx": 0, "hr/park": "", "pa": "40", "dt": "", "img": "https://www.mlbstatic.com/team-logos/117.svg", "team": "hou", "start": "", "in": "5", "result": "Flyout", "evo": "81.8", "la": "40", "dist": "280"}, {"player": "alex bregman", "game": "hou @ chw", "gameIdx": 0, "hr/park": "", "pa": "39", "dt": "", "img": "https://www.mlbstatic.com/team-logos/117.svg", "team": "hou", "start": "", "in": "5", "result": "Double", "evo": "102.2", "la": "4", "dist": "98"}, {"player": "yordan alvarez", "game": "hou @ chw", "gameIdx": 0, "hr/park": "", "pa": "38", "dt": "", "img": "https://www.mlbstatic.com/team-logos/117.svg", "team": "hou", "start": "", "in": "5", "result": "Groundout", "evo": "104.9", "la": "-1", "dist": "47"}, {"player": "yuli gurriel", "game": "hou @ chw", "gameIdx": 0, "hr/park": "", "pa": "37", "dt": "", "img": "https://www.mlbstatic.com/team-logos/117.svg", "team": "hou", "start": "", "in": "5", "result": "Strikeout", "evo": "", "la": "", "dist": ""}, {"player": "jose altuve", "game": "hou @ chw", "gameIdx": 0, "hr/park": "30/30", "pa": "36", "dt": "", "img": "https://www.mlbstatic.com/team-logos/117.svg", "team": "hou", "start": "", "in": "5", "result": "Home Run", "evo": "101.6", "la": "32", "dist": "400"}, {"player": "seby zavala", "game": "hou @ chw", "gameIdx": 0, "hr/park": "", "pa": "35", "dt": "", "img": "https://www.mlbstatic.com/team-logos/145.svg", "team": "chw", "start": "", "in": "4", "result": "Strikeout", "evo": "", "la": "", "dist": ""}, {"player": "josh harrison", "game": "hou @ chw", "gameIdx": 0, "hr/park": "0/30", "pa": "34", "dt": "", "img": "https://www.mlbstatic.com/team-logos/145.svg", "team": "chw", "start": "", "in": "4", "result": "Flyout", "evo": "84.7", "la": "31", "dist": "316"}, {"player": "yoan moncada", "game": "hou @ chw", "gameIdx": 0, "hr/park": "", "pa": "33", "dt": "", "img": "https://www.mlbstatic.com/team-logos/145.svg", "team": "chw", "start": "", "in": "4", "result": "Pop Out", "evo": "75.6", "la": "65", "dist": "144"}, {"player": "martin maldonado", "game": "hou @ chw", "gameIdx": 0, "hr/park": "0/30", "pa": "32", "dt": "", "img": "https://www.mlbstatic.com/team-logos/117.svg", "team": "hou", "start": "", "in": "4", "result": "Flyout", "evo": "95.8", "la": "46", "dist": "304"}, {"player": "mauricio dubon", "game": "hou @ chw", "gameIdx": 0, "hr/park": "", "pa": "31", "dt": "", "img": "https://www.mlbstatic.com/team-logos/117.svg", "team": "hou", "start": "", "in": "4", "result": "Groundout", "evo": "73.0", "la": "-22", "dist": "4"}, {"player": "jeremy pena", "game": "hou @ chw", "gameIdx": 0, "hr/park": "", "pa": "30", "dt": "", "img": "https://www.mlbstatic.com/team-logos/117.svg", "team": "hou", "start": "", "in": "4", "result": "Strikeout", "evo": "", "la": "", "dist": ""}, {"player": "yasmani grandal", "game": "hou @ chw", "gameIdx": 0, "hr/park": "0/30", "pa": "29", "dt": "", "img": "https://www.mlbstatic.com/team-logos/145.svg", "team": "chw", "start": "", "in": "3", "result": "Lineout", "evo": "92.5", "la": "22", "dist": "321"}, {"player": "jose abreu", "game": "hou @ chw", "gameIdx": 0, "hr/park": "", "pa": "28", "dt": "", "img": "https://www.mlbstatic.com/team-logos/145.svg", "team": "chw", "start": "", "in": "3", "result": "Single", "evo": "96.1", "la": "-10", "dist": "14"}, {"player": "eloy jimenez", "game": "hou @ chw", "gameIdx": 0, "hr/park": "", "pa": "27", "dt": "", "img": "https://www.mlbstatic.com/team-logos/145.svg", "team": "chw", "start": "", "in": "3", "result": "Groundout", "evo": "105.5", "la": "-13", "dist": "15"}, {"player": "andrew vaughn", "game": "hou @ chw", "gameIdx": 0, "hr/park": "", "pa": "26", "dt": "", "img": "https://www.mlbstatic.com/team-logos/145.svg", "team": "chw", "start": "", "in": "3", "result": "Pop Out", "evo": "61.5", "la": "62", "dist": "134"}, {"player": "aledmys diaz", "game": "hou @ chw", "gameIdx": 0, "hr/park": "", "pa": "25", "dt": "", "img": "https://www.mlbstatic.com/team-logos/117.svg", "team": "hou", "start": "", "in": "3", "result": "Groundout", "evo": "54.4", "la": "-74", "dist": "2"}, {"player": "kyle tucker", "game": "hou @ chw", "gameIdx": 0, "hr/park": "0/30", "pa": "24", "dt": "", "img": "https://www.mlbstatic.com/team-logos/117.svg", "team": "hou", "start": "", "in": "3", "result": "Double", "evo": "101.3", "la": "18", "dist": "340"}, {"player": "alex bregman", "game": "hou @ chw", "gameIdx": 0, "hr/park": "2/30", "pa": "23", "dt": "", "img": "https://www.mlbstatic.com/team-logos/117.svg", "team": "hou", "start": "", "in": "3", "result": "Double", "evo": "99.6", "la": "27", "dist": "351"}, {"player": "yordan alvarez", "game": "hou @ chw", "gameIdx": 0, "hr/park": "", "pa": "22", "dt": "", "img": "https://www.mlbstatic.com/team-logos/117.svg", "team": "hou", "start": "", "in": "3", "result": "Strikeout", "evo": "", "la": "", "dist": ""}, {"player": "yuli gurriel", "game": "hou @ chw", "gameIdx": 0, "hr/park": "", "pa": "21", "dt": "", "img": "https://www.mlbstatic.com/team-logos/117.svg", "team": "hou", "start": "", "in": "3", "result": "Walk", "evo": "", "la": "", "dist": ""}, {"player": "jose altuve", "game": "hou @ chw", "gameIdx": 0, "hr/park": "", "pa": "20", "dt": "", "img": "https://www.mlbstatic.com/team-logos/117.svg", "team": "hou", "start": "", "in": "3", "result": "Walk", "evo": "", "la": "", "dist": ""}, {"player": "aj pollock", "game": "hou @ chw", "gameIdx": 0, "hr/park": "", "pa": "19", "dt": "", "img": "https://www.mlbstatic.com/team-logos/145.svg", "team": "chw", "start": "", "in": "2", "result": "Forceout", "evo": "97.7", "la": "-12", "dist": "12"}, {"player": "lenyn sosa", "game": "hou @ chw", "gameIdx": 0, "hr/park": "", "pa": "18", "dt": "", "img": "https://www.mlbstatic.com/team-logos/145.svg", "team": "chw", "start": "", "in": "2", "result": "Pop Out", "evo": "61.9", "la": "66", "dist": "99"}, {"player": "seby zavala", "game": "hou @ chw", "gameIdx": 0, "hr/park": "", "pa": "17", "dt": "", "img": "https://www.mlbstatic.com/team-logos/145.svg", "team": "chw", "start": "", "in": "2", "result": "Single", "evo": "71.6", "la": "22", "dist": "200"}, {"player": "josh harrison", "game": "hou @ chw", "gameIdx": 0, "hr/park": "", "pa": "16", "dt": "", "img": "https://www.mlbstatic.com/team-logos/145.svg", "team": "chw", "start": "", "in": "2", "result": "Single", "evo": "97.8", "la": "4", "dist": "87"}, {"player": "yoan moncada", "game": "hou @ chw", "gameIdx": 0, "hr/park": "", "pa": "15", "dt": "", "img": "https://www.mlbstatic.com/team-logos/145.svg", "team": "chw", "start": "", "in": "2", "result": "Strikeout", "evo": "", "la": "", "dist": ""}, {"player": "yasmani grandal", "game": "hou @ chw", "gameIdx": 0, "hr/park": "", "pa": "14", "dt": "", "img": "https://www.mlbstatic.com/team-logos/145.svg", "team": "chw", "start": "", "in": "2", "result": "Single", "evo": "96.4", "la": "5", "dist": "96"}, {"player": "jose abreu", "game": "hou @ chw", "gameIdx": 0, "hr/park": "", "pa": "13", "dt": "", "img": "https://www.mlbstatic.com/team-logos/145.svg", "team": "chw", "start": "", "in": "2", "result": "Single", "evo": "88.0", "la": "-7", "dist": "14"}, {"player": "martin maldonado", "game": "hou @ chw", "gameIdx": 0, "hr/park": "", "pa": "12", "dt": "", "img": "https://www.mlbstatic.com/team-logos/117.svg", "team": "hou", "start": "", "in": "2", "result": "Lineout", "evo": "77.4", "la": "11", "dist": "123"}, {"player": "mauricio dubon", "game": "hou @ chw", "gameIdx": 0, "hr/park": "", "pa": "11", "dt": "", "img": "https://www.mlbstatic.com/team-logos/117.svg", "team": "hou", "start": "", "in": "2", "result": "Single", "evo": "69.3", "la": "28", "dist": "232"}, {"player": "jeremy pena", "game": "hou @ chw", "gameIdx": 0, "hr/park": "", "pa": "10", "dt": "", "img": "https://www.mlbstatic.com/team-logos/117.svg", "team": "hou", "start": "", "in": "2", "result": "Strikeout", "evo": "", "la": "", "dist": ""}, {"player": "aledmys diaz", "game": "hou @ chw", "gameIdx": 0, "hr/park": "0/30", "pa": "9", "dt": "", "img": "https://www.mlbstatic.com/team-logos/117.svg", "team": "hou", "start": "", "in": "2", "result": "Flyout", "evo": "88.9", "la": "33", "dist": "318"}, {"player": "kyle tucker", "game": "hou @ chw", "gameIdx": 0, "hr/park": "", "pa": "8", "dt": "", "img": "https://www.mlbstatic.com/team-logos/117.svg", "team": "hou", "start": "", "in": "2", "result": "Walk", "evo": "", "la": "", "dist": ""}, {"player": "eloy jimenez", "game": "hou @ chw", "gameIdx": 0, "hr/park": "", "pa": "7", "dt": "", "img": "https://www.mlbstatic.com/team-logos/145.svg", "team": "chw", "start": "", "in": "1", "result": "Groundout", "evo": "96.2", "la": "-6", "dist": "26"}, {"player": "andrew vaughn", "game": "hou @ chw", "gameIdx": 0, "hr/park": "5/30", "pa": "6", "dt": "", "img": "https://www.mlbstatic.com/team-logos/145.svg", "team": "chw", "start": "", "in": "1", "result": "Flyout", "evo": "101.7", "la": "31", "dist": "386"}, {"player": "aj pollock", "game": "hou @ chw", "gameIdx": 0, "hr/park": "", "pa": "5", "dt": "", "img": "https://www.mlbstatic.com/team-logos/145.svg", "team": "chw", "start": "", "in": "1", "result": "Lineout", "evo": "82.9", "la": "26", "dist": "290"}, {"player": "alex bregman", "game": "hou @ chw", "gameIdx": 0, "hr/park": "", "pa": "4", "dt": "", "img": "https://www.mlbstatic.com/team-logos/117.svg", "team": "hou", "start": "", "in": "1", "result": "Lineout", "evo": "81.9", "la": "28", "dist": "298"}, {"player": "yordan alvarez", "game": "hou @ chw", "gameIdx": 0, "hr/park": "", "pa": "3", "dt": "", "img": "https://www.mlbstatic.com/team-logos/117.svg", "team": "hou", "start": "", "in": "1", "result": "Single", "evo": "97.8", "la": "13", "dist": "266"}, {"player": "yuli gurriel", "game": "hou @ chw", "gameIdx": 0, "hr/park": "0/30", "pa": "2", "dt": "", "img": "https://www.mlbstatic.com/team-logos/117.svg", "team": "hou", "start": "", "in": "1", "result": "Flyout", "evo": "94.1", "la": "39", "dist": "314"}, {"player": "jose altuve", "game": "hou @ chw", "gameIdx": 0, "hr/park": "", "pa": "1", "dt": "", "img": "https://www.mlbstatic.com/team-logos/117.svg", "team": "hou", "start": "", "in": "1", "result": "Flyout", "evo": "82.3", "la": "41", "dist": "280"}], "lad @ mil": [], "sea @ laa": [{"player": "steven duggar", "game": "sea @ laa", "gameIdx": 0, "hr/park": "", "pa": "74", "dt": "", "img": "https://www.mlbstatic.com/team-logos/108.svg", "team": "laa", "start": "", "in": "9", "result": "Flyout", "evo": "87.0", "la": "53", "dist": "235"}, {"player": "jose rojas", "game": "sea @ laa", "gameIdx": 0, "hr/park": "", "pa": "73", "dt": "", "img": "https://www.mlbstatic.com/team-logos/108.svg", "team": "laa", "start": "", "in": "9", "result": "Groundout", "evo": "95.6", "la": "3", "dist": "82"}, {"player": "magneuris sierra", "game": "sea @ laa", "gameIdx": 0, "hr/park": "", "pa": "72", "dt": "", "img": "https://www.mlbstatic.com/team-logos/108.svg", "team": "laa", "start": "", "in": "9", "result": "Groundout", "evo": "47.6", "la": "-9", "dist": "10"}, {"player": "ty france", "game": "sea @ laa", "gameIdx": 0, "hr/park": "", "pa": "71", "dt": "", "img": "https://www.mlbstatic.com/team-logos/136.svg", "team": "sea", "start": "", "in": "9", "result": "Strikeout", "evo": "", "la": "", "dist": ""}, {"player": "julio rodriguez", "game": "sea @ laa", "gameIdx": 0, "hr/park": "16/30", "pa": "70", "dt": "", "img": "https://www.mlbstatic.com/team-logos/136.svg", "team": "sea", "start": "", "in": "9", "result": "Home Run", "evo": "105.5", "la": "21", "dist": "376"}, {"player": "sam haggerty", "game": "sea @ laa", "gameIdx": 0, "hr/park": "", "pa": "69", "dt": "", "img": "https://www.mlbstatic.com/team-logos/136.svg", "team": "sea", "start": "", "in": "9", "result": "Single", "evo": "93.9", "la": "-14", "dist": "8"}, {"player": "adam frazier", "game": "sea @ laa", "gameIdx": 0, "hr/park": "", "pa": "68", "dt": "", "img": "https://www.mlbstatic.com/team-logos/136.svg", "team": "sea", "start": "", "in": "9", "result": "Triple", "evo": "104.9", "la": "15", "dist": "241"}, {"player": "curt casali", "game": "sea @ laa", "gameIdx": 0, "hr/park": "", "pa": "67", "dt": "", "img": "https://www.mlbstatic.com/team-logos/136.svg", "team": "sea", "start": "", "in": "9", "result": "Single", "evo": "98.7", "la": "13", "dist": "241"}, {"player": "jp crawford", "game": "sea @ laa", "gameIdx": 0, "hr/park": "", "pa": "66", "dt": "", "img": "https://www.mlbstatic.com/team-logos/136.svg", "team": "sea", "start": "", "in": "9", "result": "Flyout", "evo": "85.8", "la": "54", "dist": "228"}, {"player": "eugenio suarez", "game": "sea @ laa", "gameIdx": 0, "hr/park": "", "pa": "65", "dt": "", "img": "https://www.mlbstatic.com/team-logos/136.svg", "team": "sea", "start": "", "in": "9", "result": "Walk", "evo": "", "la": "", "dist": ""}, {"player": "mitch haniger", "game": "sea @ laa", "gameIdx": 0, "hr/park": "", "pa": "64", "dt": "", "img": "https://www.mlbstatic.com/team-logos/136.svg", "team": "sea", "start": "", "in": "9", "result": "Groundout", "evo": "92.2", "la": "-15", "dist": "11"}, {"player": "jared walsh", "game": "sea @ laa", "gameIdx": 0, "hr/park": "", "pa": "63", "dt": "", "img": "https://www.mlbstatic.com/team-logos/108.svg", "team": "laa", "start": "", "in": "8", "result": "Groundout", "evo": "67.9", "la": "8", "dist": "90"}, {"player": "max stassi", "game": "sea @ laa", "gameIdx": 0, "hr/park": "0/30", "pa": "62", "dt": "", "img": "https://www.mlbstatic.com/team-logos/108.svg", "team": "laa", "start": "", "in": "8", "result": "Flyout", "evo": "94.4", "la": "28", "dist": "373"}, {"player": "taylor ward", "game": "sea @ laa", "gameIdx": 0, "hr/park": "", "pa": "61", "dt": "", "img": "https://www.mlbstatic.com/team-logos/108.svg", "team": "laa", "start": "", "in": "8", "result": "Flyout", "evo": "85.3", "la": "54", "dist": "214"}, {"player": "jesse winker", "game": "sea @ laa", "gameIdx": 0, "hr/park": "", "pa": "60", "dt": "", "img": "https://www.mlbstatic.com/team-logos/136.svg", "team": "sea", "start": "", "in": "8", "result": "Lineout", "evo": "108.0", "la": "16", "dist": "296"}, {"player": "ty france", "game": "sea @ laa", "gameIdx": 0, "hr/park": "", "pa": "59", "dt": "", "img": "https://www.mlbstatic.com/team-logos/136.svg", "team": "sea", "start": "", "in": "8", "result": "Walk", "evo": "", "la": "", "dist": ""}, {"player": "julio rodriguez", "game": "sea @ laa", "gameIdx": 0, "hr/park": "", "pa": "58", "dt": "", "img": "https://www.mlbstatic.com/team-logos/136.svg", "team": "sea", "start": "", "in": "8", "result": "Single", "evo": "", "la": "-75", "dist": "1"}, {"player": "sam haggerty", "game": "sea @ laa", "gameIdx": 0, "hr/park": "", "pa": "57", "dt": "", "img": "https://www.mlbstatic.com/team-logos/136.svg", "team": "sea", "start": "", "in": "8", "result": "Groundout", "evo": "78.6", "la": "-34", "dist": "4"}, {"player": "adam frazier", "game": "sea @ laa", "gameIdx": 0, "hr/park": "", "pa": "56", "dt": "", "img": "https://www.mlbstatic.com/team-logos/136.svg", "team": "sea", "start": "", "in": "8", "result": "Strikeout", "evo": "", "la": "", "dist": ""}, {"player": "luis rengifo", "game": "sea @ laa", "gameIdx": 0, "hr/park": "", "pa": "55", "dt": "", "img": "https://www.mlbstatic.com/team-logos/108.svg", "team": "laa", "start": "", "in": "7", "result": "Strikeout", "evo": "", "la": "", "dist": ""}, {"player": "shohei ohtani", "game": "sea @ laa", "gameIdx": 0, "hr/park": "", "pa": "54", "dt": "", "img": "https://www.mlbstatic.com/team-logos/108.svg", "team": "laa", "start": "", "in": "7", "result": "Single", "evo": "103.2", "la": "-3", "dist": "34"}, {"player": "david fletcher", "game": "sea @ laa", "gameIdx": 0, "hr/park": "", "pa": "53", "dt": "", "img": "https://www.mlbstatic.com/team-logos/108.svg", "team": "laa", "start": "", "in": "7", "result": "Walk", "evo": "", "la": "", "dist": ""}, {"player": "steven duggar", "game": "sea @ laa", "gameIdx": 0, "hr/park": "", "pa": "52", "dt": "", "img": "https://www.mlbstatic.com/team-logos/108.svg", "team": "laa", "start": "", "in": "7", "result": "Strikeout", "evo": "", "la": "", "dist": ""}, {"player": "jose rojas", "game": "sea @ laa", "gameIdx": 0, "hr/park": "", "pa": "51", "dt": "", "img": "https://www.mlbstatic.com/team-logos/108.svg", "team": "laa", "start": "", "in": "7", "result": "Strikeout", "evo": "", "la": "", "dist": ""}, {"player": "curt casali", "game": "sea @ laa", "gameIdx": 0, "hr/park": "", "pa": "50", "dt": "", "img": "https://www.mlbstatic.com/team-logos/136.svg", "team": "sea", "start": "", "in": "7", "result": "Strikeout", "evo": "", "la": "", "dist": ""}, {"player": "jp crawford", "game": "sea @ laa", "gameIdx": 0, "hr/park": "", "pa": "49", "dt": "", "img": "https://www.mlbstatic.com/team-logos/136.svg", "team": "sea", "start": "", "in": "7", "result": "Flyout", "evo": "91.7", "la": "55", "dist": "228"}, {"player": "eugenio suarez", "game": "sea @ laa", "gameIdx": 0, "hr/park": "", "pa": "48", "dt": "", "img": "https://www.mlbstatic.com/team-logos/136.svg", "team": "sea", "start": "", "in": "7", "result": "Strikeout", "evo": "", "la": "", "dist": ""}, {"player": "magneuris sierra", "game": "sea @ laa", "gameIdx": 0, "hr/park": "", "pa": "47", "dt": "", "img": "https://www.mlbstatic.com/team-logos/108.svg", "team": "laa", "start": "", "in": "6", "result": "Groundout", "evo": "66.4", "la": "1", "dist": "46"}, {"player": "jared walsh", "game": "sea @ laa", "gameIdx": 0, "hr/park": "", "pa": "46", "dt": "", "img": "https://www.mlbstatic.com/team-logos/108.svg", "team": "laa", "start": "", "in": "6", "result": "Strikeout", "evo": "", "la": "", "dist": ""}, {"player": "max stassi", "game": "sea @ laa", "gameIdx": 0, "hr/park": "", "pa": "45", "dt": "", "img": "https://www.mlbstatic.com/team-logos/108.svg", "team": "laa", "start": "", "in": "6", "result": "Strikeout", "evo": "", "la": "", "dist": ""}, {"player": "taylor ward", "game": "sea @ laa", "gameIdx": 0, "hr/park": "", "pa": "44", "dt": "", "img": "https://www.mlbstatic.com/team-logos/108.svg", "team": "laa", "start": "", "in": "6", "result": "Single", "evo": "97.0", "la": "11", "dist": "162"}, {"player": "mitch haniger", "game": "sea @ laa", "gameIdx": 0, "hr/park": "", "pa": "43", "dt": "", "img": "https://www.mlbstatic.com/team-logos/136.svg", "team": "sea", "start": "", "in": "6", "result": "Flyout", "evo": "81.3", "la": "42", "dist": "266"}, {"player": "jesse winker", "game": "sea @ laa", "gameIdx": 0, "hr/park": "", "pa": "42", "dt": "", "img": "https://www.mlbstatic.com/team-logos/136.svg", "team": "sea", "start": "", "in": "6", "result": "Sac Fly", "evo": "87.6", "la": "22", "dist": "281"}, {"player": "ty france", "game": "sea @ laa", "gameIdx": 0, "hr/park": "", "pa": "41", "dt": "", "img": "https://www.mlbstatic.com/team-logos/136.svg", "team": "sea", "start": "", "in": "6", "result": "Single", "evo": "95.9", "la": "-2", "dist": "36"}, {"player": "julio rodriguez", "game": "sea @ laa", "gameIdx": 0, "hr/park": "", "pa": "40", "dt": "", "img": "https://www.mlbstatic.com/team-logos/136.svg", "team": "sea", "start": "", "in": "6", "result": "Single", "evo": "73.5", "la": "18", "dist": "166"}, {"player": "sam haggerty", "game": "sea @ laa", "gameIdx": 0, "hr/park": "", "pa": "39", "dt": "", "img": "https://www.mlbstatic.com/team-logos/136.svg", "team": "sea", "start": "", "in": "6", "result": "Single", "evo": "90.6", "la": "14", "dist": "216"}, {"player": "adam frazier", "game": "sea @ laa", "gameIdx": 0, "hr/park": "", "pa": "38", "dt": "", "img": "https://www.mlbstatic.com/team-logos/136.svg", "team": "sea", "start": "", "in": "6", "result": "Single", "evo": "91.3", "la": "-7", "dist": "24"}, {"player": "curt casali", "game": "sea @ laa", "gameIdx": 0, "hr/park": "", "pa": "37", "dt": "", "img": "https://www.mlbstatic.com/team-logos/136.svg", "team": "sea", "start": "", "in": "6", "result": "Pop Out", "evo": "82.1", "la": "67", "dist": "150"}, {"player": "luis rengifo", "game": "sea @ laa", "gameIdx": 0, "hr/park": "", "pa": "36", "dt": "", "img": "https://www.mlbstatic.com/team-logos/108.svg", "team": "laa", "start": "", "in": "5", "result": "Groundout", "evo": "91.0", "la": "-55", "dist": "3"}, {"player": "shohei ohtani", "game": "sea @ laa", "gameIdx": 0, "hr/park": "0/30", "pa": "35", "dt": "", "img": "https://www.mlbstatic.com/team-logos/108.svg", "team": "laa", "start": "", "in": "5", "result": "Triple", "evo": "101.2", "la": "23", "dist": "358"}, {"player": "david fletcher", "game": "sea @ laa", "gameIdx": 0, "hr/park": "0/30", "pa": "34", "dt": "", "img": "https://www.mlbstatic.com/team-logos/108.svg", "team": "laa", "start": "", "in": "5", "result": "Flyout", "evo": "85.8", "la": "34", "dist": "316"}, {"player": "steven duggar", "game": "sea @ laa", "gameIdx": 0, "hr/park": "", "pa": "33", "dt": "", "img": "https://www.mlbstatic.com/team-logos/108.svg", "team": "laa", "start": "", "in": "5", "result": "Strikeout", "evo": "", "la": "", "dist": ""}, {"player": "jp crawford", "game": "sea @ laa", "gameIdx": 0, "hr/park": "0/30", "pa": "32", "dt": "", "img": "https://www.mlbstatic.com/team-logos/136.svg", "team": "sea", "start": "", "in": "5", "result": "Lineout", "evo": "92.0", "la": "21", "dist": "302"}, {"player": "eugenio suarez", "game": "sea @ laa", "gameIdx": 0, "hr/park": "", "pa": "31", "dt": "", "img": "https://www.mlbstatic.com/team-logos/136.svg", "team": "sea", "start": "", "in": "5", "result": "Pop Out", "evo": "60.6", "la": "72", "dist": "98"}, {"player": "mitch haniger", "game": "sea @ laa", "gameIdx": 0, "hr/park": "0/30", "pa": "30", "dt": "", "img": "https://www.mlbstatic.com/team-logos/136.svg", "team": "sea", "start": "", "in": "5", "result": "Lineout", "evo": "104.9", "la": "20", "dist": "344"}, {"player": "phil gosselin", "game": "sea @ laa", "gameIdx": 0, "hr/park": "", "pa": "29", "dt": "", "img": "https://www.mlbstatic.com/team-logos/108.svg", "team": "laa", "start": "", "in": "4", "result": "Strikeout", "evo": "", "la": "", "dist": ""}, {"player": "magneuris sierra", "game": "sea @ laa", "gameIdx": 0, "hr/park": "", "pa": "28", "dt": "", "img": "https://www.mlbstatic.com/team-logos/108.svg", "team": "laa", "start": "", "in": "4", "result": "Groundout", "evo": "92.4", "la": "6", "dist": "120"}, {"player": "jared walsh", "game": "sea @ laa", "gameIdx": 0, "hr/park": "", "pa": "27", "dt": "", "img": "https://www.mlbstatic.com/team-logos/108.svg", "team": "laa", "start": "", "in": "4", "result": "Strikeout", "evo": "", "la": "", "dist": ""}, {"player": "jesse winker", "game": "sea @ laa", "gameIdx": 0, "hr/park": "", "pa": "26", "dt": "", "img": "https://www.mlbstatic.com/team-logos/136.svg", "team": "sea", "start": "", "in": "4", "result": "Strikeout", "evo": "", "la": "", "dist": ""}, {"player": "ty france", "game": "sea @ laa", "gameIdx": 0, "hr/park": "", "pa": "25", "dt": "", "img": "https://www.mlbstatic.com/team-logos/136.svg", "team": "sea", "start": "", "in": "4", "result": "Groundout", "evo": "79.7", "la": "-23", "dist": "6"}, {"player": "julio rodriguez", "game": "sea @ laa", "gameIdx": 0, "hr/park": "", "pa": "24", "dt": "", "img": "https://www.mlbstatic.com/team-logos/136.svg", "team": "sea", "start": "", "in": "4", "result": "Strikeout", "evo": "", "la": "", "dist": ""}, {"player": "max stassi", "game": "sea @ laa", "gameIdx": 0, "hr/park": "", "pa": "23", "dt": "", "img": "https://www.mlbstatic.com/team-logos/108.svg", "team": "laa", "start": "", "in": "3", "result": "GIDP", "evo": "85.2", "la": "2", "dist": "58"}, {"player": "taylor ward", "game": "sea @ laa", "gameIdx": 0, "hr/park": "", "pa": "22", "dt": "", "img": "https://www.mlbstatic.com/team-logos/108.svg", "team": "laa", "start": "", "in": "3", "result": "Walk", "evo": "", "la": "", "dist": ""}, {"player": "luis rengifo", "game": "sea @ laa", "gameIdx": 0, "hr/park": "", "pa": "21", "dt": "", "img": "https://www.mlbstatic.com/team-logos/108.svg", "team": "laa", "start": "", "in": "3", "result": "Single", "evo": "109.2", "la": "7", "dist": "128"}, {"player": "shohei ohtani", "game": "sea @ laa", "gameIdx": 0, "hr/park": "", "pa": "20", "dt": "", "img": "https://www.mlbstatic.com/team-logos/108.svg", "team": "laa", "start": "", "in": "3", "result": "Single", "evo": "87.2", "la": "18", "dist": "206"}, {"player": "david fletcher", "game": "sea @ laa", "gameIdx": 0, "hr/park": "", "pa": "19", "dt": "", "img": "https://www.mlbstatic.com/team-logos/108.svg", "team": "laa", "start": "", "in": "3", "result": "Single", "evo": "86.8", "la": "10", "dist": "206"}, {"player": "steven duggar", "game": "sea @ laa", "gameIdx": 0, "hr/park": "", "pa": "18", "dt": "", "img": "https://www.mlbstatic.com/team-logos/108.svg", "team": "laa", "start": "", "in": "3", "result": "Pop Out", "evo": "92.3", "la": "63", "dist": "194"}, {"player": "sam haggerty", "game": "sea @ laa", "gameIdx": 0, "hr/park": "", "pa": "17", "dt": "", "img": "https://www.mlbstatic.com/team-logos/136.svg", "team": "sea", "start": "", "in": "3", "result": "Strikeout", "evo": "", "la": "", "dist": ""}, {"player": "adam frazier", "game": "sea @ laa", "gameIdx": 0, "hr/park": "", "pa": "16", "dt": "", "img": "https://www.mlbstatic.com/team-logos/136.svg", "team": "sea", "start": "", "in": "3", "result": "Groundout", "evo": "78.1", "la": "-15", "dist": "11"}, {"player": "curt casali", "game": "sea @ laa", "gameIdx": 0, "hr/park": "", "pa": "15", "dt": "", "img": "https://www.mlbstatic.com/team-logos/136.svg", "team": "sea", "start": "", "in": "3", "result": "Strikeout", "evo": "", "la": "", "dist": ""}, {"player": "phil gosselin", "game": "sea @ laa", "gameIdx": 0, "hr/park": "", "pa": "14", "dt": "", "img": "https://www.mlbstatic.com/team-logos/108.svg", "team": "laa", "start": "", "in": "2", "result": "Strikeout", "evo": "", "la": "", "dist": ""}, {"player": "magneuris sierra", "game": "sea @ laa", "gameIdx": 0, "hr/park": "", "pa": "13", "dt": "", "img": "https://www.mlbstatic.com/team-logos/108.svg", "team": "laa", "start": "", "in": "2", "result": "Strikeout", "evo": "", "la": "", "dist": ""}, {"player": "jared walsh", "game": "sea @ laa", "gameIdx": 0, "hr/park": "", "pa": "12", "dt": "", "img": "https://www.mlbstatic.com/team-logos/108.svg", "team": "laa", "start": "", "in": "2", "result": "Strikeout", "evo": "", "la": "", "dist": ""}, {"player": "jp crawford", "game": "sea @ laa", "gameIdx": 0, "hr/park": "0/30", "pa": "11", "dt": "", "img": "https://www.mlbstatic.com/team-logos/136.svg", "team": "sea", "start": "", "in": "2", "result": "Flyout", "evo": "88.7", "la": "38", "dist": "312"}, {"player": "eugenio suarez", "game": "sea @ laa", "gameIdx": 0, "hr/park": "", "pa": "10", "dt": "", "img": "https://www.mlbstatic.com/team-logos/136.svg", "team": "sea", "start": "", "in": "2", "result": "Groundout", "evo": "96.0", "la": "-6", "dist": "20"}, {"player": "mitch haniger", "game": "sea @ laa", "gameIdx": 0, "hr/park": "0/30", "pa": "9", "dt": "", "img": "https://www.mlbstatic.com/team-logos/136.svg", "team": "sea", "start": "", "in": "2", "result": "Flyout", "evo": "97.9", "la": "37", "dist": "359"}, {"player": "max stassi", "game": "sea @ laa", "gameIdx": 0, "hr/park": "", "pa": "8", "dt": "", "img": "https://www.mlbstatic.com/team-logos/108.svg", "team": "laa", "start": "", "in": "1", "result": "Strikeout", "evo": "", "la": "", "dist": ""}, {"player": "taylor ward", "game": "sea @ laa", "gameIdx": 0, "hr/park": "", "pa": "7", "dt": "", "img": "https://www.mlbstatic.com/team-logos/108.svg", "team": "laa", "start": "", "in": "1", "result": "Walk", "evo": "", "la": "", "dist": ""}, {"player": "luis rengifo", "game": "sea @ laa", "gameIdx": 0, "hr/park": "25/30", "pa": "6", "dt": "", "img": "https://www.mlbstatic.com/team-logos/108.svg", "team": "laa", "start": "", "in": "1", "result": "Home Run", "evo": "103.7", "la": "25", "dist": "402"}, {"player": "shohei ohtani", "game": "sea @ laa", "gameIdx": 0, "hr/park": "", "pa": "5", "dt": "", "img": "https://www.mlbstatic.com/team-logos/108.svg", "team": "laa", "start": "", "in": "1", "result": "Strikeout", "evo": "", "la": "", "dist": ""}, {"player": "david fletcher", "game": "sea @ laa", "gameIdx": 0, "hr/park": "0/30", "pa": "4", "dt": "", "img": "https://www.mlbstatic.com/team-logos/108.svg", "team": "laa", "start": "", "in": "1", "result": "Flyout", "evo": "88.7", "la": "27", "dist": "314"}, {"player": "jesse winker", "game": "sea @ laa", "gameIdx": 0, "hr/park": "", "pa": "3", "dt": "", "img": "https://www.mlbstatic.com/team-logos/136.svg", "team": "sea", "start": "", "in": "1", "result": "Groundout", "evo": "91.0", "la": "", "dist": "41"}, {"player": "ty france", "game": "sea @ laa", "gameIdx": 0, "hr/park": "0/30", "pa": "2", "dt": "", "img": "https://www.mlbstatic.com/team-logos/136.svg", "team": "sea", "start": "", "in": "1", "result": "Lineout", "evo": "96.2", "la": "17", "dist": "312"}, {"player": "julio rodriguez", "game": "sea @ laa", "gameIdx": 0, "hr/park": "", "pa": "1", "dt": "", "img": "https://www.mlbstatic.com/team-logos/136.svg", "team": "sea", "start": "", "in": "1", "result": "Strikeout", "evo": "", "la": "", "dist": ""}], "ari @ sf": []}