{"all": {"pitchers": "9", "batters": "21", "pitches": "261", "max velomax pitch velocity": "97.8", "min velomin pitch velocity": "75.7", "ff%fourseam fastball %": "18.8", "si%sinker %": "9.2", "fc%cutter %": "16.5", "fs%splitter %": "1.9", "ch%changeup %": "16.9", "sl%slider %": "11.9", "cu%curve %": "24.9", "max evmax exit velocity": "108.4", "hhhard hit": "15", "hh%hard hit %": "30.6", "brlbarrels": "4", "brl%barrel %": "8.2", "ab": "66", "avg": ".212", "h": "14", "1b": "8", "2b": "3", "3b": "0", "hr": "3", "so": "16", "bipballs in play": "49", "liveGames": 0, "totGames": 15}, "bos @ det": [], "cle @ cin": [], "sea @ chw": [], "chc @ pit": [{"player": "kevin newman", "game": "chc @ pit", "gameIdx": 0, "hr/park": "9/30", "pa": "68", "dt": "", "img": "https://www.mlbstatic.com/team-logos/134.svg", "team": "pit", "start": "", "in": "9", "result": "Flyout", "evo": "93.3", "la": "34", "dist": "347"}, {"player": "diego a castillo", "game": "chc @ pit", "gameIdx": 0, "hr/park": "0/30", "pa": "67", "dt": "", "img": "https://www.mlbstatic.com/team-logos/134.svg", "team": "pit", "start": "", "in": "9", "result": "Flyout", "evo": "87.7", "la": "32", "dist": "326"}, {"player": "yoshi tsutsugo", "game": "chc @ pit", "gameIdx": 0, "hr/park": "", "pa": "66", "dt": "", "img": "https://www.mlbstatic.com/team-logos/134.svg", "team": "pit", "start": "", "in": "9", "result": "Groundout", "evo": "62.3", "la": "-20", "dist": "5"}, {"player": "rafael ortega", "game": "chc @ pit", "gameIdx": 0, "hr/park": "0/30", "pa": "65", "dt": "", "img": "https://www.mlbstatic.com/team-logos/112.svg", "team": "chc", "start": "", "in": "9", "result": "Lineout", "evo": "93.2", "la": "21", "dist": "321"}, {"player": "nick madrigal", "game": "chc @ pit", "gameIdx": 0, "hr/park": "0/30", "pa": "64", "dt": "", "img": "https://www.mlbstatic.com/team-logos/112.svg", "team": "chc", "start": "", "in": "9", "result": "Lineout", "evo": "99.2", "la": "19", "dist": "332"}, {"player": "seiya suzuki", "game": "chc @ pit", "gameIdx": 0, "hr/park": "", "pa": "63", "dt": "", "img": "https://www.mlbstatic.com/team-logos/112.svg", "team": "chc", "start": "", "in": "9", "result": "Strikeout", "evo": "", "la": "", "dist": ""}, {"player": "daniel vogelbach", "game": "chc @ pit", "gameIdx": 0, "hr/park": "", "pa": "62", "dt": "", "img": "https://www.mlbstatic.com/team-logos/134.svg", "team": "pit", "start": "", "in": "8", "result": "Strikeout", "evo": "", "la": "", "dist": ""}, {"player": "bryan reynolds", "game": "chc @ pit", "gameIdx": 0, "hr/park": "17/30", "pa": "61", "dt": "", "img": "https://www.mlbstatic.com/team-logos/134.svg", "team": "pit", "start": "", "in": "8", "result": "Home Run", "evo": "107.3", "la": "26", "dist": "404"}, {"player": "kebryan hayes", "game": "chc @ pit", "gameIdx": 0, "hr/park": "", "pa": "60", "dt": "", "img": "https://www.mlbstatic.com/team-logos/134.svg", "team": "pit", "start": "", "in": "8", "result": "Strikeout", "evo": "", "la": "", "dist": ""}, {"player": "cole tucker", "game": "chc @ pit", "gameIdx": 0, "hr/park": "", "pa": "59", "dt": "", "img": "https://www.mlbstatic.com/team-logos/134.svg", "team": "pit", "start": "", "in": "8", "result": "Strikeout", "evo": "", "la": "", "dist": ""}, {"player": "frank schwindel", "game": "chc @ pit", "gameIdx": 0, "hr/park": "", "pa": "58", "dt": "", "img": "https://www.mlbstatic.com/team-logos/112.svg", "team": "chc", "start": "", "in": "8", "result": "Strikeout", "evo": "", "la": "", "dist": ""}, {"player": "patrick wisdom", "game": "chc @ pit", "gameIdx": 0, "hr/park": "", "pa": "57", "dt": "", "img": "https://www.mlbstatic.com/team-logos/112.svg", "team": "chc", "start": "", "in": "8", "result": "Strikeout", "evo": "", "la": "", "dist": ""}, {"player": "willson contreras", "game": "chc @ pit", "gameIdx": 0, "hr/park": "", "pa": "56", "dt": "", "img": "https://www.mlbstatic.com/team-logos/112.svg", "team": "chc", "start": "", "in": "8", "result": "Single", "evo": "103.1", "la": "-14", "dist": "11"}, {"player": "clint frazier", "game": "chc @ pit", "gameIdx": 0, "hr/park": "", "pa": "55", "dt": "", "img": "https://www.mlbstatic.com/team-logos/112.svg", "team": "chc", "start": "", "in": "8", "result": "Pop Out", "evo": "69.9", "la": "59", "dist": "159"}, {"player": "roberto perez", "game": "chc @ pit", "gameIdx": 0, "hr/park": "", "pa": "54", "dt": "", "img": "https://www.mlbstatic.com/team-logos/134.svg", "team": "pit", "start": "", "in": "7", "result": "Strikeout", "evo": "", "la": "", "dist": ""}, {"player": "ben gamel", "game": "chc @ pit", "gameIdx": 0, "hr/park": "", "pa": "53", "dt": "", "img": "https://www.mlbstatic.com/team-logos/134.svg", "team": "pit", "start": "", "in": "7", "result": "Groundout", "evo": "103.2", "la": "-12", "dist": "7"}, {"player": "kevin newman", "game": "chc @ pit", "gameIdx": 0, "hr/park": "", "pa": "52", "dt": "", "img": "https://www.mlbstatic.com/team-logos/134.svg", "team": "pit", "start": "", "in": "7", "result": "Pop Out", "evo": "63.0", "la": "64", "dist": "111"}, {"player": "diego a castillo", "game": "chc @ pit", "gameIdx": 0, "hr/park": "", "pa": "51", "dt": "", "img": "https://www.mlbstatic.com/team-logos/134.svg", "team": "pit", "start": "", "in": "7", "result": "Single", "evo": "101.0", "la": "12", "dist": "210"}, {"player": "nico hoerner", "game": "chc @ pit", "gameIdx": 0, "hr/park": "", "pa": "50", "dt": "", "img": "https://www.mlbstatic.com/team-logos/112.svg", "team": "chc", "start": "", "in": "7", "result": "Forceout", "evo": "73.8", "la": "-28", "dist": "6"}, {"player": "ian happ", "game": "chc @ pit", "gameIdx": 0, "hr/park": "", "pa": "49", "dt": "", "img": "https://www.mlbstatic.com/team-logos/112.svg", "team": "chc", "start": "", "in": "7", "result": "Single", "evo": "104.3", "la": "-5", "dist": "22"}, {"player": "michael hermosillo", "game": "chc @ pit", "gameIdx": 0, "hr/park": "", "pa": "48", "dt": "", "img": "https://www.mlbstatic.com/team-logos/112.svg", "team": "chc", "start": "", "in": "7", "result": "Strikeout", "evo": "", "la": "", "dist": ""}, {"player": "nick madrigal", "game": "chc @ pit", "gameIdx": 0, "hr/park": "", "pa": "47", "dt": "", "img": "https://www.mlbstatic.com/team-logos/112.svg", "team": "chc", "start": "", "in": "7", "result": "Groundout", "evo": "51.8", "la": "-53", "dist": "4"}, {"player": "seiya suzuki", "game": "chc @ pit", "gameIdx": 0, "hr/park": "30/30", "pa": "46", "dt": "", "img": "https://www.mlbstatic.com/team-logos/112.svg", "team": "chc", "start": "", "in": "7", "result": "Home Run", "evo": "102.4", "la": "31", "dist": "398"}, {"player": "yoshi tsutsugo", "game": "chc @ pit", "gameIdx": 0, "hr/park": "", "pa": "45", "dt": "", "img": "https://www.mlbstatic.com/team-logos/134.svg", "team": "pit", "start": "", "in": "6", "result": "Strikeout", "evo": "", "la": "", "dist": ""}, {"player": "daniel vogelbach", "game": "chc @ pit", "gameIdx": 0, "hr/park": "", "pa": "44", "dt": "", "img": "https://www.mlbstatic.com/team-logos/134.svg", "team": "pit", "start": "", "in": "6", "result": "Strikeout", "evo": "", "la": "", "dist": ""}, {"player": "bryan reynolds", "game": "chc @ pit", "gameIdx": 0, "hr/park": "", "pa": "43", "dt": "", "img": "https://www.mlbstatic.com/team-logos/134.svg", "team": "pit", "start": "", "in": "6", "result": "Flyout", "evo": "76.3", "la": "29", "dist": "262"}, {"player": "kebryan hayes", "game": "chc @ pit", "gameIdx": 0, "hr/park": "", "pa": "42", "dt": "", "img": "https://www.mlbstatic.com/team-logos/134.svg", "team": "pit", "start": "", "in": "6", "result": "Single", "evo": "81.0", "la": "-39", "dist": "4"}, {"player": "frank schwindel", "game": "chc @ pit", "gameIdx": 0, "hr/park": "", "pa": "41", "dt": "", "img": "https://www.mlbstatic.com/team-logos/112.svg", "team": "chc", "start": "", "in": "6", "result": "Strikeout", "evo": "", "la": "", "dist": ""}, {"player": "patrick wisdom", "game": "chc @ pit", "gameIdx": 0, "hr/park": "", "pa": "40", "dt": "", "img": "https://www.mlbstatic.com/team-logos/112.svg", "team": "chc", "start": "", "in": "6", "result": "Strikeout", "evo": "", "la": "", "dist": ""}, {"player": "willson contreras", "game": "chc @ pit", "gameIdx": 0, "hr/park": "", "pa": "39", "dt": "", "img": "https://www.mlbstatic.com/team-logos/112.svg", "team": "chc", "start": "", "in": "6", "result": "Walk", "evo": "", "la": "", "dist": ""}, {"player": "clint frazier", "game": "chc @ pit", "gameIdx": 0, "hr/park": "", "pa": "38", "dt": "", "img": "https://www.mlbstatic.com/team-logos/112.svg", "team": "chc", "start": "", "in": "6", "result": "Double", "evo": "92.7", "la": "15", "dist": "179"}, {"player": "nico hoerner", "game": "chc @ pit", "gameIdx": 0, "hr/park": "", "pa": "37", "dt": "", "img": "https://www.mlbstatic.com/team-logos/112.svg", "team": "chc", "start": "", "in": "6", "result": "Groundout", "evo": "93.3", "la": "2", "dist": "83"}, {"player": "cole tucker", "game": "chc @ pit", "gameIdx": 0, "hr/park": "", "pa": "36", "dt": "", "img": "https://www.mlbstatic.com/team-logos/134.svg", "team": "pit", "start": "", "in": "5", "result": "Groundout", "evo": "78.8", "la": "-10", "dist": "14"}, {"player": "roberto perez", "game": "chc @ pit", "gameIdx": 0, "hr/park": "", "pa": "35", "dt": "", "img": "https://www.mlbstatic.com/team-logos/134.svg", "team": "pit", "start": "", "in": "5", "result": "Strikeout", "evo": "", "la": "", "dist": ""}, {"player": "jake marisnick", "game": "chc @ pit", "gameIdx": 0, "hr/park": "", "pa": "34", "dt": "", "img": "https://www.mlbstatic.com/team-logos/134.svg", "team": "pit", "start": "", "in": "5", "result": "Double", "evo": "71.9", "la": "25", "dist": "210"}, {"player": "kevin newman", "game": "chc @ pit", "gameIdx": 0, "hr/park": "", "pa": "33", "dt": "", "img": "https://www.mlbstatic.com/team-logos/134.svg", "team": "pit", "start": "", "in": "5", "result": "Pop Out", "evo": "79.9", "la": "71", "dist": "129"}, {"player": "ian happ", "game": "chc @ pit", "gameIdx": 0, "hr/park": "", "pa": "32", "dt": "", "img": "https://www.mlbstatic.com/team-logos/112.svg", "team": "chc", "start": "", "in": "5", "result": "Groundout", "evo": "64.7", "la": "-46", "dist": "4"}, {"player": "michael hermosillo", "game": "chc @ pit", "gameIdx": 0, "hr/park": "0/30", "pa": "31", "dt": "", "img": "https://www.mlbstatic.com/team-logos/112.svg", "team": "chc", "start": "", "in": "5", "result": "Flyout", "evo": "100.2", "la": "25", "dist": "344"}, {"player": "nick madrigal", "game": "chc @ pit", "gameIdx": 0, "hr/park": "", "pa": "30", "dt": "", "img": "https://www.mlbstatic.com/team-logos/112.svg", "team": "chc", "start": "", "in": "5", "result": "Groundout", "evo": "97.5", "la": "-10", "dist": "15"}, {"player": "seiya suzuki", "game": "chc @ pit", "gameIdx": 0, "hr/park": "18/30", "pa": "29", "dt": "", "img": "https://www.mlbstatic.com/team-logos/112.svg", "team": "chc", "start": "", "in": "5", "result": "Home Run", "evo": "102.8", "la": "29", "dist": "397"}, {"player": "diego a castillo", "game": "chc @ pit", "gameIdx": 0, "hr/park": "0/30", "pa": "28", "dt": "", "img": "https://www.mlbstatic.com/team-logos/134.svg", "team": "pit", "start": "", "in": "4", "result": "Flyout", "evo": "92.1", "la": "29", "dist": "334"}, {"player": "yoshi tsutsugo", "game": "chc @ pit", "gameIdx": 0, "hr/park": "", "pa": "27", "dt": "", "img": "https://www.mlbstatic.com/team-logos/134.svg", "team": "pit", "start": "", "in": "4", "result": "Groundout", "evo": "66.6", "la": "-39", "dist": "6"}, {"player": "michael chavis", "game": "chc @ pit", "gameIdx": 0, "hr/park": "", "pa": "26", "dt": "", "img": "https://www.mlbstatic.com/team-logos/134.svg", "team": "pit", "start": "", "in": "4", "result": "Groundout", "evo": "40.0", "la": "-55", "dist": "4"}, {"player": "frank schwindel", "game": "chc @ pit", "gameIdx": 0, "hr/park": "", "pa": "25", "dt": "", "img": "https://www.mlbstatic.com/team-logos/112.svg", "team": "chc", "start": "", "in": "4", "result": "Groundout", "evo": "71.8", "la": "11", "dist": "111"}, {"player": "patrick wisdom", "game": "chc @ pit", "gameIdx": 0, "hr/park": "", "pa": "24", "dt": "", "img": "https://www.mlbstatic.com/team-logos/112.svg", "team": "chc", "start": "", "in": "4", "result": "Strikeout", "evo": "", "la": "", "dist": ""}, {"player": "willson contreras", "game": "chc @ pit", "gameIdx": 0, "hr/park": "", "pa": "23", "dt": "", "img": "https://www.mlbstatic.com/team-logos/112.svg", "team": "chc", "start": "", "in": "4", "result": "Strikeout", "evo": "", "la": "", "dist": ""}, {"player": "bryan reynolds", "game": "chc @ pit", "gameIdx": 0, "hr/park": "", "pa": "22", "dt": "", "img": "https://www.mlbstatic.com/team-logos/134.svg", "team": "pit", "start": "", "in": "3", "result": "Groundout", "evo": "82.9", "la": "4", "dist": "71"}, {"player": "kebryan hayes", "game": "chc @ pit", "gameIdx": 0, "hr/park": "", "pa": "21", "dt": "", "img": "https://www.mlbstatic.com/team-logos/134.svg", "team": "pit", "start": "", "in": "3", "result": "Groundout", "evo": "108.4", "la": "-10", "dist": "15"}, {"player": "cole tucker", "game": "chc @ pit", "gameIdx": 0, "hr/park": "", "pa": "20", "dt": "", "img": "https://www.mlbstatic.com/team-logos/134.svg", "team": "pit", "start": "", "in": "3", "result": "Groundout", "evo": "57.1", "la": "-34", "dist": "6"}, {"player": "roberto perez", "game": "chc @ pit", "gameIdx": 0, "hr/park": "", "pa": "19", "dt": "", "img": "https://www.mlbstatic.com/team-logos/134.svg", "team": "pit", "start": "", "in": "3", "result": "Double", "evo": "77.5", "la": "30", "dist": "251"}, {"player": "clint frazier", "game": "chc @ pit", "gameIdx": 0, "hr/park": "", "pa": "18", "dt": "", "img": "https://www.mlbstatic.com/team-logos/112.svg", "team": "chc", "start": "", "in": "3", "result": "GIDP", "evo": "95.9", "la": "7", "dist": "106"}, {"player": "nico hoerner", "game": "chc @ pit", "gameIdx": 0, "hr/park": "", "pa": "17", "dt": "", "img": "https://www.mlbstatic.com/team-logos/112.svg", "team": "chc", "start": "", "in": "3", "result": "Single", "evo": "71.1", "la": "5", "dist": "70"}, {"player": "ian happ", "game": "chc @ pit", "gameIdx": 0, "hr/park": "", "pa": "16", "dt": "", "img": "https://www.mlbstatic.com/team-logos/112.svg", "team": "chc", "start": "", "in": "3", "result": "Single", "evo": "94.1", "la": "11", "dist": "207"}, {"player": "michael hermosillo", "game": "chc @ pit", "gameIdx": 0, "hr/park": "", "pa": "15", "dt": "", "img": "https://www.mlbstatic.com/team-logos/112.svg", "team": "chc", "start": "", "in": "3", "result": "Strikeout", "evo": "", "la": "", "dist": ""}, {"player": "jake marisnick", "game": "chc @ pit", "gameIdx": 0, "hr/park": "", "pa": "14", "dt": "", "img": "https://www.mlbstatic.com/team-logos/134.svg", "team": "pit", "start": "", "in": "2", "result": "Flyout", "evo": "80.9", "la": "30", "dist": "280"}, {"player": "kevin newman", "game": "chc @ pit", "gameIdx": 0, "hr/park": "", "pa": "13", "dt": "", "img": "https://www.mlbstatic.com/team-logos/134.svg", "team": "pit", "start": "", "in": "2", "result": "Groundout", "evo": "57.6", "la": "-41", "dist": "5"}, {"player": "diego a castillo", "game": "chc @ pit", "gameIdx": 0, "hr/park": "", "pa": "12", "dt": "", "img": "https://www.mlbstatic.com/team-logos/134.svg", "team": "pit", "start": "", "in": "2", "result": "Groundout", "evo": "72.1", "la": "-44", "dist": "4"}, {"player": "nick madrigal", "game": "chc @ pit", "gameIdx": 0, "hr/park": "", "pa": "11", "dt": "", "img": "https://www.mlbstatic.com/team-logos/112.svg", "team": "chc", "start": "", "in": "2", "result": "GIDP", "evo": "106.5", "la": "-15", "dist": "10"}, {"player": "seiya suzuki", "game": "chc @ pit", "gameIdx": 0, "hr/park": "", "pa": "10", "dt": "", "img": "https://www.mlbstatic.com/team-logos/112.svg", "team": "chc", "start": "", "in": "2", "result": "Flyout", "evo": "83.6", "la": "39", "dist": "282"}, {"player": "frank schwindel", "game": "chc @ pit", "gameIdx": 0, "hr/park": "", "pa": "9", "dt": "", "img": "https://www.mlbstatic.com/team-logos/112.svg", "team": "chc", "start": "", "in": "2", "result": "Single", "evo": "68.7", "la": "18", "dist": "130"}, {"player": "yoshi tsutsugo", "game": "chc @ pit", "gameIdx": 0, "hr/park": "", "pa": "8", "dt": "", "img": "https://www.mlbstatic.com/team-logos/134.svg", "team": "pit", "start": "", "in": "1", "result": "Groundout", "evo": "74.1", "la": "-10", "dist": "13"}, {"player": "michael chavis", "game": "chc @ pit", "gameIdx": 0, "hr/park": "", "pa": "7", "dt": "", "img": "https://www.mlbstatic.com/team-logos/134.svg", "team": "pit", "start": "", "in": "1", "result": "Groundout", "evo": "65.2", "la": "-76", "dist": "3"}, {"player": "bryan reynolds", "game": "chc @ pit", "gameIdx": 0, "hr/park": "", "pa": "6", "dt": "", "img": "https://www.mlbstatic.com/team-logos/134.svg", "team": "pit", "start": "", "in": "1", "result": "Single", "evo": "103.5", "la": "16", "dist": "277"}, {"player": "kebryan hayes", "game": "chc @ pit", "gameIdx": 0, "hr/park": "", "pa": "5", "dt": "", "img": "https://www.mlbstatic.com/team-logos/134.svg", "team": "pit", "start": "", "in": "1", "result": "Groundout", "evo": "69.0", "la": "-19", "dist": "9"}, {"player": "frank schwindel", "game": "chc @ pit", "gameIdx": 0, "hr/park": "", "pa": "4", "dt": "", "img": "https://www.mlbstatic.com/team-logos/112.svg", "team": "chc", "start": "", "in": "1", "result": "Pickoff Caught Stealing 2B", "evo": "", "la": "", "dist": ""}, {"player": "patrick wisdom", "game": "chc @ pit", "gameIdx": 0, "hr/park": "", "pa": "3", "dt": "", "img": "https://www.mlbstatic.com/team-logos/112.svg", "team": "chc", "start": "", "in": "1", "result": "Walk", "evo": "", "la": "", "dist": ""}, {"player": "willson contreras", "game": "chc @ pit", "gameIdx": 0, "hr/park": "0/30", "pa": "2", "dt": "", "img": "https://www.mlbstatic.com/team-logos/112.svg", "team": "chc", "start": "", "in": "1", "result": "Lineout", "evo": "102.0", "la": "17", "dist": "332"}, {"player": "clint frazier", "game": "chc @ pit", "gameIdx": 0, "hr/park": "", "pa": "1", "dt": "", "img": "https://www.mlbstatic.com/team-logos/112.svg", "team": "chc", "start": "", "in": "1", "result": "Flyout", "evo": "92.9", "la": "39", "dist": "284"}], "ath @ tb": [], "nym @ phi": [], "tor @ nyy": [], "mil @ bal": [], "mia @ laa": [], "wsh @ atl": [], "lad @ min": [], "kc @ stl": [], "col @ tex": [], "hou @ ari": [], "sd @ sf": []}