{"all": {"pitchers": "33", "batters": "63", "pitches": "1132", "max velomax pitch velocity": "101.3", "min velomin pitch velocity": "71.5", "ff%fourseam fastball %": "35.6", "si%sinker %": "14.2", "fc%cutter %": "3.5", "fs%splitter %": "1.1", "ch%changeup %": "12.0", "sl%slider %": "19.9", "cu%curve %": "13.6", "max evmax exit velocity": "111.3", "hhhard hit": "81", "hh%hard hit %": "43.5", "brlbarrels": "8", "brl%barrel %": "4.3", "ab": "262", "avg": ".233", "h": "61", "1b": "36", "2b": "17", "3b": "2", "hr": "6", "so": "81", "bipballs in play": "186", "liveGames": 0, "totGames": 13}, "kc @ hou": [{"player": "whit merrifield", "game": "kc @ hou", "gameIdx": 0, "hr/park": "", "pa": "77", "dt": "", "img": "https://www.mlbstatic.com/team-logos/118.svg", "team": "kc", "start": "", "in": "9", "result": "Pop Out", "evo": "85.3", "la": "62", "dist": "170"}, {"player": "ryan ohearn", "game": "kc @ hou", "gameIdx": 0, "hr/park": "", "pa": "76", "dt": "", "img": "https://www.mlbstatic.com/team-logos/118.svg", "team": "kc", "start": "", "in": "9", "result": "Strikeout", "evo": "", "la": "", "dist": ""}, {"player": "nicky lopez", "game": "kc @ hou", "gameIdx": 0, "hr/park": "0/30", "pa": "75", "dt": "", "img": "https://www.mlbstatic.com/team-logos/118.svg", "team": "kc", "start": "", "in": "9", "result": "Lineout", "evo": "97.3", "la": "20", "dist": "328"}, {"player": "alex bregman", "game": "kc @ hou", "gameIdx": 0, "hr/park": "", "pa": "74", "dt": "", "img": "https://www.mlbstatic.com/team-logos/117.svg", "team": "hou", "start": "", "in": "8", "result": "Groundout", "evo": "49.3", "la": "-8", "dist": "14"}, {"player": "aledmys diaz", "game": "kc @ hou", "gameIdx": 0, "hr/park": "", "pa": "72", "dt": "", "img": "https://www.mlbstatic.com/team-logos/117.svg", "team": "hou", "start": "", "in": "8", "result": "Double", "evo": "104.7", "la": "10", "dist": "238"}, {"player": "jose altuve", "game": "kc @ hou", "gameIdx": 0, "hr/park": "", "pa": "71", "dt": "", "img": "https://www.mlbstatic.com/team-logos/117.svg", "team": "hou", "start": "", "in": "8", "result": "Sac Fly", "evo": "99.2", "la": "16", "dist": "285"}, {"player": "martin maldonado", "game": "kc @ hou", "gameIdx": 0, "hr/park": "", "pa": "70", "dt": "", "img": "https://www.mlbstatic.com/team-logos/117.svg", "team": "hou", "start": "", "in": "8", "result": "Single", "evo": "106.8", "la": "11", "dist": "213"}, {"player": "chas mccormick", "game": "kc @ hou", "gameIdx": 0, "hr/park": "", "pa": "69", "dt": "", "img": "https://www.mlbstatic.com/team-logos/117.svg", "team": "hou", "start": "", "in": "8", "result": "Walk", "evo": "", "la": "", "dist": ""}, {"player": "mauricio dubon", "game": "kc @ hou", "gameIdx": 0, "hr/park": "", "pa": "68", "dt": "", "img": "https://www.mlbstatic.com/team-logos/117.svg", "team": "hou", "start": "", "in": "8", "result": "Single", "evo": "86.0", "la": "16", "dist": "240"}, {"player": "yuli gurriel", "game": "kc @ hou", "gameIdx": 0, "hr/park": "", "pa": "67", "dt": "", "img": "https://www.mlbstatic.com/team-logos/117.svg", "team": "hou", "start": "", "in": "8", "result": "Strikeout", "evo": "", "la": "", "dist": ""}, {"player": "kyle isbel", "game": "kc @ hou", "gameIdx": 0, "hr/park": "", "pa": "66", "dt": "", "img": "https://www.mlbstatic.com/team-logos/118.svg", "team": "kc", "start": "", "in": "8", "result": "Strikeout", "evo": "", "la": "", "dist": ""}, {"player": "edward olivares", "game": "kc @ hou", "gameIdx": 0, "hr/park": "", "pa": "65", "dt": "", "img": "https://www.mlbstatic.com/team-logos/118.svg", "team": "kc", "start": "", "in": "8", "result": "Strikeout", "evo": "", "la": "", "dist": ""}, {"player": "emmanuel rivera", "game": "kc @ hou", "gameIdx": 0, "hr/park": "", "pa": "64", "dt": "", "img": "https://www.mlbstatic.com/team-logos/118.svg", "team": "kc", "start": "", "in": "8", "result": "Strikeout", "evo": "", "la": "", "dist": ""}, {"player": "jake meyers", "game": "kc @ hou", "gameIdx": 0, "hr/park": "", "pa": "63", "dt": "", "img": "https://www.mlbstatic.com/team-logos/117.svg", "team": "hou", "start": "", "in": "7", "result": "Groundout", "evo": "77.6", "la": "-27", "dist": "5"}, {"player": "alex bregman", "game": "kc @ hou", "gameIdx": 0, "hr/park": "", "pa": "62", "dt": "", "img": "https://www.mlbstatic.com/team-logos/117.svg", "team": "hou", "start": "", "in": "7", "result": "Walk", "evo": "", "la": "", "dist": ""}, {"player": "yordan alvarez", "game": "kc @ hou", "gameIdx": 0, "hr/park": "", "pa": "61", "dt": "", "img": "https://www.mlbstatic.com/team-logos/117.svg", "team": "hou", "start": "", "in": "7", "result": "Strikeout", "evo": "", "la": "", "dist": ""}, {"player": "aledmys diaz", "game": "kc @ hou", "gameIdx": 0, "hr/park": "", "pa": "60", "dt": "", "img": "https://www.mlbstatic.com/team-logos/117.svg", "team": "hou", "start": "", "in": "7", "result": "Forceout", "evo": "71.4", "la": "-71", "dist": "2"}, {"player": "jose altuve", "game": "kc @ hou", "gameIdx": 0, "hr/park": "", "pa": "59", "dt": "", "img": "https://www.mlbstatic.com/team-logos/117.svg", "team": "hou", "start": "", "in": "7", "result": "Walk", "evo": "", "la": "", "dist": ""}, {"player": "martin maldonado", "game": "kc @ hou", "gameIdx": 0, "hr/park": "", "pa": "58", "dt": "", "img": "https://www.mlbstatic.com/team-logos/117.svg", "team": "hou", "start": "", "in": "7", "result": "Single", "evo": "83.1", "la": "-35", "dist": "2"}, {"player": "vinnie pasquantino", "game": "kc @ hou", "gameIdx": 0, "hr/park": "", "pa": "57", "dt": "", "img": "https://www.mlbstatic.com/team-logos/118.svg", "team": "kc", "start": "", "in": "7", "result": "Groundout", "evo": "100.7", "la": "-5", "dist": "21"}, {"player": "mj melendez", "game": "kc @ hou", "gameIdx": 0, "hr/park": "", "pa": "56", "dt": "", "img": "https://www.mlbstatic.com/team-logos/118.svg", "team": "kc", "start": "", "in": "7", "result": "Strikeout", "evo": "", "la": "", "dist": ""}, {"player": "andrew benintendi", "game": "kc @ hou", "gameIdx": 0, "hr/park": "", "pa": "55", "dt": "", "img": "https://www.mlbstatic.com/team-logos/118.svg", "team": "kc", "start": "", "in": "7", "result": "Single", "evo": "89.0", "la": "13", "dist": "208"}, {"player": "whit merrifield", "game": "kc @ hou", "gameIdx": 0, "hr/park": "", "pa": "54", "dt": "", "img": "https://www.mlbstatic.com/team-logos/118.svg", "team": "kc", "start": "", "in": "7", "result": "Flyout", "evo": "84.4", "la": "46", "dist": "273"}, {"player": "chas mccormick", "game": "kc @ hou", "gameIdx": 0, "hr/park": "", "pa": "53", "dt": "", "img": "https://www.mlbstatic.com/team-logos/117.svg", "team": "hou", "start": "", "in": "6", "result": "Strikeout", "evo": "", "la": "", "dist": ""}, {"player": "mauricio dubon", "game": "kc @ hou", "gameIdx": 0, "hr/park": "", "pa": "52", "dt": "", "img": "https://www.mlbstatic.com/team-logos/117.svg", "team": "hou", "start": "", "in": "6", "result": "Pop Out", "evo": "39.9", "la": "86", "dist": "18"}, {"player": "jj matijevic", "game": "kc @ hou", "gameIdx": 0, "hr/park": "", "pa": "51", "dt": "", "img": "https://www.mlbstatic.com/team-logos/117.svg", "team": "hou", "start": "", "in": "6", "result": "Pop Out", "evo": "78.8", "la": "79", "dist": "57"}, {"player": "cam gallagher", "game": "kc @ hou", "gameIdx": 0, "hr/park": "", "pa": "50", "dt": "", "img": "https://www.mlbstatic.com/team-logos/118.svg", "team": "kc", "start": "", "in": "6", "result": "Groundout", "evo": "88.3", "la": "5", "dist": "103"}, {"player": "nicky lopez", "game": "kc @ hou", "gameIdx": 0, "hr/park": "", "pa": "49", "dt": "", "img": "https://www.mlbstatic.com/team-logos/118.svg", "team": "kc", "start": "", "in": "6", "result": "Groundout", "evo": "50.3", "la": "-70", "dist": "2"}, {"player": "kyle isbel", "game": "kc @ hou", "gameIdx": 0, "hr/park": "", "pa": "48", "dt": "", "img": "https://www.mlbstatic.com/team-logos/118.svg", "team": "kc", "start": "", "in": "6", "result": "Walk", "evo": "", "la": "", "dist": ""}, {"player": "edward olivares", "game": "kc @ hou", "gameIdx": 0, "hr/park": "", "pa": "47", "dt": "", "img": "https://www.mlbstatic.com/team-logos/118.svg", "team": "kc", "start": "", "in": "6", "result": "Pop Out", "evo": "85.2", "la": "71", "dist": "110"}, {"player": "emmanuel rivera", "game": "kc @ hou", "gameIdx": 0, "hr/park": "", "pa": "46", "dt": "", "img": "https://www.mlbstatic.com/team-logos/118.svg", "team": "kc", "start": "", "in": "6", "result": "Single", "evo": "79.2", "la": "20", "dist": "227"}, {"player": "jake meyers", "game": "kc @ hou", "gameIdx": 0, "hr/park": "", "pa": "45", "dt": "", "img": "https://www.mlbstatic.com/team-logos/117.svg", "team": "hou", "start": "", "in": "5", "result": "Forceout", "evo": "83.2", "la": "", "dist": "36"}, {"player": "alex bregman", "game": "kc @ hou", "gameIdx": 0, "hr/park": "", "pa": "44", "dt": "", "img": "https://www.mlbstatic.com/team-logos/117.svg", "team": "hou", "start": "", "in": "5", "result": "Walk", "evo": "", "la": "", "dist": ""}, {"player": "yordan alvarez", "game": "kc @ hou", "gameIdx": 0, "hr/park": "1/30", "pa": "43", "dt": "", "img": "https://www.mlbstatic.com/team-logos/117.svg", "team": "hou", "start": "", "in": "5", "result": "Home Run", "evo": "103.5", "la": "22", "dist": "355"}, {"player": "aledmys diaz", "game": "kc @ hou", "gameIdx": 0, "hr/park": "", "pa": "42", "dt": "", "img": "https://www.mlbstatic.com/team-logos/117.svg", "team": "hou", "start": "", "in": "5", "result": "Groundout", "evo": "93.0", "la": "-24", "dist": "5"}, {"player": "jose altuve", "game": "kc @ hou", "gameIdx": 0, "hr/park": "27/30", "pa": "41", "dt": "", "img": "https://www.mlbstatic.com/team-logos/117.svg", "team": "hou", "start": "", "in": "5", "result": "Home Run", "evo": "105.3", "la": "42", "dist": "371"}, {"player": "martin maldonado", "game": "kc @ hou", "gameIdx": 0, "hr/park": "", "pa": "40", "dt": "", "img": "https://www.mlbstatic.com/team-logos/117.svg", "team": "hou", "start": "", "in": "5", "result": "Double", "evo": "99.9", "la": "11", "dist": "181"}, {"player": "chas mccormick", "game": "kc @ hou", "gameIdx": 0, "hr/park": "", "pa": "39", "dt": "", "img": "https://www.mlbstatic.com/team-logos/117.svg", "team": "hou", "start": "", "in": "5", "result": "Groundout", "evo": "98.1", "la": "-4", "dist": "19"}, {"player": "vinnie pasquantino", "game": "kc @ hou", "gameIdx": 0, "hr/park": "", "pa": "38", "dt": "", "img": "https://www.mlbstatic.com/team-logos/118.svg", "team": "kc", "start": "", "in": "5", "result": "Strikeout", "evo": "", "la": "", "dist": ""}, {"player": "mj melendez", "game": "kc @ hou", "gameIdx": 0, "hr/park": "", "pa": "37", "dt": "", "img": "https://www.mlbstatic.com/team-logos/118.svg", "team": "kc", "start": "", "in": "5", "result": "Groundout", "evo": "102.9", "la": "-5", "dist": "24"}, {"player": "andrew benintendi", "game": "kc @ hou", "gameIdx": 0, "hr/park": "", "pa": "36", "dt": "", "img": "https://www.mlbstatic.com/team-logos/118.svg", "team": "kc", "start": "", "in": "5", "result": "Strikeout", "evo": "", "la": "", "dist": ""}, {"player": "mauricio dubon", "game": "kc @ hou", "gameIdx": 0, "hr/park": "", "pa": "35", "dt": "", "img": "https://www.mlbstatic.com/team-logos/117.svg", "team": "hou", "start": "", "in": "4", "result": "Strikeout", "evo": "", "la": "", "dist": ""}, {"player": "jj matijevic", "game": "kc @ hou", "gameIdx": 0, "hr/park": "", "pa": "34", "dt": "", "img": "https://www.mlbstatic.com/team-logos/117.svg", "team": "hou", "start": "", "in": "4", "result": "Walk", "evo": "", "la": "", "dist": ""}, {"player": "jake meyers", "game": "kc @ hou", "gameIdx": 0, "hr/park": "", "pa": "33", "dt": "", "img": "https://www.mlbstatic.com/team-logos/117.svg", "team": "hou", "start": "", "in": "4", "result": "Walk", "evo": "", "la": "", "dist": ""}, {"player": "alex bregman", "game": "kc @ hou", "gameIdx": 0, "hr/park": "", "pa": "32", "dt": "", "img": "https://www.mlbstatic.com/team-logos/117.svg", "team": "hou", "start": "", "in": "4", "result": "Strikeout", "evo": "", "la": "", "dist": ""}, {"player": "yordan alvarez", "game": "kc @ hou", "gameIdx": 0, "hr/park": "", "pa": "31", "dt": "", "img": "https://www.mlbstatic.com/team-logos/117.svg", "team": "hou", "start": "", "in": "4", "result": "Strikeout", "evo": "", "la": "", "dist": ""}, {"player": "whit merrifield", "game": "kc @ hou", "gameIdx": 0, "hr/park": "", "pa": "30", "dt": "", "img": "https://www.mlbstatic.com/team-logos/118.svg", "team": "kc", "start": "", "in": "4", "result": "Strikeout", "evo": "", "la": "", "dist": ""}, {"player": "cam gallagher", "game": "kc @ hou", "gameIdx": 0, "hr/park": "", "pa": "29", "dt": "", "img": "https://www.mlbstatic.com/team-logos/118.svg", "team": "kc", "start": "", "in": "4", "result": "Strikeout", "evo": "", "la": "", "dist": ""}, {"player": "nicky lopez", "game": "kc @ hou", "gameIdx": 0, "hr/park": "", "pa": "28", "dt": "", "img": "https://www.mlbstatic.com/team-logos/118.svg", "team": "kc", "start": "", "in": "4", "result": "Single", "evo": "94.4", "la": "7", "dist": "119"}, {"player": "kyle isbel", "game": "kc @ hou", "gameIdx": 0, "hr/park": "0/30", "pa": "27", "dt": "", "img": "https://www.mlbstatic.com/team-logos/118.svg", "team": "kc", "start": "", "in": "4", "result": "Sac Fly", "evo": "86.2", "la": "32", "dist": "316"}, {"player": "edward olivares", "game": "kc @ hou", "gameIdx": 0, "hr/park": "", "pa": "26", "dt": "", "img": "https://www.mlbstatic.com/team-logos/118.svg", "team": "kc", "start": "", "in": "4", "result": "Single", "evo": "102.9", "la": "11", "dist": "213"}, {"player": "aledmys diaz", "game": "kc @ hou", "gameIdx": 0, "hr/park": "", "pa": "25", "dt": "", "img": "https://www.mlbstatic.com/team-logos/117.svg", "team": "hou", "start": "", "in": "3", "result": "Strikeout", "evo": "", "la": "", "dist": ""}, {"player": "jose altuve", "game": "kc @ hou", "gameIdx": 0, "hr/park": "", "pa": "24", "dt": "", "img": "https://www.mlbstatic.com/team-logos/117.svg", "team": "hou", "start": "", "in": "3", "result": "Walk", "evo": "", "la": "", "dist": ""}, {"player": "martin maldonado", "game": "kc @ hou", "gameIdx": 0, "hr/park": "", "pa": "23", "dt": "", "img": "https://www.mlbstatic.com/team-logos/117.svg", "team": "hou", "start": "", "in": "3", "result": "Walk", "evo": "", "la": "", "dist": ""}, {"player": "chas mccormick", "game": "kc @ hou", "gameIdx": 0, "hr/park": "", "pa": "22", "dt": "", "img": "https://www.mlbstatic.com/team-logos/117.svg", "team": "hou", "start": "", "in": "3", "result": "GIDP", "evo": "94.3", "la": "7", "dist": "107"}, {"player": "mauricio dubon", "game": "kc @ hou", "gameIdx": 0, "hr/park": "", "pa": "21", "dt": "", "img": "https://www.mlbstatic.com/team-logos/117.svg", "team": "hou", "start": "", "in": "3", "result": "Walk", "evo": "", "la": "", "dist": ""}, {"player": "emmanuel rivera", "game": "kc @ hou", "gameIdx": 0, "hr/park": "", "pa": "20", "dt": "", "img": "https://www.mlbstatic.com/team-logos/118.svg", "team": "kc", "start": "", "in": "3", "result": "Lineout", "evo": "103.3", "la": "10", "dist": "187"}, {"player": "vinnie pasquantino", "game": "kc @ hou", "gameIdx": 0, "hr/park": "0/30", "pa": "19", "dt": "", "img": "https://www.mlbstatic.com/team-logos/118.svg", "team": "kc", "start": "", "in": "3", "result": "Flyout", "evo": "99.4", "la": "31", "dist": "373"}, {"player": "mj melendez", "game": "kc @ hou", "gameIdx": 0, "hr/park": "", "pa": "18", "dt": "", "img": "https://www.mlbstatic.com/team-logos/118.svg", "team": "kc", "start": "", "in": "3", "result": "Walk", "evo": "", "la": "", "dist": ""}, {"player": "andrew benintendi", "game": "kc @ hou", "gameIdx": 0, "hr/park": "", "pa": "17", "dt": "", "img": "https://www.mlbstatic.com/team-logos/118.svg", "team": "kc", "start": "", "in": "3", "result": "Forceout", "evo": "84.1", "la": "-33", "dist": "4"}, {"player": "whit merrifield", "game": "kc @ hou", "gameIdx": 0, "hr/park": "", "pa": "16", "dt": "", "img": "https://www.mlbstatic.com/team-logos/118.svg", "team": "kc", "start": "", "in": "3", "result": "Field Error", "evo": "86.2", "la": "-24", "dist": "7"}, {"player": "jj matijevic", "game": "kc @ hou", "gameIdx": 0, "hr/park": "", "pa": "15", "dt": "", "img": "https://www.mlbstatic.com/team-logos/117.svg", "team": "hou", "start": "", "in": "2", "result": "GIDP", "evo": "103.9", "la": "4", "dist": "98"}, {"player": "jake meyers", "game": "kc @ hou", "gameIdx": 0, "hr/park": "", "pa": "14", "dt": "", "img": "https://www.mlbstatic.com/team-logos/117.svg", "team": "hou", "start": "", "in": "2", "result": "Single", "evo": "99.2", "la": "11", "dist": "183"}, {"player": "alex bregman", "game": "kc @ hou", "gameIdx": 0, "hr/park": "", "pa": "13", "dt": "", "img": "https://www.mlbstatic.com/team-logos/117.svg", "team": "hou", "start": "", "in": "2", "result": "Strikeout", "evo": "", "la": "", "dist": ""}, {"player": "cam gallagher", "game": "kc @ hou", "gameIdx": 0, "hr/park": "", "pa": "12", "dt": "", "img": "https://www.mlbstatic.com/team-logos/118.svg", "team": "kc", "start": "", "in": "2", "result": "Lineout", "evo": "77.6", "la": "27", "dist": "271"}, {"player": "nicky lopez", "game": "kc @ hou", "gameIdx": 0, "hr/park": "", "pa": "11", "dt": "", "img": "https://www.mlbstatic.com/team-logos/118.svg", "team": "kc", "start": "", "in": "2", "result": "Single", "evo": "87.7", "la": "8", "dist": "138"}, {"player": "kyle isbel", "game": "kc @ hou", "gameIdx": 0, "hr/park": "", "pa": "10", "dt": "", "img": "https://www.mlbstatic.com/team-logos/118.svg", "team": "kc", "start": "", "in": "2", "result": "Strikeout", "evo": "", "la": "", "dist": ""}, {"player": "edward olivares", "game": "kc @ hou", "gameIdx": 0, "hr/park": "", "pa": "9", "dt": "", "img": "https://www.mlbstatic.com/team-logos/118.svg", "team": "kc", "start": "", "in": "2", "result": "Single", "evo": "82.1", "la": "20", "dist": "249"}, {"player": "emmanuel rivera", "game": "kc @ hou", "gameIdx": 0, "hr/park": "", "pa": "8", "dt": "", "img": "https://www.mlbstatic.com/team-logos/118.svg", "team": "kc", "start": "", "in": "2", "result": "Single", "evo": "94.2", "la": "10", "dist": "173"}, {"player": "yordan alvarez", "game": "kc @ hou", "gameIdx": 0, "hr/park": "", "pa": "7", "dt": "", "img": "https://www.mlbstatic.com/team-logos/117.svg", "team": "hou", "start": "", "in": "1", "result": "Groundout", "evo": "106.2", "la": "-14", "dist": "12"}, {"player": "aledmys diaz", "game": "kc @ hou", "gameIdx": 0, "hr/park": "0/30", "pa": "6", "dt": "", "img": "https://www.mlbstatic.com/team-logos/117.svg", "team": "hou", "start": "", "in": "1", "result": "Lineout", "evo": "107.7", "la": "14", "dist": "363"}, {"player": "jose altuve", "game": "kc @ hou", "gameIdx": 0, "hr/park": "", "pa": "5", "dt": "", "img": "https://www.mlbstatic.com/team-logos/117.svg", "team": "hou", "start": "", "in": "1", "result": "Groundout", "evo": "94.4", "la": "3", "dist": "62"}, {"player": "vinnie pasquantino", "game": "kc @ hou", "gameIdx": 0, "hr/park": "", "pa": "4", "dt": "", "img": "https://www.mlbstatic.com/team-logos/118.svg", "team": "kc", "start": "", "in": "1", "result": "Strikeout", "evo": "", "la": "", "dist": ""}, {"player": "mj melendez", "game": "kc @ hou", "gameIdx": 0, "hr/park": "", "pa": "3", "dt": "", "img": "https://www.mlbstatic.com/team-logos/118.svg", "team": "kc", "start": "", "in": "1", "result": "Strikeout", "evo": "", "la": "", "dist": ""}, {"player": "andrew benintendi", "game": "kc @ hou", "gameIdx": 0, "hr/park": "", "pa": "2", "dt": "", "img": "https://www.mlbstatic.com/team-logos/118.svg", "team": "kc", "start": "", "in": "1", "result": "Single", "evo": "99.8", "la": "1", "dist": "61"}, {"player": "whit merrifield", "game": "kc @ hou", "gameIdx": 0, "hr/park": "", "pa": "1", "dt": "", "img": "https://www.mlbstatic.com/team-logos/118.svg", "team": "kc", "start": "", "in": "1", "result": "Strikeout", "evo": "", "la": "", "dist": ""}], "pit @ cin": [{"player": "jason delay", "game": "pit @ cin", "gameIdx": 0, "hr/park": "", "pa": "68", "dt": "", "img": "https://www.mlbstatic.com/team-logos/134.svg", "team": "pit", "start": "", "in": "9", "result": "Groundout", "evo": "82.5", "la": "5", "dist": "96"}, {"player": "oneil cruz", "game": "pit @ cin", "gameIdx": 0, "hr/park": "", "pa": "67", "dt": "", "img": "https://www.mlbstatic.com/team-logos/134.svg", "team": "pit", "start": "", "in": "9", "result": "Strikeout", "evo": "", "la": "", "dist": ""}, {"player": "jack suwinski", "game": "pit @ cin", "gameIdx": 0, "hr/park": "", "pa": "66", "dt": "", "img": "https://www.mlbstatic.com/team-logos/134.svg", "team": "pit", "start": "", "in": "9", "result": "Strikeout", "evo": "", "la": "", "dist": ""}, {"player": "donovan solano", "game": "pit @ cin", "gameIdx": 0, "hr/park": "", "pa": "65", "dt": "", "img": "https://www.mlbstatic.com/team-logos/113.svg", "team": "cin", "start": "", "in": "8", "result": "GIDP", "evo": "100.6", "la": "", "dist": "53"}, {"player": "mike moustakas", "game": "pit @ cin", "gameIdx": 0, "hr/park": "", "pa": "64", "dt": "", "img": "https://www.mlbstatic.com/team-logos/113.svg", "team": "cin", "start": "", "in": "8", "result": "Strikeout", "evo": "", "la": "", "dist": ""}, {"player": "kyle farmer", "game": "pit @ cin", "gameIdx": 0, "hr/park": "", "pa": "63", "dt": "", "img": "https://www.mlbstatic.com/team-logos/113.svg", "team": "cin", "start": "", "in": "8", "result": "Hit By Pitch", "evo": "", "la": "", "dist": ""}, {"player": "michael chavis", "game": "pit @ cin", "gameIdx": 0, "hr/park": "", "pa": "62", "dt": "", "img": "https://www.mlbstatic.com/team-logos/134.svg", "team": "pit", "start": "", "in": "8", "result": "Groundout", "evo": "101.9", "la": "-23", "dist": "5"}, {"player": "daniel vogelbach", "game": "pit @ cin", "gameIdx": 0, "hr/park": "", "pa": "61", "dt": "", "img": "https://www.mlbstatic.com/team-logos/134.svg", "team": "pit", "start": "", "in": "8", "result": "Groundout", "evo": "65.3", "la": "-12", "dist": "12"}, {"player": "bryan reynolds", "game": "pit @ cin", "gameIdx": 0, "hr/park": "", "pa": "60", "dt": "", "img": "https://www.mlbstatic.com/team-logos/134.svg", "team": "pit", "start": "", "in": "8", "result": "Groundout", "evo": "74.9", "la": "-30", "dist": "4"}, {"player": "tyler naquin", "game": "pit @ cin", "gameIdx": 0, "hr/park": "", "pa": "59", "dt": "", "img": "https://www.mlbstatic.com/team-logos/113.svg", "team": "cin", "start": "", "in": "7", "result": "Lineout", "evo": "82.8", "la": "23", "dist": "282"}, {"player": "tommy pham", "game": "pit @ cin", "gameIdx": 0, "hr/park": "", "pa": "58", "dt": "", "img": "https://www.mlbstatic.com/team-logos/113.svg", "team": "cin", "start": "", "in": "7", "result": "Single", "evo": "106.5", "la": "11", "dist": "244"}, {"player": "brandon drury", "game": "pit @ cin", "gameIdx": 0, "hr/park": "", "pa": "57", "dt": "", "img": "https://www.mlbstatic.com/team-logos/113.svg", "team": "cin", "start": "", "in": "7", "result": "Triple", "evo": "95.5", "la": "13", "dist": "268"}, {"player": "jonathan india", "game": "pit @ cin", "gameIdx": 0, "hr/park": "", "pa": "56", "dt": "", "img": "https://www.mlbstatic.com/team-logos/113.svg", "team": "cin", "start": "", "in": "7", "result": "Single", "evo": "111.3", "la": "", "dist": "49"}, {"player": "michael papierski", "game": "pit @ cin", "gameIdx": 0, "hr/park": "", "pa": "55", "dt": "", "img": "https://www.mlbstatic.com/team-logos/113.svg", "team": "cin", "start": "", "in": "7", "result": "Single", "evo": "71.5", "la": "35", "dist": "239"}, {"player": "nick senzel", "game": "pit @ cin", "gameIdx": 0, "hr/park": "", "pa": "54", "dt": "", "img": "https://www.mlbstatic.com/team-logos/113.svg", "team": "cin", "start": "", "in": "7", "result": "Field Error", "evo": "90.0", "la": "-29", "dist": "3"}, {"player": "donovan solano", "game": "pit @ cin", "gameIdx": 0, "hr/park": "", "pa": "53", "dt": "", "img": "https://www.mlbstatic.com/team-logos/113.svg", "team": "cin", "start": "", "in": "7", "result": "Groundout", "evo": "95.0", "la": "5", "dist": "95"}, {"player": "mike moustakas", "game": "pit @ cin", "gameIdx": 0, "hr/park": "0/30", "pa": "52", "dt": "", "img": "https://www.mlbstatic.com/team-logos/113.svg", "team": "cin", "start": "", "in": "7", "result": "Lineout", "evo": "95.4", "la": "20", "dist": "325"}, {"player": "ben gamel", "game": "pit @ cin", "gameIdx": 0, "hr/park": "", "pa": "51", "dt": "", "img": "https://www.mlbstatic.com/team-logos/134.svg", "team": "pit", "start": "", "in": "7", "result": "Strikeout", "evo": "", "la": "", "dist": ""}, {"player": "kebryan hayes", "game": "pit @ cin", "gameIdx": 0, "hr/park": "", "pa": "50", "dt": "", "img": "https://www.mlbstatic.com/team-logos/134.svg", "team": "pit", "start": "", "in": "7", "result": "Forceout", "evo": "81.1", "la": "-7", "dist": "11"}, {"player": "josh vanmeter", "game": "pit @ cin", "gameIdx": 0, "hr/park": "", "pa": "49", "dt": "", "img": "https://www.mlbstatic.com/team-logos/134.svg", "team": "pit", "start": "", "in": "7", "result": "Walk", "evo": "", "la": "", "dist": ""}, {"player": "diego a castillo", "game": "pit @ cin", "gameIdx": 0, "hr/park": "", "pa": "48", "dt": "", "img": "https://www.mlbstatic.com/team-logos/134.svg", "team": "pit", "start": "", "in": "7", "result": "Strikeout", "evo": "", "la": "", "dist": ""}, {"player": "oneil cruz", "game": "pit @ cin", "gameIdx": 0, "hr/park": "", "pa": "47", "dt": "", "img": "https://www.mlbstatic.com/team-logos/134.svg", "team": "pit", "start": "", "in": "7", "result": "Single", "evo": "89.2", "la": "3", "dist": "75"}, {"player": "kyle farmer", "game": "pit @ cin", "gameIdx": 0, "hr/park": "", "pa": "46", "dt": "", "img": "https://www.mlbstatic.com/team-logos/113.svg", "team": "cin", "start": "", "in": "6", "result": "Strikeout", "evo": "", "la": "", "dist": ""}, {"player": "tyler naquin", "game": "pit @ cin", "gameIdx": 0, "hr/park": "30/30", "pa": "45", "dt": "", "img": "https://www.mlbstatic.com/team-logos/113.svg", "team": "cin", "start": "", "in": "6", "result": "Home Run", "evo": "106.5", "la": "24", "dist": "422"}, {"player": "tommy pham", "game": "pit @ cin", "gameIdx": 0, "hr/park": "", "pa": "44", "dt": "", "img": "https://www.mlbstatic.com/team-logos/113.svg", "team": "cin", "start": "", "in": "6", "result": "Groundout", "evo": "94.3", "la": "-37", "dist": "3"}, {"player": "brandon drury", "game": "pit @ cin", "gameIdx": 0, "hr/park": "", "pa": "43", "dt": "", "img": "https://www.mlbstatic.com/team-logos/113.svg", "team": "cin", "start": "", "in": "6", "result": "Strikeout", "evo": "", "la": "", "dist": ""}, {"player": "jack suwinski", "game": "pit @ cin", "gameIdx": 0, "hr/park": "", "pa": "42", "dt": "", "img": "https://www.mlbstatic.com/team-logos/134.svg", "team": "pit", "start": "", "in": "6", "result": "Pop Out", "evo": "93.4", "la": "69", "dist": "121"}, {"player": "michael chavis", "game": "pit @ cin", "gameIdx": 0, "hr/park": "", "pa": "41", "dt": "", "img": "https://www.mlbstatic.com/team-logos/134.svg", "team": "pit", "start": "", "in": "6", "result": "Strikeout", "evo": "", "la": "", "dist": ""}, {"player": "daniel vogelbach", "game": "pit @ cin", "gameIdx": 0, "hr/park": "0/30", "pa": "40", "dt": "", "img": "https://www.mlbstatic.com/team-logos/134.svg", "team": "pit", "start": "", "in": "6", "result": "Double", "evo": "96.8", "la": "20", "dist": "305"}, {"player": "bryan reynolds", "game": "pit @ cin", "gameIdx": 0, "hr/park": "", "pa": "39", "dt": "", "img": "https://www.mlbstatic.com/team-logos/134.svg", "team": "pit", "start": "", "in": "6", "result": "Groundout", "evo": "74.2", "la": "-2", "dist": "29"}, {"player": "jonathan india", "game": "pit @ cin", "gameIdx": 0, "hr/park": "", "pa": "38", "dt": "", "img": "https://www.mlbstatic.com/team-logos/113.svg", "team": "cin", "start": "", "in": "5", "result": "Flyout", "evo": "71.3", "la": "37", "dist": "256"}, {"player": "michael papierski", "game": "pit @ cin", "gameIdx": 0, "hr/park": "", "pa": "37", "dt": "", "img": "https://www.mlbstatic.com/team-logos/113.svg", "team": "cin", "start": "", "in": "5", "result": "Groundout", "evo": "92.5", "la": "-3", "dist": "31"}, {"player": "nick senzel", "game": "pit @ cin", "gameIdx": 0, "hr/park": "", "pa": "36", "dt": "", "img": "https://www.mlbstatic.com/team-logos/113.svg", "team": "cin", "start": "", "in": "5", "result": "Flyout", "evo": "83.7", "la": "48", "dist": "247"}, {"player": "ben gamel", "game": "pit @ cin", "gameIdx": 0, "hr/park": "", "pa": "35", "dt": "", "img": "https://www.mlbstatic.com/team-logos/134.svg", "team": "pit", "start": "", "in": "5", "result": "Groundout", "evo": "95.7", "la": "-1", "dist": "44"}, {"player": "michael perez", "game": "pit @ cin", "gameIdx": 0, "hr/park": "", "pa": "34", "dt": "", "img": "https://www.mlbstatic.com/team-logos/134.svg", "team": "pit", "start": "", "in": "5", "result": "Pop Out", "evo": "79.7", "la": "76", "dist": "45"}, {"player": "josh vanmeter", "game": "pit @ cin", "gameIdx": 0, "hr/park": "", "pa": "33", "dt": "", "img": "https://www.mlbstatic.com/team-logos/134.svg", "team": "pit", "start": "", "in": "5", "result": "Lineout", "evo": "99.6", "la": "15", "dist": "292"}, {"player": "donovan solano", "game": "pit @ cin", "gameIdx": 0, "hr/park": "", "pa": "32", "dt": "", "img": "https://www.mlbstatic.com/team-logos/113.svg", "team": "cin", "start": "", "in": "4", "result": "Flyout", "evo": "87.9", "la": "54", "dist": "223"}, {"player": "mike moustakas", "game": "pit @ cin", "gameIdx": 0, "hr/park": "", "pa": "31", "dt": "", "img": "https://www.mlbstatic.com/team-logos/113.svg", "team": "cin", "start": "", "in": "4", "result": "Groundout", "evo": "105.1", "la": "-10", "dist": "13"}, {"player": "kyle farmer", "game": "pit @ cin", "gameIdx": 0, "hr/park": "0/30", "pa": "30", "dt": "", "img": "https://www.mlbstatic.com/team-logos/113.svg", "team": "cin", "start": "", "in": "4", "result": "Flyout", "evo": "94.7", "la": "34", "dist": "347"}, {"player": "tyler naquin", "game": "pit @ cin", "gameIdx": 0, "hr/park": "", "pa": "29", "dt": "", "img": "https://www.mlbstatic.com/team-logos/113.svg", "team": "cin", "start": "", "in": "4", "result": "Single", "evo": "101.5", "la": "-16", "dist": "6"}, {"player": "diego a castillo", "game": "pit @ cin", "gameIdx": 0, "hr/park": "", "pa": "28", "dt": "", "img": "https://www.mlbstatic.com/team-logos/134.svg", "team": "pit", "start": "", "in": "4", "result": "Strikeout", "evo": "", "la": "", "dist": ""}, {"player": "oneil cruz", "game": "pit @ cin", "gameIdx": 0, "hr/park": "", "pa": "27", "dt": "", "img": "https://www.mlbstatic.com/team-logos/134.svg", "team": "pit", "start": "", "in": "4", "result": "Strikeout Double Play", "evo": "", "la": "", "dist": ""}, {"player": "jack suwinski", "game": "pit @ cin", "gameIdx": 0, "hr/park": "", "pa": "26", "dt": "", "img": "https://www.mlbstatic.com/team-logos/134.svg", "team": "pit", "start": "", "in": "4", "result": "Walk", "evo": "", "la": "", "dist": ""}, {"player": "tommy pham", "game": "pit @ cin", "gameIdx": 0, "hr/park": "", "pa": "25", "dt": "", "img": "https://www.mlbstatic.com/team-logos/113.svg", "team": "cin", "start": "", "in": "3", "result": "GIDP", "evo": "91.7", "la": "-13", "dist": "10"}, {"player": "brandon drury", "game": "pit @ cin", "gameIdx": 0, "hr/park": "", "pa": "24", "dt": "", "img": "https://www.mlbstatic.com/team-logos/113.svg", "team": "cin", "start": "", "in": "3", "result": "Single", "evo": "99.8", "la": "-24", "dist": "6"}, {"player": "jonathan india", "game": "pit @ cin", "gameIdx": 0, "hr/park": "", "pa": "23", "dt": "", "img": "https://www.mlbstatic.com/team-logos/113.svg", "team": "cin", "start": "", "in": "3", "result": "Single", "evo": "67.7", "la": "25", "dist": "203"}, {"player": "michael papierski", "game": "pit @ cin", "gameIdx": 0, "hr/park": "", "pa": "22", "dt": "", "img": "https://www.mlbstatic.com/team-logos/113.svg", "team": "cin", "start": "", "in": "3", "result": "Groundout", "evo": "81.5", "la": "-31", "dist": "4"}, {"player": "michael chavis", "game": "pit @ cin", "gameIdx": 0, "hr/park": "", "pa": "21", "dt": "", "img": "https://www.mlbstatic.com/team-logos/134.svg", "team": "pit", "start": "", "in": "3", "result": "Strikeout", "evo": "", "la": "", "dist": ""}, {"player": "daniel vogelbach", "game": "pit @ cin", "gameIdx": 0, "hr/park": "", "pa": "20", "dt": "", "img": "https://www.mlbstatic.com/team-logos/134.svg", "team": "pit", "start": "", "in": "3", "result": "Single", "evo": "101.8", "la": "13", "dist": "241"}, {"player": "bryan reynolds", "game": "pit @ cin", "gameIdx": 0, "hr/park": "", "pa": "19", "dt": "", "img": "https://www.mlbstatic.com/team-logos/134.svg", "team": "pit", "start": "", "in": "3", "result": "Strikeout", "evo": "", "la": "", "dist": ""}, {"player": "ben gamel", "game": "pit @ cin", "gameIdx": 0, "hr/park": "", "pa": "18", "dt": "", "img": "https://www.mlbstatic.com/team-logos/134.svg", "team": "pit", "start": "", "in": "3", "result": "Double", "evo": "94.0", "la": "18", "dist": "264"}, {"player": "michael perez", "game": "pit @ cin", "gameIdx": 0, "hr/park": "", "pa": "17", "dt": "", "img": "https://www.mlbstatic.com/team-logos/134.svg", "team": "pit", "start": "", "in": "3", "result": "Groundout", "evo": "79.6", "la": "-24", "dist": "7"}, {"player": "nick senzel", "game": "pit @ cin", "gameIdx": 0, "hr/park": "0/30", "pa": "16", "dt": "", "img": "https://www.mlbstatic.com/team-logos/113.svg", "team": "cin", "start": "", "in": "2", "result": "Flyout", "evo": "87.8", "la": "37", "dist": "304"}, {"player": "donovan solano", "game": "pit @ cin", "gameIdx": 0, "hr/park": "", "pa": "15", "dt": "", "img": "https://www.mlbstatic.com/team-logos/113.svg", "team": "cin", "start": "", "in": "2", "result": "Lineout", "evo": "102.0", "la": "17", "dist": "299"}, {"player": "mike moustakas", "game": "pit @ cin", "gameIdx": 0, "hr/park": "0/30", "pa": "14", "dt": "", "img": "https://www.mlbstatic.com/team-logos/113.svg", "team": "cin", "start": "", "in": "2", "result": "Double", "evo": "104.4", "la": "18", "dist": "361"}, {"player": "kyle farmer", "game": "pit @ cin", "gameIdx": 0, "hr/park": "", "pa": "13", "dt": "", "img": "https://www.mlbstatic.com/team-logos/113.svg", "team": "cin", "start": "", "in": "2", "result": "Groundout", "evo": "81.2", "la": "-3", "dist": "24"}, {"player": "josh vanmeter", "game": "pit @ cin", "gameIdx": 0, "hr/park": "", "pa": "12", "dt": "", "img": "https://www.mlbstatic.com/team-logos/134.svg", "team": "pit", "start": "", "in": "2", "result": "Lineout", "evo": "80.1", "la": "11", "dist": "132"}, {"player": "diego a castillo", "game": "pit @ cin", "gameIdx": 0, "hr/park": "", "pa": "11", "dt": "", "img": "https://www.mlbstatic.com/team-logos/134.svg", "team": "pit", "start": "", "in": "2", "result": "Strikeout", "evo": "", "la": "", "dist": ""}, {"player": "oneil cruz", "game": "pit @ cin", "gameIdx": 0, "hr/park": "", "pa": "10", "dt": "", "img": "https://www.mlbstatic.com/team-logos/134.svg", "team": "pit", "start": "", "in": "2", "result": "Groundout", "evo": "102.3", "la": "-6", "dist": "15"}, {"player": "tyler naquin", "game": "pit @ cin", "gameIdx": 0, "hr/park": "", "pa": "9", "dt": "", "img": "https://www.mlbstatic.com/team-logos/113.svg", "team": "cin", "start": "", "in": "1", "result": "Strikeout", "evo": "", "la": "", "dist": ""}, {"player": "tommy pham", "game": "pit @ cin", "gameIdx": 0, "hr/park": "0/30", "pa": "8", "dt": "", "img": "https://www.mlbstatic.com/team-logos/113.svg", "team": "cin", "start": "", "in": "1", "result": "Flyout", "evo": "95.1", "la": "30", "dist": "357"}, {"player": "brandon drury", "game": "pit @ cin", "gameIdx": 0, "hr/park": "", "pa": "7", "dt": "", "img": "https://www.mlbstatic.com/team-logos/113.svg", "team": "cin", "start": "", "in": "1", "result": "Field Error", "evo": "66.3", "la": "-54", "dist": "4"}, {"player": "jonathan india", "game": "pit @ cin", "gameIdx": 0, "hr/park": "", "pa": "6", "dt": "", "img": "https://www.mlbstatic.com/team-logos/113.svg", "team": "cin", "start": "", "in": "1", "result": "Strikeout", "evo": "", "la": "", "dist": ""}, {"player": "jack suwinski", "game": "pit @ cin", "gameIdx": 0, "hr/park": "", "pa": "5", "dt": "", "img": "https://www.mlbstatic.com/team-logos/134.svg", "team": "pit", "start": "", "in": "1", "result": "Strikeout", "evo": "", "la": "", "dist": ""}, {"player": "michael chavis", "game": "pit @ cin", "gameIdx": 0, "hr/park": "", "pa": "4", "dt": "", "img": "https://www.mlbstatic.com/team-logos/134.svg", "team": "pit", "start": "", "in": "1", "result": "Strikeout", "evo": "", "la": "", "dist": ""}, {"player": "daniel vogelbach", "game": "pit @ cin", "gameIdx": 0, "hr/park": "", "pa": "3", "dt": "", "img": "https://www.mlbstatic.com/team-logos/134.svg", "team": "pit", "start": "", "in": "1", "result": "Double", "evo": "102.9", "la": "16", "dist": "265"}, {"player": "bryan reynolds", "game": "pit @ cin", "gameIdx": 0, "hr/park": "", "pa": "2", "dt": "", "img": "https://www.mlbstatic.com/team-logos/134.svg", "team": "pit", "start": "", "in": "1", "result": "Hit By Pitch", "evo": "", "la": "", "dist": ""}, {"player": "ben gamel", "game": "pit @ cin", "gameIdx": 0, "hr/park": "", "pa": "1", "dt": "", "img": "https://www.mlbstatic.com/team-logos/134.svg", "team": "pit", "start": "", "in": "1", "result": "Flyout", "evo": "93.4", "la": "50", "dist": "284"}], "wsh @ phi": [{"player": "josh bell", "game": "wsh @ phi", "gameIdx": 0, "hr/park": "0/30", "pa": "74", "dt": "", "img": "https://www.mlbstatic.com/team-logos/120.svg", "team": "wsh", "start": "", "in": "9", "result": "Flyout", "evo": "99.8", "la": "44", "dist": "319"}, {"player": "juan soto", "game": "wsh @ phi", "gameIdx": 0, "hr/park": "", "pa": "73", "dt": "", "img": "https://www.mlbstatic.com/team-logos/120.svg", "team": "wsh", "start": "", "in": "9", "result": "Strikeout", "evo": "", "la": "", "dist": ""}, {"player": "cesar hernandez", "game": "wsh @ phi", "gameIdx": 0, "hr/park": "", "pa": "72", "dt": "", "img": "https://www.mlbstatic.com/team-logos/120.svg", "team": "wsh", "start": "", "in": "9", "result": "Lineout", "evo": "68.4", "la": "8", "dist": "105"}, {"player": "matt vierling", "game": "wsh @ phi", "gameIdx": 0, "hr/park": "", "pa": "71", "dt": "", "img": "https://www.mlbstatic.com/team-logos/143.svg", "team": "phi", "start": "", "in": "8", "result": "Groundout", "evo": "71.4", "la": "4", "dist": "63"}, {"player": "bryson stott", "game": "wsh @ phi", "gameIdx": 0, "hr/park": "0/30", "pa": "70", "dt": "", "img": "https://www.mlbstatic.com/team-logos/143.svg", "team": "phi", "start": "", "in": "8", "result": "Lineout", "evo": "96.6", "la": "20", "dist": "353"}, {"player": "didi gregorius", "game": "wsh @ phi", "gameIdx": 0, "hr/park": "", "pa": "69", "dt": "", "img": "https://www.mlbstatic.com/team-logos/143.svg", "team": "phi", "start": "", "in": "8", "result": "Groundout", "evo": "88.6", "la": "-15", "dist": "5"}, {"player": "victor robles", "game": "wsh @ phi", "gameIdx": 0, "hr/park": "", "pa": "68", "dt": "", "img": "https://www.mlbstatic.com/team-logos/120.svg", "team": "wsh", "start": "", "in": "8", "result": "Groundout", "evo": "75.5", "la": "-12", "dist": "9"}, {"player": "tres barrera", "game": "wsh @ phi", "gameIdx": 0, "hr/park": "0/30", "pa": "67", "dt": "", "img": "https://www.mlbstatic.com/team-logos/120.svg", "team": "wsh", "start": "", "in": "8", "result": "Flyout", "evo": "95.8", "la": "33", "dist": "344"}, {"player": "ehire adrianza", "game": "wsh @ phi", "gameIdx": 0, "hr/park": "", "pa": "66", "dt": "", "img": "https://www.mlbstatic.com/team-logos/120.svg", "team": "wsh", "start": "", "in": "8", "result": "Double", "evo": "95.5", "la": "-2", "dist": "27"}, {"player": "maikel franco", "game": "wsh @ phi", "gameIdx": 0, "hr/park": "", "pa": "65", "dt": "", "img": "https://www.mlbstatic.com/team-logos/120.svg", "team": "wsh", "start": "", "in": "8", "result": "Hit By Pitch", "evo": "", "la": "", "dist": ""}, {"player": "yadiel hernandez", "game": "wsh @ phi", "gameIdx": 0, "hr/park": "", "pa": "64", "dt": "", "img": "https://www.mlbstatic.com/team-logos/120.svg", "team": "wsh", "start": "", "in": "8", "result": "Groundout", "evo": "77.6", "la": "-43", "dist": "4"}, {"player": "jt realmuto", "game": "wsh @ phi", "gameIdx": 0, "hr/park": "", "pa": "63", "dt": "", "img": "https://www.mlbstatic.com/team-logos/143.svg", "team": "phi", "start": "", "in": "7", "result": "Groundout", "evo": "102.0", "la": "-11", "dist": "12"}, {"player": "darick hall", "game": "wsh @ phi", "gameIdx": 0, "hr/park": "24/30", "pa": "62", "dt": "", "img": "https://www.mlbstatic.com/team-logos/143.svg", "team": "phi", "start": "", "in": "7", "result": "Home Run", "evo": "102.5", "la": "24", "dist": "356"}, {"player": "nick castellanos", "game": "wsh @ phi", "gameIdx": 0, "hr/park": "", "pa": "61", "dt": "", "img": "https://www.mlbstatic.com/team-logos/143.svg", "team": "phi", "start": "", "in": "7", "result": "Groundout", "evo": "81.3", "la": "-21", "dist": "8"}, {"player": "rhys hoskins", "game": "wsh @ phi", "gameIdx": 0, "hr/park": "", "pa": "60", "dt": "", "img": "https://www.mlbstatic.com/team-logos/143.svg", "team": "phi", "start": "", "in": "7", "result": "Strikeout", "evo": "", "la": "", "dist": ""}, {"player": "nelson cruz", "game": "wsh @ phi", "gameIdx": 0, "hr/park": "", "pa": "59", "dt": "", "img": "https://www.mlbstatic.com/team-logos/120.svg", "team": "wsh", "start": "", "in": "7", "result": "Strikeout", "evo": "", "la": "", "dist": ""}, {"player": "josh bell", "game": "wsh @ phi", "gameIdx": 0, "hr/park": "", "pa": "58", "dt": "", "img": "https://www.mlbstatic.com/team-logos/120.svg", "team": "wsh", "start": "", "in": "7", "result": "Strikeout", "evo": "", "la": "", "dist": ""}, {"player": "juan soto", "game": "wsh @ phi", "gameIdx": 0, "hr/park": "", "pa": "57", "dt": "", "img": "https://www.mlbstatic.com/team-logos/120.svg", "team": "wsh", "start": "", "in": "7", "result": "Strikeout", "evo": "", "la": "", "dist": ""}, {"player": "kyle schwarber", "game": "wsh @ phi", "gameIdx": 0, "hr/park": "", "pa": "56", "dt": "", "img": "https://www.mlbstatic.com/team-logos/143.svg", "team": "phi", "start": "", "in": "6", "result": "Strikeout", "evo": "", "la": "", "dist": ""}, {"player": "mickey moniak", "game": "wsh @ phi", "gameIdx": 0, "hr/park": "", "pa": "55", "dt": "", "img": "https://www.mlbstatic.com/team-logos/143.svg", "team": "phi", "start": "", "in": "6", "result": "Strikeout", "evo": "", "la": "", "dist": ""}, {"player": "matt vierling", "game": "wsh @ phi", "gameIdx": 0, "hr/park": "", "pa": "54", "dt": "", "img": "https://www.mlbstatic.com/team-logos/143.svg", "team": "phi", "start": "", "in": "6", "result": "Strikeout", "evo": "", "la": "", "dist": ""}, {"player": "cesar hernandez", "game": "wsh @ phi", "gameIdx": 0, "hr/park": "", "pa": "53", "dt": "", "img": "https://www.mlbstatic.com/team-logos/120.svg", "team": "wsh", "start": "", "in": "6", "result": "Strikeout", "evo": "", "la": "", "dist": ""}, {"player": "victor robles", "game": "wsh @ phi", "gameIdx": 0, "hr/park": "", "pa": "52", "dt": "", "img": "https://www.mlbstatic.com/team-logos/120.svg", "team": "wsh", "start": "", "in": "6", "result": "Single", "evo": "77.7", "la": "3", "dist": "53"}, {"player": "tres barrera", "game": "wsh @ phi", "gameIdx": 0, "hr/park": "", "pa": "51", "dt": "", "img": "https://www.mlbstatic.com/team-logos/120.svg", "team": "wsh", "start": "", "in": "6", "result": "Groundout", "evo": "87.4", "la": "", "dist": "47"}, {"player": "luis garcia", "game": "wsh @ phi", "gameIdx": 0, "hr/park": "", "pa": "50", "dt": "", "img": "https://www.mlbstatic.com/team-logos/120.svg", "team": "wsh", "start": "", "in": "6", "result": "Groundout", "evo": "91.6", "la": "-22", "dist": "9"}, {"player": "bryson stott", "game": "wsh @ phi", "gameIdx": 0, "hr/park": "0/30", "pa": "49", "dt": "", "img": "https://www.mlbstatic.com/team-logos/143.svg", "team": "phi", "start": "", "in": "5", "result": "Flyout", "evo": "93.4", "la": "38", "dist": "313"}, {"player": "didi gregorius", "game": "wsh @ phi", "gameIdx": 0, "hr/park": "", "pa": "48", "dt": "", "img": "https://www.mlbstatic.com/team-logos/143.svg", "team": "phi", "start": "", "in": "5", "result": "Forceout", "evo": "101.7", "la": "-26", "dist": "4"}, {"player": "jt realmuto", "game": "wsh @ phi", "gameIdx": 0, "hr/park": "", "pa": "47", "dt": "", "img": "https://www.mlbstatic.com/team-logos/143.svg", "team": "phi", "start": "", "in": "5", "result": "Single", "evo": "73.6", "la": "21", "dist": "208"}, {"player": "darick hall", "game": "wsh @ phi", "gameIdx": 0, "hr/park": "", "pa": "46", "dt": "", "img": "https://www.mlbstatic.com/team-logos/143.svg", "team": "phi", "start": "", "in": "5", "result": "Strikeout", "evo": "", "la": "", "dist": ""}, {"player": "maikel franco", "game": "wsh @ phi", "gameIdx": 0, "hr/park": "", "pa": "45", "dt": "", "img": "https://www.mlbstatic.com/team-logos/120.svg", "team": "wsh", "start": "", "in": "5", "result": "Flyout", "evo": "84.7", "la": "57", "dist": "190"}, {"player": "yadiel hernandez", "game": "wsh @ phi", "gameIdx": 0, "hr/park": "", "pa": "44", "dt": "", "img": "https://www.mlbstatic.com/team-logos/120.svg", "team": "wsh", "start": "", "in": "5", "result": "Walk", "evo": "", "la": "", "dist": ""}, {"player": "nelson cruz", "game": "wsh @ phi", "gameIdx": 0, "hr/park": "", "pa": "43", "dt": "", "img": "https://www.mlbstatic.com/team-logos/120.svg", "team": "wsh", "start": "", "in": "5", "result": "Strikeout", "evo": "", "la": "", "dist": ""}, {"player": "josh bell", "game": "wsh @ phi", "gameIdx": 0, "hr/park": "", "pa": "42", "dt": "", "img": "https://www.mlbstatic.com/team-logos/120.svg", "team": "wsh", "start": "", "in": "5", "result": "Flyout", "evo": "86.5", "la": "35", "dist": "293"}, {"player": "nick castellanos", "game": "wsh @ phi", "gameIdx": 0, "hr/park": "", "pa": "41", "dt": "", "img": "https://www.mlbstatic.com/team-logos/143.svg", "team": "phi", "start": "", "in": "4", "result": "Pop Out", "evo": "83.9", "la": "69", "dist": "120"}, {"player": "rhys hoskins", "game": "wsh @ phi", "gameIdx": 0, "hr/park": "", "pa": "40", "dt": "", "img": "https://www.mlbstatic.com/team-logos/143.svg", "team": "phi", "start": "", "in": "4", "result": "Lineout", "evo": "91.5", "la": "18", "dist": "254"}, {"player": "kyle schwarber", "game": "wsh @ phi", "gameIdx": 0, "hr/park": "", "pa": "39", "dt": "", "img": "https://www.mlbstatic.com/team-logos/143.svg", "team": "phi", "start": "", "in": "4", "result": "Groundout", "evo": "94.0", "la": "-22", "dist": "11"}, {"player": "mickey moniak", "game": "wsh @ phi", "gameIdx": 0, "hr/park": "", "pa": "38", "dt": "", "img": "https://www.mlbstatic.com/team-logos/143.svg", "team": "phi", "start": "", "in": "4", "result": "Single", "evo": "97.2", "la": "-14", "dist": "16"}, {"player": "matt vierling", "game": "wsh @ phi", "gameIdx": 0, "hr/park": "0/30", "pa": "37", "dt": "", "img": "https://www.mlbstatic.com/team-logos/143.svg", "team": "phi", "start": "", "in": "4", "result": "Double", "evo": "106.6", "la": "15", "dist": "319"}, {"player": "juan soto", "game": "wsh @ phi", "gameIdx": 0, "hr/park": "0/30", "pa": "36", "dt": "", "img": "https://www.mlbstatic.com/team-logos/120.svg", "team": "wsh", "start": "", "in": "4", "result": "Flyout", "evo": "92.4", "la": "27", "dist": "340"}, {"player": "cesar hernandez", "game": "wsh @ phi", "gameIdx": 0, "hr/park": "", "pa": "35", "dt": "", "img": "https://www.mlbstatic.com/team-logos/120.svg", "team": "wsh", "start": "", "in": "4", "result": "Strikeout", "evo": "", "la": "", "dist": ""}, {"player": "victor robles", "game": "wsh @ phi", "gameIdx": 0, "hr/park": "", "pa": "34", "dt": "", "img": "https://www.mlbstatic.com/team-logos/120.svg", "team": "wsh", "start": "", "in": "4", "result": "Strikeout", "evo": "", "la": "", "dist": ""}, {"player": "bryson stott", "game": "wsh @ phi", "gameIdx": 0, "hr/park": "0/30", "pa": "33", "dt": "", "img": "https://www.mlbstatic.com/team-logos/143.svg", "team": "phi", "start": "", "in": "3", "result": "Lineout", "evo": "91.1", "la": "24", "dist": "312"}, {"player": "didi gregorius", "game": "wsh @ phi", "gameIdx": 0, "hr/park": "1/30", "pa": "32", "dt": "", "img": "https://www.mlbstatic.com/team-logos/143.svg", "team": "phi", "start": "", "in": "3", "result": "Triple", "evo": "99.5", "la": "39", "dist": "352"}, {"player": "jt realmuto", "game": "wsh @ phi", "gameIdx": 0, "hr/park": "0/30", "pa": "31", "dt": "", "img": "https://www.mlbstatic.com/team-logos/143.svg", "team": "phi", "start": "", "in": "3", "result": "Sac Fly", "evo": "89.6", "la": "27", "dist": "301"}, {"player": "darick hall", "game": "wsh @ phi", "gameIdx": 0, "hr/park": "0/30", "pa": "30", "dt": "", "img": "https://www.mlbstatic.com/team-logos/143.svg", "team": "phi", "start": "", "in": "3", "result": "Double", "evo": "108.2", "la": "21", "dist": "403"}, {"player": "nick castellanos", "game": "wsh @ phi", "gameIdx": 0, "hr/park": "", "pa": "29", "dt": "", "img": "https://www.mlbstatic.com/team-logos/143.svg", "team": "phi", "start": "", "in": "3", "result": "Single", "evo": "89.5", "la": "7", "dist": "119"}, {"player": "rhys hoskins", "game": "wsh @ phi", "gameIdx": 0, "hr/park": "", "pa": "28", "dt": "", "img": "https://www.mlbstatic.com/team-logos/143.svg", "team": "phi", "start": "", "in": "3", "result": "Walk", "evo": "", "la": "", "dist": ""}, {"player": "kyle schwarber", "game": "wsh @ phi", "gameIdx": 0, "hr/park": "", "pa": "27", "dt": "", "img": "https://www.mlbstatic.com/team-logos/143.svg", "team": "phi", "start": "", "in": "3", "result": "Strikeout", "evo": "", "la": "", "dist": ""}, {"player": "tres barrera", "game": "wsh @ phi", "gameIdx": 0, "hr/park": "", "pa": "26", "dt": "", "img": "https://www.mlbstatic.com/team-logos/120.svg", "team": "wsh", "start": "", "in": "3", "result": "Lineout", "evo": "76.5", "la": "27", "dist": "269"}, {"player": "luis garcia", "game": "wsh @ phi", "gameIdx": 0, "hr/park": "0/30", "pa": "25", "dt": "", "img": "https://www.mlbstatic.com/team-logos/120.svg", "team": "wsh", "start": "", "in": "3", "result": "Double", "evo": "98.3", "la": "23", "dist": "332"}, {"player": "maikel franco", "game": "wsh @ phi", "gameIdx": 0, "hr/park": "", "pa": "24", "dt": "", "img": "https://www.mlbstatic.com/team-logos/120.svg", "team": "wsh", "start": "", "in": "3", "result": "Groundout", "evo": "82.5", "la": "-6", "dist": "25"}, {"player": "yadiel hernandez", "game": "wsh @ phi", "gameIdx": 0, "hr/park": "", "pa": "23", "dt": "", "img": "https://www.mlbstatic.com/team-logos/120.svg", "team": "wsh", "start": "", "in": "3", "result": "Strikeout", "evo": "", "la": "", "dist": ""}, {"player": "mickey moniak", "game": "wsh @ phi", "gameIdx": 0, "hr/park": "", "pa": "22", "dt": "", "img": "https://www.mlbstatic.com/team-logos/143.svg", "team": "phi", "start": "", "in": "2", "result": "Strikeout", "evo": "", "la": "", "dist": ""}, {"player": "matt vierling", "game": "wsh @ phi", "gameIdx": 0, "hr/park": "", "pa": "21", "dt": "", "img": "https://www.mlbstatic.com/team-logos/143.svg", "team": "phi", "start": "", "in": "2", "result": "Forceout", "evo": "94.9", "la": "-4", "dist": "22"}, {"player": "bryson stott", "game": "wsh @ phi", "gameIdx": 0, "hr/park": "", "pa": "20", "dt": "", "img": "https://www.mlbstatic.com/team-logos/143.svg", "team": "phi", "start": "", "in": "2", "result": "Strikeout", "evo": "", "la": "", "dist": ""}, {"player": "didi gregorius", "game": "wsh @ phi", "gameIdx": 0, "hr/park": "", "pa": "19", "dt": "", "img": "https://www.mlbstatic.com/team-logos/143.svg", "team": "phi", "start": "", "in": "2", "result": "Walk", "evo": "", "la": "", "dist": ""}, {"player": "nelson cruz", "game": "wsh @ phi", "gameIdx": 0, "hr/park": "", "pa": "18", "dt": "", "img": "https://www.mlbstatic.com/team-logos/120.svg", "team": "wsh", "start": "", "in": "2", "result": "Strikeout", "evo": "", "la": "", "dist": ""}, {"player": "josh bell", "game": "wsh @ phi", "gameIdx": 0, "hr/park": "0/30", "pa": "17", "dt": "", "img": "https://www.mlbstatic.com/team-logos/120.svg", "team": "wsh", "start": "", "in": "2", "result": "Double", "evo": "103.2", "la": "19", "dist": "309"}, {"player": "juan soto", "game": "wsh @ phi", "gameIdx": 0, "hr/park": "", "pa": "16", "dt": "", "img": "https://www.mlbstatic.com/team-logos/120.svg", "team": "wsh", "start": "", "in": "2", "result": "Single", "evo": "106.8", "la": "12", "dist": "268"}, {"player": "cesar hernandez", "game": "wsh @ phi", "gameIdx": 0, "hr/park": "", "pa": "15", "dt": "", "img": "https://www.mlbstatic.com/team-logos/120.svg", "team": "wsh", "start": "", "in": "2", "result": "Double", "evo": "102.3", "la": "2", "dist": "68"}, {"player": "victor robles", "game": "wsh @ phi", "gameIdx": 0, "hr/park": "0/30", "pa": "14", "dt": "", "img": "https://www.mlbstatic.com/team-logos/120.svg", "team": "wsh", "start": "", "in": "2", "result": "Flyout", "evo": "88.4", "la": "37", "dist": "310"}, {"player": "tres barrera", "game": "wsh @ phi", "gameIdx": 0, "hr/park": "", "pa": "13", "dt": "", "img": "https://www.mlbstatic.com/team-logos/120.svg", "team": "wsh", "start": "", "in": "2", "result": "Groundout", "evo": "100.1", "la": "-4", "dist": "21"}, {"player": "jt realmuto", "game": "wsh @ phi", "gameIdx": 0, "hr/park": "", "pa": "12", "dt": "", "img": "https://www.mlbstatic.com/team-logos/143.svg", "team": "phi", "start": "", "in": "1", "result": "Groundout", "evo": "91.1", "la": "-32", "dist": "2"}, {"player": "darick hall", "game": "wsh @ phi", "gameIdx": 0, "hr/park": "", "pa": "11", "dt": "", "img": "https://www.mlbstatic.com/team-logos/143.svg", "team": "phi", "start": "", "in": "1", "result": "Strikeout", "evo": "", "la": "", "dist": ""}, {"player": "nick castellanos", "game": "wsh @ phi", "gameIdx": 0, "hr/park": "", "pa": "10", "dt": "", "img": "https://www.mlbstatic.com/team-logos/143.svg", "team": "phi", "start": "", "in": "1", "result": "Strikeout", "evo": "", "la": "", "dist": ""}, {"player": "rhys hoskins", "game": "wsh @ phi", "gameIdx": 0, "hr/park": "0/30", "pa": "9", "dt": "", "img": "https://www.mlbstatic.com/team-logos/143.svg", "team": "phi", "start": "", "in": "1", "result": "Double", "evo": "109.3", "la": "14", "dist": "305"}, {"player": "kyle schwarber", "game": "wsh @ phi", "gameIdx": 0, "hr/park": "", "pa": "8", "dt": "", "img": "https://www.mlbstatic.com/team-logos/143.svg", "team": "phi", "start": "", "in": "1", "result": "Walk", "evo": "", "la": "", "dist": ""}, {"player": "luis garcia", "game": "wsh @ phi", "gameIdx": 0, "hr/park": "", "pa": "7", "dt": "", "img": "https://www.mlbstatic.com/team-logos/120.svg", "team": "wsh", "start": "", "in": "1", "result": "Strikeout", "evo": "", "la": "", "dist": ""}, {"player": "maikel franco", "game": "wsh @ phi", "gameIdx": 0, "hr/park": "", "pa": "6", "dt": "", "img": "https://www.mlbstatic.com/team-logos/120.svg", "team": "wsh", "start": "", "in": "1", "result": "Single", "evo": "108.9", "la": "11", "dist": "245"}, {"player": "yadiel hernandez", "game": "wsh @ phi", "gameIdx": 0, "hr/park": "", "pa": "5", "dt": "", "img": "https://www.mlbstatic.com/team-logos/120.svg", "team": "wsh", "start": "", "in": "1", "result": "Strikeout", "evo": "", "la": "", "dist": ""}, {"player": "nelson cruz", "game": "wsh @ phi", "gameIdx": 0, "hr/park": "", "pa": "4", "dt": "", "img": "https://www.mlbstatic.com/team-logos/120.svg", "team": "wsh", "start": "", "in": "1", "result": "Hit By Pitch", "evo": "", "la": "", "dist": ""}, {"player": "josh bell", "game": "wsh @ phi", "gameIdx": 0, "hr/park": "", "pa": "3", "dt": "", "img": "https://www.mlbstatic.com/team-logos/120.svg", "team": "wsh", "start": "", "in": "1", "result": "Walk", "evo": "", "la": "", "dist": ""}, {"player": "juan soto", "game": "wsh @ phi", "gameIdx": 0, "hr/park": "", "pa": "2", "dt": "", "img": "https://www.mlbstatic.com/team-logos/120.svg", "team": "wsh", "start": "", "in": "1", "result": "Single", "evo": "80.6", "la": "17", "dist": "217"}, {"player": "cesar hernandez", "game": "wsh @ phi", "gameIdx": 0, "hr/park": "", "pa": "1", "dt": "", "img": "https://www.mlbstatic.com/team-logos/120.svg", "team": "wsh", "start": "", "in": "1", "result": "Groundout", "evo": "52.6", "la": "-47", "dist": "5"}], "laa @ bal": [], "mia @ nym": [], "nyy @ bos": [], "stl @ atl": [], "det @ chw": [], "col @ ari": [], "sf @ sd": [], "chc @ lad": [], "tor @ sea": []}