{"all": {"pitchers": "20", "batters": "58", "pitches": "788", "max velomax pitch velocity": "100.5", "min velomin pitch velocity": "74.2", "ff%fourseam fastball %": "30.5", "si%sinker %": "21.4", "fc%cutter %": "4.3", "fs%splitter %": "0.0", "ch%changeup %": "16.9", "sl%slider %": "15.6", "cu%curve %": "11.3", "max evmax exit velocity": "112.9", "hhhard hit": "56", "hh%hard hit %": "38.1", "brlbarrels": "7", "brl%barrel %": "4.8", "ab": "187", "avg": ".198", "h": "37", "1b": "28", "2b": "5", "3b": "0", "hr": "4", "so": "41", "bipballs in play": "147", "liveGames": 0, "totGames": 14}, "mia @ wsh": [], "tex @ bal": [], "cle @ det": [], "tb @ bos": [{"player": "isaac paredes", "game": "tb @ bos", "gameIdx": 0, "hr/park": "", "pa": "68", "dt": "", "img": "https://www.mlbstatic.com/team-logos/139.svg", "team": "tb", "start": "", "in": "9", "result": "Flyout", "evo": "88.6", "la": "46", "dist": "273"}, {"player": "harold ramirez", "game": "tb @ bos", "gameIdx": 0, "hr/park": "", "pa": "67", "dt": "", "img": "https://www.mlbstatic.com/team-logos/139.svg", "team": "tb", "start": "", "in": "9", "result": "Groundout", "evo": "78.0", "la": "-46", "dist": "3"}, {"player": "ji man choi", "game": "tb @ bos", "gameIdx": 0, "hr/park": "", "pa": "66", "dt": "", "img": "https://www.mlbstatic.com/team-logos/139.svg", "team": "tb", "start": "", "in": "9", "result": "Strikeout", "evo": "", "la": "", "dist": ""}, {"player": "christian arroyo", "game": "tb @ bos", "gameIdx": 0, "hr/park": "", "pa": "65", "dt": "", "img": "https://www.mlbstatic.com/team-logos/111.svg", "team": "bos", "start": "", "in": "8", "result": "GIDP", "evo": "76.2", "la": "5", "dist": "87"}, {"player": "franchy cordero", "game": "tb @ bos", "gameIdx": 0, "hr/park": "", "pa": "64", "dt": "", "img": "https://www.mlbstatic.com/team-logos/111.svg", "team": "bos", "start": "", "in": "8", "result": "Single", "evo": "90.2", "la": "21", "dist": "256"}, {"player": "trevor story", "game": "tb @ bos", "gameIdx": 0, "hr/park": "", "pa": "63", "dt": "", "img": "https://www.mlbstatic.com/team-logos/111.svg", "team": "bos", "start": "", "in": "8", "result": "Strikeout", "evo": "", "la": "", "dist": ""}, {"player": "alex verdugo", "game": "tb @ bos", "gameIdx": 0, "hr/park": "", "pa": "62", "dt": "", "img": "https://www.mlbstatic.com/team-logos/111.svg", "team": "bos", "start": "", "in": "8", "result": "Fielders Choice", "evo": "52.4", "la": "-54", "dist": "2"}, {"player": "christian vazquez", "game": "tb @ bos", "gameIdx": 0, "hr/park": "", "pa": "61", "dt": "", "img": "https://www.mlbstatic.com/team-logos/111.svg", "team": "bos", "start": "", "in": "8", "result": "Single", "evo": "106.7", "la": "5", "dist": "112"}, {"player": "jd martinez", "game": "tb @ bos", "gameIdx": 0, "hr/park": "", "pa": "60", "dt": "", "img": "https://www.mlbstatic.com/team-logos/111.svg", "team": "bos", "start": "", "in": "8", "result": "Single", "evo": "103.8", "la": "", "dist": "55"}, {"player": "rafael devers", "game": "tb @ bos", "gameIdx": 0, "hr/park": "", "pa": "59", "dt": "", "img": "https://www.mlbstatic.com/team-logos/111.svg", "team": "bos", "start": "", "in": "8", "result": "Single", "evo": "102.0", "la": "-7", "dist": "16"}, {"player": "wander franco", "game": "tb @ bos", "gameIdx": 0, "hr/park": "", "pa": "58", "dt": "", "img": "https://www.mlbstatic.com/team-logos/139.svg", "team": "tb", "start": "", "in": "8", "result": "Groundout", "evo": "96.5", "la": "1", "dist": "54"}, {"player": "yandy diaz", "game": "tb @ bos", "gameIdx": 0, "hr/park": "", "pa": "57", "dt": "", "img": "https://www.mlbstatic.com/team-logos/139.svg", "team": "tb", "start": "", "in": "8", "result": "Groundout", "evo": "65.8", "la": "-42", "dist": "4"}, {"player": "brett phillips", "game": "tb @ bos", "gameIdx": 0, "hr/park": "", "pa": "56", "dt": "", "img": "https://www.mlbstatic.com/team-logos/139.svg", "team": "tb", "start": "", "in": "8", "result": "Strikeout", "evo": "", "la": "", "dist": ""}, {"player": "francisco mejia", "game": "tb @ bos", "gameIdx": 0, "hr/park": "0/30", "pa": "55", "dt": "", "img": "https://www.mlbstatic.com/team-logos/139.svg", "team": "tb", "start": "", "in": "8", "result": "Lineout", "evo": "93.6", "la": "23", "dist": "305"}, {"player": "rob refsnyder", "game": "tb @ bos", "gameIdx": 0, "hr/park": "0/30", "pa": "54", "dt": "", "img": "https://www.mlbstatic.com/team-logos/111.svg", "team": "bos", "start": "", "in": "7", "result": "Lineout", "evo": "98.0", "la": "22", "dist": "347"}, {"player": "bobby dalbec", "game": "tb @ bos", "gameIdx": 0, "hr/park": "", "pa": "53", "dt": "", "img": "https://www.mlbstatic.com/team-logos/111.svg", "team": "bos", "start": "", "in": "7", "result": "Single", "evo": "88.5", "la": "17", "dist": "254"}, {"player": "christian arroyo", "game": "tb @ bos", "gameIdx": 0, "hr/park": "", "pa": "52", "dt": "", "img": "https://www.mlbstatic.com/team-logos/111.svg", "team": "bos", "start": "", "in": "7", "result": "Groundout", "evo": "87.7", "la": "-25", "dist": "4"}, {"player": "franchy cordero", "game": "tb @ bos", "gameIdx": 0, "hr/park": "", "pa": "51", "dt": "", "img": "https://www.mlbstatic.com/team-logos/111.svg", "team": "bos", "start": "", "in": "7", "result": "Strikeout", "evo": "", "la": "", "dist": ""}, {"player": "randy arozarena", "game": "tb @ bos", "gameIdx": 0, "hr/park": "", "pa": "50", "dt": "", "img": "https://www.mlbstatic.com/team-logos/139.svg", "team": "tb", "start": "", "in": "7", "result": "Strikeout", "evo": "", "la": "", "dist": ""}, {"player": "josh lowe", "game": "tb @ bos", "gameIdx": 0, "hr/park": "", "pa": "49", "dt": "", "img": "https://www.mlbstatic.com/team-logos/139.svg", "team": "tb", "start": "", "in": "7", "result": "Pop Out", "evo": "83.2", "la": "61", "dist": "189"}, {"player": "isaac paredes", "game": "tb @ bos", "gameIdx": 0, "hr/park": "", "pa": "48", "dt": "", "img": "https://www.mlbstatic.com/team-logos/139.svg", "team": "tb", "start": "", "in": "7", "result": "Strikeout", "evo": "", "la": "", "dist": ""}, {"player": "trevor story", "game": "tb @ bos", "gameIdx": 0, "hr/park": "0/30", "pa": "47", "dt": "", "img": "https://www.mlbstatic.com/team-logos/111.svg", "team": "bos", "start": "", "in": "6", "result": "Flyout", "evo": "95.5", "la": "41", "dist": "336"}, {"player": "alex verdugo", "game": "tb @ bos", "gameIdx": 0, "hr/park": "", "pa": "46", "dt": "", "img": "https://www.mlbstatic.com/team-logos/111.svg", "team": "bos", "start": "", "in": "6", "result": "Single", "evo": "71.4", "la": "-44", "dist": "2"}, {"player": "christian vazquez", "game": "tb @ bos", "gameIdx": 0, "hr/park": "", "pa": "45", "dt": "", "img": "https://www.mlbstatic.com/team-logos/111.svg", "team": "bos", "start": "", "in": "6", "result": "Flyout", "evo": "84.5", "la": "34", "dist": "299"}, {"player": "jd martinez", "game": "tb @ bos", "gameIdx": 0, "hr/park": "", "pa": "44", "dt": "", "img": "https://www.mlbstatic.com/team-logos/111.svg", "team": "bos", "start": "", "in": "6", "result": "Strikeout", "evo": "", "la": "", "dist": ""}, {"player": "harold ramirez", "game": "tb @ bos", "gameIdx": 0, "hr/park": "", "pa": "43", "dt": "", "img": "https://www.mlbstatic.com/team-logos/139.svg", "team": "tb", "start": "", "in": "6", "result": "Strikeout", "evo": "", "la": "", "dist": ""}, {"player": "ji man choi", "game": "tb @ bos", "gameIdx": 0, "hr/park": "", "pa": "42", "dt": "", "img": "https://www.mlbstatic.com/team-logos/139.svg", "team": "tb", "start": "", "in": "6", "result": "Pop Out", "evo": "88.4", "la": "61", "dist": "185"}, {"player": "wander franco", "game": "tb @ bos", "gameIdx": 0, "hr/park": "0/30", "pa": "41", "dt": "", "img": "https://www.mlbstatic.com/team-logos/139.svg", "team": "tb", "start": "", "in": "6", "result": "Flyout", "evo": "92.9", "la": "26", "dist": "341"}, {"player": "jd martinez", "game": "tb @ bos", "gameIdx": 0, "hr/park": "", "pa": "40", "dt": "", "img": "https://www.mlbstatic.com/team-logos/111.svg", "team": "bos", "start": "", "in": "5", "result": "Caught Stealing 2B", "evo": "", "la": "", "dist": ""}, {"player": "rafael devers", "game": "tb @ bos", "gameIdx": 0, "hr/park": "", "pa": "39", "dt": "", "img": "https://www.mlbstatic.com/team-logos/111.svg", "team": "bos", "start": "", "in": "5", "result": "Single", "evo": "88.3", "la": "-33", "dist": "5"}, {"player": "jarren duran", "game": "tb @ bos", "gameIdx": 0, "hr/park": "", "pa": "38", "dt": "", "img": "https://www.mlbstatic.com/team-logos/111.svg", "team": "bos", "start": "", "in": "5", "result": "Strikeout", "evo": "", "la": "", "dist": ""}, {"player": "bobby dalbec", "game": "tb @ bos", "gameIdx": 0, "hr/park": "", "pa": "37", "dt": "", "img": "https://www.mlbstatic.com/team-logos/111.svg", "team": "bos", "start": "", "in": "5", "result": "Groundout", "evo": "47.6", "la": "-54", "dist": "2"}, {"player": "christian arroyo", "game": "tb @ bos", "gameIdx": 0, "hr/park": "", "pa": "36", "dt": "", "img": "https://www.mlbstatic.com/team-logos/111.svg", "team": "bos", "start": "", "in": "5", "result": "Double", "evo": "108.6", "la": "13", "dist": "235"}, {"player": "yandy diaz", "game": "tb @ bos", "gameIdx": 0, "hr/park": "", "pa": "35", "dt": "", "img": "https://www.mlbstatic.com/team-logos/139.svg", "team": "tb", "start": "", "in": "5", "result": "Single", "evo": "61.6", "la": "44", "dist": "173"}, {"player": "brett phillips", "game": "tb @ bos", "gameIdx": 0, "hr/park": "", "pa": "34", "dt": "", "img": "https://www.mlbstatic.com/team-logos/139.svg", "team": "tb", "start": "", "in": "5", "result": "Flyout", "evo": "84.7", "la": "32", "dist": "298"}, {"player": "francisco mejia", "game": "tb @ bos", "gameIdx": 0, "hr/park": "", "pa": "33", "dt": "", "img": "https://www.mlbstatic.com/team-logos/139.svg", "team": "tb", "start": "", "in": "5", "result": "Strikeout", "evo": "", "la": "", "dist": ""}, {"player": "franchy cordero", "game": "tb @ bos", "gameIdx": 0, "hr/park": "", "pa": "32", "dt": "", "img": "https://www.mlbstatic.com/team-logos/111.svg", "team": "bos", "start": "", "in": "4", "result": "Strikeout", "evo": "", "la": "", "dist": ""}, {"player": "trevor story", "game": "tb @ bos", "gameIdx": 0, "hr/park": "27/30", "pa": "31", "dt": "", "img": "https://www.mlbstatic.com/team-logos/111.svg", "team": "bos", "start": "", "in": "4", "result": "Home Run", "evo": "104.9", "la": "27", "dist": "408"}, {"player": "alex verdugo", "game": "tb @ bos", "gameIdx": 0, "hr/park": "", "pa": "30", "dt": "", "img": "https://www.mlbstatic.com/team-logos/111.svg", "team": "bos", "start": "", "in": "4", "result": "Groundout", "evo": "74.4", "la": "-27", "dist": "5"}, {"player": "christian vazquez", "game": "tb @ bos", "gameIdx": 0, "hr/park": "", "pa": "29", "dt": "", "img": "https://www.mlbstatic.com/team-logos/111.svg", "team": "bos", "start": "", "in": "4", "result": "Groundout", "evo": "92.9", "la": "-8", "dist": "13"}, {"player": "randy arozarena", "game": "tb @ bos", "gameIdx": 0, "hr/park": "", "pa": "28", "dt": "", "img": "https://www.mlbstatic.com/team-logos/139.svg", "team": "tb", "start": "", "in": "4", "result": "Forceout", "evo": "94.5", "la": "-7", "dist": "16"}, {"player": "josh lowe", "game": "tb @ bos", "gameIdx": 0, "hr/park": "0/30", "pa": "27", "dt": "", "img": "https://www.mlbstatic.com/team-logos/139.svg", "team": "tb", "start": "", "in": "4", "result": "Flyout", "evo": "95.3", "la": "26", "dist": "356"}, {"player": "isaac paredes", "game": "tb @ bos", "gameIdx": 0, "hr/park": "", "pa": "26", "dt": "", "img": "https://www.mlbstatic.com/team-logos/139.svg", "team": "tb", "start": "", "in": "4", "result": "Walk", "evo": "", "la": "", "dist": ""}, {"player": "harold ramirez", "game": "tb @ bos", "gameIdx": 0, "hr/park": "", "pa": "25", "dt": "", "img": "https://www.mlbstatic.com/team-logos/139.svg", "team": "tb", "start": "", "in": "4", "result": "Strikeout", "evo": "", "la": "", "dist": ""}, {"player": "jd martinez", "game": "tb @ bos", "gameIdx": 0, "hr/park": "", "pa": "24", "dt": "", "img": "https://www.mlbstatic.com/team-logos/111.svg", "team": "bos", "start": "", "in": "3", "result": "Groundout", "evo": "69.1", "la": "-1", "dist": "32"}, {"player": "rafael devers", "game": "tb @ bos", "gameIdx": 0, "hr/park": "", "pa": "23", "dt": "", "img": "https://www.mlbstatic.com/team-logos/111.svg", "team": "bos", "start": "", "in": "3", "result": "Groundout", "evo": "73.8", "la": "-51", "dist": "2"}, {"player": "jarren duran", "game": "tb @ bos", "gameIdx": 0, "hr/park": "", "pa": "22", "dt": "", "img": "https://www.mlbstatic.com/team-logos/111.svg", "team": "bos", "start": "", "in": "3", "result": "Groundout", "evo": "83.1", "la": "-27", "dist": "3"}, {"player": "ji man choi", "game": "tb @ bos", "gameIdx": 0, "hr/park": "", "pa": "21", "dt": "", "img": "https://www.mlbstatic.com/team-logos/139.svg", "team": "tb", "start": "", "in": "3", "result": "Strikeout", "evo": "", "la": "", "dist": ""}, {"player": "wander franco", "game": "tb @ bos", "gameIdx": 0, "hr/park": "", "pa": "20", "dt": "", "img": "https://www.mlbstatic.com/team-logos/139.svg", "team": "tb", "start": "", "in": "3", "result": "Single", "evo": "96.6", "la": "6", "dist": "138"}, {"player": "yandy diaz", "game": "tb @ bos", "gameIdx": 0, "hr/park": "", "pa": "19", "dt": "", "img": "https://www.mlbstatic.com/team-logos/139.svg", "team": "tb", "start": "", "in": "3", "result": "Field Error", "evo": "70.1", "la": "-72", "dist": "2"}, {"player": "brett phillips", "game": "tb @ bos", "gameIdx": 0, "hr/park": "", "pa": "18", "dt": "", "img": "https://www.mlbstatic.com/team-logos/139.svg", "team": "tb", "start": "", "in": "3", "result": "Flyout", "evo": "80.3", "la": "43", "dist": "261"}, {"player": "francisco mejia", "game": "tb @ bos", "gameIdx": 0, "hr/park": "", "pa": "17", "dt": "", "img": "https://www.mlbstatic.com/team-logos/139.svg", "team": "tb", "start": "", "in": "3", "result": "Strikeout", "evo": "", "la": "", "dist": ""}, {"player": "bobby dalbec", "game": "tb @ bos", "gameIdx": 0, "hr/park": "", "pa": "16", "dt": "", "img": "https://www.mlbstatic.com/team-logos/111.svg", "team": "bos", "start": "", "in": "2", "result": "Strikeout", "evo": "", "la": "", "dist": ""}, {"player": "christian arroyo", "game": "tb @ bos", "gameIdx": 0, "hr/park": "", "pa": "15", "dt": "", "img": "https://www.mlbstatic.com/team-logos/111.svg", "team": "bos", "start": "", "in": "2", "result": "Single", "evo": "108.5", "la": "14", "dist": "247"}, {"player": "franchy cordero", "game": "tb @ bos", "gameIdx": 0, "hr/park": "", "pa": "14", "dt": "", "img": "https://www.mlbstatic.com/team-logos/111.svg", "team": "bos", "start": "", "in": "2", "result": "Flyout", "evo": "79.3", "la": "55", "dist": "222"}, {"player": "trevor story", "game": "tb @ bos", "gameIdx": 0, "hr/park": "", "pa": "13", "dt": "", "img": "https://www.mlbstatic.com/team-logos/111.svg", "team": "bos", "start": "", "in": "2", "result": "Single", "evo": "84.0", "la": "-8", "dist": "13"}, {"player": "alex verdugo", "game": "tb @ bos", "gameIdx": 0, "hr/park": "", "pa": "12", "dt": "", "img": "https://www.mlbstatic.com/team-logos/111.svg", "team": "bos", "start": "", "in": "2", "result": "Strikeout", "evo": "", "la": "", "dist": ""}, {"player": "christian vazquez", "game": "tb @ bos", "gameIdx": 0, "hr/park": "", "pa": "11", "dt": "", "img": "https://www.mlbstatic.com/team-logos/111.svg", "team": "bos", "start": "", "in": "2", "result": "Walk", "evo": "", "la": "", "dist": ""}, {"player": "randy arozarena", "game": "tb @ bos", "gameIdx": 0, "hr/park": "", "pa": "10", "dt": "", "img": "https://www.mlbstatic.com/team-logos/139.svg", "team": "tb", "start": "", "in": "2", "result": "Strikeout", "evo": "", "la": "", "dist": ""}, {"player": "josh lowe", "game": "tb @ bos", "gameIdx": 0, "hr/park": "", "pa": "9", "dt": "", "img": "https://www.mlbstatic.com/team-logos/139.svg", "team": "tb", "start": "", "in": "2", "result": "Flyout", "evo": "89.6", "la": "27", "dist": "286"}, {"player": "isaac paredes", "game": "tb @ bos", "gameIdx": 0, "hr/park": "", "pa": "8", "dt": "", "img": "https://www.mlbstatic.com/team-logos/139.svg", "team": "tb", "start": "", "in": "2", "result": "Walk", "evo": "", "la": "", "dist": ""}, {"player": "harold ramirez", "game": "tb @ bos", "gameIdx": 0, "hr/park": "0/30", "pa": "7", "dt": "", "img": "https://www.mlbstatic.com/team-logos/139.svg", "team": "tb", "start": "", "in": "2", "result": "Flyout", "evo": "92.9", "la": "30", "dist": "349"}, {"player": "jd martinez", "game": "tb @ bos", "gameIdx": 0, "hr/park": "", "pa": "6", "dt": "", "img": "https://www.mlbstatic.com/team-logos/111.svg", "team": "bos", "start": "", "in": "1", "result": "Groundout", "evo": "99.2", "la": "-4", "dist": "31"}, {"player": "rafael devers", "game": "tb @ bos", "gameIdx": 0, "hr/park": "", "pa": "5", "dt": "", "img": "https://www.mlbstatic.com/team-logos/111.svg", "team": "bos", "start": "", "in": "1", "result": "Pop Out", "evo": "98.3", "la": "72", "dist": "111"}, {"player": "jarren duran", "game": "tb @ bos", "gameIdx": 0, "hr/park": "", "pa": "4", "dt": "", "img": "https://www.mlbstatic.com/team-logos/111.svg", "team": "bos", "start": "", "in": "1", "result": "Pop Out", "evo": "91.8", "la": "67", "dist": "139"}, {"player": "ji man choi", "game": "tb @ bos", "gameIdx": 0, "hr/park": "", "pa": "3", "dt": "", "img": "https://www.mlbstatic.com/team-logos/139.svg", "team": "tb", "start": "", "in": "1", "result": "Strikeout", "evo": "", "la": "", "dist": ""}, {"player": "wander franco", "game": "tb @ bos", "gameIdx": 0, "hr/park": "", "pa": "2", "dt": "", "img": "https://www.mlbstatic.com/team-logos/139.svg", "team": "tb", "start": "", "in": "1", "result": "Flyout", "evo": "79.2", "la": "35", "dist": "280"}, {"player": "yandy diaz", "game": "tb @ bos", "gameIdx": 0, "hr/park": "", "pa": "1", "dt": "", "img": "https://www.mlbstatic.com/team-logos/139.svg", "team": "tb", "start": "", "in": "1", "result": "Groundout", "evo": "99.4", "la": "-4", "dist": "26"}], "kc @ hou": [], "chc @ mil": [], "sf @ ari": [], "nym @ cin": [], "sea @ sd": [], "stl @ atl": [], "min @ chw": [], "tor @ ath": [{"player": "teoscar hernandez", "game": "tor @ ath", "gameIdx": 0, "hr/park": "", "pa": "65", "dt": "", "img": "https://www.mlbstatic.com/team-logos/141.svg", "team": "tor", "start": "", "in": "9", "result": "Groundout", "evo": "59.9", "la": "-64", "dist": "3"}, {"player": "alejandro kirk", "game": "tor @ ath", "gameIdx": 0, "hr/park": "", "pa": "64", "dt": "", "img": "https://www.mlbstatic.com/team-logos/141.svg", "team": "tor", "start": "", "in": "9", "result": "Flyout", "evo": "88.6", "la": "62", "dist": "194"}, {"player": "vladimir guerrero", "game": "tor @ ath", "gameIdx": 0, "hr/park": "0/30", "pa": "63", "dt": "", "img": "https://www.mlbstatic.com/team-logos/141.svg", "team": "tor", "start": "", "in": "9", "result": "Flyout", "evo": "94.0", "la": "34", "dist": "329"}, {"player": "bo bichette", "game": "tor @ ath", "gameIdx": 0, "hr/park": "0/30", "pa": "62", "dt": "", "img": "https://www.mlbstatic.com/team-logos/141.svg", "team": "tor", "start": "", "in": "9", "result": "Double", "evo": "106.4", "la": "15", "dist": "365"}, {"player": "elvis andrus", "game": "tor @ ath", "gameIdx": 0, "hr/park": "", "pa": "61", "dt": "", "img": "https://www.mlbstatic.com/team-logos/133.svg", "team": "ath", "start": "", "in": "8", "result": "Groundout", "evo": "86.9", "la": "-10", "dist": "16"}, {"player": "stephen vogt", "game": "tor @ ath", "gameIdx": 0, "hr/park": "", "pa": "60", "dt": "", "img": "https://www.mlbstatic.com/team-logos/133.svg", "team": "ath", "start": "", "in": "8", "result": "Strikeout", "evo": "", "la": "", "dist": ""}, {"player": "sean murphy", "game": "tor @ ath", "gameIdx": 0, "hr/park": "", "pa": "59", "dt": "", "img": "https://www.mlbstatic.com/team-logos/133.svg", "team": "ath", "start": "", "in": "8", "result": "Pop Out", "evo": "72.6", "la": "57", "dist": "173"}, {"player": "george springer", "game": "tor @ ath", "gameIdx": 0, "hr/park": "0/30", "pa": "58", "dt": "", "img": "https://www.mlbstatic.com/team-logos/141.svg", "team": "tor", "start": "", "in": "8", "result": "Flyout", "evo": "103.6", "la": "37", "dist": "372"}, {"player": "cavan biggio", "game": "tor @ ath", "gameIdx": 0, "hr/park": "", "pa": "57", "dt": "", "img": "https://www.mlbstatic.com/team-logos/141.svg", "team": "tor", "start": "", "in": "8", "result": "Strikeout", "evo": "", "la": "", "dist": ""}, {"player": "santiago espinal", "game": "tor @ ath", "gameIdx": 0, "hr/park": "", "pa": "56", "dt": "", "img": "https://www.mlbstatic.com/team-logos/141.svg", "team": "tor", "start": "", "in": "8", "result": "Single", "evo": "83.4", "la": "15", "dist": "230"}, {"player": "matt chapman", "game": "tor @ ath", "gameIdx": 0, "hr/park": "0/30", "pa": "55", "dt": "", "img": "https://www.mlbstatic.com/team-logos/141.svg", "team": "tor", "start": "", "in": "8", "result": "Lineout", "evo": "92.5", "la": "19", "dist": "316"}, {"player": "seth brown", "game": "tor @ ath", "gameIdx": 0, "hr/park": "", "pa": "54", "dt": "", "img": "https://www.mlbstatic.com/team-logos/133.svg", "team": "ath", "start": "", "in": "7", "result": "Groundout", "evo": "59.1", "la": "-49", "dist": "3"}, {"player": "ramon laureano", "game": "tor @ ath", "gameIdx": 0, "hr/park": "", "pa": "53", "dt": "", "img": "https://www.mlbstatic.com/team-logos/133.svg", "team": "ath", "start": "", "in": "7", "result": "Single", "evo": "96.7", "la": "15", "dist": "259"}, {"player": "chad pinder", "game": "tor @ ath", "gameIdx": 0, "hr/park": "", "pa": "52", "dt": "", "img": "https://www.mlbstatic.com/team-logos/133.svg", "team": "ath", "start": "", "in": "7", "result": "Groundout", "evo": "88.3", "la": "-7", "dist": "10"}, {"player": "lourdes gurriel", "game": "tor @ ath", "gameIdx": 0, "hr/park": "", "pa": "51", "dt": "", "img": "https://www.mlbstatic.com/team-logos/141.svg", "team": "tor", "start": "", "in": "7", "result": "Groundout", "evo": "91.2", "la": "-40", "dist": "4"}, {"player": "teoscar hernandez", "game": "tor @ ath", "gameIdx": 0, "hr/park": "0/30", "pa": "50", "dt": "", "img": "https://www.mlbstatic.com/team-logos/141.svg", "team": "tor", "start": "", "in": "7", "result": "Flyout", "evo": "96.0", "la": "47", "dist": "313"}, {"player": "alejandro kirk", "game": "tor @ ath", "gameIdx": 0, "hr/park": "2/30", "pa": "49", "dt": "", "img": "https://www.mlbstatic.com/team-logos/141.svg", "team": "tor", "start": "", "in": "7", "result": "Flyout", "evo": "99.8", "la": "38", "dist": "354"}, {"player": "nick allen", "game": "tor @ ath", "gameIdx": 0, "hr/park": "", "pa": "48", "dt": "", "img": "https://www.mlbstatic.com/team-logos/133.svg", "team": "ath", "start": "", "in": "6", "result": "Lineout", "evo": "76.9", "la": "22", "dist": "259"}, {"player": "skye bolt", "game": "tor @ ath", "gameIdx": 0, "hr/park": "", "pa": "47", "dt": "", "img": "https://www.mlbstatic.com/team-logos/133.svg", "team": "ath", "start": "", "in": "6", "result": "Single", "evo": "83.9", "la": "-10", "dist": "18"}, {"player": "vimael machin", "game": "tor @ ath", "gameIdx": 0, "hr/park": "", "pa": "46", "dt": "", "img": "https://www.mlbstatic.com/team-logos/133.svg", "team": "ath", "start": "", "in": "6", "result": "Strikeout", "evo": "", "la": "", "dist": ""}, {"player": "elvis andrus", "game": "tor @ ath", "gameIdx": 0, "hr/park": "", "pa": "45", "dt": "", "img": "https://www.mlbstatic.com/team-logos/133.svg", "team": "ath", "start": "", "in": "6", "result": "Pop Out", "evo": "56.7", "la": "85", "dist": "22"}, {"player": "stephen vogt", "game": "tor @ ath", "gameIdx": 0, "hr/park": "28/30", "pa": "44", "dt": "", "img": "https://www.mlbstatic.com/team-logos/133.svg", "team": "ath", "start": "", "in": "6", "result": "Home Run", "evo": "104.3", "la": "27", "dist": "426"}, {"player": "vladimir guerrero", "game": "tor @ ath", "gameIdx": 0, "hr/park": "", "pa": "43", "dt": "", "img": "https://www.mlbstatic.com/team-logos/141.svg", "team": "tor", "start": "", "in": "6", "result": "Groundout", "evo": "105.1", "la": "-9", "dist": "18"}, {"player": "bo bichette", "game": "tor @ ath", "gameIdx": 0, "hr/park": "", "pa": "42", "dt": "", "img": "https://www.mlbstatic.com/team-logos/141.svg", "team": "tor", "start": "", "in": "6", "result": "Groundout", "evo": "91.2", "la": "-37", "dist": "2"}, {"player": "george springer", "game": "tor @ ath", "gameIdx": 0, "hr/park": "", "pa": "41", "dt": "", "img": "https://www.mlbstatic.com/team-logos/141.svg", "team": "tor", "start": "", "in": "6", "result": "Pop Out", "evo": "81.3", "la": "57", "dist": "184"}, {"player": "sean murphy", "game": "tor @ ath", "gameIdx": 0, "hr/park": "", "pa": "40", "dt": "", "img": "https://www.mlbstatic.com/team-logos/133.svg", "team": "ath", "start": "", "in": "5", "result": "Strikeout", "evo": "", "la": "", "dist": ""}, {"player": "seth brown", "game": "tor @ ath", "gameIdx": 0, "hr/park": "", "pa": "39", "dt": "", "img": "https://www.mlbstatic.com/team-logos/133.svg", "team": "ath", "start": "", "in": "5", "result": "Pop Out", "evo": "80.0", "la": "69", "dist": "150"}, {"player": "ramon laureano", "game": "tor @ ath", "gameIdx": 0, "hr/park": "30/30", "pa": "38", "dt": "", "img": "https://www.mlbstatic.com/team-logos/133.svg", "team": "ath", "start": "", "in": "5", "result": "Home Run", "evo": "104.7", "la": "30", "dist": "417"}, {"player": "tony kemp", "game": "tor @ ath", "gameIdx": 0, "hr/park": "", "pa": "37", "dt": "", "img": "https://www.mlbstatic.com/team-logos/133.svg", "team": "ath", "start": "", "in": "5", "result": "Groundout", "evo": "73.0", "la": "-18", "dist": "6"}, {"player": "cavan biggio", "game": "tor @ ath", "gameIdx": 0, "hr/park": "", "pa": "36", "dt": "", "img": "https://www.mlbstatic.com/team-logos/141.svg", "team": "tor", "start": "", "in": "5", "result": "Lineout", "evo": "100.3", "la": "20", "dist": "289"}, {"player": "santiago espinal", "game": "tor @ ath", "gameIdx": 0, "hr/park": "0/30", "pa": "35", "dt": "", "img": "https://www.mlbstatic.com/team-logos/141.svg", "team": "tor", "start": "", "in": "5", "result": "Lineout", "evo": "100.7", "la": "26", "dist": "384"}, {"player": "matt chapman", "game": "tor @ ath", "gameIdx": 0, "hr/park": "", "pa": "34", "dt": "", "img": "https://www.mlbstatic.com/team-logos/141.svg", "team": "tor", "start": "", "in": "5", "result": "Strikeout", "evo": "", "la": "", "dist": ""}, {"player": "lourdes gurriel", "game": "tor @ ath", "gameIdx": 0, "hr/park": "", "pa": "33", "dt": "", "img": "https://www.mlbstatic.com/team-logos/141.svg", "team": "tor", "start": "", "in": "5", "result": "Single", "evo": "96.6", "la": "2", "dist": "81"}, {"player": "nick allen", "game": "tor @ ath", "gameIdx": 0, "hr/park": "0/30", "pa": "32", "dt": "", "img": "https://www.mlbstatic.com/team-logos/133.svg", "team": "ath", "start": "", "in": "4", "result": "Lineout", "evo": "91.4", "la": "25", "dist": "336"}, {"player": "skye bolt", "game": "tor @ ath", "gameIdx": 0, "hr/park": "1/30", "pa": "31", "dt": "", "img": "https://www.mlbstatic.com/team-logos/133.svg", "team": "ath", "start": "", "in": "4", "result": "Flyout", "evo": "98.9", "la": "39", "dist": "345"}, {"player": "vimael machin", "game": "tor @ ath", "gameIdx": 0, "hr/park": "", "pa": "30", "dt": "", "img": "https://www.mlbstatic.com/team-logos/133.svg", "team": "ath", "start": "", "in": "4", "result": "Walk", "evo": "", "la": "", "dist": ""}, {"player": "elvis andrus", "game": "tor @ ath", "gameIdx": 0, "hr/park": "0/30", "pa": "29", "dt": "", "img": "https://www.mlbstatic.com/team-logos/133.svg", "team": "ath", "start": "", "in": "4", "result": "Lineout", "evo": "101.4", "la": "17", "dist": "332"}, {"player": "teoscar hernandez", "game": "tor @ ath", "gameIdx": 0, "hr/park": "", "pa": "28", "dt": "", "img": "https://www.mlbstatic.com/team-logos/141.svg", "team": "tor", "start": "", "in": "4", "result": "Groundout", "evo": "96.0", "la": "7", "dist": "105"}, {"player": "alejandro kirk", "game": "tor @ ath", "gameIdx": 0, "hr/park": "", "pa": "27", "dt": "", "img": "https://www.mlbstatic.com/team-logos/141.svg", "team": "tor", "start": "", "in": "4", "result": "Single", "evo": "104.7", "la": "", "dist": "57"}, {"player": "vladimir guerrero", "game": "tor @ ath", "gameIdx": 0, "hr/park": "0/30", "pa": "26", "dt": "", "img": "https://www.mlbstatic.com/team-logos/141.svg", "team": "tor", "start": "", "in": "4", "result": "Double", "evo": "108.1", "la": "19", "dist": "400"}, {"player": "bo bichette", "game": "tor @ ath", "gameIdx": 0, "hr/park": "", "pa": "25", "dt": "", "img": "https://www.mlbstatic.com/team-logos/141.svg", "team": "tor", "start": "", "in": "4", "result": "Groundout", "evo": "80.5", "la": "5", "dist": "82"}, {"player": "george springer", "game": "tor @ ath", "gameIdx": 0, "hr/park": "", "pa": "24", "dt": "", "img": "https://www.mlbstatic.com/team-logos/141.svg", "team": "tor", "start": "", "in": "4", "result": "Strikeout", "evo": "", "la": "", "dist": ""}, {"player": "stephen vogt", "game": "tor @ ath", "gameIdx": 0, "hr/park": "", "pa": "23", "dt": "", "img": "https://www.mlbstatic.com/team-logos/133.svg", "team": "ath", "start": "", "in": "3", "result": "Strikeout", "evo": "", "la": "", "dist": ""}, {"player": "sean murphy", "game": "tor @ ath", "gameIdx": 0, "hr/park": "", "pa": "22", "dt": "", "img": "https://www.mlbstatic.com/team-logos/133.svg", "team": "ath", "start": "", "in": "3", "result": "Single", "evo": "93.2", "la": "17", "dist": "263"}, {"player": "seth brown", "game": "tor @ ath", "gameIdx": 0, "hr/park": "", "pa": "21", "dt": "", "img": "https://www.mlbstatic.com/team-logos/133.svg", "team": "ath", "start": "", "in": "3", "result": "Flyout", "evo": "79.5", "la": "55", "dist": "218"}, {"player": "ramon laureano", "game": "tor @ ath", "gameIdx": 0, "hr/park": "", "pa": "20", "dt": "", "img": "https://www.mlbstatic.com/team-logos/133.svg", "team": "ath", "start": "", "in": "3", "result": "Strikeout", "evo": "", "la": "", "dist": ""}, {"player": "cavan biggio", "game": "tor @ ath", "gameIdx": 0, "hr/park": "", "pa": "19", "dt": "", "img": "https://www.mlbstatic.com/team-logos/141.svg", "team": "tor", "start": "", "in": "3", "result": "Flyout", "evo": "79.1", "la": "36", "dist": "295"}, {"player": "santiago espinal", "game": "tor @ ath", "gameIdx": 0, "hr/park": "", "pa": "18", "dt": "", "img": "https://www.mlbstatic.com/team-logos/141.svg", "team": "tor", "start": "", "in": "3", "result": "Pop Out", "evo": "75.1", "la": "82", "dist": "20"}, {"player": "matt chapman", "game": "tor @ ath", "gameIdx": 0, "hr/park": "", "pa": "17", "dt": "", "img": "https://www.mlbstatic.com/team-logos/141.svg", "team": "tor", "start": "", "in": "3", "result": "Pop Out", "evo": "84.3", "la": "81", "dist": "15"}, {"player": "tony kemp", "game": "tor @ ath", "gameIdx": 0, "hr/park": "", "pa": "16", "dt": "", "img": "https://www.mlbstatic.com/team-logos/133.svg", "team": "ath", "start": "", "in": "2", "result": "Groundout", "evo": "65.4", "la": "5", "dist": "59"}, {"player": "nick allen", "game": "tor @ ath", "gameIdx": 0, "hr/park": "", "pa": "15", "dt": "", "img": "https://www.mlbstatic.com/team-logos/133.svg", "team": "ath", "start": "", "in": "2", "result": "Groundout", "evo": "96.7", "la": "-19", "dist": "6"}, {"player": "skye bolt", "game": "tor @ ath", "gameIdx": 0, "hr/park": "", "pa": "14", "dt": "", "img": "https://www.mlbstatic.com/team-logos/133.svg", "team": "ath", "start": "", "in": "2", "result": "Strikeout", "evo": "", "la": "", "dist": ""}, {"player": "lourdes gurriel", "game": "tor @ ath", "gameIdx": 0, "hr/park": "0/30", "pa": "13", "dt": "", "img": "https://www.mlbstatic.com/team-logos/141.svg", "team": "tor", "start": "", "in": "2", "result": "Flyout", "evo": "94.7", "la": "30", "dist": "361"}, {"player": "teoscar hernandez", "game": "tor @ ath", "gameIdx": 0, "hr/park": "", "pa": "12", "dt": "", "img": "https://www.mlbstatic.com/team-logos/141.svg", "team": "tor", "start": "", "in": "2", "result": "Pop Out", "evo": "72.7", "la": "71", "dist": "117"}, {"player": "alejandro kirk", "game": "tor @ ath", "gameIdx": 0, "hr/park": "0/30", "pa": "11", "dt": "", "img": "https://www.mlbstatic.com/team-logos/141.svg", "team": "tor", "start": "", "in": "2", "result": "Flyout", "evo": "91.4", "la": "33", "dist": "321"}, {"player": "vimael machin", "game": "tor @ ath", "gameIdx": 0, "hr/park": "", "pa": "10", "dt": "", "img": "https://www.mlbstatic.com/team-logos/133.svg", "team": "ath", "start": "", "in": "1", "result": "Groundout", "evo": "97.2", "la": "-17", "dist": "6"}, {"player": "elvis andrus", "game": "tor @ ath", "gameIdx": 0, "hr/park": "", "pa": "9", "dt": "", "img": "https://www.mlbstatic.com/team-logos/133.svg", "team": "ath", "start": "", "in": "1", "result": "Double", "evo": "100.9", "la": "-5", "dist": "24"}, {"player": "stephen vogt", "game": "tor @ ath", "gameIdx": 0, "hr/park": "", "pa": "8", "dt": "", "img": "https://www.mlbstatic.com/team-logos/133.svg", "team": "ath", "start": "", "in": "1", "result": "Sac Fly", "evo": "95.2", "la": "51", "dist": "257"}, {"player": "sean murphy", "game": "tor @ ath", "gameIdx": 0, "hr/park": "", "pa": "7", "dt": "", "img": "https://www.mlbstatic.com/team-logos/133.svg", "team": "ath", "start": "", "in": "1", "result": "Hit By Pitch", "evo": "", "la": "", "dist": ""}, {"player": "seth brown", "game": "tor @ ath", "gameIdx": 0, "hr/park": "", "pa": "6", "dt": "", "img": "https://www.mlbstatic.com/team-logos/133.svg", "team": "ath", "start": "", "in": "1", "result": "Single", "evo": "112.9", "la": "5", "dist": "103"}, {"player": "ramon laureano", "game": "tor @ ath", "gameIdx": 0, "hr/park": "", "pa": "5", "dt": "", "img": "https://www.mlbstatic.com/team-logos/133.svg", "team": "ath", "start": "", "in": "1", "result": "Walk", "evo": "", "la": "", "dist": ""}, {"player": "tony kemp", "game": "tor @ ath", "gameIdx": 0, "hr/park": "", "pa": "4", "dt": "", "img": "https://www.mlbstatic.com/team-logos/133.svg", "team": "ath", "start": "", "in": "1", "result": "Groundout", "evo": "84.1", "la": "-9", "dist": "16"}, {"player": "vladimir guerrero", "game": "tor @ ath", "gameIdx": 0, "hr/park": "", "pa": "3", "dt": "", "img": "https://www.mlbstatic.com/team-logos/141.svg", "team": "tor", "start": "", "in": "1", "result": "Strikeout", "evo": "", "la": "", "dist": ""}, {"player": "bo bichette", "game": "tor @ ath", "gameIdx": 0, "hr/park": "0/30", "pa": "2", "dt": "", "img": "https://www.mlbstatic.com/team-logos/141.svg", "team": "tor", "start": "", "in": "1", "result": "Flyout", "evo": "99.1", "la": "38", "dist": "349"}, {"player": "george springer", "game": "tor @ ath", "gameIdx": 0, "hr/park": "", "pa": "1", "dt": "", "img": "https://www.mlbstatic.com/team-logos/141.svg", "team": "tor", "start": "", "in": "1", "result": "Flyout", "evo": "70.6", "la": "39", "dist": "235"}], "col @ lad": []}