{"all": {"pitchers": "46", "batters": "100", "pitches": "1692", "max velomax pitch velocity": "101.1", "min velomin pitch velocity": "68.2", "ff%fourseam fastball %": "36.8", "si%sinker %": "12.4", "fc%cutter %": "11.4", "fs%splitter %": "0.1", "ch%changeup %": "13.4", "sl%slider %": "17.4", "cu%curve %": "8.5", "max evmax exit velocity": "116.0", "hhhard hit": "99", "hh%hard hit %": "32.1", "brlbarrels": "23", "brl%barrel %": "7.5", "ab": "398", "avg": ".221", "h": "88", "1b": "52", "2b": "20", "3b": "4", "hr": "12", "so": "100", "bipballs in play": "308", "liveGames": 0, "totGames": 16}, "min @ det": [{"player": "trevor larnach", "game": "min @ det", "gameIdx": 0, "hr/park": "", "pa": "66", "dt": "", "img": "https://www.mlbstatic.com/team-logos/142.svg", "team": "min", "start": "", "in": "9", "result": "Groundout", "evo": "82.8", "la": "-18", "dist": "9"}, {"player": "jorge polanco", "game": "min @ det", "gameIdx": 0, "hr/park": "", "pa": "65", "dt": "", "img": "https://www.mlbstatic.com/team-logos/142.svg", "team": "min", "start": "", "in": "9", "result": "Strikeout", "evo": "", "la": "", "dist": ""}, {"player": "kyle garlick", "game": "min @ det", "gameIdx": 0, "hr/park": "", "pa": "64", "dt": "", "img": "https://www.mlbstatic.com/team-logos/142.svg", "team": "min", "start": "", "in": "9", "result": "Strikeout", "evo": "", "la": "", "dist": ""}, {"player": "jeimer candelario", "game": "min @ det", "gameIdx": 0, "hr/park": "", "pa": "63", "dt": "", "img": "https://www.mlbstatic.com/team-logos/116.svg", "team": "det", "start": "", "in": "8", "result": "Strikeout", "evo": "", "la": "", "dist": ""}, {"player": "kody clemens", "game": "min @ det", "gameIdx": 0, "hr/park": "", "pa": "62", "dt": "", "img": "https://www.mlbstatic.com/team-logos/116.svg", "team": "det", "start": "", "in": "8", "result": "Strikeout", "evo": "", "la": "", "dist": ""}, {"player": "spencer torkelson", "game": "min @ det", "gameIdx": 0, "hr/park": "", "pa": "61", "dt": "", "img": "https://www.mlbstatic.com/team-logos/116.svg", "team": "det", "start": "", "in": "8", "result": "Groundout", "evo": "85.4", "la": "-54", "dist": "3"}, {"player": "luis arraez", "game": "min @ det", "gameIdx": 0, "hr/park": "", "pa": "60", "dt": "", "img": "https://www.mlbstatic.com/team-logos/142.svg", "team": "min", "start": "", "in": "8", "result": "Flyout", "evo": "85.8", "la": "40", "dist": "287"}, {"player": "byron buxton", "game": "min @ det", "gameIdx": 0, "hr/park": "", "pa": "59", "dt": "", "img": "https://www.mlbstatic.com/team-logos/142.svg", "team": "min", "start": "", "in": "8", "result": "Single", "evo": "109.5", "la": "13", "dist": "238"}, {"player": "jermaine palacios", "game": "min @ det", "gameIdx": 0, "hr/park": "", "pa": "58", "dt": "", "img": "https://www.mlbstatic.com/team-logos/142.svg", "team": "min", "start": "", "in": "8", "result": "Strikeout", "evo": "", "la": "", "dist": ""}, {"player": "ryan jeffers", "game": "min @ det", "gameIdx": 0, "hr/park": "", "pa": "57", "dt": "", "img": "https://www.mlbstatic.com/team-logos/142.svg", "team": "min", "start": "", "in": "8", "result": "Groundout", "evo": "67.5", "la": "7", "dist": "69"}, {"player": "javier baez", "game": "min @ det", "gameIdx": 0, "hr/park": "", "pa": "56", "dt": "", "img": "https://www.mlbstatic.com/team-logos/116.svg", "team": "det", "start": "", "in": "7", "result": "Groundout", "evo": "47.8", "la": "-40", "dist": "6"}, {"player": "harold castro", "game": "min @ det", "gameIdx": 0, "hr/park": "0/30", "pa": "55", "dt": "", "img": "https://www.mlbstatic.com/team-logos/116.svg", "team": "det", "start": "", "in": "7", "result": "Flyout", "evo": "96.2", "la": "28", "dist": "332"}, {"player": "jonathan schoop", "game": "min @ det", "gameIdx": 0, "hr/park": "", "pa": "54", "dt": "", "img": "https://www.mlbstatic.com/team-logos/116.svg", "team": "det", "start": "", "in": "7", "result": "Strikeout", "evo": "", "la": "", "dist": ""}, {"player": "nick gordon", "game": "min @ det", "gameIdx": 0, "hr/park": "", "pa": "53", "dt": "", "img": "https://www.mlbstatic.com/team-logos/142.svg", "team": "min", "start": "", "in": "7", "result": "Groundout", "evo": "82.3", "la": "-49", "dist": "1"}, {"player": "jose miranda", "game": "min @ det", "gameIdx": 0, "hr/park": "", "pa": "52", "dt": "", "img": "https://www.mlbstatic.com/team-logos/142.svg", "team": "min", "start": "", "in": "7", "result": "Groundout", "evo": "86.4", "la": "-9", "dist": "14"}, {"player": "trevor larnach", "game": "min @ det", "gameIdx": 0, "hr/park": "", "pa": "51", "dt": "", "img": "https://www.mlbstatic.com/team-logos/142.svg", "team": "min", "start": "", "in": "7", "result": "Double", "evo": "107.4", "la": "16", "dist": "262"}, {"player": "jorge polanco", "game": "min @ det", "gameIdx": 0, "hr/park": "", "pa": "50", "dt": "", "img": "https://www.mlbstatic.com/team-logos/142.svg", "team": "min", "start": "", "in": "7", "result": "Pop Out", "evo": "67.6", "la": "56", "dist": "173"}, {"player": "willi castro", "game": "min @ det", "gameIdx": 0, "hr/park": "", "pa": "49", "dt": "", "img": "https://www.mlbstatic.com/team-logos/116.svg", "team": "det", "start": "", "in": "6", "result": "Groundout", "evo": "96.5", "la": "-19", "dist": "5"}, {"player": "tucker barnhart", "game": "min @ det", "gameIdx": 0, "hr/park": "0/30", "pa": "48", "dt": "", "img": "https://www.mlbstatic.com/team-logos/116.svg", "team": "det", "start": "", "in": "6", "result": "Flyout", "evo": "92.2", "la": "29", "dist": "321"}, {"player": "daz cameron", "game": "min @ det", "gameIdx": 0, "hr/park": "", "pa": "47", "dt": "", "img": "https://www.mlbstatic.com/team-logos/116.svg", "team": "det", "start": "", "in": "6", "result": "Hit By Pitch", "evo": "", "la": "", "dist": ""}, {"player": "jeimer candelario", "game": "min @ det", "gameIdx": 0, "hr/park": "", "pa": "46", "dt": "", "img": "https://www.mlbstatic.com/team-logos/116.svg", "team": "det", "start": "", "in": "6", "result": "Strikeout", "evo": "", "la": "", "dist": ""}, {"player": "kyle garlick", "game": "min @ det", "gameIdx": 0, "hr/park": "", "pa": "45", "dt": "", "img": "https://www.mlbstatic.com/team-logos/142.svg", "team": "min", "start": "", "in": "6", "result": "Groundout", "evo": "97.2", "la": "-11", "dist": "14"}, {"player": "luis arraez", "game": "min @ det", "gameIdx": 0, "hr/park": "", "pa": "44", "dt": "", "img": "https://www.mlbstatic.com/team-logos/142.svg", "team": "min", "start": "", "in": "6", "result": "Pop Out", "evo": "81.8", "la": "67", "dist": "142"}, {"player": "byron buxton", "game": "min @ det", "gameIdx": 0, "hr/park": "", "pa": "43", "dt": "", "img": "https://www.mlbstatic.com/team-logos/142.svg", "team": "min", "start": "", "in": "6", "result": "Groundout", "evo": "95.0", "la": "-6", "dist": "16"}, {"player": "kody clemens", "game": "min @ det", "gameIdx": 0, "hr/park": "", "pa": "42", "dt": "", "img": "https://www.mlbstatic.com/team-logos/116.svg", "team": "det", "start": "", "in": "5", "result": "Strikeout", "evo": "", "la": "", "dist": ""}, {"player": "spencer torkelson", "game": "min @ det", "gameIdx": 0, "hr/park": "", "pa": "41", "dt": "", "img": "https://www.mlbstatic.com/team-logos/116.svg", "team": "det", "start": "", "in": "5", "result": "GIDP", "evo": "76.4", "la": "-16", "dist": "11"}, {"player": "javier baez", "game": "min @ det", "gameIdx": 0, "hr/park": "", "pa": "40", "dt": "", "img": "https://www.mlbstatic.com/team-logos/116.svg", "team": "det", "start": "", "in": "5", "result": "Field Error", "evo": "88.8", "la": "-39", "dist": "3"}, {"player": "jermaine palacios", "game": "min @ det", "gameIdx": 0, "hr/park": "", "pa": "39", "dt": "", "img": "https://www.mlbstatic.com/team-logos/142.svg", "team": "min", "start": "", "in": "5", "result": "Forceout", "evo": "83.9", "la": "-54", "dist": "2"}, {"player": "ryan jeffers", "game": "min @ det", "gameIdx": 0, "hr/park": "", "pa": "38", "dt": "", "img": "https://www.mlbstatic.com/team-logos/142.svg", "team": "min", "start": "", "in": "5", "result": "Walk", "evo": "", "la": "", "dist": ""}, {"player": "nick gordon", "game": "min @ det", "gameIdx": 0, "hr/park": "", "pa": "37", "dt": "", "img": "https://www.mlbstatic.com/team-logos/142.svg", "team": "min", "start": "", "in": "5", "result": "Forceout", "evo": "61.1", "la": "-21", "dist": "3"}, {"player": "jose miranda", "game": "min @ det", "gameIdx": 0, "hr/park": "", "pa": "36", "dt": "", "img": "https://www.mlbstatic.com/team-logos/142.svg", "team": "min", "start": "", "in": "5", "result": "Strikeout", "evo": "", "la": "", "dist": ""}, {"player": "trevor larnach", "game": "min @ det", "gameIdx": 0, "hr/park": "", "pa": "35", "dt": "", "img": "https://www.mlbstatic.com/team-logos/142.svg", "team": "min", "start": "", "in": "5", "result": "Walk", "evo": "", "la": "", "dist": ""}, {"player": "harold castro", "game": "min @ det", "gameIdx": 0, "hr/park": "", "pa": "34", "dt": "", "img": "https://www.mlbstatic.com/team-logos/116.svg", "team": "det", "start": "", "in": "4", "result": "Strikeout", "evo": "", "la": "", "dist": ""}, {"player": "jonathan schoop", "game": "min @ det", "gameIdx": 0, "hr/park": "", "pa": "33", "dt": "", "img": "https://www.mlbstatic.com/team-logos/116.svg", "team": "det", "start": "", "in": "4", "result": "Walk", "evo": "", "la": "", "dist": ""}, {"player": "willi castro", "game": "min @ det", "gameIdx": 0, "hr/park": "", "pa": "32", "dt": "", "img": "https://www.mlbstatic.com/team-logos/116.svg", "team": "det", "start": "", "in": "4", "result": "Flyout", "evo": "82.0", "la": "35", "dist": "294"}, {"player": "tucker barnhart", "game": "min @ det", "gameIdx": 0, "hr/park": "", "pa": "31", "dt": "", "img": "https://www.mlbstatic.com/team-logos/116.svg", "team": "det", "start": "", "in": "4", "result": "Groundout", "evo": "82.5", "la": "-32", "dist": "4"}, {"player": "jorge polanco", "game": "min @ det", "gameIdx": 0, "hr/park": "", "pa": "30", "dt": "", "img": "https://www.mlbstatic.com/team-logos/142.svg", "team": "min", "start": "", "in": "4", "result": "Flyout", "evo": "91.8", "la": "50", "dist": "281"}, {"player": "kyle garlick", "game": "min @ det", "gameIdx": 0, "hr/park": "", "pa": "29", "dt": "", "img": "https://www.mlbstatic.com/team-logos/142.svg", "team": "min", "start": "", "in": "4", "result": "Strikeout", "evo": "", "la": "", "dist": ""}, {"player": "luis arraez", "game": "min @ det", "gameIdx": 0, "hr/park": "", "pa": "28", "dt": "", "img": "https://www.mlbstatic.com/team-logos/142.svg", "team": "min", "start": "", "in": "4", "result": "Groundout", "evo": "90.0", "la": "-18", "dist": "8"}, {"player": "daz cameron", "game": "min @ det", "gameIdx": 0, "hr/park": "", "pa": "27", "dt": "", "img": "https://www.mlbstatic.com/team-logos/116.svg", "team": "det", "start": "", "in": "3", "result": "Strikeout", "evo": "", "la": "", "dist": ""}, {"player": "jeimer candelario", "game": "min @ det", "gameIdx": 0, "hr/park": "0/30", "pa": "26", "dt": "", "img": "https://www.mlbstatic.com/team-logos/116.svg", "team": "det", "start": "", "in": "3", "result": "Flyout", "evo": "92.5", "la": "42", "dist": "305"}, {"player": "kody clemens", "game": "min @ det", "gameIdx": 0, "hr/park": "", "pa": "25", "dt": "", "img": "https://www.mlbstatic.com/team-logos/116.svg", "team": "det", "start": "", "in": "3", "result": "Walk", "evo": "", "la": "", "dist": ""}, {"player": "spencer torkelson", "game": "min @ det", "gameIdx": 0, "hr/park": "0/30", "pa": "24", "dt": "", "img": "https://www.mlbstatic.com/team-logos/116.svg", "team": "det", "start": "", "in": "3", "result": "Flyout", "evo": "91.7", "la": "38", "dist": "314"}, {"player": "byron buxton", "game": "min @ det", "gameIdx": 0, "hr/park": "", "pa": "23", "dt": "", "img": "https://www.mlbstatic.com/team-logos/142.svg", "team": "min", "start": "", "in": "3", "result": "Strikeout", "evo": "", "la": "", "dist": ""}, {"player": "jermaine palacios", "game": "min @ det", "gameIdx": 0, "hr/park": "", "pa": "22", "dt": "", "img": "https://www.mlbstatic.com/team-logos/142.svg", "team": "min", "start": "", "in": "3", "result": "Single", "evo": "99.0", "la": "10", "dist": "150"}, {"player": "ryan jeffers", "game": "min @ det", "gameIdx": 0, "hr/park": "", "pa": "21", "dt": "", "img": "https://www.mlbstatic.com/team-logos/142.svg", "team": "min", "start": "", "in": "3", "result": "Flyout", "evo": "94.5", "la": "47", "dist": "293"}, {"player": "nick gordon", "game": "min @ det", "gameIdx": 0, "hr/park": "", "pa": "20", "dt": "", "img": "https://www.mlbstatic.com/team-logos/142.svg", "team": "min", "start": "", "in": "3", "result": "Groundout", "evo": "96.2", "la": "-22", "dist": "6"}, {"player": "javier baez", "game": "min @ det", "gameIdx": 0, "hr/park": "", "pa": "19", "dt": "", "img": "https://www.mlbstatic.com/team-logos/116.svg", "team": "det", "start": "", "in": "2", "result": "Lineout", "evo": "98.6", "la": "16", "dist": "274"}, {"player": "harold castro", "game": "min @ det", "gameIdx": 0, "hr/park": "", "pa": "18", "dt": "", "img": "https://www.mlbstatic.com/team-logos/116.svg", "team": "det", "start": "", "in": "2", "result": "Double", "evo": "85.6", "la": "6", "dist": "91"}, {"player": "jonathan schoop", "game": "min @ det", "gameIdx": 0, "hr/park": "", "pa": "17", "dt": "", "img": "https://www.mlbstatic.com/team-logos/116.svg", "team": "det", "start": "", "in": "2", "result": "Single", "evo": "71.8", "la": "12", "dist": "139"}, {"player": "willi castro", "game": "min @ det", "gameIdx": 0, "hr/park": "", "pa": "16", "dt": "", "img": "https://www.mlbstatic.com/team-logos/116.svg", "team": "det", "start": "", "in": "2", "result": "Strikeout", "evo": "", "la": "", "dist": ""}, {"player": "tucker barnhart", "game": "min @ det", "gameIdx": 0, "hr/park": "", "pa": "15", "dt": "", "img": "https://www.mlbstatic.com/team-logos/116.svg", "team": "det", "start": "", "in": "2", "result": "Groundout", "evo": "65.7", "la": "-20", "dist": "5"}, {"player": "daz cameron", "game": "min @ det", "gameIdx": 0, "hr/park": "", "pa": "14", "dt": "", "img": "https://www.mlbstatic.com/team-logos/116.svg", "team": "det", "start": "", "in": "2", "result": "Single", "evo": "86.1", "la": "-31", "dist": "7"}, {"player": "jeimer candelario", "game": "min @ det", "gameIdx": 0, "hr/park": "", "pa": "13", "dt": "", "img": "https://www.mlbstatic.com/team-logos/116.svg", "team": "det", "start": "", "in": "2", "result": "Walk", "evo": "", "la": "", "dist": ""}, {"player": "jose miranda", "game": "min @ det", "gameIdx": 0, "hr/park": "", "pa": "12", "dt": "", "img": "https://www.mlbstatic.com/team-logos/142.svg", "team": "min", "start": "", "in": "2", "result": "Groundout", "evo": "74.3", "la": "-48", "dist": "3"}, {"player": "trevor larnach", "game": "min @ det", "gameIdx": 0, "hr/park": "", "pa": "11", "dt": "", "img": "https://www.mlbstatic.com/team-logos/142.svg", "team": "min", "start": "", "in": "2", "result": "Strikeout", "evo": "", "la": "", "dist": ""}, {"player": "jorge polanco", "game": "min @ det", "gameIdx": 0, "hr/park": "", "pa": "10", "dt": "", "img": "https://www.mlbstatic.com/team-logos/142.svg", "team": "min", "start": "", "in": "2", "result": "Groundout", "evo": "101.2", "la": "-16", "dist": "8"}, {"player": "kody clemens", "game": "min @ det", "gameIdx": 0, "hr/park": "0/30", "pa": "9", "dt": "", "img": "https://www.mlbstatic.com/team-logos/116.svg", "team": "det", "start": "", "in": "1", "result": "Lineout", "evo": "91.2", "la": "23", "dist": "306"}, {"player": "spencer torkelson", "game": "min @ det", "gameIdx": 0, "hr/park": "", "pa": "8", "dt": "", "img": "https://www.mlbstatic.com/team-logos/116.svg", "team": "det", "start": "", "in": "1", "result": "Walk", "evo": "", "la": "", "dist": ""}, {"player": "javier baez", "game": "min @ det", "gameIdx": 0, "hr/park": "", "pa": "7", "dt": "", "img": "https://www.mlbstatic.com/team-logos/116.svg", "team": "det", "start": "", "in": "1", "result": "Strikeout", "evo": "", "la": "", "dist": ""}, {"player": "harold castro", "game": "min @ det", "gameIdx": 0, "hr/park": "0/30", "pa": "6", "dt": "", "img": "https://www.mlbstatic.com/team-logos/116.svg", "team": "det", "start": "", "in": "1", "result": "Lineout", "evo": "99.5", "la": "23", "dist": "340"}, {"player": "jonathan schoop", "game": "min @ det", "gameIdx": 0, "hr/park": "30/30", "pa": "5", "dt": "", "img": "https://www.mlbstatic.com/team-logos/116.svg", "team": "det", "start": "", "in": "1", "result": "Home Run", "evo": "104.2", "la": "39", "dist": "387"}, {"player": "willi castro", "game": "min @ det", "gameIdx": 0, "hr/park": "", "pa": "4", "dt": "", "img": "https://www.mlbstatic.com/team-logos/116.svg", "team": "det", "start": "", "in": "1", "result": "Single", "evo": "84.4", "la": "5", "dist": "85"}, {"player": "kyle garlick", "game": "min @ det", "gameIdx": 0, "hr/park": "", "pa": "3", "dt": "", "img": "https://www.mlbstatic.com/team-logos/142.svg", "team": "min", "start": "", "in": "1", "result": "Strikeout", "evo": "", "la": "", "dist": ""}, {"player": "luis arraez", "game": "min @ det", "gameIdx": 0, "hr/park": "", "pa": "2", "dt": "", "img": "https://www.mlbstatic.com/team-logos/142.svg", "team": "min", "start": "", "in": "1", "result": "Groundout", "evo": "80.0", "la": "-46", "dist": "3"}, {"player": "byron buxton", "game": "min @ det", "gameIdx": 0, "hr/park": "", "pa": "1", "dt": "", "img": "https://www.mlbstatic.com/team-logos/142.svg", "team": "min", "start": "", "in": "1", "result": "Flyout", "evo": "101.1", "la": "52", "dist": "265"}], "kc @ cle": [{"player": "whit merrifield", "game": "kc @ cle", "gameIdx": 0, "hr/park": "0/30", "pa": "78", "dt": "", "img": "https://www.mlbstatic.com/team-logos/118.svg", "team": "kc", "start": "", "in": "9", "result": "Flyout", "evo": "88.8", "la": "31", "dist": "333"}, {"player": "nicky lopez", "game": "kc @ cle", "gameIdx": 0, "hr/park": "", "pa": "77", "dt": "", "img": "https://www.mlbstatic.com/team-logos/118.svg", "team": "kc", "start": "", "in": "9", "result": "Walk", "evo": "", "la": "", "dist": ""}, {"player": "emmanuel rivera", "game": "kc @ cle", "gameIdx": 0, "hr/park": "", "pa": "76", "dt": "", "img": "https://www.mlbstatic.com/team-logos/118.svg", "team": "kc", "start": "", "in": "9", "result": "Strikeout", "evo": "", "la": "", "dist": ""}, {"player": "kyle isbel", "game": "kc @ cle", "gameIdx": 0, "hr/park": "", "pa": "75", "dt": "", "img": "https://www.mlbstatic.com/team-logos/118.svg", "team": "kc", "start": "", "in": "9", "result": "Forceout", "evo": "96.9", "la": "-16", "dist": "10"}, {"player": "hunter dozier", "game": "kc @ cle", "gameIdx": 0, "hr/park": "", "pa": "74", "dt": "", "img": "https://www.mlbstatic.com/team-logos/118.svg", "team": "kc", "start": "", "in": "9", "result": "Walk", "evo": "", "la": "", "dist": ""}, {"player": "oscar gonzalez", "game": "kc @ cle", "gameIdx": 0, "hr/park": "0/30", "pa": "73", "dt": "", "img": "https://www.mlbstatic.com/team-logos/114.svg", "team": "cle", "start": "", "in": "8", "result": "Flyout", "evo": "90.5", "la": "31", "dist": "345"}, {"player": "owen miller", "game": "kc @ cle", "gameIdx": 0, "hr/park": "", "pa": "72", "dt": "", "img": "https://www.mlbstatic.com/team-logos/114.svg", "team": "cle", "start": "", "in": "8", "result": "Lineout", "evo": "63.1", "la": "22", "dist": "175"}, {"player": "jose ramirez", "game": "kc @ cle", "gameIdx": 0, "hr/park": "", "pa": "71", "dt": "", "img": "https://www.mlbstatic.com/team-logos/114.svg", "team": "cle", "start": "", "in": "8", "result": "Flyout", "evo": "95.3", "la": "59", "dist": "231"}, {"player": "mj melendez", "game": "kc @ cle", "gameIdx": 0, "hr/park": "0/30", "pa": "70", "dt": "", "img": "https://www.mlbstatic.com/team-logos/118.svg", "team": "kc", "start": "", "in": "8", "result": "Flyout", "evo": "94.6", "la": "33", "dist": "362"}, {"player": "salvador perez", "game": "kc @ cle", "gameIdx": 0, "hr/park": "", "pa": "69", "dt": "", "img": "https://www.mlbstatic.com/team-logos/118.svg", "team": "kc", "start": "", "in": "8", "result": "Groundout", "evo": "84.7", "la": "5", "dist": "84"}, {"player": "bobby witt", "game": "kc @ cle", "gameIdx": 0, "hr/park": "", "pa": "68", "dt": "", "img": "https://www.mlbstatic.com/team-logos/118.svg", "team": "kc", "start": "", "in": "8", "result": "Strikeout", "evo": "", "la": "", "dist": ""}, {"player": "amed rosario", "game": "kc @ cle", "gameIdx": 0, "hr/park": "", "pa": "67", "dt": "", "img": "https://www.mlbstatic.com/team-logos/114.svg", "team": "cle", "start": "", "in": "7", "result": "Strikeout", "evo": "", "la": "", "dist": ""}, {"player": "myles straw", "game": "kc @ cle", "gameIdx": 0, "hr/park": "", "pa": "66", "dt": "", "img": "https://www.mlbstatic.com/team-logos/114.svg", "team": "cle", "start": "", "in": "7", "result": "Single", "evo": "87.1", "la": "-16", "dist": "11"}, {"player": "austin hedges", "game": "kc @ cle", "gameIdx": 0, "hr/park": "", "pa": "65", "dt": "", "img": "https://www.mlbstatic.com/team-logos/114.svg", "team": "cle", "start": "", "in": "7", "result": "Groundout", "evo": "70.1", "la": "8", "dist": "85"}, {"player": "oscar mercado", "game": "kc @ cle", "gameIdx": 0, "hr/park": "", "pa": "64", "dt": "", "img": "https://www.mlbstatic.com/team-logos/114.svg", "team": "cle", "start": "", "in": "7", "result": "Lineout", "evo": "83.7", "la": "20", "dist": "265"}, {"player": "andrew benintendi", "game": "kc @ cle", "gameIdx": 0, "hr/park": "", "pa": "63", "dt": "", "img": "https://www.mlbstatic.com/team-logos/118.svg", "team": "kc", "start": "", "in": "7", "result": "Strikeout", "evo": "", "la": "", "dist": ""}, {"player": "whit merrifield", "game": "kc @ cle", "gameIdx": 0, "hr/park": "2/30", "pa": "62", "dt": "", "img": "https://www.mlbstatic.com/team-logos/118.svg", "team": "kc", "start": "", "in": "7", "result": "Double", "evo": "97.8", "la": "28", "dist": "372"}, {"player": "nicky lopez", "game": "kc @ cle", "gameIdx": 0, "hr/park": "", "pa": "61", "dt": "", "img": "https://www.mlbstatic.com/team-logos/118.svg", "team": "kc", "start": "", "in": "7", "result": "Lineout", "evo": "91.4", "la": "18", "dist": "259"}, {"player": "emmanuel rivera", "game": "kc @ cle", "gameIdx": 0, "hr/park": "", "pa": "60", "dt": "", "img": "https://www.mlbstatic.com/team-logos/118.svg", "team": "kc", "start": "", "in": "7", "result": "Single", "evo": "84.8", "la": "21", "dist": "262"}, {"player": "kyle isbel", "game": "kc @ cle", "gameIdx": 0, "hr/park": "", "pa": "59", "dt": "", "img": "https://www.mlbstatic.com/team-logos/118.svg", "team": "kc", "start": "", "in": "7", "result": "Strikeout", "evo": "", "la": "", "dist": ""}, {"player": "hunter dozier", "game": "kc @ cle", "gameIdx": 0, "hr/park": "", "pa": "58", "dt": "", "img": "https://www.mlbstatic.com/team-logos/118.svg", "team": "kc", "start": "", "in": "7", "result": "Hit By Pitch", "evo": "", "la": "", "dist": ""}, {"player": "andres gimenez", "game": "kc @ cle", "gameIdx": 0, "hr/park": "0/30", "pa": "57", "dt": "", "img": "https://www.mlbstatic.com/team-logos/114.svg", "team": "cle", "start": "", "in": "6", "result": "Flyout", "evo": "95.3", "la": "37", "dist": "340"}, {"player": "ernie clement", "game": "kc @ cle", "gameIdx": 0, "hr/park": "", "pa": "56", "dt": "", "img": "https://www.mlbstatic.com/team-logos/114.svg", "team": "cle", "start": "", "in": "6", "result": "Groundout", "evo": "89.6", "la": "-19", "dist": "9"}, {"player": "oscar gonzalez", "game": "kc @ cle", "gameIdx": 0, "hr/park": "", "pa": "55", "dt": "", "img": "https://www.mlbstatic.com/team-logos/114.svg", "team": "cle", "start": "", "in": "6", "result": "Double", "evo": "92.8", "la": "15", "dist": "292"}, {"player": "owen miller", "game": "kc @ cle", "gameIdx": 0, "hr/park": "", "pa": "54", "dt": "", "img": "https://www.mlbstatic.com/team-logos/114.svg", "team": "cle", "start": "", "in": "6", "result": "Double", "evo": "74.3", "la": "34", "dist": "239"}, {"player": "jose ramirez", "game": "kc @ cle", "gameIdx": 0, "hr/park": "", "pa": "53", "dt": "", "img": "https://www.mlbstatic.com/team-logos/114.svg", "team": "cle", "start": "", "in": "6", "result": "Walk", "evo": "", "la": "", "dist": ""}, {"player": "amed rosario", "game": "kc @ cle", "gameIdx": 0, "hr/park": "", "pa": "52", "dt": "", "img": "https://www.mlbstatic.com/team-logos/114.svg", "team": "cle", "start": "", "in": "6", "result": "Groundout", "evo": "75.4", "la": "-11", "dist": "8"}, {"player": "mj melendez", "game": "kc @ cle", "gameIdx": 0, "hr/park": "", "pa": "51", "dt": "", "img": "https://www.mlbstatic.com/team-logos/118.svg", "team": "kc", "start": "", "in": "6", "result": "Groundout", "evo": "82.6", "la": "-34", "dist": "5"}, {"player": "salvador perez", "game": "kc @ cle", "gameIdx": 0, "hr/park": "0/30", "pa": "50", "dt": "", "img": "https://www.mlbstatic.com/team-logos/118.svg", "team": "kc", "start": "", "in": "6", "result": "Lineout", "evo": "93.8", "la": "23", "dist": "320"}, {"player": "bobby witt", "game": "kc @ cle", "gameIdx": 0, "hr/park": "0/30", "pa": "49", "dt": "", "img": "https://www.mlbstatic.com/team-logos/118.svg", "team": "kc", "start": "", "in": "6", "result": "Flyout", "evo": "94.0", "la": "29", "dist": "334"}, {"player": "myles straw", "game": "kc @ cle", "gameIdx": 0, "hr/park": "", "pa": "48", "dt": "", "img": "https://www.mlbstatic.com/team-logos/114.svg", "team": "cle", "start": "", "in": "5", "result": "Groundout", "evo": "72.6", "la": "-1", "dist": "34"}, {"player": "austin hedges", "game": "kc @ cle", "gameIdx": 0, "hr/park": "", "pa": "47", "dt": "", "img": "https://www.mlbstatic.com/team-logos/114.svg", "team": "cle", "start": "", "in": "5", "result": "Groundout", "evo": "80.9", "la": "-20", "dist": "5"}, {"player": "oscar mercado", "game": "kc @ cle", "gameIdx": 0, "hr/park": "", "pa": "46", "dt": "", "img": "https://www.mlbstatic.com/team-logos/114.svg", "team": "cle", "start": "", "in": "5", "result": "Strikeout", "evo": "", "la": "", "dist": ""}, {"player": "andres gimenez", "game": "kc @ cle", "gameIdx": 0, "hr/park": "", "pa": "45", "dt": "", "img": "https://www.mlbstatic.com/team-logos/114.svg", "team": "cle", "start": "", "in": "5", "result": "Single", "evo": "37.7", "la": "-4", "dist": "25"}, {"player": "andrew benintendi", "game": "kc @ cle", "gameIdx": 0, "hr/park": "1/30", "pa": "44", "dt": "", "img": "https://www.mlbstatic.com/team-logos/118.svg", "team": "kc", "start": "", "in": "5", "result": "Flyout", "evo": "94.2", "la": "42", "dist": "334"}, {"player": "whit merrifield", "game": "kc @ cle", "gameIdx": 0, "hr/park": "", "pa": "43", "dt": "", "img": "https://www.mlbstatic.com/team-logos/118.svg", "team": "kc", "start": "", "in": "5", "result": "Groundout", "evo": "91.2", "la": "-19", "dist": "4"}, {"player": "nicky lopez", "game": "kc @ cle", "gameIdx": 0, "hr/park": "", "pa": "42", "dt": "", "img": "https://www.mlbstatic.com/team-logos/118.svg", "team": "kc", "start": "", "in": "5", "result": "Strikeout", "evo": "", "la": "", "dist": ""}, {"player": "ernie clement", "game": "kc @ cle", "gameIdx": 0, "hr/park": "", "pa": "41", "dt": "", "img": "https://www.mlbstatic.com/team-logos/114.svg", "team": "cle", "start": "", "in": "4", "result": "Lineout", "evo": "79.3", "la": "27", "dist": "278"}, {"player": "oscar gonzalez", "game": "kc @ cle", "gameIdx": 0, "hr/park": "", "pa": "40", "dt": "", "img": "https://www.mlbstatic.com/team-logos/114.svg", "team": "cle", "start": "", "in": "4", "result": "Flyout", "evo": "89.6", "la": "42", "dist": "285"}, {"player": "owen miller", "game": "kc @ cle", "gameIdx": 0, "hr/park": "", "pa": "39", "dt": "", "img": "https://www.mlbstatic.com/team-logos/114.svg", "team": "cle", "start": "", "in": "4", "result": "Strikeout", "evo": "", "la": "", "dist": ""}, {"player": "jose ramirez", "game": "kc @ cle", "gameIdx": 0, "hr/park": "", "pa": "38", "dt": "", "img": "https://www.mlbstatic.com/team-logos/114.svg", "team": "cle", "start": "", "in": "4", "result": "Single", "evo": "87.8", "la": "12", "dist": "217"}, {"player": "emmanuel rivera", "game": "kc @ cle", "gameIdx": 0, "hr/park": "", "pa": "37", "dt": "", "img": "https://www.mlbstatic.com/team-logos/118.svg", "team": "kc", "start": "", "in": "4", "result": "Groundout", "evo": "77.4", "la": "-8", "dist": "16"}, {"player": "kyle isbel", "game": "kc @ cle", "gameIdx": 0, "hr/park": "", "pa": "36", "dt": "", "img": "https://www.mlbstatic.com/team-logos/118.svg", "team": "kc", "start": "", "in": "4", "result": "Strikeout", "evo": "", "la": "", "dist": ""}, {"player": "hunter dozier", "game": "kc @ cle", "gameIdx": 0, "hr/park": "", "pa": "35", "dt": "", "img": "https://www.mlbstatic.com/team-logos/118.svg", "team": "kc", "start": "", "in": "4", "result": "Pop Out", "evo": "69.0", "la": "72", "dist": "83"}, {"player": "amed rosario", "game": "kc @ cle", "gameIdx": 0, "hr/park": "0/30", "pa": "34", "dt": "", "img": "https://www.mlbstatic.com/team-logos/114.svg", "team": "cle", "start": "", "in": "3", "result": "Flyout", "evo": "94.9", "la": "34", "dist": "343"}, {"player": "myles straw", "game": "kc @ cle", "gameIdx": 0, "hr/park": "", "pa": "33", "dt": "", "img": "https://www.mlbstatic.com/team-logos/114.svg", "team": "cle", "start": "", "in": "3", "result": "Groundout", "evo": "91.6", "la": "-9", "dist": "11"}, {"player": "austin hedges", "game": "kc @ cle", "gameIdx": 0, "hr/park": "13/30", "pa": "32", "dt": "", "img": "https://www.mlbstatic.com/team-logos/114.svg", "team": "cle", "start": "", "in": "3", "result": "Home Run", "evo": "94.2", "la": "30", "dist": "344"}, {"player": "oscar mercado", "game": "kc @ cle", "gameIdx": 0, "hr/park": "", "pa": "31", "dt": "", "img": "https://www.mlbstatic.com/team-logos/114.svg", "team": "cle", "start": "", "in": "3", "result": "Walk", "evo": "", "la": "", "dist": ""}, {"player": "andres gimenez", "game": "kc @ cle", "gameIdx": 0, "hr/park": "", "pa": "30", "dt": "", "img": "https://www.mlbstatic.com/team-logos/114.svg", "team": "cle", "start": "", "in": "3", "result": "Sac Bunt", "evo": "35.6", "la": "-44", "dist": "4"}, {"player": "ernie clement", "game": "kc @ cle", "gameIdx": 0, "hr/park": "", "pa": "29", "dt": "", "img": "https://www.mlbstatic.com/team-logos/114.svg", "team": "cle", "start": "", "in": "3", "result": "Single", "evo": "96.0", "la": "2", "dist": "59"}, {"player": "mj melendez", "game": "kc @ cle", "gameIdx": 0, "hr/park": "", "pa": "28", "dt": "", "img": "https://www.mlbstatic.com/team-logos/118.svg", "team": "kc", "start": "", "in": "3", "result": "Single", "evo": "106.8", "la": "11", "dist": "215"}, {"player": "salvador perez", "game": "kc @ cle", "gameIdx": 0, "hr/park": "", "pa": "27", "dt": "", "img": "https://www.mlbstatic.com/team-logos/118.svg", "team": "kc", "start": "", "in": "3", "result": "Strikeout", "evo": "", "la": "", "dist": ""}, {"player": "bobby witt", "game": "kc @ cle", "gameIdx": 0, "hr/park": "", "pa": "26", "dt": "", "img": "https://www.mlbstatic.com/team-logos/118.svg", "team": "kc", "start": "", "in": "3", "result": "Hit By Pitch", "evo": "", "la": "", "dist": ""}, {"player": "andrew benintendi", "game": "kc @ cle", "gameIdx": 0, "hr/park": "", "pa": "25", "dt": "", "img": "https://www.mlbstatic.com/team-logos/118.svg", "team": "kc", "start": "", "in": "3", "result": "Single", "evo": "100.7", "la": "7", "dist": "146"}, {"player": "whit merrifield", "game": "kc @ cle", "gameIdx": 0, "hr/park": "", "pa": "24", "dt": "", "img": "https://www.mlbstatic.com/team-logos/118.svg", "team": "kc", "start": "", "in": "3", "result": "Pop Out", "evo": "91.1", "la": "62", "dist": "201"}, {"player": "nicky lopez", "game": "kc @ cle", "gameIdx": 0, "hr/park": "", "pa": "23", "dt": "", "img": "https://www.mlbstatic.com/team-logos/118.svg", "team": "kc", "start": "", "in": "3", "result": "Double", "evo": "54.7", "la": "24", "dist": "133"}, {"player": "oscar gonzalez", "game": "kc @ cle", "gameIdx": 0, "hr/park": "", "pa": "22", "dt": "", "img": "https://www.mlbstatic.com/team-logos/114.svg", "team": "cle", "start": "", "in": "2", "result": "Groundout", "evo": "80.0", "la": "-11", "dist": "13"}, {"player": "owen miller", "game": "kc @ cle", "gameIdx": 0, "hr/park": "", "pa": "21", "dt": "", "img": "https://www.mlbstatic.com/team-logos/114.svg", "team": "cle", "start": "", "in": "2", "result": "Hit By Pitch", "evo": "", "la": "", "dist": ""}, {"player": "amed rosario", "game": "kc @ cle", "gameIdx": 0, "hr/park": "0/30", "pa": "19", "dt": "", "img": "https://www.mlbstatic.com/team-logos/114.svg", "team": "cle", "start": "", "in": "2", "result": "Double", "evo": "102.5", "la": "19", "dist": "368"}, {"player": "myles straw", "game": "kc @ cle", "gameIdx": 0, "hr/park": "", "pa": "18", "dt": "", "img": "https://www.mlbstatic.com/team-logos/114.svg", "team": "cle", "start": "", "in": "2", "result": "Groundout", "evo": "90.1", "la": "-11", "dist": "10"}, {"player": "austin hedges", "game": "kc @ cle", "gameIdx": 0, "hr/park": "", "pa": "17", "dt": "", "img": "https://www.mlbstatic.com/team-logos/114.svg", "team": "cle", "start": "", "in": "2", "result": "Strikeout", "evo": "", "la": "", "dist": ""}, {"player": "emmanuel rivera", "game": "kc @ cle", "gameIdx": 0, "hr/park": "", "pa": "16", "dt": "", "img": "https://www.mlbstatic.com/team-logos/118.svg", "team": "kc", "start": "", "in": "2", "result": "Groundout", "evo": "70.6", "la": "-2", "dist": "32"}, {"player": "kyle isbel", "game": "kc @ cle", "gameIdx": 0, "hr/park": "", "pa": "15", "dt": "", "img": "https://www.mlbstatic.com/team-logos/118.svg", "team": "kc", "start": "", "in": "2", "result": "Single", "evo": "97.7", "la": "-16", "dist": "10"}, {"player": "hunter dozier", "game": "kc @ cle", "gameIdx": 0, "hr/park": "12/30", "pa": "14", "dt": "", "img": "https://www.mlbstatic.com/team-logos/118.svg", "team": "kc", "start": "", "in": "2", "result": "Double", "evo": "104.3", "la": "21", "dist": "372"}, {"player": "mj melendez", "game": "kc @ cle", "gameIdx": 0, "hr/park": "", "pa": "13", "dt": "", "img": "https://www.mlbstatic.com/team-logos/118.svg", "team": "kc", "start": "", "in": "2", "result": "Lineout", "evo": "104.4", "la": "12", "dist": "270"}, {"player": "salvador perez", "game": "kc @ cle", "gameIdx": 0, "hr/park": "", "pa": "12", "dt": "", "img": "https://www.mlbstatic.com/team-logos/118.svg", "team": "kc", "start": "", "in": "2", "result": "Strikeout", "evo": "", "la": "", "dist": ""}, {"player": "oscar mercado", "game": "kc @ cle", "gameIdx": 0, "hr/park": "", "pa": "11", "dt": "", "img": "https://www.mlbstatic.com/team-logos/114.svg", "team": "cle", "start": "", "in": "1", "result": "Groundout", "evo": "32.6", "la": "-35", "dist": "6"}, {"player": "andres gimenez", "game": "kc @ cle", "gameIdx": 0, "hr/park": "", "pa": "10", "dt": "", "img": "https://www.mlbstatic.com/team-logos/114.svg", "team": "cle", "start": "", "in": "1", "result": "Single", "evo": "63.7", "la": "34", "dist": "208"}, {"player": "ernie clement", "game": "kc @ cle", "gameIdx": 0, "hr/park": "", "pa": "9", "dt": "", "img": "https://www.mlbstatic.com/team-logos/114.svg", "team": "cle", "start": "", "in": "1", "result": "Single", "evo": "76.4", "la": "19", "dist": "199"}, {"player": "oscar gonzalez", "game": "kc @ cle", "gameIdx": 0, "hr/park": "", "pa": "8", "dt": "", "img": "https://www.mlbstatic.com/team-logos/114.svg", "team": "cle", "start": "", "in": "1", "result": "Single", "evo": "107.6", "la": "-5", "dist": "30"}, {"player": "owen miller", "game": "kc @ cle", "gameIdx": 0, "hr/park": "", "pa": "7", "dt": "", "img": "https://www.mlbstatic.com/team-logos/114.svg", "team": "cle", "start": "", "in": "1", "result": "Groundout", "evo": "72.5", "la": "-21", "dist": "8"}, {"player": "amed rosario", "game": "kc @ cle", "gameIdx": 0, "hr/park": "0/30", "pa": "5", "dt": "", "img": "https://www.mlbstatic.com/team-logos/114.svg", "team": "cle", "start": "", "in": "1", "result": "Triple", "evo": "101.5", "la": "21", "dist": "394"}, {"player": "myles straw", "game": "kc @ cle", "gameIdx": 0, "hr/park": "", "pa": "4", "dt": "", "img": "https://www.mlbstatic.com/team-logos/114.svg", "team": "cle", "start": "", "in": "1", "result": "Groundout", "evo": "99.3", "la": "-3", "dist": "30"}, {"player": "bobby witt", "game": "kc @ cle", "gameIdx": 0, "hr/park": "0/30", "pa": "3", "dt": "", "img": "https://www.mlbstatic.com/team-logos/118.svg", "team": "kc", "start": "", "in": "1", "result": "Lineout", "evo": "102.6", "la": "17", "dist": "329"}, {"player": "andrew benintendi", "game": "kc @ cle", "gameIdx": 0, "hr/park": "0/30", "pa": "2", "dt": "", "img": "https://www.mlbstatic.com/team-logos/118.svg", "team": "kc", "start": "", "in": "1", "result": "Flyout", "evo": "88.9", "la": "30", "dist": "328"}, {"player": "whit merrifield", "game": "kc @ cle", "gameIdx": 0, "hr/park": "0/30", "pa": "1", "dt": "", "img": "https://www.mlbstatic.com/team-logos/118.svg", "team": "kc", "start": "", "in": "1", "result": "Flyout", "evo": "92.8", "la": "24", "dist": "338"}], "sf @ phi": [], "sea @ bal": [], "laa @ nyy": [], "chw @ tor": [], "cin @ bos": [], "wsh @ nym": [], "sd @ stl": [], "tb @ tex": [{"player": "yandy diaz", "game": "tb @ tex", "gameIdx": 0, "hr/park": "1/30", "pa": "63", "dt": "", "img": "https://www.mlbstatic.com/team-logos/139.svg", "team": "tb", "start": "", "in": "9", "result": "Flyout", "evo": "94.8", "la": "27", "dist": "349"}, {"player": "harold ramirez", "game": "tb @ tex", "gameIdx": 0, "hr/park": "", "pa": "62", "dt": "", "img": "https://www.mlbstatic.com/team-logos/139.svg", "team": "tb", "start": "", "in": "9", "result": "Groundout", "evo": "91.4", "la": "-2", "dist": "36"}, {"player": "manuel margot", "game": "tb @ tex", "gameIdx": 0, "hr/park": "", "pa": "61", "dt": "", "img": "https://www.mlbstatic.com/team-logos/139.svg", "team": "tb", "start": "", "in": "9", "result": "Pop Out", "evo": "90.5", "la": "60", "dist": "196"}, {"player": "jonah heim", "game": "tb @ tex", "gameIdx": 0, "hr/park": "", "pa": "60", "dt": "", "img": "https://www.mlbstatic.com/team-logos/140.svg", "team": "tex", "start": "", "in": "8", "result": "Strikeout", "evo": "", "la": "", "dist": ""}, {"player": "adolis garcia", "game": "tb @ tex", "gameIdx": 0, "hr/park": "", "pa": "59", "dt": "", "img": "https://www.mlbstatic.com/team-logos/140.svg", "team": "tex", "start": "", "in": "8", "result": "Single", "evo": "90.8", "la": "13", "dist": "215"}, {"player": "kole calhoun", "game": "tb @ tex", "gameIdx": 0, "hr/park": "", "pa": "58", "dt": "", "img": "https://www.mlbstatic.com/team-logos/140.svg", "team": "tex", "start": "", "in": "8", "result": "Strikeout", "evo": "", "la": "", "dist": ""}, {"player": "mitch garver", "game": "tb @ tex", "gameIdx": 0, "hr/park": "", "pa": "57", "dt": "", "img": "https://www.mlbstatic.com/team-logos/140.svg", "team": "tex", "start": "", "in": "8", "result": "Strikeout", "evo": "", "la": "", "dist": ""}, {"player": "vidal brujan", "game": "tb @ tex", "gameIdx": 0, "hr/park": "", "pa": "56", "dt": "", "img": "https://www.mlbstatic.com/team-logos/139.svg", "team": "tb", "start": "", "in": "8", "result": "Groundout", "evo": "101.1", "la": "-2", "dist": "34"}, {"player": "taylor walls", "game": "tb @ tex", "gameIdx": 0, "hr/park": "", "pa": "55", "dt": "", "img": "https://www.mlbstatic.com/team-logos/139.svg", "team": "tb", "start": "", "in": "8", "result": "Groundout", "evo": "83.7", "la": "-27", "dist": "6"}, {"player": "mike zunino", "game": "tb @ tex", "gameIdx": 0, "hr/park": "", "pa": "54", "dt": "", "img": "https://www.mlbstatic.com/team-logos/139.svg", "team": "tb", "start": "", "in": "8", "result": "Strikeout", "evo": "", "la": "", "dist": ""}, {"player": "corey seager", "game": "tb @ tex", "gameIdx": 0, "hr/park": "0/30", "pa": "53", "dt": "", "img": "https://www.mlbstatic.com/team-logos/140.svg", "team": "tex", "start": "", "in": "7", "result": "Lineout", "evo": "98.5", "la": "23", "dist": "317"}, {"player": "marcus semien", "game": "tb @ tex", "gameIdx": 0, "hr/park": "", "pa": "52", "dt": "", "img": "https://www.mlbstatic.com/team-logos/140.svg", "team": "tex", "start": "", "in": "7", "result": "Walk", "evo": "", "la": "", "dist": ""}, {"player": "eli white", "game": "tb @ tex", "gameIdx": 0, "hr/park": "", "pa": "51", "dt": "", "img": "https://www.mlbstatic.com/team-logos/140.svg", "team": "tex", "start": "", "in": "7", "result": "Single", "evo": "28.5", "la": "33", "dist": "52"}, {"player": "josh smith", "game": "tb @ tex", "gameIdx": 0, "hr/park": "", "pa": "50", "dt": "", "img": "https://www.mlbstatic.com/team-logos/140.svg", "team": "tex", "start": "", "in": "7", "result": "Hit By Pitch", "evo": "", "la": "", "dist": ""}, {"player": "sam huff", "game": "tb @ tex", "gameIdx": 0, "hr/park": "", "pa": "49", "dt": "", "img": "https://www.mlbstatic.com/team-logos/140.svg", "team": "tex", "start": "", "in": "7", "result": "Groundout", "evo": "88.9", "la": "-13", "dist": "11"}, {"player": "jonah heim", "game": "tb @ tex", "gameIdx": 0, "hr/park": "", "pa": "48", "dt": "", "img": "https://www.mlbstatic.com/team-logos/140.svg", "team": "tex", "start": "", "in": "7", "result": "Flyout", "evo": "77.0", "la": "48", "dist": "232"}, {"player": "francisco mejia", "game": "tb @ tex", "gameIdx": 0, "hr/park": "", "pa": "47", "dt": "", "img": "https://www.mlbstatic.com/team-logos/139.svg", "team": "tb", "start": "", "in": "7", "result": "Strikeout", "evo": "", "la": "", "dist": ""}, {"player": "isaac paredes", "game": "tb @ tex", "gameIdx": 0, "hr/park": "", "pa": "46", "dt": "", "img": "https://www.mlbstatic.com/team-logos/139.svg", "team": "tb", "start": "", "in": "7", "result": "Groundout", "evo": "75.4", "la": "-32", "dist": "6"}, {"player": "randy arozarena", "game": "tb @ tex", "gameIdx": 0, "hr/park": "", "pa": "45", "dt": "", "img": "https://www.mlbstatic.com/team-logos/139.svg", "team": "tb", "start": "", "in": "7", "result": "Pop Out", "evo": "68.9", "la": "70", "dist": "112"}, {"player": "adolis garcia", "game": "tb @ tex", "gameIdx": 0, "hr/park": "", "pa": "44", "dt": "", "img": "https://www.mlbstatic.com/team-logos/140.svg", "team": "tex", "start": "", "in": "6", "result": "Strikeout", "evo": "", "la": "", "dist": ""}, {"player": "kole calhoun", "game": "tb @ tex", "gameIdx": 0, "hr/park": "", "pa": "43", "dt": "", "img": "https://www.mlbstatic.com/team-logos/140.svg", "team": "tex", "start": "", "in": "6", "result": "Groundout", "evo": "72.3", "la": "-28", "dist": "6"}, {"player": "mitch garver", "game": "tb @ tex", "gameIdx": 0, "hr/park": "0/30", "pa": "42", "dt": "", "img": "https://www.mlbstatic.com/team-logos/140.svg", "team": "tex", "start": "", "in": "6", "result": "Flyout", "evo": "94.5", "la": "44", "dist": "324"}, {"player": "yandy diaz", "game": "tb @ tex", "gameIdx": 0, "hr/park": "", "pa": "41", "dt": "", "img": "https://www.mlbstatic.com/team-logos/139.svg", "team": "tb", "start": "", "in": "6", "result": "Groundout", "evo": "73.4", "la": "-24", "dist": "5"}, {"player": "harold ramirez", "game": "tb @ tex", "gameIdx": 0, "hr/park": "", "pa": "40", "dt": "", "img": "https://www.mlbstatic.com/team-logos/139.svg", "team": "tb", "start": "", "in": "6", "result": "Groundout", "evo": "79.9", "la": "-32", "dist": "4"}, {"player": "manuel margot", "game": "tb @ tex", "gameIdx": 0, "hr/park": "0/30", "pa": "39", "dt": "", "img": "https://www.mlbstatic.com/team-logos/139.svg", "team": "tb", "start": "", "in": "6", "result": "Flyout", "evo": "90.3", "la": "44", "dist": "302"}, {"player": "corey seager", "game": "tb @ tex", "gameIdx": 0, "hr/park": "", "pa": "38", "dt": "", "img": "https://www.mlbstatic.com/team-logos/140.svg", "team": "tex", "start": "", "in": "5", "result": "Flyout", "evo": "87.9", "la": "43", "dist": "299"}, {"player": "marcus semien", "game": "tb @ tex", "gameIdx": 0, "hr/park": "", "pa": "37", "dt": "", "img": "https://www.mlbstatic.com/team-logos/140.svg", "team": "tex", "start": "", "in": "5", "result": "Double", "evo": "101.8", "la": "14", "dist": "245"}, {"player": "eli white", "game": "tb @ tex", "gameIdx": 0, "hr/park": "", "pa": "36", "dt": "", "img": "https://www.mlbstatic.com/team-logos/140.svg", "team": "tex", "start": "", "in": "5", "result": "Single", "evo": "91.8", "la": "11", "dist": "204"}, {"player": "josh smith", "game": "tb @ tex", "gameIdx": 0, "hr/park": "", "pa": "35", "dt": "", "img": "https://www.mlbstatic.com/team-logos/140.svg", "team": "tex", "start": "", "in": "5", "result": "Lineout", "evo": "44.8", "la": "14", "dist": "68"}, {"player": "vidal brujan", "game": "tb @ tex", "gameIdx": 0, "hr/park": "0/30", "pa": "34", "dt": "", "img": "https://www.mlbstatic.com/team-logos/139.svg", "team": "tb", "start": "", "in": "5", "result": "Flyout", "evo": "91.9", "la": "44", "dist": "308"}, {"player": "taylor walls", "game": "tb @ tex", "gameIdx": 0, "hr/park": "", "pa": "33", "dt": "", "img": "https://www.mlbstatic.com/team-logos/139.svg", "team": "tb", "start": "", "in": "5", "result": "Groundout", "evo": "72.4", "la": "-4", "dist": "26"}, {"player": "mike zunino", "game": "tb @ tex", "gameIdx": 0, "hr/park": "", "pa": "32", "dt": "", "img": "https://www.mlbstatic.com/team-logos/139.svg", "team": "tb", "start": "", "in": "5", "result": "Strikeout", "evo": "", "la": "", "dist": ""}, {"player": "sam huff", "game": "tb @ tex", "gameIdx": 0, "hr/park": "", "pa": "31", "dt": "", "img": "https://www.mlbstatic.com/team-logos/140.svg", "team": "tex", "start": "", "in": "4", "result": "Groundout", "evo": "82.6", "la": "-23", "dist": "7"}, {"player": "jonah heim", "game": "tb @ tex", "gameIdx": 0, "hr/park": "", "pa": "30", "dt": "", "img": "https://www.mlbstatic.com/team-logos/140.svg", "team": "tex", "start": "", "in": "4", "result": "Groundout", "evo": "77.1", "la": "4", "dist": "61"}, {"player": "adolis garcia", "game": "tb @ tex", "gameIdx": 0, "hr/park": "30/30", "pa": "29", "dt": "", "img": "https://www.mlbstatic.com/team-logos/140.svg", "team": "tex", "start": "", "in": "4", "result": "Home Run", "evo": "111.4", "la": "22", "dist": "440"}, {"player": "kole calhoun", "game": "tb @ tex", "gameIdx": 0, "hr/park": "", "pa": "28", "dt": "", "img": "https://www.mlbstatic.com/team-logos/140.svg", "team": "tex", "start": "", "in": "4", "result": "Pop Out", "evo": "87.6", "la": "70", "dist": "110"}, {"player": "mitch garver", "game": "tb @ tex", "gameIdx": 0, "hr/park": "6/30", "pa": "27", "dt": "", "img": "https://www.mlbstatic.com/team-logos/140.svg", "team": "tex", "start": "", "in": "4", "result": "Double", "evo": "105.0", "la": "22", "dist": "352"}, {"player": "corey seager", "game": "tb @ tex", "gameIdx": 0, "hr/park": "28/30", "pa": "26", "dt": "", "img": "https://www.mlbstatic.com/team-logos/140.svg", "team": "tex", "start": "", "in": "4", "result": "Home Run", "evo": "105.5", "la": "32", "dist": "427"}, {"player": "francisco mejia", "game": "tb @ tex", "gameIdx": 0, "hr/park": "", "pa": "25", "dt": "", "img": "https://www.mlbstatic.com/team-logos/139.svg", "team": "tb", "start": "", "in": "4", "result": "Flyout", "evo": "76.4", "la": "58", "dist": "189"}, {"player": "isaac paredes", "game": "tb @ tex", "gameIdx": 0, "hr/park": "", "pa": "24", "dt": "", "img": "https://www.mlbstatic.com/team-logos/139.svg", "team": "tb", "start": "", "in": "4", "result": "Groundout", "evo": "92.3", "la": "-6", "dist": "25"}, {"player": "randy arozarena", "game": "tb @ tex", "gameIdx": 0, "hr/park": "", "pa": "23", "dt": "", "img": "https://www.mlbstatic.com/team-logos/139.svg", "team": "tb", "start": "", "in": "4", "result": "Strikeout", "evo": "", "la": "", "dist": ""}, {"player": "marcus semien", "game": "tb @ tex", "gameIdx": 0, "hr/park": "0/30", "pa": "22", "dt": "", "img": "https://www.mlbstatic.com/team-logos/140.svg", "team": "tex", "start": "", "in": "3", "result": "Flyout", "evo": "88.3", "la": "28", "dist": "317"}, {"player": "eli white", "game": "tb @ tex", "gameIdx": 0, "hr/park": "", "pa": "21", "dt": "", "img": "https://www.mlbstatic.com/team-logos/140.svg", "team": "tex", "start": "", "in": "3", "result": "Groundout", "evo": "63.7", "la": "-7", "dist": "17"}, {"player": "josh smith", "game": "tb @ tex", "gameIdx": 0, "hr/park": "", "pa": "20", "dt": "", "img": "https://www.mlbstatic.com/team-logos/140.svg", "team": "tex", "start": "", "in": "3", "result": "Hit By Pitch", "evo": "", "la": "", "dist": ""}, {"player": "sam huff", "game": "tb @ tex", "gameIdx": 0, "hr/park": "", "pa": "19", "dt": "", "img": "https://www.mlbstatic.com/team-logos/140.svg", "team": "tex", "start": "", "in": "3", "result": "Flyout", "evo": "77.2", "la": "41", "dist": "262"}, {"player": "yandy diaz", "game": "tb @ tex", "gameIdx": 0, "hr/park": "", "pa": "18", "dt": "", "img": "https://www.mlbstatic.com/team-logos/139.svg", "team": "tb", "start": "", "in": "3", "result": "Groundout", "evo": "103.4", "la": "-5", "dist": "30"}, {"player": "harold ramirez", "game": "tb @ tex", "gameIdx": 0, "hr/park": "", "pa": "17", "dt": "", "img": "https://www.mlbstatic.com/team-logos/139.svg", "team": "tb", "start": "", "in": "3", "result": "Groundout", "evo": "102.9", "la": "-19", "dist": "4"}, {"player": "manuel margot", "game": "tb @ tex", "gameIdx": 0, "hr/park": "", "pa": "16", "dt": "", "img": "https://www.mlbstatic.com/team-logos/139.svg", "team": "tb", "start": "", "in": "3", "result": "Groundout", "evo": "99.5", "la": "-13", "dist": "10"}, {"player": "jonah heim", "game": "tb @ tex", "gameIdx": 0, "hr/park": "", "pa": "15", "dt": "", "img": "https://www.mlbstatic.com/team-logos/140.svg", "team": "tex", "start": "", "in": "2", "result": "Strikeout", "evo": "", "la": "", "dist": ""}, {"player": "adolis garcia", "game": "tb @ tex", "gameIdx": 0, "hr/park": "", "pa": "14", "dt": "", "img": "https://www.mlbstatic.com/team-logos/140.svg", "team": "tex", "start": "", "in": "2", "result": "Groundout", "evo": "91.9", "la": "6", "dist": "97"}, {"player": "kole calhoun", "game": "tb @ tex", "gameIdx": 0, "hr/park": "", "pa": "13", "dt": "", "img": "https://www.mlbstatic.com/team-logos/140.svg", "team": "tex", "start": "", "in": "2", "result": "Strikeout", "evo": "", "la": "", "dist": ""}, {"player": "vidal brujan", "game": "tb @ tex", "gameIdx": 0, "hr/park": "", "pa": "12", "dt": "", "img": "https://www.mlbstatic.com/team-logos/139.svg", "team": "tb", "start": "", "in": "2", "result": "Flyout", "evo": "70.4", "la": "31", "dist": "242"}, {"player": "taylor walls", "game": "tb @ tex", "gameIdx": 0, "hr/park": "", "pa": "11", "dt": "", "img": "https://www.mlbstatic.com/team-logos/139.svg", "team": "tb", "start": "", "in": "2", "result": "Single", "evo": "97.3", "la": "3", "dist": "73"}, {"player": "mike zunino", "game": "tb @ tex", "gameIdx": 0, "hr/park": "", "pa": "10", "dt": "", "img": "https://www.mlbstatic.com/team-logos/139.svg", "team": "tb", "start": "", "in": "2", "result": "Strikeout", "evo": "", "la": "", "dist": ""}, {"player": "francisco mejia", "game": "tb @ tex", "gameIdx": 0, "hr/park": "", "pa": "9", "dt": "", "img": "https://www.mlbstatic.com/team-logos/139.svg", "team": "tb", "start": "", "in": "2", "result": "Single", "evo": "71.1", "la": "15", "dist": "167"}, {"player": "isaac paredes", "game": "tb @ tex", "gameIdx": 0, "hr/park": "", "pa": "8", "dt": "", "img": "https://www.mlbstatic.com/team-logos/139.svg", "team": "tb", "start": "", "in": "2", "result": "Strikeout", "evo": "", "la": "", "dist": ""}, {"player": "mitch garver", "game": "tb @ tex", "gameIdx": 0, "hr/park": "0/30", "pa": "7", "dt": "", "img": "https://www.mlbstatic.com/team-logos/140.svg", "team": "tex", "start": "", "in": "1", "result": "Lineout", "evo": "99.7", "la": "22", "dist": "331"}, {"player": "corey seager", "game": "tb @ tex", "gameIdx": 0, "hr/park": "", "pa": "6", "dt": "", "img": "https://www.mlbstatic.com/team-logos/140.svg", "team": "tex", "start": "", "in": "1", "result": "Flyout", "evo": "85.1", "la": "55", "dist": "226"}, {"player": "marcus semien", "game": "tb @ tex", "gameIdx": 0, "hr/park": "", "pa": "5", "dt": "", "img": "https://www.mlbstatic.com/team-logos/140.svg", "team": "tex", "start": "", "in": "1", "result": "Groundout", "evo": "58.6", "la": "-41", "dist": "5"}, {"player": "randy arozarena", "game": "tb @ tex", "gameIdx": 0, "hr/park": "", "pa": "4", "dt": "", "img": "https://www.mlbstatic.com/team-logos/139.svg", "team": "tb", "start": "", "in": "1", "result": "Forceout", "evo": "94.8", "la": "-16", "dist": "8"}, {"player": "yandy diaz", "game": "tb @ tex", "gameIdx": 0, "hr/park": "", "pa": "3", "dt": "", "img": "https://www.mlbstatic.com/team-logos/139.svg", "team": "tb", "start": "", "in": "1", "result": "Single", "evo": "104.2", "la": "2", "dist": "68"}, {"player": "harold ramirez", "game": "tb @ tex", "gameIdx": 0, "hr/park": "0/30", "pa": "2", "dt": "", "img": "https://www.mlbstatic.com/team-logos/139.svg", "team": "tb", "start": "", "in": "1", "result": "Lineout", "evo": "98.8", "la": "22", "dist": "363"}, {"player": "manuel margot", "game": "tb @ tex", "gameIdx": 0, "hr/park": "0/30", "pa": "1", "dt": "", "img": "https://www.mlbstatic.com/team-logos/139.svg", "team": "tb", "start": "", "in": "1", "result": "Lineout", "evo": "105.4", "la": "11", "dist": "305"}], "mil @ chc": [{"player": "tyrone taylor", "game": "mil @ chc", "gameIdx": 0, "hr/park": "", "pa": "82", "dt": "", "img": "https://www.mlbstatic.com/team-logos/158.svg", "team": "mil", "start": "", "in": "9", "result": "Groundout", "evo": "74.6", "la": "-34", "dist": "4"}, {"player": "christian yelich", "game": "mil @ chc", "gameIdx": 0, "hr/park": "", "pa": "81", "dt": "", "img": "https://www.mlbstatic.com/team-logos/158.svg", "team": "mil", "start": "", "in": "9", "result": "Strikeout", "evo": "", "la": "", "dist": ""}, {"player": "luis urias", "game": "mil @ chc", "gameIdx": 0, "hr/park": "", "pa": "80", "dt": "", "img": "https://www.mlbstatic.com/team-logos/158.svg", "team": "mil", "start": "", "in": "9", "result": "Groundout", "evo": "85.8", "la": "-23", "dist": "7"}, {"player": "nico hoerner", "game": "mil @ chc", "gameIdx": 0, "hr/park": "", "pa": "79", "dt": "", "img": "https://www.mlbstatic.com/team-logos/112.svg", "team": "chc", "start": "", "in": "8", "result": "Groundout", "evo": "96.7", "la": "-15", "dist": "8"}, {"player": "frank schwindel", "game": "mil @ chc", "gameIdx": 0, "hr/park": "", "pa": "78", "dt": "", "img": "https://www.mlbstatic.com/team-logos/112.svg", "team": "chc", "start": "", "in": "8", "result": "Strikeout", "evo": "", "la": "", "dist": ""}, {"player": "patrick wisdom", "game": "mil @ chc", "gameIdx": 0, "hr/park": "30/30", "pa": "77", "dt": "", "img": "https://www.mlbstatic.com/team-logos/112.svg", "team": "chc", "start": "", "in": "8", "result": "Home Run", "evo": "103.4", "la": "34", "dist": "401"}, {"player": "willson contreras", "game": "mil @ chc", "gameIdx": 0, "hr/park": "", "pa": "76", "dt": "", "img": "https://www.mlbstatic.com/team-logos/112.svg", "team": "chc", "start": "", "in": "8", "result": "Lineout", "evo": "80.6", "la": "29", "dist": "287"}, {"player": "andrew mccutchen", "game": "mil @ chc", "gameIdx": 0, "hr/park": "0/30", "pa": "75", "dt": "", "img": "https://www.mlbstatic.com/team-logos/158.svg", "team": "mil", "start": "", "in": "8", "result": "Lineout", "evo": "83.4", "la": "26", "dist": "301"}, {"player": "victor caratini", "game": "mil @ chc", "gameIdx": 0, "hr/park": "", "pa": "74", "dt": "", "img": "https://www.mlbstatic.com/team-logos/158.svg", "team": "mil", "start": "", "in": "8", "result": "Strikeout", "evo": "", "la": "", "dist": ""}, {"player": "lorenzo cain", "game": "mil @ chc", "gameIdx": 0, "hr/park": "", "pa": "73", "dt": "", "img": "https://www.mlbstatic.com/team-logos/158.svg", "team": "mil", "start": "", "in": "8", "result": "Lineout", "evo": "84.0", "la": "19", "dist": "271"}, {"player": "christopher morel", "game": "mil @ chc", "gameIdx": 0, "hr/park": "", "pa": "72", "dt": "", "img": "https://www.mlbstatic.com/team-logos/112.svg", "team": "chc", "start": "", "in": "7", "result": "Groundout", "evo": "78.6", "la": "-22", "dist": "8"}, {"player": "pj higgins", "game": "mil @ chc", "gameIdx": 0, "hr/park": "", "pa": "71", "dt": "", "img": "https://www.mlbstatic.com/team-logos/112.svg", "team": "chc", "start": "", "in": "7", "result": "Pop Out", "evo": "76.4", "la": "69", "dist": "140"}, {"player": "nick madrigal", "game": "mil @ chc", "gameIdx": 0, "hr/park": "", "pa": "70", "dt": "", "img": "https://www.mlbstatic.com/team-logos/112.svg", "team": "chc", "start": "", "in": "7", "result": "Forceout", "evo": "96.0", "la": "-12", "dist": "14"}, {"player": "clint frazier", "game": "mil @ chc", "gameIdx": 0, "hr/park": "", "pa": "69", "dt": "", "img": "https://www.mlbstatic.com/team-logos/112.svg", "team": "chc", "start": "", "in": "7", "result": "Walk", "evo": "", "la": "", "dist": ""}, {"player": "keston hiura", "game": "mil @ chc", "gameIdx": 0, "hr/park": "", "pa": "68", "dt": "", "img": "https://www.mlbstatic.com/team-logos/158.svg", "team": "mil", "start": "", "in": "7", "result": "Pop Out", "evo": "77.8", "la": "77", "dist": "62"}, {"player": "rowdy tellez", "game": "mil @ chc", "gameIdx": 0, "hr/park": "", "pa": "67", "dt": "", "img": "https://www.mlbstatic.com/team-logos/158.svg", "team": "mil", "start": "", "in": "7", "result": "Single", "evo": "105.0", "la": "9", "dist": "205"}, {"player": "jace peterson", "game": "mil @ chc", "gameIdx": 0, "hr/park": "", "pa": "66", "dt": "", "img": "https://www.mlbstatic.com/team-logos/158.svg", "team": "mil", "start": "", "in": "7", "result": "Strikeout", "evo": "", "la": "", "dist": ""}, {"player": "tyrone taylor", "game": "mil @ chc", "gameIdx": 0, "hr/park": "", "pa": "65", "dt": "", "img": "https://www.mlbstatic.com/team-logos/158.svg", "team": "mil", "start": "", "in": "7", "result": "Walk", "evo": "", "la": "", "dist": ""}, {"player": "christian yelich", "game": "mil @ chc", "gameIdx": 0, "hr/park": "", "pa": "64", "dt": "", "img": "https://www.mlbstatic.com/team-logos/158.svg", "team": "mil", "start": "", "in": "7", "result": "Triple", "evo": "105.5", "la": "10", "dist": "275"}, {"player": "luis urias", "game": "mil @ chc", "gameIdx": 0, "hr/park": "", "pa": "63", "dt": "", "img": "https://www.mlbstatic.com/team-logos/158.svg", "team": "mil", "start": "", "in": "7", "result": "Groundout", "evo": "89.0", "la": "-18", "dist": "11"}, {"player": "ian happ", "game": "mil @ chc", "gameIdx": 0, "hr/park": "", "pa": "62", "dt": "", "img": "https://www.mlbstatic.com/team-logos/112.svg", "team": "chc", "start": "", "in": "6", "result": "Flyout", "evo": "86.1", "la": "43", "dist": "285"}, {"player": "nico hoerner", "game": "mil @ chc", "gameIdx": 0, "hr/park": "0/30", "pa": "61", "dt": "", "img": "https://www.mlbstatic.com/team-logos/112.svg", "team": "chc", "start": "", "in": "6", "result": "Flyout", "evo": "88.6", "la": "29", "dist": "327"}, {"player": "frank schwindel", "game": "mil @ chc", "gameIdx": 0, "hr/park": "0/30", "pa": "60", "dt": "", "img": "https://www.mlbstatic.com/team-logos/112.svg", "team": "chc", "start": "", "in": "6", "result": "Double", "evo": "88.8", "la": "27", "dist": "332"}, {"player": "patrick wisdom", "game": "mil @ chc", "gameIdx": 0, "hr/park": "", "pa": "59", "dt": "", "img": "https://www.mlbstatic.com/team-logos/112.svg", "team": "chc", "start": "", "in": "6", "result": "Flyout", "evo": "92.9", "la": "51", "dist": "268"}, {"player": "willson contreras", "game": "mil @ chc", "gameIdx": 0, "hr/park": "13/30", "pa": "58", "dt": "", "img": "https://www.mlbstatic.com/team-logos/112.svg", "team": "chc", "start": "", "in": "6", "result": "Double", "evo": "92.6", "la": "38", "dist": "342"}, {"player": "christopher morel", "game": "mil @ chc", "gameIdx": 0, "hr/park": "23/30", "pa": "57", "dt": "", "img": "https://www.mlbstatic.com/team-logos/112.svg", "team": "chc", "start": "", "in": "6", "result": "Triple", "evo": "101.6", "la": "30", "dist": "354"}, {"player": "pj higgins", "game": "mil @ chc", "gameIdx": 0, "hr/park": "1/30", "pa": "56", "dt": "", "img": "https://www.mlbstatic.com/team-logos/112.svg", "team": "chc", "start": "", "in": "6", "result": "Home Run", "evo": "94.3", "la": "28", "dist": "378"}, {"player": "nick madrigal", "game": "mil @ chc", "gameIdx": 0, "hr/park": "", "pa": "55", "dt": "", "img": "https://www.mlbstatic.com/team-logos/112.svg", "team": "chc", "start": "", "in": "6", "result": "Single", "evo": "70.9", "la": "-50", "dist": "4"}, {"player": "andrew mccutchen", "game": "mil @ chc", "gameIdx": 0, "hr/park": "", "pa": "54", "dt": "", "img": "https://www.mlbstatic.com/team-logos/158.svg", "team": "mil", "start": "", "in": "6", "result": "Flyout", "evo": "82.7", "la": "47", "dist": "261"}, {"player": "victor caratini", "game": "mil @ chc", "gameIdx": 0, "hr/park": "1/30", "pa": "53", "dt": "", "img": "https://www.mlbstatic.com/team-logos/158.svg", "team": "mil", "start": "", "in": "6", "result": "Home Run", "evo": "100.8", "la": "34", "dist": "385"}, {"player": "lorenzo cain", "game": "mil @ chc", "gameIdx": 0, "hr/park": "", "pa": "52", "dt": "", "img": "https://www.mlbstatic.com/team-logos/158.svg", "team": "mil", "start": "", "in": "6", "result": "Flyout", "evo": "89.9", "la": "45", "dist": "298"}, {"player": "keston hiura", "game": "mil @ chc", "gameIdx": 0, "hr/park": "", "pa": "51", "dt": "", "img": "https://www.mlbstatic.com/team-logos/158.svg", "team": "mil", "start": "", "in": "6", "result": "Hit By Pitch", "evo": "", "la": "", "dist": ""}, {"player": "rowdy tellez", "game": "mil @ chc", "gameIdx": 0, "hr/park": "", "pa": "50", "dt": "", "img": "https://www.mlbstatic.com/team-logos/158.svg", "team": "mil", "start": "", "in": "6", "result": "Single", "evo": "104.7", "la": "", "dist": "54"}, {"player": "jace peterson", "game": "mil @ chc", "gameIdx": 0, "hr/park": "", "pa": "49", "dt": "", "img": "https://www.mlbstatic.com/team-logos/158.svg", "team": "mil", "start": "", "in": "6", "result": "Strikeout", "evo": "", "la": "", "dist": ""}, {"player": "nick madrigal", "game": "mil @ chc", "gameIdx": 0, "hr/park": "", "pa": "48", "dt": "", "img": "https://www.mlbstatic.com/team-logos/112.svg", "team": "chc", "start": "", "in": "5", "result": "Pickoff 1B", "evo": "", "la": "", "dist": ""}, {"player": "clint frazier", "game": "mil @ chc", "gameIdx": 0, "hr/park": "", "pa": "47", "dt": "", "img": "https://www.mlbstatic.com/team-logos/112.svg", "team": "chc", "start": "", "in": "5", "result": "Single", "evo": "102.3", "la": "", "dist": "40"}, {"player": "ian happ", "game": "mil @ chc", "gameIdx": 0, "hr/park": "", "pa": "46", "dt": "", "img": "https://www.mlbstatic.com/team-logos/112.svg", "team": "chc", "start": "", "in": "5", "result": "Walk", "evo": "", "la": "", "dist": ""}, {"player": "nico hoerner", "game": "mil @ chc", "gameIdx": 0, "hr/park": "", "pa": "45", "dt": "", "img": "https://www.mlbstatic.com/team-logos/112.svg", "team": "chc", "start": "", "in": "5", "result": "Lineout", "evo": "83.5", "la": "12", "dist": "163"}, {"player": "frank schwindel", "game": "mil @ chc", "gameIdx": 0, "hr/park": "", "pa": "44", "dt": "", "img": "https://www.mlbstatic.com/team-logos/112.svg", "team": "chc", "start": "", "in": "5", "result": "Groundout", "evo": "87.7", "la": "-12", "dist": "7"}, {"player": "tyrone taylor", "game": "mil @ chc", "gameIdx": 0, "hr/park": "", "pa": "43", "dt": "", "img": "https://www.mlbstatic.com/team-logos/158.svg", "team": "mil", "start": "", "in": "5", "result": "Groundout", "evo": "86.6", "la": "-16", "dist": "7"}, {"player": "christian yelich", "game": "mil @ chc", "gameIdx": 0, "hr/park": "", "pa": "42", "dt": "", "img": "https://www.mlbstatic.com/team-logos/158.svg", "team": "mil", "start": "", "in": "5", "result": "Strikeout", "evo": "", "la": "", "dist": ""}, {"player": "luis urias", "game": "mil @ chc", "gameIdx": 0, "hr/park": "", "pa": "41", "dt": "", "img": "https://www.mlbstatic.com/team-logos/158.svg", "team": "mil", "start": "", "in": "5", "result": "Groundout", "evo": "96.2", "la": "2", "dist": "50"}, {"player": "patrick wisdom", "game": "mil @ chc", "gameIdx": 0, "hr/park": "", "pa": "40", "dt": "", "img": "https://www.mlbstatic.com/team-logos/112.svg", "team": "chc", "start": "", "in": "4", "result": "Strikeout", "evo": "", "la": "", "dist": ""}, {"player": "willson contreras", "game": "mil @ chc", "gameIdx": 0, "hr/park": "", "pa": "39", "dt": "", "img": "https://www.mlbstatic.com/team-logos/112.svg", "team": "chc", "start": "", "in": "4", "result": "Hit By Pitch", "evo": "", "la": "", "dist": ""}, {"player": "christopher morel", "game": "mil @ chc", "gameIdx": 0, "hr/park": "", "pa": "38", "dt": "", "img": "https://www.mlbstatic.com/team-logos/112.svg", "team": "chc", "start": "", "in": "4", "result": "Walk", "evo": "", "la": "", "dist": ""}, {"player": "andrelton simmons", "game": "mil @ chc", "gameIdx": 0, "hr/park": "", "pa": "37", "dt": "", "img": "https://www.mlbstatic.com/team-logos/112.svg", "team": "chc", "start": "", "in": "4", "result": "Single", "evo": "95.4", "la": "1", "dist": "70"}, {"player": "alfonso rivas", "game": "mil @ chc", "gameIdx": 0, "hr/park": "", "pa": "36", "dt": "", "img": "https://www.mlbstatic.com/team-logos/112.svg", "team": "chc", "start": "", "in": "4", "result": "Groundout", "evo": "58.9", "la": "-37", "dist": "4"}, {"player": "clint frazier", "game": "mil @ chc", "gameIdx": 0, "hr/park": "17/30", "pa": "35", "dt": "", "img": "https://www.mlbstatic.com/team-logos/112.svg", "team": "chc", "start": "", "in": "4", "result": "Double", "evo": "100.2", "la": "30", "dist": "404"}, {"player": "ian happ", "game": "mil @ chc", "gameIdx": 0, "hr/park": "", "pa": "34", "dt": "", "img": "https://www.mlbstatic.com/team-logos/112.svg", "team": "chc", "start": "", "in": "4", "result": "Flyout", "evo": "78.8", "la": "60", "dist": "210"}, {"player": "andrew mccutchen", "game": "mil @ chc", "gameIdx": 0, "hr/park": "", "pa": "33", "dt": "", "img": "https://www.mlbstatic.com/team-logos/158.svg", "team": "mil", "start": "", "in": "4", "result": "Lineout", "evo": "96.2", "la": "10", "dist": "157"}, {"player": "victor caratini", "game": "mil @ chc", "gameIdx": 0, "hr/park": "", "pa": "32", "dt": "", "img": "https://www.mlbstatic.com/team-logos/158.svg", "team": "mil", "start": "", "in": "4", "result": "Walk", "evo": "", "la": "", "dist": ""}, {"player": "lorenzo cain", "game": "mil @ chc", "gameIdx": 0, "hr/park": "", "pa": "31", "dt": "", "img": "https://www.mlbstatic.com/team-logos/158.svg", "team": "mil", "start": "", "in": "4", "result": "Groundout", "evo": "103.9", "la": "-26", "dist": "5"}, {"player": "keston hiura", "game": "mil @ chc", "gameIdx": 0, "hr/park": "", "pa": "30", "dt": "", "img": "https://www.mlbstatic.com/team-logos/158.svg", "team": "mil", "start": "", "in": "4", "result": "Strikeout", "evo": "", "la": "", "dist": ""}, {"player": "nico hoerner", "game": "mil @ chc", "gameIdx": 0, "hr/park": "0/30", "pa": "29", "dt": "", "img": "https://www.mlbstatic.com/team-logos/112.svg", "team": "chc", "start": "", "in": "3", "result": "Lineout", "evo": "98.8", "la": "18", "dist": "354"}, {"player": "frank schwindel", "game": "mil @ chc", "gameIdx": 0, "hr/park": "", "pa": "28", "dt": "", "img": "https://www.mlbstatic.com/team-logos/112.svg", "team": "chc", "start": "", "in": "3", "result": "Lineout", "evo": "83.8", "la": "21", "dist": "271"}, {"player": "patrick wisdom", "game": "mil @ chc", "gameIdx": 0, "hr/park": "", "pa": "27", "dt": "", "img": "https://www.mlbstatic.com/team-logos/112.svg", "team": "chc", "start": "", "in": "3", "result": "Walk", "evo": "", "la": "", "dist": ""}, {"player": "willson contreras", "game": "mil @ chc", "gameIdx": 0, "hr/park": "", "pa": "26", "dt": "", "img": "https://www.mlbstatic.com/team-logos/112.svg", "team": "chc", "start": "", "in": "3", "result": "Strikeout", "evo": "", "la": "", "dist": ""}, {"player": "rowdy tellez", "game": "mil @ chc", "gameIdx": 0, "hr/park": "", "pa": "25", "dt": "", "img": "https://www.mlbstatic.com/team-logos/158.svg", "team": "mil", "start": "", "in": "3", "result": "Strikeout", "evo": "", "la": "", "dist": ""}, {"player": "mike brosseau", "game": "mil @ chc", "gameIdx": 0, "hr/park": "", "pa": "24", "dt": "", "img": "https://www.mlbstatic.com/team-logos/158.svg", "team": "mil", "start": "", "in": "3", "result": "Lineout", "evo": "99.7", "la": "11", "dist": "165"}, {"player": "tyrone taylor", "game": "mil @ chc", "gameIdx": 0, "hr/park": "0/30", "pa": "23", "dt": "", "img": "https://www.mlbstatic.com/team-logos/158.svg", "team": "mil", "start": "", "in": "3", "result": "Double", "evo": "91.1", "la": "27", "dist": "301"}, {"player": "christian yelich", "game": "mil @ chc", "gameIdx": 0, "hr/park": "", "pa": "22", "dt": "", "img": "https://www.mlbstatic.com/team-logos/158.svg", "team": "mil", "start": "", "in": "3", "result": "Single", "evo": "69.5", "la": "37", "dist": "234"}, {"player": "luis urias", "game": "mil @ chc", "gameIdx": 0, "hr/park": "", "pa": "21", "dt": "", "img": "https://www.mlbstatic.com/team-logos/158.svg", "team": "mil", "start": "", "in": "3", "result": "Walk", "evo": "", "la": "", "dist": ""}, {"player": "andrew mccutchen", "game": "mil @ chc", "gameIdx": 0, "hr/park": "", "pa": "20", "dt": "", "img": "https://www.mlbstatic.com/team-logos/158.svg", "team": "mil", "start": "", "in": "3", "result": "Strikeout", "evo": "", "la": "", "dist": ""}, {"player": "victor caratini", "game": "mil @ chc", "gameIdx": 0, "hr/park": "", "pa": "19", "dt": "", "img": "https://www.mlbstatic.com/team-logos/158.svg", "team": "mil", "start": "", "in": "3", "result": "Single", "evo": "64.8", "la": "27", "dist": "183"}, {"player": "christopher morel", "game": "mil @ chc", "gameIdx": 0, "hr/park": "0/30", "pa": "18", "dt": "", "img": "https://www.mlbstatic.com/team-logos/112.svg", "team": "chc", "start": "", "in": "2", "result": "Lineout", "evo": "90.7", "la": "26", "dist": "314"}, {"player": "andrelton simmons", "game": "mil @ chc", "gameIdx": 0, "hr/park": "", "pa": "17", "dt": "", "img": "https://www.mlbstatic.com/team-logos/112.svg", "team": "chc", "start": "", "in": "2", "result": "Strikeout", "evo": "", "la": "", "dist": ""}, {"player": "alfonso rivas", "game": "mil @ chc", "gameIdx": 0, "hr/park": "", "pa": "16", "dt": "", "img": "https://www.mlbstatic.com/team-logos/112.svg", "team": "chc", "start": "", "in": "2", "result": "Strikeout", "evo": "", "la": "", "dist": ""}, {"player": "clint frazier", "game": "mil @ chc", "gameIdx": 0, "hr/park": "", "pa": "15", "dt": "", "img": "https://www.mlbstatic.com/team-logos/112.svg", "team": "chc", "start": "", "in": "2", "result": "Walk", "evo": "", "la": "", "dist": ""}, {"player": "ian happ", "game": "mil @ chc", "gameIdx": 0, "hr/park": "", "pa": "14", "dt": "", "img": "https://www.mlbstatic.com/team-logos/112.svg", "team": "chc", "start": "", "in": "2", "result": "Triple", "evo": "106.3", "la": "9", "dist": "229"}, {"player": "lorenzo cain", "game": "mil @ chc", "gameIdx": 0, "hr/park": "", "pa": "13", "dt": "", "img": "https://www.mlbstatic.com/team-logos/158.svg", "team": "mil", "start": "", "in": "2", "result": "Flyout", "evo": "77.9", "la": "42", "dist": "253"}, {"player": "keston hiura", "game": "mil @ chc", "gameIdx": 0, "hr/park": "", "pa": "12", "dt": "", "img": "https://www.mlbstatic.com/team-logos/158.svg", "team": "mil", "start": "", "in": "2", "result": "Walk", "evo": "", "la": "", "dist": ""}, {"player": "rowdy tellez", "game": "mil @ chc", "gameIdx": 0, "hr/park": "", "pa": "11", "dt": "", "img": "https://www.mlbstatic.com/team-logos/158.svg", "team": "mil", "start": "", "in": "2", "result": "Pop Out", "evo": "77.8", "la": "79", "dist": "55"}, {"player": "mike brosseau", "game": "mil @ chc", "gameIdx": 0, "hr/park": "", "pa": "10", "dt": "", "img": "https://www.mlbstatic.com/team-logos/158.svg", "team": "mil", "start": "", "in": "2", "result": "Strikeout", "evo": "", "la": "", "dist": ""}, {"player": "nico hoerner", "game": "mil @ chc", "gameIdx": 0, "hr/park": "", "pa": "9", "dt": "", "img": "https://www.mlbstatic.com/team-logos/112.svg", "team": "chc", "start": "", "in": "1", "result": "Strikeout", "evo": "", "la": "", "dist": ""}, {"player": "frank schwindel", "game": "mil @ chc", "gameIdx": 0, "hr/park": "", "pa": "8", "dt": "", "img": "https://www.mlbstatic.com/team-logos/112.svg", "team": "chc", "start": "", "in": "1", "result": "Strikeout", "evo": "", "la": "", "dist": ""}, {"player": "patrick wisdom", "game": "mil @ chc", "gameIdx": 0, "hr/park": "", "pa": "7", "dt": "", "img": "https://www.mlbstatic.com/team-logos/112.svg", "team": "chc", "start": "", "in": "1", "result": "Single", "evo": "109.7", "la": "16", "dist": "287"}, {"player": "willson contreras", "game": "mil @ chc", "gameIdx": 0, "hr/park": "25/30", "pa": "6", "dt": "", "img": "https://www.mlbstatic.com/team-logos/112.svg", "team": "chc", "start": "", "in": "1", "result": "Home Run", "evo": "116.0", "la": "18", "dist": "378"}, {"player": "christopher morel", "game": "mil @ chc", "gameIdx": 0, "hr/park": "0/30", "pa": "5", "dt": "", "img": "https://www.mlbstatic.com/team-logos/112.svg", "team": "chc", "start": "", "in": "1", "result": "Lineout", "evo": "104.9", "la": "19", "dist": "351"}, {"player": "tyrone taylor", "game": "mil @ chc", "gameIdx": 0, "hr/park": "", "pa": "4", "dt": "", "img": "https://www.mlbstatic.com/team-logos/158.svg", "team": "mil", "start": "", "in": "1", "result": "Pop Out", "evo": "92.4", "la": "85", "dist": "36"}, {"player": "christian yelich", "game": "mil @ chc", "gameIdx": 0, "hr/park": "", "pa": "3", "dt": "", "img": "https://www.mlbstatic.com/team-logos/158.svg", "team": "mil", "start": "", "in": "1", "result": "Strikeout", "evo": "", "la": "", "dist": ""}, {"player": "luis urias", "game": "mil @ chc", "gameIdx": 0, "hr/park": "", "pa": "2", "dt": "", "img": "https://www.mlbstatic.com/team-logos/158.svg", "team": "mil", "start": "", "in": "1", "result": "Walk", "evo": "", "la": "", "dist": ""}, {"player": "andrew mccutchen", "game": "mil @ chc", "gameIdx": 0, "hr/park": "", "pa": "1", "dt": "", "img": "https://www.mlbstatic.com/team-logos/158.svg", "team": "mil", "start": "", "in": "1", "result": "Groundout", "evo": "74.4", "la": "-2", "dist": "29"}], "hou @ ath": [], "atl @ ari": [], "pit @ lad": [{"player": "freddie freeman", "game": "pit @ lad", "gameIdx": 0, "hr/park": "", "pa": "78", "dt": "", "img": "https://www.mlbstatic.com/team-logos/119.svg", "team": "lad", "start": "", "in": "9", "result": "Groundout", "evo": "91.1", "la": "-11", "dist": "9"}, {"player": "mookie betts", "game": "pit @ lad", "gameIdx": 0, "hr/park": "", "pa": "77", "dt": "", "img": "https://www.mlbstatic.com/team-logos/119.svg", "team": "lad", "start": "", "in": "9", "result": "Flyout", "evo": "87.5", "la": "40", "dist": "274"}, {"player": "kevin pillar", "game": "pit @ lad", "gameIdx": 0, "hr/park": "0/30", "pa": "76", "dt": "", "img": "https://www.mlbstatic.com/team-logos/119.svg", "team": "lad", "start": "", "in": "9", "result": "Flyout", "evo": "92.5", "la": "41", "dist": "328"}, {"player": "josh vanmeter", "game": "pit @ lad", "gameIdx": 0, "hr/park": "", "pa": "75", "dt": "", "img": "https://www.mlbstatic.com/team-logos/134.svg", "team": "pit", "start": "", "in": "9", "result": "Strikeout", "evo": "", "la": "", "dist": ""}, {"player": "michael chavis", "game": "pit @ lad", "gameIdx": 0, "hr/park": "", "pa": "74", "dt": "", "img": "https://www.mlbstatic.com/team-logos/134.svg", "team": "pit", "start": "", "in": "9", "result": "Intent Walk", "evo": "", "la": "", "dist": ""}, {"player": "bryan reynolds", "game": "pit @ lad", "gameIdx": 0, "hr/park": "", "pa": "73", "dt": "", "img": "https://www.mlbstatic.com/team-logos/134.svg", "team": "pit", "start": "", "in": "9", "result": "Double", "evo": "108.2", "la": "12", "dist": "274"}, {"player": "kebryan hayes", "game": "pit @ lad", "gameIdx": 0, "hr/park": "", "pa": "72", "dt": "", "img": "https://www.mlbstatic.com/team-logos/134.svg", "team": "pit", "start": "", "in": "9", "result": "Strikeout", "evo": "", "la": "", "dist": ""}, {"player": "tucupita marcano", "game": "pit @ lad", "gameIdx": 0, "hr/park": "", "pa": "71", "dt": "", "img": "https://www.mlbstatic.com/team-logos/134.svg", "team": "pit", "start": "", "in": "9", "result": "Sac Bunt", "evo": "42.6", "la": "-55", "dist": "3"}, {"player": "tyler heineman", "game": "pit @ lad", "gameIdx": 0, "hr/park": "", "pa": "70", "dt": "", "img": "https://www.mlbstatic.com/team-logos/134.svg", "team": "pit", "start": "", "in": "9", "result": "Single", "evo": "91.6", "la": "12", "dist": "214"}, {"player": "gavin lux", "game": "pit @ lad", "gameIdx": 0, "hr/park": "", "pa": "69", "dt": "", "img": "https://www.mlbstatic.com/team-logos/119.svg", "team": "lad", "start": "", "in": "8", "result": "Strikeout", "evo": "", "la": "", "dist": ""}, {"player": "chris taylor", "game": "pit @ lad", "gameIdx": 0, "hr/park": "", "pa": "68", "dt": "", "img": "https://www.mlbstatic.com/team-logos/119.svg", "team": "lad", "start": "", "in": "8", "result": "Strikeout", "evo": "", "la": "", "dist": ""}, {"player": "justin turner", "game": "pit @ lad", "gameIdx": 0, "hr/park": "", "pa": "67", "dt": "", "img": "https://www.mlbstatic.com/team-logos/119.svg", "team": "lad", "start": "", "in": "8", "result": "Strikeout", "evo": "", "la": "", "dist": ""}, {"player": "jack suwinski", "game": "pit @ lad", "gameIdx": 0, "hr/park": "", "pa": "66", "dt": "", "img": "https://www.mlbstatic.com/team-logos/134.svg", "team": "pit", "start": "", "in": "8", "result": "Strikeout", "evo": "", "la": "", "dist": ""}, {"player": "yu chang", "game": "pit @ lad", "gameIdx": 0, "hr/park": "", "pa": "65", "dt": "", "img": "https://www.mlbstatic.com/team-logos/134.svg", "team": "pit", "start": "", "in": "8", "result": "Strikeout", "evo": "", "la": "", "dist": ""}, {"player": "rodolfo castro", "game": "pit @ lad", "gameIdx": 0, "hr/park": "", "pa": "64", "dt": "", "img": "https://www.mlbstatic.com/team-logos/134.svg", "team": "pit", "start": "", "in": "8", "result": "Strikeout", "evo": "", "la": "", "dist": ""}, {"player": "edwin rios", "game": "pit @ lad", "gameIdx": 0, "hr/park": "", "pa": "63", "dt": "", "img": "https://www.mlbstatic.com/team-logos/119.svg", "team": "lad", "start": "", "in": "7", "result": "Strikeout", "evo": "", "la": "", "dist": ""}, {"player": "will smith", "game": "pit @ lad", "gameIdx": 0, "hr/park": "", "pa": "62", "dt": "", "img": "https://www.mlbstatic.com/team-logos/119.svg", "team": "lad", "start": "", "in": "7", "result": "Walk", "evo": "", "la": "", "dist": ""}, {"player": "trea turner", "game": "pit @ lad", "gameIdx": 0, "hr/park": "", "pa": "61", "dt": "", "img": "https://www.mlbstatic.com/team-logos/119.svg", "team": "lad", "start": "", "in": "7", "result": "Groundout", "evo": "77.0", "la": "-40", "dist": "4"}, {"player": "freddie freeman", "game": "pit @ lad", "gameIdx": 0, "hr/park": "", "pa": "60", "dt": "", "img": "https://www.mlbstatic.com/team-logos/119.svg", "team": "lad", "start": "", "in": "7", "result": "Single", "evo": "105.8", "la": "11", "dist": "186"}, {"player": "josh vanmeter", "game": "pit @ lad", "gameIdx": 0, "hr/park": "", "pa": "59", "dt": "", "img": "https://www.mlbstatic.com/team-logos/134.svg", "team": "pit", "start": "", "in": "7", "result": "Groundout", "evo": "82.5", "la": "-25", "dist": "6"}, {"player": "michael chavis", "game": "pit @ lad", "gameIdx": 0, "hr/park": "", "pa": "58", "dt": "", "img": "https://www.mlbstatic.com/team-logos/134.svg", "team": "pit", "start": "", "in": "7", "result": "Groundout", "evo": "83.5", "la": "-41", "dist": "2"}, {"player": "bryan reynolds", "game": "pit @ lad", "gameIdx": 0, "hr/park": "", "pa": "57", "dt": "", "img": "https://www.mlbstatic.com/team-logos/134.svg", "team": "pit", "start": "", "in": "7", "result": "Groundout", "evo": "90.7", "la": "-11", "dist": "11"}, {"player": "kebryan hayes", "game": "pit @ lad", "gameIdx": 0, "hr/park": "", "pa": "56", "dt": "", "img": "https://www.mlbstatic.com/team-logos/134.svg", "team": "pit", "start": "", "in": "7", "result": "Single", "evo": "103.0", "la": "10", "dist": "226"}, {"player": "mookie betts", "game": "pit @ lad", "gameIdx": 0, "hr/park": "", "pa": "55", "dt": "", "img": "https://www.mlbstatic.com/team-logos/119.svg", "team": "lad", "start": "", "in": "6", "result": "Pop Out", "evo": "89.0", "la": "63", "dist": "175"}, {"player": "kevin pillar", "game": "pit @ lad", "gameIdx": 0, "hr/park": "", "pa": "54", "dt": "", "img": "https://www.mlbstatic.com/team-logos/119.svg", "team": "lad", "start": "", "in": "6", "result": "Strikeout", "evo": "", "la": "", "dist": ""}, {"player": "gavin lux", "game": "pit @ lad", "gameIdx": 0, "hr/park": "", "pa": "53", "dt": "", "img": "https://www.mlbstatic.com/team-logos/119.svg", "team": "lad", "start": "", "in": "6", "result": "Strikeout", "evo": "", "la": "", "dist": ""}, {"player": "chris taylor", "game": "pit @ lad", "gameIdx": 0, "hr/park": "", "pa": "52", "dt": "", "img": "https://www.mlbstatic.com/team-logos/119.svg", "team": "lad", "start": "", "in": "6", "result": "Single", "evo": "76.3", "la": "24", "dist": "227"}, {"player": "justin turner", "game": "pit @ lad", "gameIdx": 0, "hr/park": "", "pa": "51", "dt": "", "img": "https://www.mlbstatic.com/team-logos/119.svg", "team": "lad", "start": "", "in": "6", "result": "Walk", "evo": "", "la": "", "dist": ""}, {"player": "tucupita marcano", "game": "pit @ lad", "gameIdx": 0, "hr/park": "", "pa": "50", "dt": "", "img": "https://www.mlbstatic.com/team-logos/134.svg", "team": "pit", "start": "", "in": "6", "result": "Groundout", "evo": "86.3", "la": "-16", "dist": "9"}, {"player": "tyler heineman", "game": "pit @ lad", "gameIdx": 0, "hr/park": "4/30", "pa": "49", "dt": "", "img": "https://www.mlbstatic.com/team-logos/134.svg", "team": "pit", "start": "", "in": "6", "result": "Flyout", "evo": "94.5", "la": "36", "dist": "345"}, {"player": "jack suwinski", "game": "pit @ lad", "gameIdx": 0, "hr/park": "", "pa": "48", "dt": "", "img": "https://www.mlbstatic.com/team-logos/134.svg", "team": "pit", "start": "", "in": "6", "result": "Single", "evo": "106.7", "la": "3", "dist": "82"}, {"player": "yu chang", "game": "pit @ lad", "gameIdx": 0, "hr/park": "0/30", "pa": "47", "dt": "", "img": "https://www.mlbstatic.com/team-logos/134.svg", "team": "pit", "start": "", "in": "6", "result": "Flyout", "evo": "86.2", "la": "31", "dist": "318"}, {"player": "edwin rios", "game": "pit @ lad", "gameIdx": 0, "hr/park": "", "pa": "46", "dt": "", "img": "https://www.mlbstatic.com/team-logos/119.svg", "team": "lad", "start": "", "in": "5", "result": "Strikeout", "evo": "", "la": "", "dist": ""}, {"player": "will smith", "game": "pit @ lad", "gameIdx": 0, "hr/park": "", "pa": "45", "dt": "", "img": "https://www.mlbstatic.com/team-logos/119.svg", "team": "lad", "start": "", "in": "5", "result": "Strikeout", "evo": "", "la": "", "dist": ""}, {"player": "trea turner", "game": "pit @ lad", "gameIdx": 0, "hr/park": "0/30", "pa": "44", "dt": "", "img": "https://www.mlbstatic.com/team-logos/119.svg", "team": "lad", "start": "", "in": "5", "result": "Flyout", "evo": "101.9", "la": "32", "dist": "378"}, {"player": "freddie freeman", "game": "pit @ lad", "gameIdx": 0, "hr/park": "", "pa": "43", "dt": "", "img": "https://www.mlbstatic.com/team-logos/119.svg", "team": "lad", "start": "", "in": "5", "result": "Walk", "evo": "", "la": "", "dist": ""}, {"player": "rodolfo castro", "game": "pit @ lad", "gameIdx": 0, "hr/park": "", "pa": "42", "dt": "", "img": "https://www.mlbstatic.com/team-logos/134.svg", "team": "pit", "start": "", "in": "5", "result": "Strikeout", "evo": "", "la": "", "dist": ""}, {"player": "diego a castillo", "game": "pit @ lad", "gameIdx": 0, "hr/park": "", "pa": "41", "dt": "", "img": "https://www.mlbstatic.com/team-logos/134.svg", "team": "pit", "start": "", "in": "5", "result": "Strikeout", "evo": "", "la": "", "dist": ""}, {"player": "michael chavis", "game": "pit @ lad", "gameIdx": 0, "hr/park": "0/30", "pa": "40", "dt": "", "img": "https://www.mlbstatic.com/team-logos/134.svg", "team": "pit", "start": "", "in": "5", "result": "Lineout", "evo": "102.4", "la": "22", "dist": "379"}, {"player": "mookie betts", "game": "pit @ lad", "gameIdx": 0, "hr/park": "", "pa": "39", "dt": "", "img": "https://www.mlbstatic.com/team-logos/119.svg", "team": "lad", "start": "", "in": "4", "result": "Groundout", "evo": "89.8", "la": "-8", "dist": "14"}, {"player": "kevin pillar", "game": "pit @ lad", "gameIdx": 0, "hr/park": "0/30", "pa": "38", "dt": "", "img": "https://www.mlbstatic.com/team-logos/119.svg", "team": "lad", "start": "", "in": "4", "result": "Flyout", "evo": "94.8", "la": "30", "dist": "353"}, {"player": "gavin lux", "game": "pit @ lad", "gameIdx": 0, "hr/park": "", "pa": "37", "dt": "", "img": "https://www.mlbstatic.com/team-logos/119.svg", "team": "lad", "start": "", "in": "4", "result": "Walk", "evo": "", "la": "", "dist": ""}, {"player": "chris taylor", "game": "pit @ lad", "gameIdx": 0, "hr/park": "", "pa": "36", "dt": "", "img": "https://www.mlbstatic.com/team-logos/119.svg", "team": "lad", "start": "", "in": "4", "result": "Strikeout", "evo": "", "la": "", "dist": ""}, {"player": "bryan reynolds", "game": "pit @ lad", "gameIdx": 0, "hr/park": "", "pa": "35", "dt": "", "img": "https://www.mlbstatic.com/team-logos/134.svg", "team": "pit", "start": "", "in": "4", "result": "Lineout", "evo": "105.1", "la": "8", "dist": "159"}, {"player": "kebryan hayes", "game": "pit @ lad", "gameIdx": 0, "hr/park": "", "pa": "34", "dt": "", "img": "https://www.mlbstatic.com/team-logos/134.svg", "team": "pit", "start": "", "in": "4", "result": "Flyout", "evo": "88.2", "la": "48", "dist": "251"}, {"player": "tucupita marcano", "game": "pit @ lad", "gameIdx": 0, "hr/park": "", "pa": "33", "dt": "", "img": "https://www.mlbstatic.com/team-logos/134.svg", "team": "pit", "start": "", "in": "4", "result": "Pop Out", "evo": "81.7", "la": "58", "dist": "196"}, {"player": "tyler heineman", "game": "pit @ lad", "gameIdx": 0, "hr/park": "", "pa": "32", "dt": "", "img": "https://www.mlbstatic.com/team-logos/134.svg", "team": "pit", "start": "", "in": "4", "result": "Single", "evo": "34.2", "la": "-31", "dist": "5"}, {"player": "justin turner", "game": "pit @ lad", "gameIdx": 0, "hr/park": "", "pa": "31", "dt": "", "img": "https://www.mlbstatic.com/team-logos/119.svg", "team": "lad", "start": "", "in": "3", "result": "Forceout", "evo": "73.2", "la": "-10", "dist": "14"}, {"player": "edwin rios", "game": "pit @ lad", "gameIdx": 0, "hr/park": "", "pa": "30", "dt": "", "img": "https://www.mlbstatic.com/team-logos/119.svg", "team": "lad", "start": "", "in": "3", "result": "Walk", "evo": "", "la": "", "dist": ""}, {"player": "will smith", "game": "pit @ lad", "gameIdx": 0, "hr/park": "", "pa": "29", "dt": "", "img": "https://www.mlbstatic.com/team-logos/119.svg", "team": "lad", "start": "", "in": "3", "result": "Flyout", "evo": "80.1", "la": "42", "dist": "276"}, {"player": "trea turner", "game": "pit @ lad", "gameIdx": 0, "hr/park": "24/30", "pa": "28", "dt": "", "img": "https://www.mlbstatic.com/team-logos/119.svg", "team": "lad", "start": "", "in": "3", "result": "Home Run", "evo": "101.1", "la": "33", "dist": "378"}, {"player": "freddie freeman", "game": "pit @ lad", "gameIdx": 0, "hr/park": "", "pa": "27", "dt": "", "img": "https://www.mlbstatic.com/team-logos/119.svg", "team": "lad", "start": "", "in": "3", "result": "Forceout", "evo": "81.8", "la": "-35", "dist": "5"}, {"player": "mookie betts", "game": "pit @ lad", "gameIdx": 0, "hr/park": "", "pa": "26", "dt": "", "img": "https://www.mlbstatic.com/team-logos/119.svg", "team": "lad", "start": "", "in": "3", "result": "Walk", "evo": "", "la": "", "dist": ""}, {"player": "jack suwinski", "game": "pit @ lad", "gameIdx": 0, "hr/park": "", "pa": "25", "dt": "", "img": "https://www.mlbstatic.com/team-logos/134.svg", "team": "pit", "start": "", "in": "3", "result": "Strikeout", "evo": "", "la": "", "dist": ""}, {"player": "yu chang", "game": "pit @ lad", "gameIdx": 0, "hr/park": "", "pa": "24", "dt": "", "img": "https://www.mlbstatic.com/team-logos/134.svg", "team": "pit", "start": "", "in": "3", "result": "Strikeout", "evo": "", "la": "", "dist": ""}, {"player": "rodolfo castro", "game": "pit @ lad", "gameIdx": 0, "hr/park": "", "pa": "23", "dt": "", "img": "https://www.mlbstatic.com/team-logos/134.svg", "team": "pit", "start": "", "in": "3", "result": "Single", "evo": "68.6", "la": "22", "dist": "187"}, {"player": "diego a castillo", "game": "pit @ lad", "gameIdx": 0, "hr/park": "", "pa": "22", "dt": "", "img": "https://www.mlbstatic.com/team-logos/134.svg", "team": "pit", "start": "", "in": "3", "result": "Single", "evo": "87.7", "la": "23", "dist": "298"}, {"player": "michael chavis", "game": "pit @ lad", "gameIdx": 0, "hr/park": "", "pa": "21", "dt": "", "img": "https://www.mlbstatic.com/team-logos/134.svg", "team": "pit", "start": "", "in": "3", "result": "Single", "evo": "60.9", "la": "-58", "dist": "2"}, {"player": "bryan reynolds", "game": "pit @ lad", "gameIdx": 0, "hr/park": "", "pa": "20", "dt": "", "img": "https://www.mlbstatic.com/team-logos/134.svg", "team": "pit", "start": "", "in": "3", "result": "Lineout", "evo": "72.4", "la": "17", "dist": "170"}, {"player": "kevin pillar", "game": "pit @ lad", "gameIdx": 0, "hr/park": "", "pa": "19", "dt": "", "img": "https://www.mlbstatic.com/team-logos/119.svg", "team": "lad", "start": "", "in": "2", "result": "Groundout", "evo": "64.6", "la": "1", "dist": "46"}, {"player": "gavin lux", "game": "pit @ lad", "gameIdx": 0, "hr/park": "", "pa": "18", "dt": "", "img": "https://www.mlbstatic.com/team-logos/119.svg", "team": "lad", "start": "", "in": "2", "result": "Groundout", "evo": "50.8", "la": "-65", "dist": "2"}, {"player": "chris taylor", "game": "pit @ lad", "gameIdx": 0, "hr/park": "", "pa": "17", "dt": "", "img": "https://www.mlbstatic.com/team-logos/119.svg", "team": "lad", "start": "", "in": "2", "result": "Walk", "evo": "", "la": "", "dist": ""}, {"player": "justin turner", "game": "pit @ lad", "gameIdx": 0, "hr/park": "", "pa": "16", "dt": "", "img": "https://www.mlbstatic.com/team-logos/119.svg", "team": "lad", "start": "", "in": "2", "result": "Lineout", "evo": "90.1", "la": "10", "dist": "169"}, {"player": "edwin rios", "game": "pit @ lad", "gameIdx": 0, "hr/park": "", "pa": "15", "dt": "", "img": "https://www.mlbstatic.com/team-logos/119.svg", "team": "lad", "start": "", "in": "2", "result": "Hit By Pitch", "evo": "", "la": "", "dist": ""}, {"player": "kebryan hayes", "game": "pit @ lad", "gameIdx": 0, "hr/park": "", "pa": "14", "dt": "", "img": "https://www.mlbstatic.com/team-logos/134.svg", "team": "pit", "start": "", "in": "2", "result": "Groundout", "evo": "68.9", "la": "-27", "dist": "7"}, {"player": "tucupita marcano", "game": "pit @ lad", "gameIdx": 0, "hr/park": "2/30", "pa": "13", "dt": "", "img": "https://www.mlbstatic.com/team-logos/134.svg", "team": "pit", "start": "", "in": "2", "result": "Home Run", "evo": "102.6", "la": "25", "dist": "402"}, {"player": "tyler heineman", "game": "pit @ lad", "gameIdx": 0, "hr/park": "", "pa": "12", "dt": "", "img": "https://www.mlbstatic.com/team-logos/134.svg", "team": "pit", "start": "", "in": "2", "result": "Single", "evo": "70.0", "la": "25", "dist": "232"}, {"player": "jack suwinski", "game": "pit @ lad", "gameIdx": 0, "hr/park": "", "pa": "11", "dt": "", "img": "https://www.mlbstatic.com/team-logos/134.svg", "team": "pit", "start": "", "in": "2", "result": "Groundout", "evo": "79.7", "la": "-8", "dist": "13"}, {"player": "yu chang", "game": "pit @ lad", "gameIdx": 0, "hr/park": "", "pa": "10", "dt": "", "img": "https://www.mlbstatic.com/team-logos/134.svg", "team": "pit", "start": "", "in": "2", "result": "Strikeout", "evo": "", "la": "", "dist": ""}, {"player": "will smith", "game": "pit @ lad", "gameIdx": 0, "hr/park": "", "pa": "9", "dt": "", "img": "https://www.mlbstatic.com/team-logos/119.svg", "team": "lad", "start": "", "in": "1", "result": "Strikeout", "evo": "", "la": "", "dist": ""}, {"player": "trea turner", "game": "pit @ lad", "gameIdx": 0, "hr/park": "", "pa": "8", "dt": "", "img": "https://www.mlbstatic.com/team-logos/119.svg", "team": "lad", "start": "", "in": "1", "result": "Single", "evo": "64.4", "la": "21", "dist": "159"}, {"player": "freddie freeman", "game": "pit @ lad", "gameIdx": 0, "hr/park": "", "pa": "7", "dt": "", "img": "https://www.mlbstatic.com/team-logos/119.svg", "team": "lad", "start": "", "in": "1", "result": "Pop Out", "evo": "93.0", "la": "70", "dist": "150"}, {"player": "mookie betts", "game": "pit @ lad", "gameIdx": 0, "hr/park": "", "pa": "6", "dt": "", "img": "https://www.mlbstatic.com/team-logos/119.svg", "team": "lad", "start": "", "in": "1", "result": "Strikeout", "evo": "", "la": "", "dist": ""}, {"player": "rodolfo castro", "game": "pit @ lad", "gameIdx": 0, "hr/park": "", "pa": "5", "dt": "", "img": "https://www.mlbstatic.com/team-logos/134.svg", "team": "pit", "start": "", "in": "1", "result": "Strikeout", "evo": "", "la": "", "dist": ""}, {"player": "diego a castillo", "game": "pit @ lad", "gameIdx": 0, "hr/park": "", "pa": "4", "dt": "", "img": "https://www.mlbstatic.com/team-logos/134.svg", "team": "pit", "start": "", "in": "1", "result": "Strikeout", "evo": "", "la": "", "dist": ""}, {"player": "michael chavis", "game": "pit @ lad", "gameIdx": 0, "hr/park": "26/30", "pa": "3", "dt": "", "img": "https://www.mlbstatic.com/team-logos/134.svg", "team": "pit", "start": "", "in": "1", "result": "Home Run", "evo": "104.5", "la": "38", "dist": "364"}, {"player": "bryan reynolds", "game": "pit @ lad", "gameIdx": 0, "hr/park": "", "pa": "2", "dt": "", "img": "https://www.mlbstatic.com/team-logos/134.svg", "team": "pit", "start": "", "in": "1", "result": "Strikeout", "evo": "", "la": "", "dist": ""}, {"player": "kebryan hayes", "game": "pit @ lad", "gameIdx": 0, "hr/park": "", "pa": "1", "dt": "", "img": "https://www.mlbstatic.com/team-logos/134.svg", "team": "pit", "start": "", "in": "1", "result": "Walk", "evo": "", "la": "", "dist": ""}], "mia @ col": []}