{"all": {"pitchers": "7", "batters": "20", "pitches": "260", "max velomax pitch velocity": "97.1", "min velomin pitch velocity": "72.0", "ff%fourseam fastball %": "40.0", "si%sinker %": "6.9", "fc%cutter %": "13.5", "fs%splitter %": "0.0", "ch%changeup %": "2.7", "sl%slider %": "23.5", "cu%curve %": "13.5", "max evmax exit velocity": "111.2", "hhhard hit": "11", "hh%hard hit %": "26.8", "brlbarrels": "4", "brl%barrel %": "9.8", "ab": "61", "avg": ".197", "h": "12", "1b": "7", "2b": "2", "3b": "1", "hr": "2", "so": "20", "bipballs in play": "41", "liveGames": 0, "totGames": 8}, "min @ cle": [], "atl @ phi": [], "nyy @ hou": [], "mil @ pit": [], "tb @ tor": [], "cin @ chc": [], "sd @ lad": [{"player": "cj abrams", "game": "sd @ lad", "gameIdx": 0, "hr/park": "", "pa": "65", "dt": "", "img": "https://www.mlbstatic.com/team-logos/135.svg", "team": "sd", "start": "", "in": "9", "result": "Strikeout", "evo": "", "la": "", "dist": ""}, {"player": "ha seong kim", "game": "sd @ lad", "gameIdx": 0, "hr/park": "", "pa": "64", "dt": "", "img": "https://www.mlbstatic.com/team-logos/135.svg", "team": "sd", "start": "", "in": "9", "result": "Pop Out", "evo": "98.8", "la": "67", "dist": "162"}, {"player": "trent grisham", "game": "sd @ lad", "gameIdx": 0, "hr/park": "", "pa": "63", "dt": "", "img": "https://www.mlbstatic.com/team-logos/135.svg", "team": "sd", "start": "", "in": "9", "result": "Strikeout", "evo": "", "la": "", "dist": ""}, {"player": "freddie freeman", "game": "sd @ lad", "gameIdx": 0, "hr/park": "", "pa": "62", "dt": "", "img": "https://www.mlbstatic.com/team-logos/119.svg", "team": "lad", "start": "", "in": "8", "result": "Flyout", "evo": "83.9", "la": "56", "dist": "213"}, {"player": "trea turner", "game": "sd @ lad", "gameIdx": 0, "hr/park": "", "pa": "61", "dt": "", "img": "https://www.mlbstatic.com/team-logos/119.svg", "team": "lad", "start": "", "in": "8", "result": "Strikeout", "evo": "", "la": "", "dist": ""}, {"player": "gavin lux", "game": "sd @ lad", "gameIdx": 0, "hr/park": "", "pa": "60", "dt": "", "img": "https://www.mlbstatic.com/team-logos/119.svg", "team": "lad", "start": "", "in": "8", "result": "Strikeout", "evo": "", "la": "", "dist": ""}, {"player": "austin nola", "game": "sd @ lad", "gameIdx": 0, "hr/park": "", "pa": "59", "dt": "", "img": "https://www.mlbstatic.com/team-logos/135.svg", "team": "sd", "start": "", "in": "8", "result": "Groundout", "evo": "76.9", "la": "-11", "dist": "12"}, {"player": "luke voit", "game": "sd @ lad", "gameIdx": 0, "hr/park": "", "pa": "58", "dt": "", "img": "https://www.mlbstatic.com/team-logos/135.svg", "team": "sd", "start": "", "in": "8", "result": "Walk", "evo": "", "la": "", "dist": ""}, {"player": "jorge alfaro", "game": "sd @ lad", "gameIdx": 0, "hr/park": "", "pa": "57", "dt": "", "img": "https://www.mlbstatic.com/team-logos/135.svg", "team": "sd", "start": "", "in": "8", "result": "Strikeout", "evo": "", "la": "", "dist": ""}, {"player": "jake cronenworth", "game": "sd @ lad", "gameIdx": 0, "hr/park": "", "pa": "56", "dt": "", "img": "https://www.mlbstatic.com/team-logos/135.svg", "team": "sd", "start": "", "in": "8", "result": "Single", "evo": "92.0", "la": "6", "dist": "101"}, {"player": "manny machado", "game": "sd @ lad", "gameIdx": 0, "hr/park": "", "pa": "55", "dt": "", "img": "https://www.mlbstatic.com/team-logos/135.svg", "team": "sd", "start": "", "in": "8", "result": "Strikeout", "evo": "", "la": "", "dist": ""}, {"player": "chris taylor", "game": "sd @ lad", "gameIdx": 0, "hr/park": "", "pa": "54", "dt": "", "img": "https://www.mlbstatic.com/team-logos/119.svg", "team": "lad", "start": "", "in": "7", "result": "Strikeout", "evo": "", "la": "", "dist": ""}, {"player": "jake lamb", "game": "sd @ lad", "gameIdx": 0, "hr/park": "", "pa": "53", "dt": "", "img": "https://www.mlbstatic.com/team-logos/119.svg", "team": "lad", "start": "", "in": "7", "result": "Triple", "evo": "105.4", "la": "15", "dist": "271"}, {"player": "cody bellinger", "game": "sd @ lad", "gameIdx": 0, "hr/park": "", "pa": "52", "dt": "", "img": "https://www.mlbstatic.com/team-logos/119.svg", "team": "lad", "start": "", "in": "7", "result": "Lineout", "evo": "101.7", "la": "10", "dist": "157"}, {"player": "justin turner", "game": "sd @ lad", "gameIdx": 0, "hr/park": "16/30", "pa": "51", "dt": "", "img": "https://www.mlbstatic.com/team-logos/119.svg", "team": "lad", "start": "", "in": "7", "result": "Home Run", "evo": "101.1", "la": "31", "dist": "404"}, {"player": "max muncy", "game": "sd @ lad", "gameIdx": 0, "hr/park": "", "pa": "50", "dt": "", "img": "https://www.mlbstatic.com/team-logos/119.svg", "team": "lad", "start": "", "in": "7", "result": "Walk", "evo": "", "la": "", "dist": ""}, {"player": "will smith", "game": "sd @ lad", "gameIdx": 0, "hr/park": "", "pa": "49", "dt": "", "img": "https://www.mlbstatic.com/team-logos/119.svg", "team": "lad", "start": "", "in": "7", "result": "Strikeout", "evo": "", "la": "", "dist": ""}, {"player": "jurickson profar", "game": "sd @ lad", "gameIdx": 0, "hr/park": "", "pa": "48", "dt": "", "img": "https://www.mlbstatic.com/team-logos/135.svg", "team": "sd", "start": "", "in": "7", "result": "Groundout", "evo": "50.3", "la": "-17", "dist": "7"}, {"player": "cj abrams", "game": "sd @ lad", "gameIdx": 0, "hr/park": "", "pa": "47", "dt": "", "img": "https://www.mlbstatic.com/team-logos/135.svg", "team": "sd", "start": "", "in": "7", "result": "Groundout", "evo": "67.7", "la": "-73", "dist": "1"}, {"player": "ha seong kim", "game": "sd @ lad", "gameIdx": 0, "hr/park": "", "pa": "46", "dt": "", "img": "https://www.mlbstatic.com/team-logos/135.svg", "team": "sd", "start": "", "in": "7", "result": "Groundout", "evo": "86.9", "la": "-2", "dist": "35"}, {"player": "freddie freeman", "game": "sd @ lad", "gameIdx": 0, "hr/park": "", "pa": "45", "dt": "", "img": "https://www.mlbstatic.com/team-logos/119.svg", "team": "lad", "start": "", "in": "6", "result": "Groundout", "evo": "95.7", "la": "5", "dist": "89"}, {"player": "trea turner", "game": "sd @ lad", "gameIdx": 0, "hr/park": "", "pa": "44", "dt": "", "img": "https://www.mlbstatic.com/team-logos/119.svg", "team": "lad", "start": "", "in": "6", "result": "Groundout", "evo": "59.1", "la": "-79", "dist": "3"}, {"player": "gavin lux", "game": "sd @ lad", "gameIdx": 0, "hr/park": "", "pa": "43", "dt": "", "img": "https://www.mlbstatic.com/team-logos/119.svg", "team": "lad", "start": "", "in": "6", "result": "Groundout", "evo": "77.6", "la": "-20", "dist": "9"}, {"player": "trent grisham", "game": "sd @ lad", "gameIdx": 0, "hr/park": "", "pa": "42", "dt": "", "img": "https://www.mlbstatic.com/team-logos/135.svg", "team": "sd", "start": "", "in": "6", "result": "Flyout", "evo": "70.1", "la": "36", "dist": "231"}, {"player": "austin nola", "game": "sd @ lad", "gameIdx": 0, "hr/park": "", "pa": "41", "dt": "", "img": "https://www.mlbstatic.com/team-logos/135.svg", "team": "sd", "start": "", "in": "6", "result": "Groundout", "evo": "82.6", "la": "-24", "dist": "6"}, {"player": "eric hosmer", "game": "sd @ lad", "gameIdx": 0, "hr/park": "0/30", "pa": "40", "dt": "", "img": "https://www.mlbstatic.com/team-logos/135.svg", "team": "sd", "start": "", "in": "6", "result": "Flyout", "evo": "99.5", "la": "26", "dist": "370"}, {"player": "nomar mazara", "game": "sd @ lad", "gameIdx": 0, "hr/park": "", "pa": "39", "dt": "", "img": "https://www.mlbstatic.com/team-logos/135.svg", "team": "sd", "start": "", "in": "6", "result": "Walk", "evo": "", "la": "", "dist": ""}, {"player": "chris taylor", "game": "sd @ lad", "gameIdx": 0, "hr/park": "", "pa": "38", "dt": "", "img": "https://www.mlbstatic.com/team-logos/119.svg", "team": "lad", "start": "", "in": "5", "result": "Strikeout", "evo": "", "la": "", "dist": ""}, {"player": "jake lamb", "game": "sd @ lad", "gameIdx": 0, "hr/park": "", "pa": "37", "dt": "", "img": "https://www.mlbstatic.com/team-logos/119.svg", "team": "lad", "start": "", "in": "5", "result": "Strikeout", "evo": "", "la": "", "dist": ""}, {"player": "cody bellinger", "game": "sd @ lad", "gameIdx": 0, "hr/park": "", "pa": "36", "dt": "", "img": "https://www.mlbstatic.com/team-logos/119.svg", "team": "lad", "start": "", "in": "5", "result": "Pop Out", "evo": "74.0", "la": "64", "dist": "134"}, {"player": "justin turner", "game": "sd @ lad", "gameIdx": 0, "hr/park": "", "pa": "35", "dt": "", "img": "https://www.mlbstatic.com/team-logos/119.svg", "team": "lad", "start": "", "in": "5", "result": "Single", "evo": "104.3", "la": "15", "dist": "285"}, {"player": "jake cronenworth", "game": "sd @ lad", "gameIdx": 0, "hr/park": "", "pa": "34", "dt": "", "img": "https://www.mlbstatic.com/team-logos/135.svg", "team": "sd", "start": "", "in": "5", "result": "Strikeout", "evo": "", "la": "", "dist": ""}, {"player": "manny machado", "game": "sd @ lad", "gameIdx": 0, "hr/park": "", "pa": "33", "dt": "", "img": "https://www.mlbstatic.com/team-logos/135.svg", "team": "sd", "start": "", "in": "5", "result": "Strikeout", "evo": "", "la": "", "dist": ""}, {"player": "jurickson profar", "game": "sd @ lad", "gameIdx": 0, "hr/park": "", "pa": "32", "dt": "", "img": "https://www.mlbstatic.com/team-logos/135.svg", "team": "sd", "start": "", "in": "5", "result": "Double", "evo": "88.9", "la": "-28", "dist": "5"}, {"player": "cj abrams", "game": "sd @ lad", "gameIdx": 0, "hr/park": "", "pa": "31", "dt": "", "img": "https://www.mlbstatic.com/team-logos/135.svg", "team": "sd", "start": "", "in": "5", "result": "Lineout", "evo": "77.2", "la": "27", "dist": "262"}, {"player": "max muncy", "game": "sd @ lad", "gameIdx": 0, "hr/park": "", "pa": "30", "dt": "", "img": "https://www.mlbstatic.com/team-logos/119.svg", "team": "lad", "start": "", "in": "4", "result": "Single", "evo": "111.2", "la": "16", "dist": "260"}, {"player": "will smith", "game": "sd @ lad", "gameIdx": 0, "hr/park": "", "pa": "29", "dt": "", "img": "https://www.mlbstatic.com/team-logos/119.svg", "team": "lad", "start": "", "in": "4", "result": "Strikeout", "evo": "", "la": "", "dist": ""}, {"player": "freddie freeman", "game": "sd @ lad", "gameIdx": 0, "hr/park": "0/30", "pa": "28", "dt": "", "img": "https://www.mlbstatic.com/team-logos/119.svg", "team": "lad", "start": "", "in": "4", "result": "Lineout", "evo": "92.7", "la": "23", "dist": "328"}, {"player": "ha seong kim", "game": "sd @ lad", "gameIdx": 0, "hr/park": "", "pa": "27", "dt": "", "img": "https://www.mlbstatic.com/team-logos/135.svg", "team": "sd", "start": "", "in": "4", "result": "Strikeout", "evo": "", "la": "", "dist": ""}, {"player": "trent grisham", "game": "sd @ lad", "gameIdx": 0, "hr/park": "", "pa": "26", "dt": "", "img": "https://www.mlbstatic.com/team-logos/135.svg", "team": "sd", "start": "", "in": "4", "result": "Groundout", "evo": "53.9", "la": "-8", "dist": "13"}, {"player": "austin nola", "game": "sd @ lad", "gameIdx": 0, "hr/park": "", "pa": "25", "dt": "", "img": "https://www.mlbstatic.com/team-logos/135.svg", "team": "sd", "start": "", "in": "4", "result": "Groundout", "evo": "82.6", "la": "-23", "dist": "7"}, {"player": "trea turner", "game": "sd @ lad", "gameIdx": 0, "hr/park": "", "pa": "24", "dt": "", "img": "https://www.mlbstatic.com/team-logos/119.svg", "team": "lad", "start": "", "in": "3", "result": "Lineout", "evo": "83.1", "la": "25", "dist": "287"}, {"player": "gavin lux", "game": "sd @ lad", "gameIdx": 0, "hr/park": "", "pa": "23", "dt": "", "img": "https://www.mlbstatic.com/team-logos/119.svg", "team": "lad", "start": "", "in": "3", "result": "Pop Out", "evo": "81.9", "la": "65", "dist": "160"}, {"player": "chris taylor", "game": "sd @ lad", "gameIdx": 0, "hr/park": "", "pa": "22", "dt": "", "img": "https://www.mlbstatic.com/team-logos/119.svg", "team": "lad", "start": "", "in": "3", "result": "Strikeout", "evo": "", "la": "", "dist": ""}, {"player": "eric hosmer", "game": "sd @ lad", "gameIdx": 0, "hr/park": "", "pa": "21", "dt": "", "img": "https://www.mlbstatic.com/team-logos/135.svg", "team": "sd", "start": "", "in": "3", "result": "Groundout", "evo": "68.7", "la": "-11", "dist": "14"}, {"player": "nomar mazara", "game": "sd @ lad", "gameIdx": 0, "hr/park": "", "pa": "20", "dt": "", "img": "https://www.mlbstatic.com/team-logos/135.svg", "team": "sd", "start": "", "in": "3", "result": "Pop Out", "evo": "72.5", "la": "61", "dist": "163"}, {"player": "jake cronenworth", "game": "sd @ lad", "gameIdx": 0, "hr/park": "", "pa": "19", "dt": "", "img": "https://www.mlbstatic.com/team-logos/135.svg", "team": "sd", "start": "", "in": "3", "result": "Single", "evo": "107.3", "la": "7", "dist": "126"}, {"player": "manny machado", "game": "sd @ lad", "gameIdx": 0, "hr/park": "", "pa": "18", "dt": "", "img": "https://www.mlbstatic.com/team-logos/135.svg", "team": "sd", "start": "", "in": "3", "result": "Strikeout", "evo": "", "la": "", "dist": ""}, {"player": "jake lamb", "game": "sd @ lad", "gameIdx": 0, "hr/park": "", "pa": "17", "dt": "", "img": "https://www.mlbstatic.com/team-logos/119.svg", "team": "lad", "start": "", "in": "2", "result": "Strikeout", "evo": "", "la": "", "dist": ""}, {"player": "cody bellinger", "game": "sd @ lad", "gameIdx": 0, "hr/park": "", "pa": "16", "dt": "", "img": "https://www.mlbstatic.com/team-logos/119.svg", "team": "lad", "start": "", "in": "2", "result": "Strikeout", "evo": "", "la": "", "dist": ""}, {"player": "justin turner", "game": "sd @ lad", "gameIdx": 0, "hr/park": "2/30", "pa": "15", "dt": "", "img": "https://www.mlbstatic.com/team-logos/119.svg", "team": "lad", "start": "", "in": "2", "result": "Home Run", "evo": "98.9", "la": "30", "dist": "383"}, {"player": "max muncy", "game": "sd @ lad", "gameIdx": 0, "hr/park": "", "pa": "14", "dt": "", "img": "https://www.mlbstatic.com/team-logos/119.svg", "team": "lad", "start": "", "in": "2", "result": "Pop Out", "evo": "74.6", "la": "62", "dist": "160"}, {"player": "jurickson profar", "game": "sd @ lad", "gameIdx": 0, "hr/park": "", "pa": "13", "dt": "", "img": "https://www.mlbstatic.com/team-logos/135.svg", "team": "sd", "start": "", "in": "2", "result": "Double Play", "evo": "88.2", "la": "22", "dist": "288"}, {"player": "cj abrams", "game": "sd @ lad", "gameIdx": 0, "hr/park": "", "pa": "12", "dt": "", "img": "https://www.mlbstatic.com/team-logos/135.svg", "team": "sd", "start": "", "in": "2", "result": "Single", "evo": "34.8", "la": "-47", "dist": "4"}, {"player": "ha seong kim", "game": "sd @ lad", "gameIdx": 0, "hr/park": "", "pa": "11", "dt": "", "img": "https://www.mlbstatic.com/team-logos/135.svg", "team": "sd", "start": "", "in": "2", "result": "Walk", "evo": "", "la": "", "dist": ""}, {"player": "trent grisham", "game": "sd @ lad", "gameIdx": 0, "hr/park": "", "pa": "10", "dt": "", "img": "https://www.mlbstatic.com/team-logos/135.svg", "team": "sd", "start": "", "in": "2", "result": "Single", "evo": "75.3", "la": "30", "dist": "267"}, {"player": "austin nola", "game": "sd @ lad", "gameIdx": 0, "hr/park": "", "pa": "9", "dt": "", "img": "https://www.mlbstatic.com/team-logos/135.svg", "team": "sd", "start": "", "in": "2", "result": "Groundout", "evo": "85.8", "la": "-38", "dist": "4"}, {"player": "will smith", "game": "sd @ lad", "gameIdx": 0, "hr/park": "", "pa": "8", "dt": "", "img": "https://www.mlbstatic.com/team-logos/119.svg", "team": "lad", "start": "", "in": "1", "result": "Groundout", "evo": "94.9", "la": "-8", "dist": "17"}, {"player": "freddie freeman", "game": "sd @ lad", "gameIdx": 0, "hr/park": "", "pa": "7", "dt": "", "img": "https://www.mlbstatic.com/team-logos/119.svg", "team": "lad", "start": "", "in": "1", "result": "Strikeout", "evo": "", "la": "", "dist": ""}, {"player": "trea turner", "game": "sd @ lad", "gameIdx": 0, "hr/park": "", "pa": "6", "dt": "", "img": "https://www.mlbstatic.com/team-logos/119.svg", "team": "lad", "start": "", "in": "1", "result": "Strikeout", "evo": "", "la": "", "dist": ""}, {"player": "eric hosmer", "game": "sd @ lad", "gameIdx": 0, "hr/park": "", "pa": "5", "dt": "", "img": "https://www.mlbstatic.com/team-logos/135.svg", "team": "sd", "start": "", "in": "1", "result": "Groundout", "evo": "68.3", "la": "9", "dist": "113"}, {"player": "nomar mazara", "game": "sd @ lad", "gameIdx": 0, "hr/park": "0/30", "pa": "4", "dt": "", "img": "https://www.mlbstatic.com/team-logos/135.svg", "team": "sd", "start": "", "in": "1", "result": "Single", "evo": "99.4", "la": "22", "dist": "313"}, {"player": "jake cronenworth", "game": "sd @ lad", "gameIdx": 0, "hr/park": "", "pa": "3", "dt": "", "img": "https://www.mlbstatic.com/team-logos/135.svg", "team": "sd", "start": "", "in": "1", "result": "Flyout", "evo": "91.1", "la": "44", "dist": "287"}, {"player": "manny machado", "game": "sd @ lad", "gameIdx": 0, "hr/park": "", "pa": "2", "dt": "", "img": "https://www.mlbstatic.com/team-logos/135.svg", "team": "sd", "start": "", "in": "1", "result": "Double", "evo": "82.8", "la": "23", "dist": "281"}, {"player": "jurickson profar", "game": "sd @ lad", "gameIdx": 0, "hr/park": "", "pa": "1", "dt": "", "img": "https://www.mlbstatic.com/team-logos/135.svg", "team": "sd", "start": "", "in": "1", "result": "Groundout", "evo": "89.7", "la": "-11", "dist": "11"}], "ath @ sea": []}