{"all": {"pitchers": "42", "batters": "103", "pitches": "1688", "max velomax pitch velocity": "101.3", "min velomin pitch velocity": "70.7", "ff%fourseam fastball %": "26.1", "si%sinker %": "13.8", "fc%cutter %": "10.8", "fs%splitter %": "0.5", "ch%changeup %": "15.0", "sl%slider %": "19.4", "cu%curve %": "14.3", "max evmax exit velocity": "110.7", "hhhard hit": "104", "hh%hard hit %": "36.1", "brlbarrels": "24", "brl%barrel %": "8.3", "ab": "385", "avg": ".205", "h": "79", "1b": "47", "2b": "17", "3b": "4", "hr": "11", "so": "101", "bipballs in play": "288", "liveGames": 0, "totGames": 16}, "atl @ mia": [{"player": "garrett cooper", "game": "atl @ mia", "gameIdx": 0, "hr/park": "", "pa": "74", "dt": "", "img": "https://www.mlbstatic.com/team-logos/146.svg", "team": "mia", "start": "", "in": "9", "result": "Lineout", "evo": "65.0", "la": "22", "dist": "186"}, {"player": "peyton burdick", "game": "atl @ mia", "gameIdx": 0, "hr/park": "", "pa": "73", "dt": "", "img": "https://www.mlbstatic.com/team-logos/146.svg", "team": "mia", "start": "", "in": "9", "result": "Walk", "evo": "", "la": "", "dist": ""}, {"player": "lewin diaz", "game": "atl @ mia", "gameIdx": 0, "hr/park": "0/30", "pa": "72", "dt": "", "img": "https://www.mlbstatic.com/team-logos/146.svg", "team": "mia", "start": "", "in": "9", "result": "Flyout", "evo": "96.5", "la": "46", "dist": "302"}, {"player": "jacob stallings", "game": "atl @ mia", "gameIdx": 0, "hr/park": "", "pa": "71", "dt": "", "img": "https://www.mlbstatic.com/team-logos/146.svg", "team": "mia", "start": "", "in": "9", "result": "Walk", "evo": "", "la": "", "dist": ""}, {"player": "charles leblanc", "game": "atl @ mia", "gameIdx": 0, "hr/park": "", "pa": "70", "dt": "", "img": "https://www.mlbstatic.com/team-logos/146.svg", "team": "mia", "start": "", "in": "9", "result": "Groundout", "evo": "95.2", "la": "-28", "dist": "4"}, {"player": "jj bleday", "game": "atl @ mia", "gameIdx": 0, "hr/park": "", "pa": "69", "dt": "", "img": "https://www.mlbstatic.com/team-logos/146.svg", "team": "mia", "start": "", "in": "9", "result": "Walk", "evo": "", "la": "", "dist": ""}, {"player": "dansby swanson", "game": "atl @ mia", "gameIdx": 0, "hr/park": "", "pa": "68", "dt": "", "img": "https://www.mlbstatic.com/team-logos/144.svg", "team": "atl", "start": "", "in": "9", "result": "Flyout", "evo": "78.1", "la": "30", "dist": "256"}, {"player": "guillermo heredia", "game": "atl @ mia", "gameIdx": 0, "hr/park": "", "pa": "67", "dt": "", "img": "https://www.mlbstatic.com/team-logos/144.svg", "team": "atl", "start": "", "in": "9", "result": "Strikeout", "evo": "", "la": "", "dist": ""}, {"player": "michael harris", "game": "atl @ mia", "gameIdx": 0, "hr/park": "0/30", "pa": "66", "dt": "", "img": "https://www.mlbstatic.com/team-logos/144.svg", "team": "atl", "start": "", "in": "9", "result": "Lineout", "evo": "107.4", "la": "15", "dist": "307"}, {"player": "jesus aguilar", "game": "atl @ mia", "gameIdx": 0, "hr/park": "", "pa": "65", "dt": "", "img": "https://www.mlbstatic.com/team-logos/146.svg", "team": "mia", "start": "", "in": "8", "result": "Strikeout", "evo": "", "la": "", "dist": ""}, {"player": "brian anderson", "game": "atl @ mia", "gameIdx": 0, "hr/park": "", "pa": "64", "dt": "", "img": "https://www.mlbstatic.com/team-logos/146.svg", "team": "mia", "start": "", "in": "8", "result": "Strikeout", "evo": "", "la": "", "dist": ""}, {"player": "joey wendle", "game": "atl @ mia", "gameIdx": 0, "hr/park": "", "pa": "63", "dt": "", "img": "https://www.mlbstatic.com/team-logos/146.svg", "team": "mia", "start": "", "in": "8", "result": "Strikeout", "evo": "", "la": "", "dist": ""}, {"player": "vaughn grissom", "game": "atl @ mia", "gameIdx": 0, "hr/park": "", "pa": "62", "dt": "", "img": "https://www.mlbstatic.com/team-logos/144.svg", "team": "atl", "start": "", "in": "8", "result": "Strikeout", "evo": "", "la": "", "dist": ""}, {"player": "marcell ozuna", "game": "atl @ mia", "gameIdx": 0, "hr/park": "", "pa": "61", "dt": "", "img": "https://www.mlbstatic.com/team-logos/144.svg", "team": "atl", "start": "", "in": "8", "result": "Strikeout", "evo": "", "la": "", "dist": ""}, {"player": "eddie rosario", "game": "atl @ mia", "gameIdx": 0, "hr/park": "", "pa": "60", "dt": "", "img": "https://www.mlbstatic.com/team-logos/144.svg", "team": "atl", "start": "", "in": "8", "result": "Strikeout", "evo": "", "la": "", "dist": ""}, {"player": "luke williams", "game": "atl @ mia", "gameIdx": 0, "hr/park": "", "pa": "59", "dt": "", "img": "https://www.mlbstatic.com/team-logos/146.svg", "team": "mia", "start": "", "in": "7", "result": "Lineout", "evo": "80.5", "la": "10", "dist": "133"}, {"player": "peyton burdick", "game": "atl @ mia", "gameIdx": 0, "hr/park": "", "pa": "58", "dt": "", "img": "https://www.mlbstatic.com/team-logos/146.svg", "team": "mia", "start": "", "in": "7", "result": "Flyout", "evo": "82.9", "la": "34", "dist": "267"}, {"player": "lewin diaz", "game": "atl @ mia", "gameIdx": 0, "hr/park": "", "pa": "57", "dt": "", "img": "https://www.mlbstatic.com/team-logos/146.svg", "team": "mia", "start": "", "in": "7", "result": "Strikeout", "evo": "", "la": "", "dist": ""}, {"player": "william contreras", "game": "atl @ mia", "gameIdx": 0, "hr/park": "", "pa": "56", "dt": "", "img": "https://www.mlbstatic.com/team-logos/144.svg", "team": "atl", "start": "", "in": "7", "result": "Strikeout", "evo": "", "la": "", "dist": ""}, {"player": "matt olson", "game": "atl @ mia", "gameIdx": 0, "hr/park": "", "pa": "55", "dt": "", "img": "https://www.mlbstatic.com/team-logos/144.svg", "team": "atl", "start": "", "in": "7", "result": "Single", "evo": "73.4", "la": "34", "dist": "254"}, {"player": "austin riley", "game": "atl @ mia", "gameIdx": 0, "hr/park": "", "pa": "54", "dt": "", "img": "https://www.mlbstatic.com/team-logos/144.svg", "team": "atl", "start": "", "in": "7", "result": "Walk", "evo": "", "la": "", "dist": ""}, {"player": "dansby swanson", "game": "atl @ mia", "gameIdx": 0, "hr/park": "0/30", "pa": "53", "dt": "", "img": "https://www.mlbstatic.com/team-logos/144.svg", "team": "atl", "start": "", "in": "7", "result": "Flyout", "evo": "94.9", "la": "36", "dist": "336"}, {"player": "ronald acuna", "game": "atl @ mia", "gameIdx": 0, "hr/park": "", "pa": "52", "dt": "", "img": "https://www.mlbstatic.com/team-logos/144.svg", "team": "atl", "start": "", "in": "7", "result": "Single", "evo": "96.0", "la": "13", "dist": "220"}, {"player": "michael harris", "game": "atl @ mia", "gameIdx": 0, "hr/park": "", "pa": "51", "dt": "", "img": "https://www.mlbstatic.com/team-logos/144.svg", "team": "atl", "start": "", "in": "7", "result": "Forceout", "evo": "101.0", "la": "-1", "dist": "47"}, {"player": "vaughn grissom", "game": "atl @ mia", "gameIdx": 0, "hr/park": "", "pa": "50", "dt": "", "img": "https://www.mlbstatic.com/team-logos/144.svg", "team": "atl", "start": "", "in": "7", "result": "Single", "evo": "83.6", "la": "", "dist": "45"}, {"player": "jacob stallings", "game": "atl @ mia", "gameIdx": 0, "hr/park": "", "pa": "49", "dt": "", "img": "https://www.mlbstatic.com/team-logos/146.svg", "team": "mia", "start": "", "in": "6", "result": "Groundout", "evo": "109.5", "la": "-23", "dist": "5"}, {"player": "charles leblanc", "game": "atl @ mia", "gameIdx": 0, "hr/park": "", "pa": "48", "dt": "", "img": "https://www.mlbstatic.com/team-logos/146.svg", "team": "mia", "start": "", "in": "6", "result": "Strikeout", "evo": "", "la": "", "dist": ""}, {"player": "jj bleday", "game": "atl @ mia", "gameIdx": 0, "hr/park": "0/30", "pa": "47", "dt": "", "img": "https://www.mlbstatic.com/team-logos/146.svg", "team": "mia", "start": "", "in": "6", "result": "Flyout", "evo": "90.7", "la": "41", "dist": "307"}, {"player": "jesus aguilar", "game": "atl @ mia", "gameIdx": 0, "hr/park": "30/30", "pa": "46", "dt": "", "img": "https://www.mlbstatic.com/team-logos/146.svg", "team": "mia", "start": "", "in": "6", "result": "Home Run", "evo": "107.7", "la": "24", "dist": "439"}, {"player": "marcell ozuna", "game": "atl @ mia", "gameIdx": 0, "hr/park": "", "pa": "45", "dt": "", "img": "https://www.mlbstatic.com/team-logos/144.svg", "team": "atl", "start": "", "in": "6", "result": "Groundout", "evo": "77.2", "la": "-3", "dist": "25"}, {"player": "eddie rosario", "game": "atl @ mia", "gameIdx": 0, "hr/park": "", "pa": "44", "dt": "", "img": "https://www.mlbstatic.com/team-logos/144.svg", "team": "atl", "start": "", "in": "6", "result": "Double", "evo": "94.6", "la": "19", "dist": "267"}, {"player": "william contreras", "game": "atl @ mia", "gameIdx": 0, "hr/park": "", "pa": "43", "dt": "", "img": "https://www.mlbstatic.com/team-logos/144.svg", "team": "atl", "start": "", "in": "6", "result": "Pop Out", "evo": "71.5", "la": "65", "dist": "127"}, {"player": "matt olson", "game": "atl @ mia", "gameIdx": 0, "hr/park": "28/30", "pa": "42", "dt": "", "img": "https://www.mlbstatic.com/team-logos/144.svg", "team": "atl", "start": "", "in": "6", "result": "Home Run", "evo": "106.4", "la": "28", "dist": "422"}, {"player": "austin riley", "game": "atl @ mia", "gameIdx": 0, "hr/park": "0/30", "pa": "41", "dt": "", "img": "https://www.mlbstatic.com/team-logos/144.svg", "team": "atl", "start": "", "in": "6", "result": "Lineout", "evo": "102.6", "la": "17", "dist": "305"}, {"player": "brian anderson", "game": "atl @ mia", "gameIdx": 0, "hr/park": "", "pa": "40", "dt": "", "img": "https://www.mlbstatic.com/team-logos/146.svg", "team": "mia", "start": "", "in": "5", "result": "Forceout", "evo": "102.8", "la": "-24", "dist": "4"}, {"player": "joey wendle", "game": "atl @ mia", "gameIdx": 0, "hr/park": "", "pa": "39", "dt": "", "img": "https://www.mlbstatic.com/team-logos/146.svg", "team": "mia", "start": "", "in": "5", "result": "Single", "evo": "60.7", "la": "-47", "dist": "5"}, {"player": "luke williams", "game": "atl @ mia", "gameIdx": 0, "hr/park": "", "pa": "38", "dt": "", "img": "https://www.mlbstatic.com/team-logos/146.svg", "team": "mia", "start": "", "in": "5", "result": "Triple", "evo": "98.6", "la": "-3", "dist": "27"}, {"player": "peyton burdick", "game": "atl @ mia", "gameIdx": 0, "hr/park": "", "pa": "37", "dt": "", "img": "https://www.mlbstatic.com/team-logos/146.svg", "team": "mia", "start": "", "in": "5", "result": "Groundout", "evo": "78.4", "la": "-7", "dist": "13"}, {"player": "lewin diaz", "game": "atl @ mia", "gameIdx": 0, "hr/park": "", "pa": "36", "dt": "", "img": "https://www.mlbstatic.com/team-logos/146.svg", "team": "mia", "start": "", "in": "5", "result": "Groundout", "evo": "93.6", "la": "-29", "dist": "6"}, {"player": "dansby swanson", "game": "atl @ mia", "gameIdx": 0, "hr/park": "", "pa": "35", "dt": "", "img": "https://www.mlbstatic.com/team-logos/144.svg", "team": "atl", "start": "", "in": "5", "result": "Lineout", "evo": "100.8", "la": "10", "dist": "175"}, {"player": "ronald acuna", "game": "atl @ mia", "gameIdx": 0, "hr/park": "", "pa": "34", "dt": "", "img": "https://www.mlbstatic.com/team-logos/144.svg", "team": "atl", "start": "", "in": "5", "result": "Groundout", "evo": "96.2", "la": "-27", "dist": "5"}, {"player": "michael harris", "game": "atl @ mia", "gameIdx": 0, "hr/park": "0/30", "pa": "33", "dt": "", "img": "https://www.mlbstatic.com/team-logos/144.svg", "team": "atl", "start": "", "in": "5", "result": "Lineout", "evo": "96.3", "la": "17", "dist": "306"}, {"player": "vaughn grissom", "game": "atl @ mia", "gameIdx": 0, "hr/park": "30/30", "pa": "32", "dt": "", "img": "https://www.mlbstatic.com/team-logos/144.svg", "team": "atl", "start": "", "in": "5", "result": "Home Run", "evo": "107.1", "la": "30", "dist": "440"}, {"player": "marcell ozuna", "game": "atl @ mia", "gameIdx": 0, "hr/park": "1/30", "pa": "31", "dt": "", "img": "https://www.mlbstatic.com/team-logos/144.svg", "team": "atl", "start": "", "in": "5", "result": "Double", "evo": "103.3", "la": "25", "dist": "376"}, {"player": "jacob stallings", "game": "atl @ mia", "gameIdx": 0, "hr/park": "", "pa": "30", "dt": "", "img": "https://www.mlbstatic.com/team-logos/146.svg", "team": "mia", "start": "", "in": "4", "result": "Flyout", "evo": "77.4", "la": "52", "dist": "211"}, {"player": "charles leblanc", "game": "atl @ mia", "gameIdx": 0, "hr/park": "", "pa": "29", "dt": "", "img": "https://www.mlbstatic.com/team-logos/146.svg", "team": "mia", "start": "", "in": "4", "result": "Walk", "evo": "", "la": "", "dist": ""}, {"player": "jj bleday", "game": "atl @ mia", "gameIdx": 0, "hr/park": "", "pa": "28", "dt": "", "img": "https://www.mlbstatic.com/team-logos/146.svg", "team": "mia", "start": "", "in": "4", "result": "Groundout", "evo": "64.1", "la": "-12", "dist": "10"}, {"player": "jesus aguilar", "game": "atl @ mia", "gameIdx": 0, "hr/park": "", "pa": "27", "dt": "", "img": "https://www.mlbstatic.com/team-logos/146.svg", "team": "mia", "start": "", "in": "4", "result": "Strikeout", "evo": "", "la": "", "dist": ""}, {"player": "eddie rosario", "game": "atl @ mia", "gameIdx": 0, "hr/park": "", "pa": "26", "dt": "", "img": "https://www.mlbstatic.com/team-logos/144.svg", "team": "atl", "start": "", "in": "4", "result": "GIDP", "evo": "64.4", "la": "-4", "dist": "25"}, {"player": "william contreras", "game": "atl @ mia", "gameIdx": 0, "hr/park": "", "pa": "25", "dt": "", "img": "https://www.mlbstatic.com/team-logos/144.svg", "team": "atl", "start": "", "in": "4", "result": "Single", "evo": "69.2", "la": "11", "dist": "103"}, {"player": "matt olson", "game": "atl @ mia", "gameIdx": 0, "hr/park": "", "pa": "24", "dt": "", "img": "https://www.mlbstatic.com/team-logos/144.svg", "team": "atl", "start": "", "in": "4", "result": "Groundout", "evo": "100.7", "la": "3", "dist": "84"}, {"player": "brian anderson", "game": "atl @ mia", "gameIdx": 0, "hr/park": "", "pa": "23", "dt": "", "img": "https://www.mlbstatic.com/team-logos/146.svg", "team": "mia", "start": "", "in": "3", "result": "Groundout", "evo": "77.9", "la": "-15", "dist": "10"}, {"player": "joey wendle", "game": "atl @ mia", "gameIdx": 0, "hr/park": "", "pa": "22", "dt": "", "img": "https://www.mlbstatic.com/team-logos/146.svg", "team": "mia", "start": "", "in": "3", "result": "Strikeout", "evo": "", "la": "", "dist": ""}, {"player": "luke williams", "game": "atl @ mia", "gameIdx": 0, "hr/park": "", "pa": "21", "dt": "", "img": "https://www.mlbstatic.com/team-logos/146.svg", "team": "mia", "start": "", "in": "3", "result": "Strikeout", "evo": "", "la": "", "dist": ""}, {"player": "austin riley", "game": "atl @ mia", "gameIdx": 0, "hr/park": "", "pa": "20", "dt": "", "img": "https://www.mlbstatic.com/team-logos/144.svg", "team": "atl", "start": "", "in": "3", "result": "Strikeout", "evo": "", "la": "", "dist": ""}, {"player": "dansby swanson", "game": "atl @ mia", "gameIdx": 0, "hr/park": "", "pa": "19", "dt": "", "img": "https://www.mlbstatic.com/team-logos/144.svg", "team": "atl", "start": "", "in": "3", "result": "Single", "evo": "96.4", "la": "6", "dist": "112"}, {"player": "ronald acuna", "game": "atl @ mia", "gameIdx": 0, "hr/park": "", "pa": "18", "dt": "", "img": "https://www.mlbstatic.com/team-logos/144.svg", "team": "atl", "start": "", "in": "3", "result": "Strikeout", "evo": "", "la": "", "dist": ""}, {"player": "michael harris", "game": "atl @ mia", "gameIdx": 0, "hr/park": "", "pa": "17", "dt": "", "img": "https://www.mlbstatic.com/team-logos/144.svg", "team": "atl", "start": "", "in": "3", "result": "Groundout", "evo": "81.5", "la": "-2", "dist": "32"}, {"player": "peyton burdick", "game": "atl @ mia", "gameIdx": 0, "hr/park": "", "pa": "16", "dt": "", "img": "https://www.mlbstatic.com/team-logos/146.svg", "team": "mia", "start": "", "in": "2", "result": "Groundout", "evo": "104.3", "la": "-15", "dist": "9"}, {"player": "lewin diaz", "game": "atl @ mia", "gameIdx": 0, "hr/park": "0/30", "pa": "15", "dt": "", "img": "https://www.mlbstatic.com/team-logos/146.svg", "team": "mia", "start": "", "in": "2", "result": "Flyout", "evo": "89.9", "la": "37", "dist": "331"}, {"player": "jacob stallings", "game": "atl @ mia", "gameIdx": 0, "hr/park": "", "pa": "14", "dt": "", "img": "https://www.mlbstatic.com/team-logos/146.svg", "team": "mia", "start": "", "in": "2", "result": "Groundout", "evo": "88.0", "la": "-41", "dist": "3"}, {"player": "vaughn grissom", "game": "atl @ mia", "gameIdx": 0, "hr/park": "", "pa": "13", "dt": "", "img": "https://www.mlbstatic.com/team-logos/144.svg", "team": "atl", "start": "", "in": "2", "result": "Pop Out", "evo": "96.7", "la": "63", "dist": "205"}, {"player": "marcell ozuna", "game": "atl @ mia", "gameIdx": 0, "hr/park": "", "pa": "12", "dt": "", "img": "https://www.mlbstatic.com/team-logos/144.svg", "team": "atl", "start": "", "in": "2", "result": "Strikeout", "evo": "", "la": "", "dist": ""}, {"player": "eddie rosario", "game": "atl @ mia", "gameIdx": 0, "hr/park": "", "pa": "11", "dt": "", "img": "https://www.mlbstatic.com/team-logos/144.svg", "team": "atl", "start": "", "in": "2", "result": "Flyout", "evo": "91.6", "la": "51", "dist": "274"}, {"player": "charles leblanc", "game": "atl @ mia", "gameIdx": 0, "hr/park": "", "pa": "10", "dt": "", "img": "https://www.mlbstatic.com/team-logos/146.svg", "team": "mia", "start": "", "in": "1", "result": "Groundout", "evo": "78.8", "la": "-5", "dist": "23"}, {"player": "jj bleday", "game": "atl @ mia", "gameIdx": 0, "hr/park": "", "pa": "9", "dt": "", "img": "https://www.mlbstatic.com/team-logos/146.svg", "team": "mia", "start": "", "in": "1", "result": "Flyout", "evo": "77.4", "la": "38", "dist": "270"}, {"player": "jesus aguilar", "game": "atl @ mia", "gameIdx": 0, "hr/park": "", "pa": "8", "dt": "", "img": "https://www.mlbstatic.com/team-logos/146.svg", "team": "mia", "start": "", "in": "1", "result": "Single", "evo": "81.2", "la": "20", "dist": "245"}, {"player": "brian anderson", "game": "atl @ mia", "gameIdx": 0, "hr/park": "", "pa": "7", "dt": "", "img": "https://www.mlbstatic.com/team-logos/146.svg", "team": "mia", "start": "", "in": "1", "result": "Single", "evo": "110.7", "la": "7", "dist": "153"}, {"player": "joey wendle", "game": "atl @ mia", "gameIdx": 0, "hr/park": "", "pa": "6", "dt": "", "img": "https://www.mlbstatic.com/team-logos/146.svg", "team": "mia", "start": "", "in": "1", "result": "Pop Out", "evo": "54.1", "la": "42", "dist": "149"}, {"player": "william contreras", "game": "atl @ mia", "gameIdx": 0, "hr/park": "", "pa": "5", "dt": "", "img": "https://www.mlbstatic.com/team-logos/144.svg", "team": "atl", "start": "", "in": "1", "result": "Strikeout", "evo": "", "la": "", "dist": ""}, {"player": "matt olson", "game": "atl @ mia", "gameIdx": 0, "hr/park": "", "pa": "4", "dt": "", "img": "https://www.mlbstatic.com/team-logos/144.svg", "team": "atl", "start": "", "in": "1", "result": "Strikeout", "evo": "", "la": "", "dist": ""}, {"player": "austin riley", "game": "atl @ mia", "gameIdx": 0, "hr/park": "", "pa": "3", "dt": "", "img": "https://www.mlbstatic.com/team-logos/144.svg", "team": "atl", "start": "", "in": "1", "result": "Walk", "evo": "", "la": "", "dist": ""}, {"player": "dansby swanson", "game": "atl @ mia", "gameIdx": 0, "hr/park": "", "pa": "2", "dt": "", "img": "https://www.mlbstatic.com/team-logos/144.svg", "team": "atl", "start": "", "in": "1", "result": "Strikeout", "evo": "", "la": "", "dist": ""}, {"player": "ronald acuna", "game": "atl @ mia", "gameIdx": 0, "hr/park": "30/30", "pa": "1", "dt": "", "img": "https://www.mlbstatic.com/team-logos/144.svg", "team": "atl", "start": "", "in": "1", "result": "Home Run", "evo": "108.5", "la": "25", "dist": "442"}], "cle @ tor": [{"player": "steven kwan", "game": "cle @ tor", "gameIdx": 0, "hr/park": "", "pa": "66", "dt": "", "img": "https://www.mlbstatic.com/team-logos/114.svg", "team": "cle", "start": "", "in": "9", "result": "Strikeout", "evo": "", "la": "", "dist": ""}, {"player": "myles straw", "game": "cle @ tor", "gameIdx": 0, "hr/park": "", "pa": "65", "dt": "", "img": "https://www.mlbstatic.com/team-logos/114.svg", "team": "cle", "start": "", "in": "9", "result": "Lineout", "evo": "84.8", "la": "25", "dist": "283"}, {"player": "will benson", "game": "cle @ tor", "gameIdx": 0, "hr/park": "", "pa": "64", "dt": "", "img": "https://www.mlbstatic.com/team-logos/114.svg", "team": "cle", "start": "", "in": "9", "result": "Single", "evo": "106.3", "la": "-16", "dist": "9"}, {"player": "nolan jones", "game": "cle @ tor", "gameIdx": 0, "hr/park": "0/30", "pa": "63", "dt": "", "img": "https://www.mlbstatic.com/team-logos/114.svg", "team": "cle", "start": "", "in": "9", "result": "Flyout", "evo": "102.8", "la": "39", "dist": "354"}, {"player": "vladimir guerrero", "game": "cle @ tor", "gameIdx": 0, "hr/park": "0/30", "pa": "62", "dt": "", "img": "https://www.mlbstatic.com/team-logos/141.svg", "team": "tor", "start": "", "in": "8", "result": "Lineout", "evo": "107.4", "la": "17", "dist": "356"}, {"player": "lourdes gurriel", "game": "cle @ tor", "gameIdx": 0, "hr/park": "", "pa": "61", "dt": "", "img": "https://www.mlbstatic.com/team-logos/141.svg", "team": "tor", "start": "", "in": "8", "result": "Strikeout", "evo": "", "la": "", "dist": ""}, {"player": "danny jansen", "game": "cle @ tor", "gameIdx": 0, "hr/park": "", "pa": "60", "dt": "", "img": "https://www.mlbstatic.com/team-logos/141.svg", "team": "tor", "start": "", "in": "8", "result": "Strikeout", "evo": "", "la": "", "dist": ""}, {"player": "oscar gonzalez", "game": "cle @ tor", "gameIdx": 0, "hr/park": "", "pa": "59", "dt": "", "img": "https://www.mlbstatic.com/team-logos/114.svg", "team": "cle", "start": "", "in": "8", "result": "Strikeout", "evo": "", "la": "", "dist": ""}, {"player": "andres gimenez", "game": "cle @ tor", "gameIdx": 0, "hr/park": "", "pa": "58", "dt": "", "img": "https://www.mlbstatic.com/team-logos/114.svg", "team": "cle", "start": "", "in": "8", "result": "Walk", "evo": "", "la": "", "dist": ""}, {"player": "josh naylor", "game": "cle @ tor", "gameIdx": 0, "hr/park": "", "pa": "57", "dt": "", "img": "https://www.mlbstatic.com/team-logos/114.svg", "team": "cle", "start": "", "in": "8", "result": "Double", "evo": "69.8", "la": "25", "dist": "217"}, {"player": "jose ramirez", "game": "cle @ tor", "gameIdx": 0, "hr/park": "", "pa": "56", "dt": "", "img": "https://www.mlbstatic.com/team-logos/114.svg", "team": "cle", "start": "", "in": "8", "result": "Groundout", "evo": "51.7", "la": "-77", "dist": "3"}, {"player": "amed rosario", "game": "cle @ tor", "gameIdx": 0, "hr/park": "", "pa": "55", "dt": "", "img": "https://www.mlbstatic.com/team-logos/114.svg", "team": "cle", "start": "", "in": "8", "result": "Strikeout", "evo": "", "la": "", "dist": ""}, {"player": "santiago espinal", "game": "cle @ tor", "gameIdx": 0, "hr/park": "", "pa": "54", "dt": "", "img": "https://www.mlbstatic.com/team-logos/141.svg", "team": "tor", "start": "", "in": "7", "result": "Single", "evo": "65.0", "la": "18", "dist": "154"}, {"player": "raimel tapia", "game": "cle @ tor", "gameIdx": 0, "hr/park": "", "pa": "53", "dt": "", "img": "https://www.mlbstatic.com/team-logos/141.svg", "team": "tor", "start": "", "in": "7", "result": "Double", "evo": "82.1", "la": "14", "dist": "158"}, {"player": "matt chapman", "game": "cle @ tor", "gameIdx": 0, "hr/park": "", "pa": "52", "dt": "", "img": "https://www.mlbstatic.com/team-logos/141.svg", "team": "tor", "start": "", "in": "7", "result": "Groundout", "evo": "97.8", "la": "-38", "dist": "4"}, {"player": "bo bichette", "game": "cle @ tor", "gameIdx": 0, "hr/park": "", "pa": "51", "dt": "", "img": "https://www.mlbstatic.com/team-logos/141.svg", "team": "tor", "start": "", "in": "7", "result": "Groundout", "evo": "46.9", "la": "-50", "dist": "4"}, {"player": "teoscar hernandez", "game": "cle @ tor", "gameIdx": 0, "hr/park": "26/30", "pa": "50", "dt": "", "img": "https://www.mlbstatic.com/team-logos/141.svg", "team": "tor", "start": "", "in": "7", "result": "Home Run", "evo": "107.5", "la": "31", "dist": "419"}, {"player": "steven kwan", "game": "cle @ tor", "gameIdx": 0, "hr/park": "", "pa": "49", "dt": "", "img": "https://www.mlbstatic.com/team-logos/114.svg", "team": "cle", "start": "", "in": "7", "result": "Groundout", "evo": "81.7", "la": "-3", "dist": "29"}, {"player": "myles straw", "game": "cle @ tor", "gameIdx": 0, "hr/park": "", "pa": "48", "dt": "", "img": "https://www.mlbstatic.com/team-logos/114.svg", "team": "cle", "start": "", "in": "7", "result": "Groundout", "evo": "86.3", "la": "-14", "dist": "7"}, {"player": "luke maile", "game": "cle @ tor", "gameIdx": 0, "hr/park": "", "pa": "47", "dt": "", "img": "https://www.mlbstatic.com/team-logos/114.svg", "team": "cle", "start": "", "in": "7", "result": "Lineout", "evo": "91.3", "la": "7", "dist": "126"}, {"player": "alejandro kirk", "game": "cle @ tor", "gameIdx": 0, "hr/park": "", "pa": "46", "dt": "", "img": "https://www.mlbstatic.com/team-logos/141.svg", "team": "tor", "start": "", "in": "6", "result": "Groundout", "evo": "83.5", "la": "-33", "dist": "3"}, {"player": "vladimir guerrero", "game": "cle @ tor", "gameIdx": 0, "hr/park": "", "pa": "45", "dt": "", "img": "https://www.mlbstatic.com/team-logos/141.svg", "team": "tor", "start": "", "in": "6", "result": "Strikeout", "evo": "", "la": "", "dist": ""}, {"player": "lourdes gurriel", "game": "cle @ tor", "gameIdx": 0, "hr/park": "", "pa": "44", "dt": "", "img": "https://www.mlbstatic.com/team-logos/141.svg", "team": "tor", "start": "", "in": "6", "result": "Lineout", "evo": "87.6", "la": "9", "dist": "156"}, {"player": "nolan jones", "game": "cle @ tor", "gameIdx": 0, "hr/park": "", "pa": "43", "dt": "", "img": "https://www.mlbstatic.com/team-logos/114.svg", "team": "cle", "start": "", "in": "6", "result": "Strikeout", "evo": "", "la": "", "dist": ""}, {"player": "oscar gonzalez", "game": "cle @ tor", "gameIdx": 0, "hr/park": "0/30", "pa": "42", "dt": "", "img": "https://www.mlbstatic.com/team-logos/114.svg", "team": "cle", "start": "", "in": "6", "result": "Flyout", "evo": "94.2", "la": "27", "dist": "343"}, {"player": "andres gimenez", "game": "cle @ tor", "gameIdx": 0, "hr/park": "", "pa": "41", "dt": "", "img": "https://www.mlbstatic.com/team-logos/114.svg", "team": "cle", "start": "", "in": "6", "result": "Single", "evo": "98.9", "la": "17", "dist": "252"}, {"player": "josh naylor", "game": "cle @ tor", "gameIdx": 0, "hr/park": "", "pa": "40", "dt": "", "img": "https://www.mlbstatic.com/team-logos/114.svg", "team": "cle", "start": "", "in": "6", "result": "Flyout", "evo": "88.6", "la": "45", "dist": "279"}, {"player": "danny jansen", "game": "cle @ tor", "gameIdx": 0, "hr/park": "", "pa": "39", "dt": "", "img": "https://www.mlbstatic.com/team-logos/141.svg", "team": "tor", "start": "", "in": "5", "result": "Pop Out", "evo": "89.3", "la": "71", "dist": "108"}, {"player": "santiago espinal", "game": "cle @ tor", "gameIdx": 0, "hr/park": "", "pa": "38", "dt": "", "img": "https://www.mlbstatic.com/team-logos/141.svg", "team": "tor", "start": "", "in": "5", "result": "Single", "evo": "95.8", "la": "-15", "dist": "9"}, {"player": "raimel tapia", "game": "cle @ tor", "gameIdx": 0, "hr/park": "0/30", "pa": "37", "dt": "", "img": "https://www.mlbstatic.com/team-logos/141.svg", "team": "tor", "start": "", "in": "5", "result": "Lineout", "evo": "90.0", "la": "25", "dist": "317"}, {"player": "matt chapman", "game": "cle @ tor", "gameIdx": 0, "hr/park": "30/30", "pa": "36", "dt": "", "img": "https://www.mlbstatic.com/team-logos/141.svg", "team": "tor", "start": "", "in": "5", "result": "Home Run", "evo": "107.2", "la": "25", "dist": "418"}, {"player": "jose ramirez", "game": "cle @ tor", "gameIdx": 0, "hr/park": "0/30", "pa": "35", "dt": "", "img": "https://www.mlbstatic.com/team-logos/114.svg", "team": "cle", "start": "", "in": "5", "result": "Flyout", "evo": "100.2", "la": "24", "dist": "394"}, {"player": "amed rosario", "game": "cle @ tor", "gameIdx": 0, "hr/park": "", "pa": "34", "dt": "", "img": "https://www.mlbstatic.com/team-logos/114.svg", "team": "cle", "start": "", "in": "5", "result": "Single", "evo": "95.8", "la": "-9", "dist": "11"}, {"player": "steven kwan", "game": "cle @ tor", "gameIdx": 0, "hr/park": "", "pa": "33", "dt": "", "img": "https://www.mlbstatic.com/team-logos/114.svg", "team": "cle", "start": "", "in": "5", "result": "Forceout", "evo": "73.2", "la": "-15", "dist": "8"}, {"player": "myles straw", "game": "cle @ tor", "gameIdx": 0, "hr/park": "0/30", "pa": "32", "dt": "", "img": "https://www.mlbstatic.com/team-logos/114.svg", "team": "cle", "start": "", "in": "5", "result": "Flyout", "evo": "91.8", "la": "27", "dist": "312"}, {"player": "luke maile", "game": "cle @ tor", "gameIdx": 0, "hr/park": "", "pa": "31", "dt": "", "img": "https://www.mlbstatic.com/team-logos/114.svg", "team": "cle", "start": "", "in": "5", "result": "Single", "evo": "86.8", "la": "11", "dist": "189"}, {"player": "bo bichette", "game": "cle @ tor", "gameIdx": 0, "hr/park": "", "pa": "30", "dt": "", "img": "https://www.mlbstatic.com/team-logos/141.svg", "team": "tor", "start": "", "in": "4", "result": "GIDP", "evo": "106.7", "la": "2", "dist": "74"}, {"player": "teoscar hernandez", "game": "cle @ tor", "gameIdx": 0, "hr/park": "", "pa": "29", "dt": "", "img": "https://www.mlbstatic.com/team-logos/141.svg", "team": "tor", "start": "", "in": "4", "result": "Walk", "evo": "", "la": "", "dist": ""}, {"player": "alejandro kirk", "game": "cle @ tor", "gameIdx": 0, "hr/park": "0/30", "pa": "28", "dt": "", "img": "https://www.mlbstatic.com/team-logos/141.svg", "team": "tor", "start": "", "in": "4", "result": "Flyout", "evo": "93.2", "la": "30", "dist": "354"}, {"player": "nolan jones", "game": "cle @ tor", "gameIdx": 0, "hr/park": "1/30", "pa": "27", "dt": "", "img": "https://www.mlbstatic.com/team-logos/114.svg", "team": "cle", "start": "", "in": "4", "result": "Flyout", "evo": "101.3", "la": "43", "dist": "349"}, {"player": "oscar gonzalez", "game": "cle @ tor", "gameIdx": 0, "hr/park": "", "pa": "26", "dt": "", "img": "https://www.mlbstatic.com/team-logos/114.svg", "team": "cle", "start": "", "in": "4", "result": "Pop Out", "evo": "61.8", "la": "50", "dist": "169"}, {"player": "andres gimenez", "game": "cle @ tor", "gameIdx": 0, "hr/park": "", "pa": "25", "dt": "", "img": "https://www.mlbstatic.com/team-logos/114.svg", "team": "cle", "start": "", "in": "4", "result": "Walk", "evo": "", "la": "", "dist": ""}, {"player": "josh naylor", "game": "cle @ tor", "gameIdx": 0, "hr/park": "", "pa": "24", "dt": "", "img": "https://www.mlbstatic.com/team-logos/114.svg", "team": "cle", "start": "", "in": "4", "result": "Flyout", "evo": "80.7", "la": "47", "dist": "266"}, {"player": "vladimir guerrero", "game": "cle @ tor", "gameIdx": 0, "hr/park": "", "pa": "23", "dt": "", "img": "https://www.mlbstatic.com/team-logos/141.svg", "team": "tor", "start": "", "in": "3", "result": "Groundout", "evo": "105.1", "la": "5", "dist": "132"}, {"player": "lourdes gurriel", "game": "cle @ tor", "gameIdx": 0, "hr/park": "0/30", "pa": "22", "dt": "", "img": "https://www.mlbstatic.com/team-logos/141.svg", "team": "tor", "start": "", "in": "3", "result": "Flyout", "evo": "91.6", "la": "30", "dist": "359"}, {"player": "danny jansen", "game": "cle @ tor", "gameIdx": 0, "hr/park": "", "pa": "21", "dt": "", "img": "https://www.mlbstatic.com/team-logos/141.svg", "team": "tor", "start": "", "in": "3", "result": "Pop Out", "evo": "96.2", "la": "62", "dist": "191"}, {"player": "jose ramirez", "game": "cle @ tor", "gameIdx": 0, "hr/park": "", "pa": "20", "dt": "", "img": "https://www.mlbstatic.com/team-logos/114.svg", "team": "cle", "start": "", "in": "3", "result": "Strikeout", "evo": "", "la": "", "dist": ""}, {"player": "amed rosario", "game": "cle @ tor", "gameIdx": 0, "hr/park": "", "pa": "19", "dt": "", "img": "https://www.mlbstatic.com/team-logos/114.svg", "team": "cle", "start": "", "in": "3", "result": "Groundout", "evo": "67.4", "la": "-60", "dist": "3"}, {"player": "steven kwan", "game": "cle @ tor", "gameIdx": 0, "hr/park": "", "pa": "18", "dt": "", "img": "https://www.mlbstatic.com/team-logos/114.svg", "team": "cle", "start": "", "in": "3", "result": "Groundout", "evo": "71.8", "la": "8", "dist": "91"}, {"player": "santiago espinal", "game": "cle @ tor", "gameIdx": 0, "hr/park": "0/30", "pa": "17", "dt": "", "img": "https://www.mlbstatic.com/team-logos/141.svg", "team": "tor", "start": "", "in": "2", "result": "Flyout", "evo": "92.6", "la": "39", "dist": "314"}, {"player": "raimel tapia", "game": "cle @ tor", "gameIdx": 0, "hr/park": "", "pa": "16", "dt": "", "img": "https://www.mlbstatic.com/team-logos/141.svg", "team": "tor", "start": "", "in": "2", "result": "Strikeout", "evo": "", "la": "", "dist": ""}, {"player": "matt chapman", "game": "cle @ tor", "gameIdx": 0, "hr/park": "", "pa": "15", "dt": "", "img": "https://www.mlbstatic.com/team-logos/141.svg", "team": "tor", "start": "", "in": "2", "result": "Walk", "evo": "", "la": "", "dist": ""}, {"player": "bo bichette", "game": "cle @ tor", "gameIdx": 0, "hr/park": "0/30", "pa": "14", "dt": "", "img": "https://www.mlbstatic.com/team-logos/141.svg", "team": "tor", "start": "", "in": "2", "result": "Flyout", "evo": "98.7", "la": "46", "dist": "306"}, {"player": "myles straw", "game": "cle @ tor", "gameIdx": 0, "hr/park": "", "pa": "13", "dt": "", "img": "https://www.mlbstatic.com/team-logos/114.svg", "team": "cle", "start": "", "in": "2", "result": "Strikeout", "evo": "", "la": "", "dist": ""}, {"player": "luke maile", "game": "cle @ tor", "gameIdx": 0, "hr/park": "", "pa": "12", "dt": "", "img": "https://www.mlbstatic.com/team-logos/114.svg", "team": "cle", "start": "", "in": "2", "result": "Strikeout", "evo": "", "la": "", "dist": ""}, {"player": "nolan jones", "game": "cle @ tor", "gameIdx": 0, "hr/park": "", "pa": "11", "dt": "", "img": "https://www.mlbstatic.com/team-logos/114.svg", "team": "cle", "start": "", "in": "2", "result": "Flyout", "evo": "87.8", "la": "35", "dist": "288"}, {"player": "teoscar hernandez", "game": "cle @ tor", "gameIdx": 0, "hr/park": "", "pa": "10", "dt": "", "img": "https://www.mlbstatic.com/team-logos/141.svg", "team": "tor", "start": "", "in": "1", "result": "Strikeout", "evo": "", "la": "", "dist": ""}, {"player": "alejandro kirk", "game": "cle @ tor", "gameIdx": 0, "hr/park": "", "pa": "9", "dt": "", "img": "https://www.mlbstatic.com/team-logos/141.svg", "team": "tor", "start": "", "in": "1", "result": "Lineout", "evo": "91.4", "la": "15", "dist": "257"}, {"player": "vladimir guerrero", "game": "cle @ tor", "gameIdx": 0, "hr/park": "0/30", "pa": "8", "dt": "", "img": "https://www.mlbstatic.com/team-logos/141.svg", "team": "tor", "start": "", "in": "1", "result": "Double", "evo": "108.3", "la": "17", "dist": "372"}, {"player": "lourdes gurriel", "game": "cle @ tor", "gameIdx": 0, "hr/park": "0/30", "pa": "7", "dt": "", "img": "https://www.mlbstatic.com/team-logos/141.svg", "team": "tor", "start": "", "in": "1", "result": "Lineout", "evo": "102.2", "la": "15", "dist": "308"}, {"player": "oscar gonzalez", "game": "cle @ tor", "gameIdx": 0, "hr/park": "", "pa": "6", "dt": "", "img": "https://www.mlbstatic.com/team-logos/114.svg", "team": "cle", "start": "", "in": "1", "result": "Forceout", "evo": "95.3", "la": "2", "dist": "82"}, {"player": "andres gimenez", "game": "cle @ tor", "gameIdx": 0, "hr/park": "", "pa": "5", "dt": "", "img": "https://www.mlbstatic.com/team-logos/114.svg", "team": "cle", "start": "", "in": "1", "result": "Single", "evo": "101.3", "la": "3", "dist": "69"}, {"player": "josh naylor", "game": "cle @ tor", "gameIdx": 0, "hr/park": "", "pa": "4", "dt": "", "img": "https://www.mlbstatic.com/team-logos/114.svg", "team": "cle", "start": "", "in": "1", "result": "Walk", "evo": "", "la": "", "dist": ""}, {"player": "jose ramirez", "game": "cle @ tor", "gameIdx": 0, "hr/park": "", "pa": "3", "dt": "", "img": "https://www.mlbstatic.com/team-logos/114.svg", "team": "cle", "start": "", "in": "1", "result": "Lineout", "evo": "79.1", "la": "26", "dist": "271"}, {"player": "amed rosario", "game": "cle @ tor", "gameIdx": 0, "hr/park": "", "pa": "2", "dt": "", "img": "https://www.mlbstatic.com/team-logos/114.svg", "team": "cle", "start": "", "in": "1", "result": "Lineout", "evo": "81.6", "la": "24", "dist": "274"}, {"player": "steven kwan", "game": "cle @ tor", "gameIdx": 0, "hr/park": "", "pa": "1", "dt": "", "img": "https://www.mlbstatic.com/team-logos/114.svg", "team": "cle", "start": "", "in": "1", "result": "Walk", "evo": "", "la": "", "dist": ""}], "bal @ tb": [], "chc @ cin": [], "sd @ wsh": [], "lad @ kc": [], "ath @ hou": [{"player": "stephen vogt", "game": "ath @ hou", "gameIdx": 0, "hr/park": "0/30", "pa": "69", "dt": "", "img": "https://www.mlbstatic.com/team-logos/133.svg", "team": "ath", "start": "", "in": "9", "result": "Flyout", "evo": "93.9", "la": "38", "dist": "340"}, {"player": "ramon laureano", "game": "ath @ hou", "gameIdx": 0, "hr/park": "", "pa": "68", "dt": "", "img": "https://www.mlbstatic.com/team-logos/133.svg", "team": "ath", "start": "", "in": "9", "result": "Pop Out", "evo": "60.8", "la": "85", "dist": "9"}, {"player": "sean murphy", "game": "ath @ hou", "gameIdx": 0, "hr/park": "", "pa": "67", "dt": "", "img": "https://www.mlbstatic.com/team-logos/133.svg", "team": "ath", "start": "", "in": "9", "result": "Single", "evo": "74.1", "la": "22", "dist": "235"}, {"player": "seth brown", "game": "ath @ hou", "gameIdx": 0, "hr/park": "", "pa": "66", "dt": "", "img": "https://www.mlbstatic.com/team-logos/133.svg", "team": "ath", "start": "", "in": "9", "result": "Strikeout", "evo": "", "la": "", "dist": ""}, {"player": "martin maldonado", "game": "ath @ hou", "gameIdx": 0, "hr/park": "", "pa": "65", "dt": "", "img": "https://www.mlbstatic.com/team-logos/117.svg", "team": "hou", "start": "", "in": "8", "result": "Groundout", "evo": "72.9", "la": "-31", "dist": "3"}, {"player": "chas mccormick", "game": "ath @ hou", "gameIdx": 0, "hr/park": "", "pa": "64", "dt": "", "img": "https://www.mlbstatic.com/team-logos/117.svg", "team": "hou", "start": "", "in": "8", "result": "Strikeout", "evo": "", "la": "", "dist": ""}, {"player": "jeremy pena", "game": "ath @ hou", "gameIdx": 0, "hr/park": "", "pa": "63", "dt": "", "img": "https://www.mlbstatic.com/team-logos/117.svg", "team": "hou", "start": "", "in": "8", "result": "Groundout", "evo": "101.8", "la": "-14", "dist": "10"}, {"player": "elvis andrus", "game": "ath @ hou", "gameIdx": 0, "hr/park": "", "pa": "62", "dt": "", "img": "https://www.mlbstatic.com/team-logos/133.svg", "team": "ath", "start": "", "in": "8", "result": "Groundout", "evo": "96.8", "la": "5", "dist": "120"}, {"player": "tony kemp", "game": "ath @ hou", "gameIdx": 0, "hr/park": "", "pa": "61", "dt": "", "img": "https://www.mlbstatic.com/team-logos/133.svg", "team": "ath", "start": "", "in": "8", "result": "Flyout", "evo": "77.0", "la": "34", "dist": "259"}, {"player": "cal stevenson", "game": "ath @ hou", "gameIdx": 0, "hr/park": "", "pa": "60", "dt": "", "img": "https://www.mlbstatic.com/team-logos/133.svg", "team": "ath", "start": "", "in": "8", "result": "Groundout", "evo": "85.2", "la": "7", "dist": "95"}, {"player": "trey mancini", "game": "ath @ hou", "gameIdx": 0, "hr/park": "", "pa": "59", "dt": "", "img": "https://www.mlbstatic.com/team-logos/117.svg", "team": "hou", "start": "", "in": "7", "result": "Groundout", "evo": "75.3", "la": "1", "dist": "41"}, {"player": "kyle tucker", "game": "ath @ hou", "gameIdx": 0, "hr/park": "15/30", "pa": "58", "dt": "", "img": "https://www.mlbstatic.com/team-logos/117.svg", "team": "hou", "start": "", "in": "7", "result": "Triple", "evo": "101.8", "la": "33", "dist": "388"}, {"player": "alex bregman", "game": "ath @ hou", "gameIdx": 0, "hr/park": "", "pa": "57", "dt": "", "img": "https://www.mlbstatic.com/team-logos/117.svg", "team": "hou", "start": "", "in": "7", "result": "Lineout", "evo": "68.4", "la": "17", "dist": "149"}, {"player": "yordan alvarez", "game": "ath @ hou", "gameIdx": 0, "hr/park": "", "pa": "56", "dt": "", "img": "https://www.mlbstatic.com/team-logos/117.svg", "team": "hou", "start": "", "in": "7", "result": "Single", "evo": "110.7", "la": "5", "dist": "103"}, {"player": "yuli gurriel", "game": "ath @ hou", "gameIdx": 0, "hr/park": "", "pa": "55", "dt": "", "img": "https://www.mlbstatic.com/team-logos/117.svg", "team": "hou", "start": "", "in": "7", "result": "Single", "evo": "104.9", "la": "-8", "dist": "13"}, {"player": "jose altuve", "game": "ath @ hou", "gameIdx": 0, "hr/park": "", "pa": "54", "dt": "", "img": "https://www.mlbstatic.com/team-logos/117.svg", "team": "hou", "start": "", "in": "7", "result": "Strikeout", "evo": "", "la": "", "dist": ""}, {"player": "nick allen", "game": "ath @ hou", "gameIdx": 0, "hr/park": "", "pa": "53", "dt": "", "img": "https://www.mlbstatic.com/team-logos/133.svg", "team": "ath", "start": "", "in": "7", "result": "Pop Out", "evo": "77.2", "la": "81", "dist": "47"}, {"player": "vimael machin", "game": "ath @ hou", "gameIdx": 0, "hr/park": "", "pa": "52", "dt": "", "img": "https://www.mlbstatic.com/team-logos/133.svg", "team": "ath", "start": "", "in": "7", "result": "Single", "evo": "95.5", "la": "10", "dist": "189"}, {"player": "stephen vogt", "game": "ath @ hou", "gameIdx": 0, "hr/park": "", "pa": "51", "dt": "", "img": "https://www.mlbstatic.com/team-logos/133.svg", "team": "ath", "start": "", "in": "7", "result": "Strikeout", "evo": "", "la": "", "dist": ""}, {"player": "ramon laureano", "game": "ath @ hou", "gameIdx": 0, "hr/park": "", "pa": "50", "dt": "", "img": "https://www.mlbstatic.com/team-logos/133.svg", "team": "ath", "start": "", "in": "7", "result": "Single", "evo": "106.9", "la": "-10", "dist": "13"}, {"player": "sean murphy", "game": "ath @ hou", "gameIdx": 0, "hr/park": "", "pa": "49", "dt": "", "img": "https://www.mlbstatic.com/team-logos/133.svg", "team": "ath", "start": "", "in": "7", "result": "Strikeout", "evo": "", "la": "", "dist": ""}, {"player": "martin maldonado", "game": "ath @ hou", "gameIdx": 0, "hr/park": "", "pa": "48", "dt": "", "img": "https://www.mlbstatic.com/team-logos/117.svg", "team": "hou", "start": "", "in": "6", "result": "GIDP", "evo": "63.7", "la": "8", "dist": "74"}, {"player": "chas mccormick", "game": "ath @ hou", "gameIdx": 0, "hr/park": "", "pa": "47", "dt": "", "img": "https://www.mlbstatic.com/team-logos/117.svg", "team": "hou", "start": "", "in": "6", "result": "Walk", "evo": "", "la": "", "dist": ""}, {"player": "jeremy pena", "game": "ath @ hou", "gameIdx": 0, "hr/park": "", "pa": "46", "dt": "", "img": "https://www.mlbstatic.com/team-logos/117.svg", "team": "hou", "start": "", "in": "6", "result": "Double", "evo": "93.1", "la": "17", "dist": "233"}, {"player": "trey mancini", "game": "ath @ hou", "gameIdx": 0, "hr/park": "", "pa": "45", "dt": "", "img": "https://www.mlbstatic.com/team-logos/117.svg", "team": "hou", "start": "", "in": "6", "result": "Double", "evo": "109.1", "la": "13", "dist": "220"}, {"player": "kyle tucker", "game": "ath @ hou", "gameIdx": 0, "hr/park": "", "pa": "44", "dt": "", "img": "https://www.mlbstatic.com/team-logos/117.svg", "team": "hou", "start": "", "in": "6", "result": "Forceout", "evo": "62.3", "la": "-36", "dist": "4"}, {"player": "alex bregman", "game": "ath @ hou", "gameIdx": 0, "hr/park": "", "pa": "43", "dt": "", "img": "https://www.mlbstatic.com/team-logos/117.svg", "team": "hou", "start": "", "in": "6", "result": "Walk", "evo": "", "la": "", "dist": ""}, {"player": "seth brown", "game": "ath @ hou", "gameIdx": 0, "hr/park": "", "pa": "42", "dt": "", "img": "https://www.mlbstatic.com/team-logos/133.svg", "team": "ath", "start": "", "in": "6", "result": "GIDP", "evo": "67.6", "la": "1", "dist": "39"}, {"player": "elvis andrus", "game": "ath @ hou", "gameIdx": 0, "hr/park": "", "pa": "41", "dt": "", "img": "https://www.mlbstatic.com/team-logos/133.svg", "team": "ath", "start": "", "in": "6", "result": "Strikeout", "evo": "", "la": "", "dist": ""}, {"player": "tony kemp", "game": "ath @ hou", "gameIdx": 0, "hr/park": "", "pa": "40", "dt": "", "img": "https://www.mlbstatic.com/team-logos/133.svg", "team": "ath", "start": "", "in": "6", "result": "Walk", "evo": "", "la": "", "dist": ""}, {"player": "yordan alvarez", "game": "ath @ hou", "gameIdx": 0, "hr/park": "", "pa": "39", "dt": "", "img": "https://www.mlbstatic.com/team-logos/117.svg", "team": "hou", "start": "", "in": "5", "result": "GIDP", "evo": "58.1", "la": "16", "dist": "120"}, {"player": "yuli gurriel", "game": "ath @ hou", "gameIdx": 0, "hr/park": "", "pa": "38", "dt": "", "img": "https://www.mlbstatic.com/team-logos/117.svg", "team": "hou", "start": "", "in": "5", "result": "Single", "evo": "91.3", "la": "12", "dist": "220"}, {"player": "jose altuve", "game": "ath @ hou", "gameIdx": 0, "hr/park": "0/30", "pa": "37", "dt": "", "img": "https://www.mlbstatic.com/team-logos/117.svg", "team": "hou", "start": "", "in": "5", "result": "Flyout", "evo": "90.3", "la": "45", "dist": "300"}, {"player": "cal stevenson", "game": "ath @ hou", "gameIdx": 0, "hr/park": "", "pa": "36", "dt": "", "img": "https://www.mlbstatic.com/team-logos/133.svg", "team": "ath", "start": "", "in": "5", "result": "Strikeout", "evo": "", "la": "", "dist": ""}, {"player": "nick allen", "game": "ath @ hou", "gameIdx": 0, "hr/park": "", "pa": "35", "dt": "", "img": "https://www.mlbstatic.com/team-logos/133.svg", "team": "ath", "start": "", "in": "5", "result": "Single", "evo": "83.2", "la": "16", "dist": "220"}, {"player": "vimael machin", "game": "ath @ hou", "gameIdx": 0, "hr/park": "", "pa": "34", "dt": "", "img": "https://www.mlbstatic.com/team-logos/133.svg", "team": "ath", "start": "", "in": "5", "result": "Groundout", "evo": "76.4", "la": "-18", "dist": "8"}, {"player": "stephen vogt", "game": "ath @ hou", "gameIdx": 0, "hr/park": "", "pa": "33", "dt": "", "img": "https://www.mlbstatic.com/team-logos/133.svg", "team": "ath", "start": "", "in": "5", "result": "Flyout", "evo": "72.7", "la": "34", "dist": "236"}, {"player": "martin maldonado", "game": "ath @ hou", "gameIdx": 0, "hr/park": "", "pa": "32", "dt": "", "img": "https://www.mlbstatic.com/team-logos/117.svg", "team": "hou", "start": "", "in": "4", "result": "Groundout", "evo": "102.1", "la": "", "dist": "57"}, {"player": "chas mccormick", "game": "ath @ hou", "gameIdx": 0, "hr/park": "8/30", "pa": "31", "dt": "", "img": "https://www.mlbstatic.com/team-logos/117.svg", "team": "hou", "start": "", "in": "4", "result": "Triple", "evo": "108.6", "la": "26", "dist": "393"}, {"player": "jeremy pena", "game": "ath @ hou", "gameIdx": 0, "hr/park": "", "pa": "30", "dt": "", "img": "https://www.mlbstatic.com/team-logos/117.svg", "team": "hou", "start": "", "in": "4", "result": "Single", "evo": "92.5", "la": "19", "dist": "288"}, {"player": "trey mancini", "game": "ath @ hou", "gameIdx": 0, "hr/park": "", "pa": "29", "dt": "", "img": "https://www.mlbstatic.com/team-logos/117.svg", "team": "hou", "start": "", "in": "4", "result": "Single", "evo": "68.1", "la": "31", "dist": "230"}, {"player": "kyle tucker", "game": "ath @ hou", "gameIdx": 0, "hr/park": "", "pa": "28", "dt": "", "img": "https://www.mlbstatic.com/team-logos/117.svg", "team": "hou", "start": "", "in": "4", "result": "Pop Out", "evo": "74.6", "la": "79", "dist": "53"}, {"player": "alex bregman", "game": "ath @ hou", "gameIdx": 0, "hr/park": "", "pa": "27", "dt": "", "img": "https://www.mlbstatic.com/team-logos/117.svg", "team": "hou", "start": "", "in": "4", "result": "Groundout", "evo": "70.7", "la": "-7", "dist": "12"}, {"player": "ramon laureano", "game": "ath @ hou", "gameIdx": 0, "hr/park": "", "pa": "26", "dt": "", "img": "https://www.mlbstatic.com/team-logos/133.svg", "team": "ath", "start": "", "in": "4", "result": "Pop Out", "evo": "84.9", "la": "62", "dist": "158"}, {"player": "sean murphy", "game": "ath @ hou", "gameIdx": 0, "hr/park": "", "pa": "25", "dt": "", "img": "https://www.mlbstatic.com/team-logos/133.svg", "team": "ath", "start": "", "in": "4", "result": "Walk", "evo": "", "la": "", "dist": ""}, {"player": "seth brown", "game": "ath @ hou", "gameIdx": 0, "hr/park": "", "pa": "24", "dt": "", "img": "https://www.mlbstatic.com/team-logos/133.svg", "team": "ath", "start": "", "in": "4", "result": "Groundout", "evo": "77.0", "la": "8", "dist": "100"}, {"player": "elvis andrus", "game": "ath @ hou", "gameIdx": 0, "hr/park": "", "pa": "23", "dt": "", "img": "https://www.mlbstatic.com/team-logos/133.svg", "team": "ath", "start": "", "in": "4", "result": "Flyout", "evo": "85.0", "la": "42", "dist": "269"}, {"player": "yordan alvarez", "game": "ath @ hou", "gameIdx": 0, "hr/park": "", "pa": "22", "dt": "", "img": "https://www.mlbstatic.com/team-logos/117.svg", "team": "hou", "start": "", "in": "3", "result": "Strikeout", "evo": "", "la": "", "dist": ""}, {"player": "yuli gurriel", "game": "ath @ hou", "gameIdx": 0, "hr/park": "0/30", "pa": "21", "dt": "", "img": "https://www.mlbstatic.com/team-logos/117.svg", "team": "hou", "start": "", "in": "3", "result": "Double Play", "evo": "96.3", "la": "39", "dist": "337"}, {"player": "jose altuve", "game": "ath @ hou", "gameIdx": 0, "hr/park": "", "pa": "20", "dt": "", "img": "https://www.mlbstatic.com/team-logos/117.svg", "team": "hou", "start": "", "in": "3", "result": "Walk", "evo": "", "la": "", "dist": ""}, {"player": "tony kemp", "game": "ath @ hou", "gameIdx": 0, "hr/park": "", "pa": "19", "dt": "", "img": "https://www.mlbstatic.com/team-logos/133.svg", "team": "ath", "start": "", "in": "3", "result": "Strikeout Double Play", "evo": "", "la": "", "dist": ""}, {"player": "cal stevenson", "game": "ath @ hou", "gameIdx": 0, "hr/park": "", "pa": "18", "dt": "", "img": "https://www.mlbstatic.com/team-logos/133.svg", "team": "ath", "start": "", "in": "3", "result": "Walk", "evo": "", "la": "", "dist": ""}, {"player": "nick allen", "game": "ath @ hou", "gameIdx": 0, "hr/park": "", "pa": "17", "dt": "", "img": "https://www.mlbstatic.com/team-logos/133.svg", "team": "ath", "start": "", "in": "3", "result": "Strikeout", "evo": "", "la": "", "dist": ""}, {"player": "martin maldonado", "game": "ath @ hou", "gameIdx": 0, "hr/park": "", "pa": "16", "dt": "", "img": "https://www.mlbstatic.com/team-logos/117.svg", "team": "hou", "start": "", "in": "2", "result": "Forceout", "evo": "87.2", "la": "6", "dist": "86"}, {"player": "chas mccormick", "game": "ath @ hou", "gameIdx": 0, "hr/park": "", "pa": "15", "dt": "", "img": "https://www.mlbstatic.com/team-logos/117.svg", "team": "hou", "start": "", "in": "2", "result": "Forceout", "evo": "73.4", "la": "-35", "dist": "4"}, {"player": "jeremy pena", "game": "ath @ hou", "gameIdx": 0, "hr/park": "", "pa": "14", "dt": "", "img": "https://www.mlbstatic.com/team-logos/117.svg", "team": "hou", "start": "", "in": "2", "result": "Strikeout", "evo": "", "la": "", "dist": ""}, {"player": "trey mancini", "game": "ath @ hou", "gameIdx": 0, "hr/park": "", "pa": "13", "dt": "", "img": "https://www.mlbstatic.com/team-logos/117.svg", "team": "hou", "start": "", "in": "2", "result": "Single", "evo": "104.5", "la": "6", "dist": "147"}, {"player": "vimael machin", "game": "ath @ hou", "gameIdx": 0, "hr/park": "", "pa": "12", "dt": "", "img": "https://www.mlbstatic.com/team-logos/133.svg", "team": "ath", "start": "", "in": "2", "result": "GIDP", "evo": "88.6", "la": "-28", "dist": "4"}, {"player": "stephen vogt", "game": "ath @ hou", "gameIdx": 0, "hr/park": "", "pa": "11", "dt": "", "img": "https://www.mlbstatic.com/team-logos/133.svg", "team": "ath", "start": "", "in": "2", "result": "Walk", "evo": "", "la": "", "dist": ""}, {"player": "ramon laureano", "game": "ath @ hou", "gameIdx": 0, "hr/park": "0/30", "pa": "10", "dt": "", "img": "https://www.mlbstatic.com/team-logos/133.svg", "team": "ath", "start": "", "in": "2", "result": "Flyout", "evo": "83.2", "la": "33", "dist": "307"}, {"player": "kyle tucker", "game": "ath @ hou", "gameIdx": 0, "hr/park": "", "pa": "9", "dt": "", "img": "https://www.mlbstatic.com/team-logos/117.svg", "team": "hou", "start": "", "in": "1", "result": "Pop Out", "evo": "88.8", "la": "61", "dist": "179"}, {"player": "alex bregman", "game": "ath @ hou", "gameIdx": 0, "hr/park": "30/30", "pa": "8", "dt": "", "img": "https://www.mlbstatic.com/team-logos/117.svg", "team": "hou", "start": "", "in": "1", "result": "Home Run", "evo": "105.0", "la": "30", "dist": "408"}, {"player": "yordan alvarez", "game": "ath @ hou", "gameIdx": 0, "hr/park": "", "pa": "7", "dt": "", "img": "https://www.mlbstatic.com/team-logos/117.svg", "team": "hou", "start": "", "in": "1", "result": "Single", "evo": "83.4", "la": "18", "dist": "245"}, {"player": "yuli gurriel", "game": "ath @ hou", "gameIdx": 0, "hr/park": "", "pa": "6", "dt": "", "img": "https://www.mlbstatic.com/team-logos/117.svg", "team": "hou", "start": "", "in": "1", "result": "Flyout", "evo": "92.1", "la": "52", "dist": "247"}, {"player": "jose altuve", "game": "ath @ hou", "gameIdx": 0, "hr/park": "", "pa": "5", "dt": "", "img": "https://www.mlbstatic.com/team-logos/117.svg", "team": "hou", "start": "", "in": "1", "result": "Groundout", "evo": "94.3", "la": "-1", "dist": "30"}, {"player": "sean murphy", "game": "ath @ hou", "gameIdx": 0, "hr/park": "", "pa": "4", "dt": "", "img": "https://www.mlbstatic.com/team-logos/133.svg", "team": "ath", "start": "", "in": "1", "result": "Strikeout", "evo": "", "la": "", "dist": ""}, {"player": "seth brown", "game": "ath @ hou", "gameIdx": 0, "hr/park": "", "pa": "3", "dt": "", "img": "https://www.mlbstatic.com/team-logos/133.svg", "team": "ath", "start": "", "in": "1", "result": "Fielders Choice Out", "evo": "95.0", "la": "1", "dist": "58"}, {"player": "elvis andrus", "game": "ath @ hou", "gameIdx": 0, "hr/park": "", "pa": "2", "dt": "", "img": "https://www.mlbstatic.com/team-logos/133.svg", "team": "ath", "start": "", "in": "1", "result": "Double", "evo": "109.9", "la": "10", "dist": "211"}, {"player": "tony kemp", "game": "ath @ hou", "gameIdx": 0, "hr/park": "", "pa": "1", "dt": "", "img": "https://www.mlbstatic.com/team-logos/133.svg", "team": "ath", "start": "", "in": "1", "result": "Flyout", "evo": "79.3", "la": "57", "dist": "205"}], "phi @ nym": [], "det @ chw": [], "sea @ tex": [], "nyy @ bos": [], "mil @ stl": [{"player": "tommy edman", "game": "mil @ stl", "gameIdx": 0, "hr/park": "", "pa": "71", "dt": "", "img": "https://www.mlbstatic.com/team-logos/138.svg", "team": "stl", "start": "", "in": "10", "result": "Strikeout", "evo": "", "la": "", "dist": ""}, {"player": "yadier molina", "game": "mil @ stl", "gameIdx": 0, "hr/park": "", "pa": "70", "dt": "", "img": "https://www.mlbstatic.com/team-logos/138.svg", "team": "stl", "start": "", "in": "10", "result": "Strikeout", "evo": "", "la": "", "dist": ""}, {"player": "dylan carlson", "game": "mil @ stl", "gameIdx": 0, "hr/park": "0/30", "pa": "69", "dt": "", "img": "https://www.mlbstatic.com/team-logos/138.svg", "team": "stl", "start": "", "in": "10", "result": "Sac Fly", "evo": "86.3", "la": "27", "dist": "316"}, {"player": "paul dejong", "game": "mil @ stl", "gameIdx": 0, "hr/park": "", "pa": "68", "dt": "", "img": "https://www.mlbstatic.com/team-logos/138.svg", "team": "stl", "start": "", "in": "10", "result": "Single", "evo": "67.6", "la": "30", "dist": "222"}, {"player": "victor caratini", "game": "mil @ stl", "gameIdx": 0, "hr/park": "", "pa": "67", "dt": "", "img": "https://www.mlbstatic.com/team-logos/158.svg", "team": "mil", "start": "", "in": "10", "result": "Groundout", "evo": "77.0", "la": "-1", "dist": "35"}, {"player": "luis urias", "game": "mil @ stl", "gameIdx": 0, "hr/park": "", "pa": "66", "dt": "", "img": "https://www.mlbstatic.com/team-logos/158.svg", "team": "mil", "start": "", "in": "10", "result": "Groundout", "evo": "94.0", "la": "2", "dist": "57"}, {"player": "kolten wong", "game": "mil @ stl", "gameIdx": 0, "hr/park": "0/30", "pa": "65", "dt": "", "img": "https://www.mlbstatic.com/team-logos/158.svg", "team": "mil", "start": "", "in": "10", "result": "Sac Fly", "evo": "85.1", "la": "30", "dist": "319"}, {"player": "hunter renfroe", "game": "mil @ stl", "gameIdx": 0, "hr/park": "0/30", "pa": "64", "dt": "", "img": "https://www.mlbstatic.com/team-logos/158.svg", "team": "mil", "start": "", "in": "10", "result": "Triple", "evo": "103.6", "la": "16", "dist": "328"}, {"player": "nolan gorman", "game": "mil @ stl", "gameIdx": 0, "hr/park": "", "pa": "63", "dt": "", "img": "https://www.mlbstatic.com/team-logos/138.svg", "team": "stl", "start": "", "in": "9", "result": "Groundout", "evo": "60.0", "la": "-68", "dist": "3"}, {"player": "nolan arenado", "game": "mil @ stl", "gameIdx": 0, "hr/park": "0/30", "pa": "62", "dt": "", "img": "https://www.mlbstatic.com/team-logos/138.svg", "team": "stl", "start": "", "in": "9", "result": "Flyout", "evo": "101.1", "la": "42", "dist": "343"}, {"player": "paul goldschmidt", "game": "mil @ stl", "gameIdx": 0, "hr/park": "", "pa": "61", "dt": "", "img": "https://www.mlbstatic.com/team-logos/138.svg", "team": "stl", "start": "", "in": "9", "result": "Strikeout", "evo": "", "la": "", "dist": ""}, {"player": "andrew mccutchen", "game": "mil @ stl", "gameIdx": 0, "hr/park": "0/30", "pa": "60", "dt": "", "img": "https://www.mlbstatic.com/team-logos/158.svg", "team": "mil", "start": "", "in": "9", "result": "Lineout", "evo": "84.9", "la": "27", "dist": "312"}, {"player": "rowdy tellez", "game": "mil @ stl", "gameIdx": 0, "hr/park": "5/30", "pa": "59", "dt": "", "img": "https://www.mlbstatic.com/team-logos/158.svg", "team": "mil", "start": "", "in": "9", "result": "Flyout", "evo": "101.9", "la": "34", "dist": "385"}, {"player": "willy adames", "game": "mil @ stl", "gameIdx": 0, "hr/park": "", "pa": "58", "dt": "", "img": "https://www.mlbstatic.com/team-logos/158.svg", "team": "mil", "start": "", "in": "9", "result": "Pop Out", "evo": "79.6", "la": "72", "dist": "106"}, {"player": "tyler oneill", "game": "mil @ stl", "gameIdx": 0, "hr/park": "", "pa": "57", "dt": "", "img": "https://www.mlbstatic.com/team-logos/138.svg", "team": "stl", "start": "", "in": "8", "result": "Strikeout", "evo": "", "la": "", "dist": ""}, {"player": "albert pujols", "game": "mil @ stl", "gameIdx": 0, "hr/park": "", "pa": "56", "dt": "", "img": "https://www.mlbstatic.com/team-logos/138.svg", "team": "stl", "start": "", "in": "8", "result": "Strikeout", "evo": "", "la": "", "dist": ""}, {"player": "tommy edman", "game": "mil @ stl", "gameIdx": 0, "hr/park": "", "pa": "55", "dt": "", "img": "https://www.mlbstatic.com/team-logos/138.svg", "team": "stl", "start": "", "in": "8", "result": "Pop Out", "evo": "54.3", "la": "52", "dist": "136"}, {"player": "yadier molina", "game": "mil @ stl", "gameIdx": 0, "hr/park": "", "pa": "54", "dt": "", "img": "https://www.mlbstatic.com/team-logos/138.svg", "team": "stl", "start": "", "in": "8", "result": "Single", "evo": "74.1", "la": "19", "dist": "197"}, {"player": "christian yelich", "game": "mil @ stl", "gameIdx": 0, "hr/park": "", "pa": "53", "dt": "", "img": "https://www.mlbstatic.com/team-logos/158.svg", "team": "mil", "start": "", "in": "8", "result": "Groundout", "evo": "92.4", "la": "-4", "dist": "29"}, {"player": "tyrone taylor", "game": "mil @ stl", "gameIdx": 0, "hr/park": "", "pa": "52", "dt": "", "img": "https://www.mlbstatic.com/team-logos/158.svg", "team": "mil", "start": "", "in": "8", "result": "Single", "evo": "88.3", "la": "21", "dist": "284"}, {"player": "victor caratini", "game": "mil @ stl", "gameIdx": 0, "hr/park": "", "pa": "51", "dt": "", "img": "https://www.mlbstatic.com/team-logos/158.svg", "team": "mil", "start": "", "in": "8", "result": "Flyout", "evo": "85.1", "la": "54", "dist": "247"}, {"player": "luis urias", "game": "mil @ stl", "gameIdx": 0, "hr/park": "28/30", "pa": "50", "dt": "", "img": "https://www.mlbstatic.com/team-logos/158.svg", "team": "mil", "start": "", "in": "8", "result": "Home Run", "evo": "103.1", "la": "32", "dist": "396"}, {"player": "kolten wong", "game": "mil @ stl", "gameIdx": 0, "hr/park": "", "pa": "49", "dt": "", "img": "https://www.mlbstatic.com/team-logos/158.svg", "team": "mil", "start": "", "in": "8", "result": "Groundout", "evo": "81.7", "la": "-26", "dist": "7"}, {"player": "dylan carlson", "game": "mil @ stl", "gameIdx": 0, "hr/park": "", "pa": "48", "dt": "", "img": "https://www.mlbstatic.com/team-logos/138.svg", "team": "stl", "start": "", "in": "7", "result": "Strikeout", "evo": "", "la": "", "dist": ""}, {"player": "paul dejong", "game": "mil @ stl", "gameIdx": 0, "hr/park": "", "pa": "47", "dt": "", "img": "https://www.mlbstatic.com/team-logos/138.svg", "team": "stl", "start": "", "in": "7", "result": "Strikeout", "evo": "", "la": "", "dist": ""}, {"player": "nolan gorman", "game": "mil @ stl", "gameIdx": 0, "hr/park": "0/30", "pa": "46", "dt": "", "img": "https://www.mlbstatic.com/team-logos/138.svg", "team": "stl", "start": "", "in": "7", "result": "Double", "evo": "108.3", "la": "19", "dist": "372"}, {"player": "nolan arenado", "game": "mil @ stl", "gameIdx": 0, "hr/park": "", "pa": "45", "dt": "", "img": "https://www.mlbstatic.com/team-logos/138.svg", "team": "stl", "start": "", "in": "7", "result": "Pop Out", "evo": "90.7", "la": "69", "dist": "132"}, {"player": "paul goldschmidt", "game": "mil @ stl", "gameIdx": 0, "hr/park": "", "pa": "44", "dt": "", "img": "https://www.mlbstatic.com/team-logos/138.svg", "team": "stl", "start": "", "in": "7", "result": "Single", "evo": "104.7", "la": "16", "dist": "277"}, {"player": "hunter renfroe", "game": "mil @ stl", "gameIdx": 0, "hr/park": "", "pa": "43", "dt": "", "img": "https://www.mlbstatic.com/team-logos/158.svg", "team": "mil", "start": "", "in": "7", "result": "Strikeout", "evo": "", "la": "", "dist": ""}, {"player": "andrew mccutchen", "game": "mil @ stl", "gameIdx": 0, "hr/park": "", "pa": "42", "dt": "", "img": "https://www.mlbstatic.com/team-logos/158.svg", "team": "mil", "start": "", "in": "7", "result": "Single", "evo": "104.9", "la": "10", "dist": "202"}, {"player": "rowdy tellez", "game": "mil @ stl", "gameIdx": 0, "hr/park": "", "pa": "41", "dt": "", "img": "https://www.mlbstatic.com/team-logos/158.svg", "team": "mil", "start": "", "in": "7", "result": "Strikeout", "evo": "", "la": "", "dist": ""}, {"player": "willy adames", "game": "mil @ stl", "gameIdx": 0, "hr/park": "", "pa": "40", "dt": "", "img": "https://www.mlbstatic.com/team-logos/158.svg", "team": "mil", "start": "", "in": "7", "result": "Groundout", "evo": "92.5", "la": "7", "dist": "130"}, {"player": "brendan donovan", "game": "mil @ stl", "gameIdx": 0, "hr/park": "", "pa": "39", "dt": "", "img": "https://www.mlbstatic.com/team-logos/138.svg", "team": "stl", "start": "", "in": "6", "result": "Groundout", "evo": "77.0", "la": "-15", "dist": "9"}, {"player": "lars nootbaar", "game": "mil @ stl", "gameIdx": 0, "hr/park": "", "pa": "38", "dt": "", "img": "https://www.mlbstatic.com/team-logos/138.svg", "team": "stl", "start": "", "in": "6", "result": "Groundout", "evo": "87.5", "la": "-12", "dist": "12"}, {"player": "tommy edman", "game": "mil @ stl", "gameIdx": 0, "hr/park": "", "pa": "37", "dt": "", "img": "https://www.mlbstatic.com/team-logos/138.svg", "team": "stl", "start": "", "in": "6", "result": "Flyout", "evo": "85.4", "la": "28", "dist": "278"}, {"player": "christian yelich", "game": "mil @ stl", "gameIdx": 0, "hr/park": "11/30", "pa": "36", "dt": "", "img": "https://www.mlbstatic.com/team-logos/158.svg", "team": "mil", "start": "", "in": "6", "result": "Flyout", "evo": "100.7", "la": "30", "dist": "367"}, {"player": "tyrone taylor", "game": "mil @ stl", "gameIdx": 0, "hr/park": "", "pa": "35", "dt": "", "img": "https://www.mlbstatic.com/team-logos/158.svg", "team": "mil", "start": "", "in": "6", "result": "Strikeout", "evo": "", "la": "", "dist": ""}, {"player": "victor caratini", "game": "mil @ stl", "gameIdx": 0, "hr/park": "", "pa": "34", "dt": "", "img": "https://www.mlbstatic.com/team-logos/158.svg", "team": "mil", "start": "", "in": "6", "result": "Groundout", "evo": "108.2", "la": "-17", "dist": "8"}, {"player": "yadier molina", "game": "mil @ stl", "gameIdx": 0, "hr/park": "", "pa": "33", "dt": "", "img": "https://www.mlbstatic.com/team-logos/138.svg", "team": "stl", "start": "", "in": "5", "result": "Groundout", "evo": "95.7", "la": "8", "dist": "132"}, {"player": "dylan carlson", "game": "mil @ stl", "gameIdx": 0, "hr/park": "", "pa": "32", "dt": "", "img": "https://www.mlbstatic.com/team-logos/138.svg", "team": "stl", "start": "", "in": "5", "result": "Groundout", "evo": "76.7", "la": "-45", "dist": "2"}, {"player": "paul dejong", "game": "mil @ stl", "gameIdx": 0, "hr/park": "", "pa": "31", "dt": "", "img": "https://www.mlbstatic.com/team-logos/138.svg", "team": "stl", "start": "", "in": "5", "result": "Strikeout", "evo": "", "la": "", "dist": ""}, {"player": "luis urias", "game": "mil @ stl", "gameIdx": 0, "hr/park": "", "pa": "30", "dt": "", "img": "https://www.mlbstatic.com/team-logos/158.svg", "team": "mil", "start": "", "in": "5", "result": "Strikeout", "evo": "", "la": "", "dist": ""}, {"player": "kolten wong", "game": "mil @ stl", "gameIdx": 0, "hr/park": "0/30", "pa": "29", "dt": "", "img": "https://www.mlbstatic.com/team-logos/158.svg", "team": "mil", "start": "", "in": "5", "result": "Lineout", "evo": "95.8", "la": "18", "dist": "300"}, {"player": "hunter renfroe", "game": "mil @ stl", "gameIdx": 0, "hr/park": "", "pa": "28", "dt": "", "img": "https://www.mlbstatic.com/team-logos/158.svg", "team": "mil", "start": "", "in": "5", "result": "Groundout", "evo": "70.7", "la": "", "dist": "32"}, {"player": "nolan gorman", "game": "mil @ stl", "gameIdx": 0, "hr/park": "", "pa": "27", "dt": "", "img": "https://www.mlbstatic.com/team-logos/138.svg", "team": "stl", "start": "", "in": "4", "result": "Groundout", "evo": "86.4", "la": "-33", "dist": "3"}, {"player": "nolan arenado", "game": "mil @ stl", "gameIdx": 0, "hr/park": "", "pa": "26", "dt": "", "img": "https://www.mlbstatic.com/team-logos/138.svg", "team": "stl", "start": "", "in": "4", "result": "Groundout", "evo": "32.8", "la": "12", "dist": "37"}, {"player": "paul goldschmidt", "game": "mil @ stl", "gameIdx": 0, "hr/park": "0/30", "pa": "25", "dt": "", "img": "https://www.mlbstatic.com/team-logos/138.svg", "team": "stl", "start": "", "in": "4", "result": "Flyout", "evo": "95.2", "la": "35", "dist": "348"}, {"player": "brendan donovan", "game": "mil @ stl", "gameIdx": 0, "hr/park": "", "pa": "24", "dt": "", "img": "https://www.mlbstatic.com/team-logos/138.svg", "team": "stl", "start": "", "in": "4", "result": "Single", "evo": "99.8", "la": "2", "dist": "66"}, {"player": "andrew mccutchen", "game": "mil @ stl", "gameIdx": 0, "hr/park": "", "pa": "23", "dt": "", "img": "https://www.mlbstatic.com/team-logos/158.svg", "team": "mil", "start": "", "in": "4", "result": "Groundout", "evo": "81.7", "la": "-18", "dist": "8"}, {"player": "rowdy tellez", "game": "mil @ stl", "gameIdx": 0, "hr/park": "", "pa": "22", "dt": "", "img": "https://www.mlbstatic.com/team-logos/158.svg", "team": "mil", "start": "", "in": "4", "result": "Pop Out", "evo": "64.0", "la": "79", "dist": "53"}, {"player": "willy adames", "game": "mil @ stl", "gameIdx": 0, "hr/park": "0/30", "pa": "21", "dt": "", "img": "https://www.mlbstatic.com/team-logos/158.svg", "team": "mil", "start": "", "in": "4", "result": "Flyout", "evo": "95.9", "la": "30", "dist": "376"}, {"player": "lars nootbaar", "game": "mil @ stl", "gameIdx": 0, "hr/park": "", "pa": "20", "dt": "", "img": "https://www.mlbstatic.com/team-logos/138.svg", "team": "stl", "start": "", "in": "3", "result": "Strikeout", "evo": "", "la": "", "dist": ""}, {"player": "tommy edman", "game": "mil @ stl", "gameIdx": 0, "hr/park": "", "pa": "19", "dt": "", "img": "https://www.mlbstatic.com/team-logos/138.svg", "team": "stl", "start": "", "in": "3", "result": "Groundout", "evo": "94.8", "la": "-17", "dist": "9"}, {"player": "yadier molina", "game": "mil @ stl", "gameIdx": 0, "hr/park": "", "pa": "18", "dt": "", "img": "https://www.mlbstatic.com/team-logos/138.svg", "team": "stl", "start": "", "in": "3", "result": "Groundout", "evo": "72.8", "la": "-1", "dist": "33"}, {"player": "christian yelich", "game": "mil @ stl", "gameIdx": 0, "hr/park": "", "pa": "17", "dt": "", "img": "https://www.mlbstatic.com/team-logos/158.svg", "team": "mil", "start": "", "in": "3", "result": "Strikeout", "evo": "", "la": "", "dist": ""}, {"player": "tyrone taylor", "game": "mil @ stl", "gameIdx": 0, "hr/park": "1/30", "pa": "16", "dt": "", "img": "https://www.mlbstatic.com/team-logos/158.svg", "team": "mil", "start": "", "in": "3", "result": "Flyout", "evo": "98.1", "la": "33", "dist": "366"}, {"player": "victor caratini", "game": "mil @ stl", "gameIdx": 0, "hr/park": "", "pa": "15", "dt": "", "img": "https://www.mlbstatic.com/team-logos/158.svg", "team": "mil", "start": "", "in": "3", "result": "Groundout", "evo": "104.8", "la": "4", "dist": "91"}, {"player": "dylan carlson", "game": "mil @ stl", "gameIdx": 0, "hr/park": "", "pa": "14", "dt": "", "img": "https://www.mlbstatic.com/team-logos/138.svg", "team": "stl", "start": "", "in": "2", "result": "Strikeout", "evo": "", "la": "", "dist": ""}, {"player": "paul dejong", "game": "mil @ stl", "gameIdx": 0, "hr/park": "", "pa": "13", "dt": "", "img": "https://www.mlbstatic.com/team-logos/138.svg", "team": "stl", "start": "", "in": "2", "result": "Single", "evo": "77.9", "la": "17", "dist": "211"}, {"player": "nolan gorman", "game": "mil @ stl", "gameIdx": 0, "hr/park": "", "pa": "12", "dt": "", "img": "https://www.mlbstatic.com/team-logos/138.svg", "team": "stl", "start": "", "in": "2", "result": "Strikeout", "evo": "", "la": "", "dist": ""}, {"player": "nolan arenado", "game": "mil @ stl", "gameIdx": 0, "hr/park": "", "pa": "11", "dt": "", "img": "https://www.mlbstatic.com/team-logos/138.svg", "team": "stl", "start": "", "in": "2", "result": "Groundout", "evo": "73.0", "la": "-24", "dist": "5"}, {"player": "luis urias", "game": "mil @ stl", "gameIdx": 0, "hr/park": "", "pa": "10", "dt": "", "img": "https://www.mlbstatic.com/team-logos/158.svg", "team": "mil", "start": "", "in": "2", "result": "Strikeout", "evo": "", "la": "", "dist": ""}, {"player": "kolten wong", "game": "mil @ stl", "gameIdx": 0, "hr/park": "", "pa": "9", "dt": "", "img": "https://www.mlbstatic.com/team-logos/158.svg", "team": "mil", "start": "", "in": "2", "result": "Groundout", "evo": "68.0", "la": "9", "dist": "88"}, {"player": "hunter renfroe", "game": "mil @ stl", "gameIdx": 0, "hr/park": "", "pa": "8", "dt": "", "img": "https://www.mlbstatic.com/team-logos/158.svg", "team": "mil", "start": "", "in": "2", "result": "Flyout", "evo": "87.5", "la": "40", "dist": "299"}, {"player": "paul goldschmidt", "game": "mil @ stl", "gameIdx": 0, "hr/park": "", "pa": "7", "dt": "", "img": "https://www.mlbstatic.com/team-logos/138.svg", "team": "stl", "start": "", "in": "1", "result": "Groundout", "evo": "76.9", "la": "-2", "dist": "29"}, {"player": "brendan donovan", "game": "mil @ stl", "gameIdx": 0, "hr/park": "0/30", "pa": "6", "dt": "", "img": "https://www.mlbstatic.com/team-logos/138.svg", "team": "stl", "start": "", "in": "1", "result": "Lineout", "evo": "101.4", "la": "20", "dist": "368"}, {"player": "lars nootbaar", "game": "mil @ stl", "gameIdx": 0, "hr/park": "", "pa": "5", "dt": "", "img": "https://www.mlbstatic.com/team-logos/138.svg", "team": "stl", "start": "", "in": "1", "result": "Lineout", "evo": "98.2", "la": "7", "dist": "161"}, {"player": "andrew mccutchen", "game": "mil @ stl", "gameIdx": 0, "hr/park": "", "pa": "4", "dt": "", "img": "https://www.mlbstatic.com/team-logos/158.svg", "team": "mil", "start": "", "in": "1", "result": "Strikeout", "evo": "", "la": "", "dist": ""}, {"player": "rowdy tellez", "game": "mil @ stl", "gameIdx": 0, "hr/park": "", "pa": "3", "dt": "", "img": "https://www.mlbstatic.com/team-logos/158.svg", "team": "mil", "start": "", "in": "1", "result": "Walk", "evo": "", "la": "", "dist": ""}, {"player": "willy adames", "game": "mil @ stl", "gameIdx": 0, "hr/park": "", "pa": "2", "dt": "", "img": "https://www.mlbstatic.com/team-logos/158.svg", "team": "mil", "start": "", "in": "1", "result": "Strikeout", "evo": "", "la": "", "dist": ""}, {"player": "christian yelich", "game": "mil @ stl", "gameIdx": 0, "hr/park": "", "pa": "1", "dt": "", "img": "https://www.mlbstatic.com/team-logos/158.svg", "team": "mil", "start": "", "in": "1", "result": "Groundout", "evo": "59.7", "la": "-25", "dist": "8"}], "ari @ col": [], "pit @ sf": [{"player": "rodolfo castro", "game": "pit @ sf", "gameIdx": 0, "hr/park": "", "pa": "69", "dt": "", "img": "https://www.mlbstatic.com/team-logos/134.svg", "team": "pit", "start": "", "in": "9", "result": "Lineout", "evo": "106.1", "la": "15", "dist": "292"}, {"player": "bligh madris", "game": "pit @ sf", "gameIdx": 0, "hr/park": "", "pa": "68", "dt": "", "img": "https://www.mlbstatic.com/team-logos/134.svg", "team": "pit", "start": "", "in": "9", "result": "Groundout", "evo": "102.4", "la": "-20", "dist": "5"}, {"player": "greg allen", "game": "pit @ sf", "gameIdx": 0, "hr/park": "", "pa": "67", "dt": "", "img": "https://www.mlbstatic.com/team-logos/134.svg", "team": "pit", "start": "", "in": "9", "result": "Walk", "evo": "", "la": "", "dist": ""}, {"player": "oneil cruz", "game": "pit @ sf", "gameIdx": 0, "hr/park": "", "pa": "66", "dt": "", "img": "https://www.mlbstatic.com/team-logos/134.svg", "team": "pit", "start": "", "in": "9", "result": "Strikeout", "evo": "", "la": "", "dist": ""}, {"player": "luis gonzalez", "game": "pit @ sf", "gameIdx": 0, "hr/park": "", "pa": "65", "dt": "", "img": "https://www.mlbstatic.com/team-logos/137.svg", "team": "sf", "start": "", "in": "8", "result": "Groundout", "evo": "86.9", "la": "-15", "dist": "10"}, {"player": "wilmer flores", "game": "pit @ sf", "gameIdx": 0, "hr/park": "", "pa": "64", "dt": "", "img": "https://www.mlbstatic.com/team-logos/137.svg", "team": "sf", "start": "", "in": "8", "result": "Strikeout", "evo": "", "la": "", "dist": ""}, {"player": "thairo estrada", "game": "pit @ sf", "gameIdx": 0, "hr/park": "", "pa": "63", "dt": "", "img": "https://www.mlbstatic.com/team-logos/137.svg", "team": "sf", "start": "", "in": "8", "result": "Lineout", "evo": "82.2", "la": "29", "dist": "270"}, {"player": "ben gamel", "game": "pit @ sf", "gameIdx": 0, "hr/park": "", "pa": "62", "dt": "", "img": "https://www.mlbstatic.com/team-logos/134.svg", "team": "pit", "start": "", "in": "8", "result": "Strikeout", "evo": "", "la": "", "dist": ""}, {"player": "bryan reynolds", "game": "pit @ sf", "gameIdx": 0, "hr/park": "", "pa": "61", "dt": "", "img": "https://www.mlbstatic.com/team-logos/134.svg", "team": "pit", "start": "", "in": "8", "result": "Walk", "evo": "", "la": "", "dist": ""}, {"player": "kevin newman", "game": "pit @ sf", "gameIdx": 0, "hr/park": "0/30", "pa": "60", "dt": "", "img": "https://www.mlbstatic.com/team-logos/134.svg", "team": "pit", "start": "", "in": "8", "result": "Lineout", "evo": "93.3", "la": "20", "dist": "323"}, {"player": "josh vanmeter", "game": "pit @ sf", "gameIdx": 0, "hr/park": "", "pa": "59", "dt": "", "img": "https://www.mlbstatic.com/team-logos/134.svg", "team": "pit", "start": "", "in": "8", "result": "Walk", "evo": "", "la": "", "dist": ""}, {"player": "tucupita marcano", "game": "pit @ sf", "gameIdx": 0, "hr/park": "", "pa": "58", "dt": "", "img": "https://www.mlbstatic.com/team-logos/134.svg", "team": "pit", "start": "", "in": "8", "result": "Double", "evo": "98.7", "la": "11", "dist": "204"}, {"player": "rodolfo castro", "game": "pit @ sf", "gameIdx": 0, "hr/park": "", "pa": "57", "dt": "", "img": "https://www.mlbstatic.com/team-logos/134.svg", "team": "pit", "start": "", "in": "8", "result": "Groundout", "evo": "73.9", "la": "-23", "dist": "7"}, {"player": "brandon crawford", "game": "pit @ sf", "gameIdx": 0, "hr/park": "", "pa": "56", "dt": "", "img": "https://www.mlbstatic.com/team-logos/137.svg", "team": "sf", "start": "", "in": "7", "result": "Strikeout", "evo": "", "la": "", "dist": ""}, {"player": "mike yastrzemski", "game": "pit @ sf", "gameIdx": 0, "hr/park": "", "pa": "55", "dt": "", "img": "https://www.mlbstatic.com/team-logos/137.svg", "team": "sf", "start": "", "in": "7", "result": "Groundout", "evo": "94.1", "la": "-12", "dist": "13"}, {"player": "jd davis", "game": "pit @ sf", "gameIdx": 0, "hr/park": "", "pa": "54", "dt": "", "img": "https://www.mlbstatic.com/team-logos/137.svg", "team": "sf", "start": "", "in": "7", "result": "Strikeout", "evo": "", "la": "", "dist": ""}, {"player": "bligh madris", "game": "pit @ sf", "gameIdx": 0, "hr/park": "", "pa": "53", "dt": "", "img": "https://www.mlbstatic.com/team-logos/134.svg", "team": "pit", "start": "", "in": "7", "result": "Groundout", "evo": "101.5", "la": "-10", "dist": "9"}, {"player": "greg allen", "game": "pit @ sf", "gameIdx": 0, "hr/park": "", "pa": "52", "dt": "", "img": "https://www.mlbstatic.com/team-logos/134.svg", "team": "pit", "start": "", "in": "7", "result": "Single", "evo": "83.7", "la": "-37", "dist": "3"}, {"player": "oneil cruz", "game": "pit @ sf", "gameIdx": 0, "hr/park": "", "pa": "51", "dt": "", "img": "https://www.mlbstatic.com/team-logos/134.svg", "team": "pit", "start": "", "in": "7", "result": "Groundout", "evo": "99.3", "la": "-12", "dist": "12"}, {"player": "ben gamel", "game": "pit @ sf", "gameIdx": 0, "hr/park": "0/30", "pa": "50", "dt": "", "img": "https://www.mlbstatic.com/team-logos/134.svg", "team": "pit", "start": "", "in": "7", "result": "Lineout", "evo": "98.6", "la": "21", "dist": "352"}, {"player": "austin slater", "game": "pit @ sf", "gameIdx": 0, "hr/park": "", "pa": "49", "dt": "", "img": "https://www.mlbstatic.com/team-logos/137.svg", "team": "sf", "start": "", "in": "6", "result": "Strikeout", "evo": "", "la": "", "dist": ""}, {"player": "lamonte wade", "game": "pit @ sf", "gameIdx": 0, "hr/park": "", "pa": "48", "dt": "", "img": "https://www.mlbstatic.com/team-logos/137.svg", "team": "sf", "start": "", "in": "6", "result": "Strikeout", "evo": "", "la": "", "dist": ""}, {"player": "austin wynns", "game": "pit @ sf", "gameIdx": 0, "hr/park": "", "pa": "47", "dt": "", "img": "https://www.mlbstatic.com/team-logos/137.svg", "team": "sf", "start": "", "in": "6", "result": "Strikeout", "evo": "", "la": "", "dist": ""}, {"player": "luis gonzalez", "game": "pit @ sf", "gameIdx": 0, "hr/park": "", "pa": "46", "dt": "", "img": "https://www.mlbstatic.com/team-logos/137.svg", "team": "sf", "start": "", "in": "6", "result": "Field Error", "evo": "83.2", "la": "8", "dist": "126"}, {"player": "bryan reynolds", "game": "pit @ sf", "gameIdx": 0, "hr/park": "", "pa": "45", "dt": "", "img": "https://www.mlbstatic.com/team-logos/134.svg", "team": "pit", "start": "", "in": "6", "result": "Strikeout", "evo": "", "la": "", "dist": ""}, {"player": "kevin newman", "game": "pit @ sf", "gameIdx": 0, "hr/park": "", "pa": "44", "dt": "", "img": "https://www.mlbstatic.com/team-logos/134.svg", "team": "pit", "start": "", "in": "6", "result": "Groundout", "evo": "65.4", "la": "-34", "dist": "5"}, {"player": "jose godoy", "game": "pit @ sf", "gameIdx": 0, "hr/park": "", "pa": "43", "dt": "", "img": "https://www.mlbstatic.com/team-logos/134.svg", "team": "pit", "start": "", "in": "6", "result": "Groundout", "evo": "101.6", "la": "-16", "dist": "8"}, {"player": "wilmer flores", "game": "pit @ sf", "gameIdx": 0, "hr/park": "0/30", "pa": "42", "dt": "", "img": "https://www.mlbstatic.com/team-logos/137.svg", "team": "sf", "start": "", "in": "5", "result": "Lineout", "evo": "96.6", "la": "19", "dist": "305"}, {"player": "thairo estrada", "game": "pit @ sf", "gameIdx": 0, "hr/park": "", "pa": "41", "dt": "", "img": "https://www.mlbstatic.com/team-logos/137.svg", "team": "sf", "start": "", "in": "5", "result": "Hit By Pitch", "evo": "", "la": "", "dist": ""}, {"player": "brandon crawford", "game": "pit @ sf", "gameIdx": 0, "hr/park": "0/30", "pa": "40", "dt": "", "img": "https://www.mlbstatic.com/team-logos/137.svg", "team": "sf", "start": "", "in": "5", "result": "Flyout", "evo": "85.2", "la": "40", "dist": "305"}, {"player": "mike yastrzemski", "game": "pit @ sf", "gameIdx": 0, "hr/park": "", "pa": "39", "dt": "", "img": "https://www.mlbstatic.com/team-logos/137.svg", "team": "sf", "start": "", "in": "5", "result": "Strikeout", "evo": "", "la": "", "dist": ""}, {"player": "jd davis", "game": "pit @ sf", "gameIdx": 0, "hr/park": "", "pa": "38", "dt": "", "img": "https://www.mlbstatic.com/team-logos/137.svg", "team": "sf", "start": "", "in": "5", "result": "Walk", "evo": "", "la": "", "dist": ""}, {"player": "tucupita marcano", "game": "pit @ sf", "gameIdx": 0, "hr/park": "", "pa": "37", "dt": "", "img": "https://www.mlbstatic.com/team-logos/134.svg", "team": "pit", "start": "", "in": "5", "result": "Groundout", "evo": "71.0", "la": "-58", "dist": "2"}, {"player": "rodolfo castro", "game": "pit @ sf", "gameIdx": 0, "hr/park": "", "pa": "36", "dt": "", "img": "https://www.mlbstatic.com/team-logos/134.svg", "team": "pit", "start": "", "in": "5", "result": "Single", "evo": "100.3", "la": "", "dist": "49"}, {"player": "bligh madris", "game": "pit @ sf", "gameIdx": 0, "hr/park": "", "pa": "35", "dt": "", "img": "https://www.mlbstatic.com/team-logos/134.svg", "team": "pit", "start": "", "in": "5", "result": "Strikeout", "evo": "", "la": "", "dist": ""}, {"player": "greg allen", "game": "pit @ sf", "gameIdx": 0, "hr/park": "", "pa": "34", "dt": "", "img": "https://www.mlbstatic.com/team-logos/134.svg", "team": "pit", "start": "", "in": "5", "result": "Strikeout", "evo": "", "la": "", "dist": ""}, {"player": "austin slater", "game": "pit @ sf", "gameIdx": 0, "hr/park": "", "pa": "33", "dt": "", "img": "https://www.mlbstatic.com/team-logos/137.svg", "team": "sf", "start": "", "in": "4", "result": "Strikeout", "evo": "", "la": "", "dist": ""}, {"player": "lamonte wade", "game": "pit @ sf", "gameIdx": 0, "hr/park": "", "pa": "32", "dt": "", "img": "https://www.mlbstatic.com/team-logos/137.svg", "team": "sf", "start": "", "in": "4", "result": "Walk", "evo": "", "la": "", "dist": ""}, {"player": "austin wynns", "game": "pit @ sf", "gameIdx": 0, "hr/park": "", "pa": "31", "dt": "", "img": "https://www.mlbstatic.com/team-logos/137.svg", "team": "sf", "start": "", "in": "4", "result": "Groundout", "evo": "84.8", "la": "-28", "dist": "6"}, {"player": "luis gonzalez", "game": "pit @ sf", "gameIdx": 0, "hr/park": "", "pa": "30", "dt": "", "img": "https://www.mlbstatic.com/team-logos/137.svg", "team": "sf", "start": "", "in": "4", "result": "Strikeout", "evo": "", "la": "", "dist": ""}, {"player": "wilmer flores", "game": "pit @ sf", "gameIdx": 0, "hr/park": "19/30", "pa": "29", "dt": "", "img": "https://www.mlbstatic.com/team-logos/137.svg", "team": "sf", "start": "", "in": "4", "result": "Double", "evo": "104.9", "la": "26", "dist": "355"}, {"player": "oneil cruz", "game": "pit @ sf", "gameIdx": 0, "hr/park": "", "pa": "28", "dt": "", "img": "https://www.mlbstatic.com/team-logos/134.svg", "team": "pit", "start": "", "in": "4", "result": "GIDP", "evo": "97.8", "la": "-16", "dist": "10"}, {"player": "ben gamel", "game": "pit @ sf", "gameIdx": 0, "hr/park": "", "pa": "27", "dt": "", "img": "https://www.mlbstatic.com/team-logos/134.svg", "team": "pit", "start": "", "in": "4", "result": "Strikeout", "evo": "", "la": "", "dist": ""}, {"player": "bryan reynolds", "game": "pit @ sf", "gameIdx": 0, "hr/park": "", "pa": "26", "dt": "", "img": "https://www.mlbstatic.com/team-logos/134.svg", "team": "pit", "start": "", "in": "4", "result": "Single", "evo": "98.8", "la": "1", "dist": "60"}, {"player": "thairo estrada", "game": "pit @ sf", "gameIdx": 0, "hr/park": "", "pa": "25", "dt": "", "img": "https://www.mlbstatic.com/team-logos/137.svg", "team": "sf", "start": "", "in": "3", "result": "Groundout", "evo": "97.5", "la": "-5", "dist": "28"}, {"player": "brandon crawford", "game": "pit @ sf", "gameIdx": 0, "hr/park": "", "pa": "24", "dt": "", "img": "https://www.mlbstatic.com/team-logos/137.svg", "team": "sf", "start": "", "in": "3", "result": "Walk", "evo": "", "la": "", "dist": ""}, {"player": "mike yastrzemski", "game": "pit @ sf", "gameIdx": 0, "hr/park": "", "pa": "23", "dt": "", "img": "https://www.mlbstatic.com/team-logos/137.svg", "team": "sf", "start": "", "in": "3", "result": "Walk", "evo": "", "la": "", "dist": ""}, {"player": "jd davis", "game": "pit @ sf", "gameIdx": 0, "hr/park": "", "pa": "22", "dt": "", "img": "https://www.mlbstatic.com/team-logos/137.svg", "team": "sf", "start": "", "in": "3", "result": "Strikeout", "evo": "", "la": "", "dist": ""}, {"player": "joc pederson", "game": "pit @ sf", "gameIdx": 0, "hr/park": "", "pa": "21", "dt": "", "img": "https://www.mlbstatic.com/team-logos/137.svg", "team": "sf", "start": "", "in": "3", "result": "Pop Out", "evo": "83.1", "la": "48", "dist": "224"}, {"player": "lamonte wade", "game": "pit @ sf", "gameIdx": 0, "hr/park": "30/30", "pa": "20", "dt": "", "img": "https://www.mlbstatic.com/team-logos/137.svg", "team": "sf", "start": "", "in": "3", "result": "Home Run", "evo": "108.1", "la": "22", "dist": "410"}, {"player": "kevin newman", "game": "pit @ sf", "gameIdx": 0, "hr/park": "", "pa": "19", "dt": "", "img": "https://www.mlbstatic.com/team-logos/134.svg", "team": "pit", "start": "", "in": "3", "result": "Groundout", "evo": "56.2", "la": "-44", "dist": "3"}, {"player": "jose godoy", "game": "pit @ sf", "gameIdx": 0, "hr/park": "", "pa": "18", "dt": "", "img": "https://www.mlbstatic.com/team-logos/134.svg", "team": "pit", "start": "", "in": "3", "result": "Groundout", "evo": "78.4", "la": "-43", "dist": "5"}, {"player": "tucupita marcano", "game": "pit @ sf", "gameIdx": 0, "hr/park": "", "pa": "17", "dt": "", "img": "https://www.mlbstatic.com/team-logos/134.svg", "team": "pit", "start": "", "in": "3", "result": "Strikeout", "evo": "", "la": "", "dist": ""}, {"player": "rodolfo castro", "game": "pit @ sf", "gameIdx": 0, "hr/park": "", "pa": "16", "dt": "", "img": "https://www.mlbstatic.com/team-logos/134.svg", "team": "pit", "start": "", "in": "3", "result": "Double", "evo": "96.3", "la": "1", "dist": "60"}, {"player": "austin wynns", "game": "pit @ sf", "gameIdx": 0, "hr/park": "", "pa": "15", "dt": "", "img": "https://www.mlbstatic.com/team-logos/137.svg", "team": "sf", "start": "", "in": "2", "result": "Groundout", "evo": "45.2", "la": "2", "dist": "31"}, {"player": "luis gonzalez", "game": "pit @ sf", "gameIdx": 0, "hr/park": "", "pa": "14", "dt": "", "img": "https://www.mlbstatic.com/team-logos/137.svg", "team": "sf", "start": "", "in": "2", "result": "Flyout", "evo": "76.3", "la": "35", "dist": "261"}, {"player": "tommy la stella", "game": "pit @ sf", "gameIdx": 0, "hr/park": "", "pa": "13", "dt": "", "img": "https://www.mlbstatic.com/team-logos/137.svg", "team": "sf", "start": "", "in": "2", "result": "Strikeout", "evo": "", "la": "", "dist": ""}, {"player": "bligh madris", "game": "pit @ sf", "gameIdx": 0, "hr/park": "1/30", "pa": "12", "dt": "", "img": "https://www.mlbstatic.com/team-logos/134.svg", "team": "pit", "start": "", "in": "2", "result": "Flyout", "evo": "101.4", "la": "24", "dist": "358"}, {"player": "greg allen", "game": "pit @ sf", "gameIdx": 0, "hr/park": "", "pa": "11", "dt": "", "img": "https://www.mlbstatic.com/team-logos/134.svg", "team": "pit", "start": "", "in": "2", "result": "Groundout", "evo": "81.3", "la": "-30", "dist": "4"}, {"player": "oneil cruz", "game": "pit @ sf", "gameIdx": 0, "hr/park": "", "pa": "10", "dt": "", "img": "https://www.mlbstatic.com/team-logos/134.svg", "team": "pit", "start": "", "in": "2", "result": "Strikeout", "evo": "", "la": "", "dist": ""}, {"player": "thairo estrada", "game": "pit @ sf", "gameIdx": 0, "hr/park": "", "pa": "9", "dt": "", "img": "https://www.mlbstatic.com/team-logos/137.svg", "team": "sf", "start": "", "in": "1", "result": "Forceout", "evo": "87.7", "la": "-14", "dist": "9"}, {"player": "brandon crawford", "game": "pit @ sf", "gameIdx": 0, "hr/park": "6/30", "pa": "8", "dt": "", "img": "https://www.mlbstatic.com/team-logos/137.svg", "team": "sf", "start": "", "in": "1", "result": "Flyout", "evo": "93.5", "la": "33", "dist": "357"}, {"player": "mike yastrzemski", "game": "pit @ sf", "gameIdx": 0, "hr/park": "", "pa": "7", "dt": "", "img": "https://www.mlbstatic.com/team-logos/137.svg", "team": "sf", "start": "", "in": "1", "result": "Strikeout", "evo": "", "la": "", "dist": ""}, {"player": "jd davis", "game": "pit @ sf", "gameIdx": 0, "hr/park": "", "pa": "6", "dt": "", "img": "https://www.mlbstatic.com/team-logos/137.svg", "team": "sf", "start": "", "in": "1", "result": "Walk", "evo": "", "la": "", "dist": ""}, {"player": "joc pederson", "game": "pit @ sf", "gameIdx": 0, "hr/park": "0/30", "pa": "5", "dt": "", "img": "https://www.mlbstatic.com/team-logos/137.svg", "team": "sf", "start": "", "in": "1", "result": "Double", "evo": "105.7", "la": "19", "dist": "377"}, {"player": "lamonte wade", "game": "pit @ sf", "gameIdx": 0, "hr/park": "", "pa": "4", "dt": "", "img": "https://www.mlbstatic.com/team-logos/137.svg", "team": "sf", "start": "", "in": "1", "result": "Double", "evo": "79.9", "la": "61", "dist": "193"}, {"player": "ben gamel", "game": "pit @ sf", "gameIdx": 0, "hr/park": "", "pa": "3", "dt": "", "img": "https://www.mlbstatic.com/team-logos/134.svg", "team": "pit", "start": "", "in": "1", "result": "Lineout", "evo": "87.6", "la": "11", "dist": "163"}, {"player": "bryan reynolds", "game": "pit @ sf", "gameIdx": 0, "hr/park": "", "pa": "2", "dt": "", "img": "https://www.mlbstatic.com/team-logos/134.svg", "team": "pit", "start": "", "in": "1", "result": "Strikeout", "evo": "", "la": "", "dist": ""}, {"player": "kevin newman", "game": "pit @ sf", "gameIdx": 0, "hr/park": "", "pa": "1", "dt": "", "img": "https://www.mlbstatic.com/team-logos/134.svg", "team": "pit", "start": "", "in": "1", "result": "Strikeout", "evo": "", "la": "", "dist": ""}], "min @ laa": []}