{"all": {"pitchers": "16", "batters": "38", "pitches": "551", "max velomax pitch velocity": "98.5", "min velomin pitch velocity": "74.4", "ff%fourseam fastball %": "36.7", "si%sinker %": "8.7", "fc%cutter %": "9.3", "fs%splitter %": "5.4", "ch%changeup %": "6.9", "sl%slider %": "21.6", "cu%curve %": "11.4", "max evmax exit velocity": "116.5", "hhhard hit": "41", "hh%hard hit %": "40.6", "brlbarrels": "7", "brl%barrel %": "6.9", "ab": "132", "avg": ".235", "h": "31", "1b": "21", "2b": "6", "3b": "0", "hr": "4", "so": "34", "bipballs in play": "101", "liveGames": 0, "totGames": 13}, "det @ tb": [], "wsh @ mia": [], "nyy @ bal": [], "sea @ tor": [], "hou @ bos": [], "pit @ chc": [], "atl @ mil": [], "laa @ tex": [{"player": "taylor ward", "game": "laa @ tex", "gameIdx": 0, "hr/park": "", "pa": "74", "dt": "", "img": "https://www.mlbstatic.com/team-logos/108.svg", "team": "laa", "start": "", "in": "9", "result": "Lineout", "evo": "89.2", "la": "21", "dist": "284"}, {"player": "andrew velazquez", "game": "laa @ tex", "gameIdx": 0, "hr/park": "", "pa": "73", "dt": "", "img": "https://www.mlbstatic.com/team-logos/108.svg", "team": "laa", "start": "", "in": "9", "result": "Flyout", "evo": "95.1", "la": "50", "dist": "281"}, {"player": "tyler wade", "game": "laa @ tex", "gameIdx": 0, "hr/park": "", "pa": "72", "dt": "", "img": "https://www.mlbstatic.com/team-logos/108.svg", "team": "laa", "start": "", "in": "9", "result": "Strikeout", "evo": "", "la": "", "dist": ""}, {"player": "luis rengifo", "game": "laa @ tex", "gameIdx": 0, "hr/park": "", "pa": "71", "dt": "", "img": "https://www.mlbstatic.com/team-logos/108.svg", "team": "laa", "start": "", "in": "9", "result": "Walk", "evo": "", "la": "", "dist": ""}, {"player": "eli white", "game": "laa @ tex", "gameIdx": 0, "hr/park": "0/30", "pa": "70", "dt": "", "img": "https://www.mlbstatic.com/team-logos/140.svg", "team": "tex", "start": "", "in": "8", "result": "Flyout", "evo": "94.9", "la": "43", "dist": "326"}, {"player": "brad miller", "game": "laa @ tex", "gameIdx": 0, "hr/park": "", "pa": "69", "dt": "", "img": "https://www.mlbstatic.com/team-logos/140.svg", "team": "tex", "start": "", "in": "8", "result": "Groundout", "evo": "99.5", "la": "-3", "dist": "37"}, {"player": "sam huff", "game": "laa @ tex", "gameIdx": 0, "hr/park": "", "pa": "68", "dt": "", "img": "https://www.mlbstatic.com/team-logos/140.svg", "team": "tex", "start": "", "in": "8", "result": "Strikeout", "evo": "", "la": "", "dist": ""}, {"player": "brandon marsh", "game": "laa @ tex", "gameIdx": 0, "hr/park": "", "pa": "67", "dt": "", "img": "https://www.mlbstatic.com/team-logos/108.svg", "team": "laa", "start": "", "in": "8", "result": "Groundout", "evo": "94.4", "la": "4", "dist": "94"}, {"player": "jared walsh", "game": "laa @ tex", "gameIdx": 0, "hr/park": "", "pa": "66", "dt": "", "img": "https://www.mlbstatic.com/team-logos/108.svg", "team": "laa", "start": "", "in": "8", "result": "Groundout", "evo": "102.9", "la": "-3", "dist": "23"}, {"player": "anthony rendon", "game": "laa @ tex", "gameIdx": 0, "hr/park": "", "pa": "65", "dt": "", "img": "https://www.mlbstatic.com/team-logos/108.svg", "team": "laa", "start": "", "in": "8", "result": "Lineout", "evo": "100.2", "la": "14", "dist": "296"}, {"player": "nathaniel lowe", "game": "laa @ tex", "gameIdx": 0, "hr/park": "", "pa": "64", "dt": "", "img": "https://www.mlbstatic.com/team-logos/140.svg", "team": "tex", "start": "", "in": "7", "result": "Strikeout", "evo": "", "la": "", "dist": ""}, {"player": "jonah heim", "game": "laa @ tex", "gameIdx": 0, "hr/park": "25/30", "pa": "63", "dt": "", "img": "https://www.mlbstatic.com/team-logos/140.svg", "team": "tex", "start": "", "in": "7", "result": "Home Run", "evo": "103.0", "la": "26", "dist": "418"}, {"player": "kole calhoun", "game": "laa @ tex", "gameIdx": 0, "hr/park": "", "pa": "62", "dt": "", "img": "https://www.mlbstatic.com/team-logos/140.svg", "team": "tex", "start": "", "in": "7", "result": "Flyout", "evo": "92.1", "la": "55", "dist": "242"}, {"player": "adolis garcia", "game": "laa @ tex", "gameIdx": 0, "hr/park": "", "pa": "61", "dt": "", "img": "https://www.mlbstatic.com/team-logos/140.svg", "team": "tex", "start": "", "in": "7", "result": "Strikeout", "evo": "", "la": "", "dist": ""}, {"player": "shohei ohtani", "game": "laa @ tex", "gameIdx": 0, "hr/park": "", "pa": "60", "dt": "", "img": "https://www.mlbstatic.com/team-logos/108.svg", "team": "laa", "start": "", "in": "7", "result": "Strikeout", "evo": "", "la": "", "dist": ""}, {"player": "mike trout", "game": "laa @ tex", "gameIdx": 0, "hr/park": "", "pa": "59", "dt": "", "img": "https://www.mlbstatic.com/team-logos/108.svg", "team": "laa", "start": "", "in": "7", "result": "GIDP", "evo": "106.2", "la": "5", "dist": "94"}, {"player": "taylor ward", "game": "laa @ tex", "gameIdx": 0, "hr/park": "", "pa": "58", "dt": "", "img": "https://www.mlbstatic.com/team-logos/108.svg", "team": "laa", "start": "", "in": "7", "result": "Single", "evo": "93.5", "la": "-11", "dist": "8"}, {"player": "corey seager", "game": "laa @ tex", "gameIdx": 0, "hr/park": "", "pa": "57", "dt": "", "img": "https://www.mlbstatic.com/team-logos/140.svg", "team": "tex", "start": "", "in": "6", "result": "Groundout", "evo": "73.0", "la": "-27", "dist": "5"}, {"player": "marcus semien", "game": "laa @ tex", "gameIdx": 0, "hr/park": "", "pa": "56", "dt": "", "img": "https://www.mlbstatic.com/team-logos/140.svg", "team": "tex", "start": "", "in": "6", "result": "Field Error", "evo": "94.4", "la": "-26", "dist": "4"}, {"player": "eli white", "game": "laa @ tex", "gameIdx": 0, "hr/park": "0/30", "pa": "55", "dt": "", "img": "https://www.mlbstatic.com/team-logos/140.svg", "team": "tex", "start": "", "in": "6", "result": "Lineout", "evo": "100.5", "la": "20", "dist": "322"}, {"player": "brad miller", "game": "laa @ tex", "gameIdx": 0, "hr/park": "", "pa": "54", "dt": "", "img": "https://www.mlbstatic.com/team-logos/140.svg", "team": "tex", "start": "", "in": "6", "result": "Strikeout", "evo": "", "la": "", "dist": ""}, {"player": "andrew velazquez", "game": "laa @ tex", "gameIdx": 0, "hr/park": "0/30", "pa": "53", "dt": "", "img": "https://www.mlbstatic.com/team-logos/108.svg", "team": "laa", "start": "", "in": "6", "result": "Flyout", "evo": "96.2", "la": "25", "dist": "320"}, {"player": "tyler wade", "game": "laa @ tex", "gameIdx": 0, "hr/park": "", "pa": "52", "dt": "", "img": "https://www.mlbstatic.com/team-logos/108.svg", "team": "laa", "start": "", "in": "6", "result": "Single", "evo": "100.4", "la": "12", "dist": "290"}, {"player": "austin romine", "game": "laa @ tex", "gameIdx": 0, "hr/park": "", "pa": "51", "dt": "", "img": "https://www.mlbstatic.com/team-logos/108.svg", "team": "laa", "start": "", "in": "6", "result": "Strikeout", "evo": "", "la": "", "dist": ""}, {"player": "brandon marsh", "game": "laa @ tex", "gameIdx": 0, "hr/park": "0/30", "pa": "50", "dt": "", "img": "https://www.mlbstatic.com/team-logos/108.svg", "team": "laa", "start": "", "in": "6", "result": "Flyout", "evo": "84.4", "la": "34", "dist": "308"}, {"player": "jared walsh", "game": "laa @ tex", "gameIdx": 0, "hr/park": "", "pa": "49", "dt": "", "img": "https://www.mlbstatic.com/team-logos/108.svg", "team": "laa", "start": "", "in": "6", "result": "Walk", "evo": "", "la": "", "dist": ""}, {"player": "sam huff", "game": "laa @ tex", "gameIdx": 0, "hr/park": "", "pa": "48", "dt": "", "img": "https://www.mlbstatic.com/team-logos/140.svg", "team": "tex", "start": "", "in": "5", "result": "Strikeout", "evo": "", "la": "", "dist": ""}, {"player": "nathaniel lowe", "game": "laa @ tex", "gameIdx": 0, "hr/park": "0/30", "pa": "47", "dt": "", "img": "https://www.mlbstatic.com/team-logos/140.svg", "team": "tex", "start": "", "in": "5", "result": "Flyout", "evo": "95.6", "la": "31", "dist": "363"}, {"player": "jonah heim", "game": "laa @ tex", "gameIdx": 0, "hr/park": "", "pa": "46", "dt": "", "img": "https://www.mlbstatic.com/team-logos/140.svg", "team": "tex", "start": "", "in": "5", "result": "Flyout", "evo": "82.0", "la": "43", "dist": "277"}, {"player": "anthony rendon", "game": "laa @ tex", "gameIdx": 0, "hr/park": "", "pa": "45", "dt": "", "img": "https://www.mlbstatic.com/team-logos/108.svg", "team": "laa", "start": "", "in": "5", "result": "Strikeout", "evo": "", "la": "", "dist": ""}, {"player": "shohei ohtani", "game": "laa @ tex", "gameIdx": 0, "hr/park": "", "pa": "44", "dt": "", "img": "https://www.mlbstatic.com/team-logos/108.svg", "team": "laa", "start": "", "in": "5", "result": "Strikeout", "evo": "", "la": "", "dist": ""}, {"player": "mike trout", "game": "laa @ tex", "gameIdx": 0, "hr/park": "", "pa": "43", "dt": "", "img": "https://www.mlbstatic.com/team-logos/108.svg", "team": "laa", "start": "", "in": "5", "result": "Lineout", "evo": "107.2", "la": "6", "dist": "115"}, {"player": "kole calhoun", "game": "laa @ tex", "gameIdx": 0, "hr/park": "", "pa": "42", "dt": "", "img": "https://www.mlbstatic.com/team-logos/140.svg", "team": "tex", "start": "", "in": "4", "result": "Strikeout", "evo": "", "la": "", "dist": ""}, {"player": "adolis garcia", "game": "laa @ tex", "gameIdx": 0, "hr/park": "11/30", "pa": "41", "dt": "", "img": "https://www.mlbstatic.com/team-logos/140.svg", "team": "tex", "start": "", "in": "4", "result": "Flyout", "evo": "98.2", "la": "35", "dist": "374"}, {"player": "corey seager", "game": "laa @ tex", "gameIdx": 0, "hr/park": "", "pa": "40", "dt": "", "img": "https://www.mlbstatic.com/team-logos/140.svg", "team": "tex", "start": "", "in": "4", "result": "Strikeout", "evo": "", "la": "", "dist": ""}, {"player": "marcus semien", "game": "laa @ tex", "gameIdx": 0, "hr/park": "", "pa": "39", "dt": "", "img": "https://www.mlbstatic.com/team-logos/140.svg", "team": "tex", "start": "", "in": "4", "result": "Single", "evo": "60.6", "la": "28", "dist": "178"}, {"player": "taylor ward", "game": "laa @ tex", "gameIdx": 0, "hr/park": "0/30", "pa": "38", "dt": "", "img": "https://www.mlbstatic.com/team-logos/108.svg", "team": "laa", "start": "", "in": "4", "result": "Flyout", "evo": "95.9", "la": "47", "dist": "305"}, {"player": "andrew velazquez", "game": "laa @ tex", "gameIdx": 0, "hr/park": "", "pa": "37", "dt": "", "img": "https://www.mlbstatic.com/team-logos/108.svg", "team": "laa", "start": "", "in": "4", "result": "Single", "evo": "101.8", "la": "9", "dist": "220"}, {"player": "tyler wade", "game": "laa @ tex", "gameIdx": 0, "hr/park": "", "pa": "36", "dt": "", "img": "https://www.mlbstatic.com/team-logos/108.svg", "team": "laa", "start": "", "in": "4", "result": "Forceout", "evo": "109.0", "la": "-22", "dist": "4"}, {"player": "austin romine", "game": "laa @ tex", "gameIdx": 0, "hr/park": "", "pa": "35", "dt": "", "img": "https://www.mlbstatic.com/team-logos/108.svg", "team": "laa", "start": "", "in": "4", "result": "Single", "evo": "91.5", "la": "2", "dist": "52"}, {"player": "brandon marsh", "game": "laa @ tex", "gameIdx": 0, "hr/park": "", "pa": "34", "dt": "", "img": "https://www.mlbstatic.com/team-logos/108.svg", "team": "laa", "start": "", "in": "4", "result": "Groundout", "evo": "89.0", "la": "4", "dist": "72"}, {"player": "jared walsh", "game": "laa @ tex", "gameIdx": 0, "hr/park": "", "pa": "33", "dt": "", "img": "https://www.mlbstatic.com/team-logos/108.svg", "team": "laa", "start": "", "in": "4", "result": "Single", "evo": "103.0", "la": "5", "dist": "106"}, {"player": "eli white", "game": "laa @ tex", "gameIdx": 0, "hr/park": "", "pa": "32", "dt": "", "img": "https://www.mlbstatic.com/team-logos/140.svg", "team": "tex", "start": "", "in": "3", "result": "Strikeout", "evo": "", "la": "", "dist": ""}, {"player": "brad miller", "game": "laa @ tex", "gameIdx": 0, "hr/park": "2/30", "pa": "31", "dt": "", "img": "https://www.mlbstatic.com/team-logos/140.svg", "team": "tex", "start": "", "in": "3", "result": "Flyout", "evo": "101.3", "la": "23", "dist": "348"}, {"player": "sam huff", "game": "laa @ tex", "gameIdx": 0, "hr/park": "", "pa": "30", "dt": "", "img": "https://www.mlbstatic.com/team-logos/140.svg", "team": "tex", "start": "", "in": "3", "result": "Single", "evo": "91.1", "la": "16", "dist": "248"}, {"player": "nathaniel lowe", "game": "laa @ tex", "gameIdx": 0, "hr/park": "", "pa": "29", "dt": "", "img": "https://www.mlbstatic.com/team-logos/140.svg", "team": "tex", "start": "", "in": "3", "result": "Groundout", "evo": "90.7", "la": "-18", "dist": "5"}, {"player": "anthony rendon", "game": "laa @ tex", "gameIdx": 0, "hr/park": "", "pa": "28", "dt": "", "img": "https://www.mlbstatic.com/team-logos/108.svg", "team": "laa", "start": "", "in": "3", "result": "Strikeout", "evo": "", "la": "", "dist": ""}, {"player": "shohei ohtani", "game": "laa @ tex", "gameIdx": 0, "hr/park": "", "pa": "27", "dt": "", "img": "https://www.mlbstatic.com/team-logos/108.svg", "team": "laa", "start": "", "in": "3", "result": "Strikeout", "evo": "", "la": "", "dist": ""}, {"player": "mike trout", "game": "laa @ tex", "gameIdx": 0, "hr/park": "", "pa": "26", "dt": "", "img": "https://www.mlbstatic.com/team-logos/108.svg", "team": "laa", "start": "", "in": "3", "result": "Groundout", "evo": "111.0", "la": "-8", "dist": "18"}, {"player": "jonah heim", "game": "laa @ tex", "gameIdx": 0, "hr/park": "", "pa": "25", "dt": "", "img": "https://www.mlbstatic.com/team-logos/140.svg", "team": "tex", "start": "", "in": "2", "result": "Groundout", "evo": "101.1", "la": "-2", "dist": "28"}, {"player": "kole calhoun", "game": "laa @ tex", "gameIdx": 0, "hr/park": "", "pa": "24", "dt": "", "img": "https://www.mlbstatic.com/team-logos/140.svg", "team": "tex", "start": "", "in": "2", "result": "Walk", "evo": "", "la": "", "dist": ""}, {"player": "adolis garcia", "game": "laa @ tex", "gameIdx": 0, "hr/park": "", "pa": "23", "dt": "", "img": "https://www.mlbstatic.com/team-logos/140.svg", "team": "tex", "start": "", "in": "2", "result": "Lineout", "evo": "87.2", "la": "23", "dist": "299"}, {"player": "corey seager", "game": "laa @ tex", "gameIdx": 0, "hr/park": "", "pa": "22", "dt": "", "img": "https://www.mlbstatic.com/team-logos/140.svg", "team": "tex", "start": "", "in": "2", "result": "Pop Out", "evo": "72.7", "la": "57", "dist": "183"}, {"player": "taylor ward", "game": "laa @ tex", "gameIdx": 0, "hr/park": "", "pa": "21", "dt": "", "img": "https://www.mlbstatic.com/team-logos/108.svg", "team": "laa", "start": "", "in": "2", "result": "Strikeout", "evo": "", "la": "", "dist": ""}, {"player": "andrew velazquez", "game": "laa @ tex", "gameIdx": 0, "hr/park": "", "pa": "20", "dt": "", "img": "https://www.mlbstatic.com/team-logos/108.svg", "team": "laa", "start": "", "in": "2", "result": "Groundout", "evo": "106.5", "la": "-2", "dist": "28"}, {"player": "tyler wade", "game": "laa @ tex", "gameIdx": 0, "hr/park": "", "pa": "19", "dt": "", "img": "https://www.mlbstatic.com/team-logos/108.svg", "team": "laa", "start": "", "in": "2", "result": "Flyout", "evo": "83.1", "la": "29", "dist": "296"}, {"player": "marcus semien", "game": "laa @ tex", "gameIdx": 0, "hr/park": "", "pa": "18", "dt": "", "img": "https://www.mlbstatic.com/team-logos/140.svg", "team": "tex", "start": "", "in": "1", "result": "Groundout", "evo": "80.4", "la": "-13", "dist": "11"}, {"player": "eli white", "game": "laa @ tex", "gameIdx": 0, "hr/park": "", "pa": "17", "dt": "", "img": "https://www.mlbstatic.com/team-logos/140.svg", "team": "tex", "start": "", "in": "1", "result": "Single", "evo": "91.8", "la": "16", "dist": "261"}, {"player": "brad miller", "game": "laa @ tex", "gameIdx": 0, "hr/park": "", "pa": "16", "dt": "", "img": "https://www.mlbstatic.com/team-logos/140.svg", "team": "tex", "start": "", "in": "1", "result": "Walk", "evo": "", "la": "", "dist": ""}, {"player": "sam huff", "game": "laa @ tex", "gameIdx": 0, "hr/park": "", "pa": "15", "dt": "", "img": "https://www.mlbstatic.com/team-logos/140.svg", "team": "tex", "start": "", "in": "1", "result": "Single", "evo": "82.8", "la": "21", "dist": "229"}, {"player": "nathaniel lowe", "game": "laa @ tex", "gameIdx": 0, "hr/park": "", "pa": "14", "dt": "", "img": "https://www.mlbstatic.com/team-logos/140.svg", "team": "tex", "start": "", "in": "1", "result": "Strikeout", "evo": "", "la": "", "dist": ""}, {"player": "jonah heim", "game": "laa @ tex", "gameIdx": 0, "hr/park": "", "pa": "13", "dt": "", "img": "https://www.mlbstatic.com/team-logos/140.svg", "team": "tex", "start": "", "in": "1", "result": "Field Error", "evo": "94.1", "la": "-5", "dist": "17"}, {"player": "kole calhoun", "game": "laa @ tex", "gameIdx": 0, "hr/park": "0/30", "pa": "12", "dt": "", "img": "https://www.mlbstatic.com/team-logos/140.svg", "team": "tex", "start": "", "in": "1", "result": "Sac Fly", "evo": "100.6", "la": "28", "dist": "385"}, {"player": "adolis garcia", "game": "laa @ tex", "gameIdx": 0, "hr/park": "5/30", "pa": "11", "dt": "", "img": "https://www.mlbstatic.com/team-logos/140.svg", "team": "tex", "start": "", "in": "1", "result": "Double", "evo": "102.5", "la": "23", "dist": "402"}, {"player": "corey seager", "game": "laa @ tex", "gameIdx": 0, "hr/park": "", "pa": "10", "dt": "", "img": "https://www.mlbstatic.com/team-logos/140.svg", "team": "tex", "start": "", "in": "1", "result": "Single", "evo": "83.5", "la": "16", "dist": "184"}, {"player": "marcus semien", "game": "laa @ tex", "gameIdx": 0, "hr/park": "", "pa": "9", "dt": "", "img": "https://www.mlbstatic.com/team-logos/140.svg", "team": "tex", "start": "", "in": "1", "result": "Walk", "evo": "", "la": "", "dist": ""}, {"player": "eli white", "game": "laa @ tex", "gameIdx": 0, "hr/park": "", "pa": "8", "dt": "", "img": "https://www.mlbstatic.com/team-logos/140.svg", "team": "tex", "start": "", "in": "1", "result": "Single", "evo": "89.1", "la": "20", "dist": "259"}, {"player": "austin romine", "game": "laa @ tex", "gameIdx": 0, "hr/park": "", "pa": "7", "dt": "", "img": "https://www.mlbstatic.com/team-logos/108.svg", "team": "laa", "start": "", "in": "1", "result": "Strikeout", "evo": "", "la": "", "dist": ""}, {"player": "brandon marsh", "game": "laa @ tex", "gameIdx": 0, "hr/park": "", "pa": "6", "dt": "", "img": "https://www.mlbstatic.com/team-logos/108.svg", "team": "laa", "start": "", "in": "1", "result": "Double", "evo": "68.1", "la": "46", "dist": "206"}, {"player": "jared walsh", "game": "laa @ tex", "gameIdx": 0, "hr/park": "", "pa": "5", "dt": "", "img": "https://www.mlbstatic.com/team-logos/108.svg", "team": "laa", "start": "", "in": "1", "result": "Strikeout", "evo": "", "la": "", "dist": ""}, {"player": "anthony rendon", "game": "laa @ tex", "gameIdx": 0, "hr/park": "", "pa": "4", "dt": "", "img": "https://www.mlbstatic.com/team-logos/108.svg", "team": "laa", "start": "", "in": "1", "result": "Lineout", "evo": "76.3", "la": "29", "dist": "279"}, {"player": "shohei ohtani", "game": "laa @ tex", "gameIdx": 0, "hr/park": "12/30", "pa": "3", "dt": "", "img": "https://www.mlbstatic.com/team-logos/108.svg", "team": "laa", "start": "", "in": "1", "result": "Double", "evo": "116.5", "la": "19", "dist": "410"}, {"player": "mike trout", "game": "laa @ tex", "gameIdx": 0, "hr/park": "", "pa": "2", "dt": "", "img": "https://www.mlbstatic.com/team-logos/108.svg", "team": "laa", "start": "", "in": "1", "result": "Single", "evo": "102.0", "la": "8", "dist": "145"}, {"player": "taylor ward", "game": "laa @ tex", "gameIdx": 0, "hr/park": "", "pa": "1", "dt": "", "img": "https://www.mlbstatic.com/team-logos/108.svg", "team": "laa", "start": "", "in": "1", "result": "Single", "evo": "95.8", "la": "-13", "dist": "11"}], "chw @ kc": [], "sf @ col": [], "min @ ath": [], "ari @ lad": [{"player": "alek thomas", "game": "ari @ lad", "gameIdx": 0, "hr/park": "", "pa": "73", "dt": "", "img": "https://www.mlbstatic.com/team-logos/109.svg", "team": "ari", "start": "", "in": "9", "result": "Groundout", "evo": "82.3", "la": "-33", "dist": "4"}, {"player": "geraldo perdomo", "game": "ari @ lad", "gameIdx": 0, "hr/park": "", "pa": "72", "dt": "", "img": "https://www.mlbstatic.com/team-logos/109.svg", "team": "ari", "start": "", "in": "9", "result": "Strikeout", "evo": "", "la": "", "dist": ""}, {"player": "david peralta", "game": "ari @ lad", "gameIdx": 0, "hr/park": "23/30", "pa": "71", "dt": "", "img": "https://www.mlbstatic.com/team-logos/109.svg", "team": "ari", "start": "", "in": "9", "result": "Home Run", "evo": "96.9", "la": "33", "dist": "376"}, {"player": "josh rojas", "game": "ari @ lad", "gameIdx": 0, "hr/park": "", "pa": "70", "dt": "", "img": "https://www.mlbstatic.com/team-logos/109.svg", "team": "ari", "start": "", "in": "9", "result": "Single", "evo": "92.0", "la": "-7", "dist": "17"}, {"player": "christian walker", "game": "ari @ lad", "gameIdx": 0, "hr/park": "", "pa": "69", "dt": "", "img": "https://www.mlbstatic.com/team-logos/109.svg", "team": "ari", "start": "", "in": "9", "result": "Strikeout", "evo": "", "la": "", "dist": ""}, {"player": "freddie freeman", "game": "ari @ lad", "gameIdx": 0, "hr/park": "", "pa": "68", "dt": "", "img": "https://www.mlbstatic.com/team-logos/119.svg", "team": "lad", "start": "", "in": "8", "result": "Double Play", "evo": "78.9", "la": "29", "dist": "260"}, {"player": "mookie betts", "game": "ari @ lad", "gameIdx": 0, "hr/park": "", "pa": "67", "dt": "", "img": "https://www.mlbstatic.com/team-logos/119.svg", "team": "lad", "start": "", "in": "8", "result": "Walk", "evo": "", "la": "", "dist": ""}, {"player": "gavin lux", "game": "ari @ lad", "gameIdx": 0, "hr/park": "", "pa": "66", "dt": "", "img": "https://www.mlbstatic.com/team-logos/119.svg", "team": "lad", "start": "", "in": "8", "result": "Flyout", "evo": "92.9", "la": "45", "dist": "297"}, {"player": "ketel marte", "game": "ari @ lad", "gameIdx": 0, "hr/park": "", "pa": "65", "dt": "", "img": "https://www.mlbstatic.com/team-logos/109.svg", "team": "ari", "start": "", "in": "8", "result": "Strikeout", "evo": "", "la": "", "dist": ""}, {"player": "pavin smith", "game": "ari @ lad", "gameIdx": 0, "hr/park": "", "pa": "64", "dt": "", "img": "https://www.mlbstatic.com/team-logos/109.svg", "team": "ari", "start": "", "in": "8", "result": "Groundout", "evo": "103.2", "la": "-11", "dist": "12"}, {"player": "daulton varsho", "game": "ari @ lad", "gameIdx": 0, "hr/park": "", "pa": "63", "dt": "", "img": "https://www.mlbstatic.com/team-logos/109.svg", "team": "ari", "start": "", "in": "8", "result": "Flyout", "evo": "97.5", "la": "58", "dist": "222"}, {"player": "austin barnes", "game": "ari @ lad", "gameIdx": 0, "hr/park": "", "pa": "62", "dt": "", "img": "https://www.mlbstatic.com/team-logos/119.svg", "team": "lad", "start": "", "in": "7", "result": "Flyout", "evo": "84.6", "la": "51", "dist": "234"}, {"player": "chris taylor", "game": "ari @ lad", "gameIdx": 0, "hr/park": "", "pa": "61", "dt": "", "img": "https://www.mlbstatic.com/team-logos/119.svg", "team": "lad", "start": "", "in": "7", "result": "Forceout", "evo": "92.0", "la": "-19", "dist": "6"}, {"player": "max muncy", "game": "ari @ lad", "gameIdx": 0, "hr/park": "", "pa": "60", "dt": "", "img": "https://www.mlbstatic.com/team-logos/119.svg", "team": "lad", "start": "", "in": "7", "result": "Strikeout", "evo": "", "la": "", "dist": ""}, {"player": "justin turner", "game": "ari @ lad", "gameIdx": 0, "hr/park": "", "pa": "59", "dt": "", "img": "https://www.mlbstatic.com/team-logos/119.svg", "team": "lad", "start": "", "in": "7", "result": "Walk", "evo": "", "la": "", "dist": ""}, {"player": "will smith", "game": "ari @ lad", "gameIdx": 0, "hr/park": "", "pa": "58", "dt": "", "img": "https://www.mlbstatic.com/team-logos/119.svg", "team": "lad", "start": "", "in": "7", "result": "Walk", "evo": "", "la": "", "dist": ""}, {"player": "jordan luplow", "game": "ari @ lad", "gameIdx": 0, "hr/park": "", "pa": "57", "dt": "", "img": "https://www.mlbstatic.com/team-logos/109.svg", "team": "ari", "start": "", "in": "7", "result": "Groundout", "evo": "82.6", "la": "-25", "dist": "5"}, {"player": "alek thomas", "game": "ari @ lad", "gameIdx": 0, "hr/park": "", "pa": "56", "dt": "", "img": "https://www.mlbstatic.com/team-logos/109.svg", "team": "ari", "start": "", "in": "7", "result": "Forceout", "evo": "94.4", "la": "-1", "dist": "29"}, {"player": "geraldo perdomo", "game": "ari @ lad", "gameIdx": 0, "hr/park": "", "pa": "55", "dt": "", "img": "https://www.mlbstatic.com/team-logos/109.svg", "team": "ari", "start": "", "in": "7", "result": "Strikeout", "evo": "", "la": "", "dist": ""}, {"player": "david peralta", "game": "ari @ lad", "gameIdx": 0, "hr/park": "", "pa": "54", "dt": "", "img": "https://www.mlbstatic.com/team-logos/109.svg", "team": "ari", "start": "", "in": "7", "result": "Walk", "evo": "", "la": "", "dist": ""}, {"player": "trea turner", "game": "ari @ lad", "gameIdx": 0, "hr/park": "", "pa": "53", "dt": "", "img": "https://www.mlbstatic.com/team-logos/119.svg", "team": "lad", "start": "", "in": "6", "result": "Strikeout", "evo": "", "la": "", "dist": ""}, {"player": "freddie freeman", "game": "ari @ lad", "gameIdx": 0, "hr/park": "", "pa": "52", "dt": "", "img": "https://www.mlbstatic.com/team-logos/119.svg", "team": "lad", "start": "", "in": "6", "result": "Intent Walk", "evo": "", "la": "", "dist": ""}, {"player": "mookie betts", "game": "ari @ lad", "gameIdx": 0, "hr/park": "", "pa": "51", "dt": "", "img": "https://www.mlbstatic.com/team-logos/119.svg", "team": "lad", "start": "", "in": "6", "result": "Groundout", "evo": "48.8", "la": "-1", "dist": "25"}, {"player": "gavin lux", "game": "ari @ lad", "gameIdx": 0, "hr/park": "", "pa": "50", "dt": "", "img": "https://www.mlbstatic.com/team-logos/119.svg", "team": "lad", "start": "", "in": "6", "result": "Single", "evo": "91.8", "la": "5", "dist": "101"}, {"player": "austin barnes", "game": "ari @ lad", "gameIdx": 0, "hr/park": "", "pa": "49", "dt": "", "img": "https://www.mlbstatic.com/team-logos/119.svg", "team": "lad", "start": "", "in": "6", "result": "Strikeout", "evo": "", "la": "", "dist": ""}, {"player": "chris taylor", "game": "ari @ lad", "gameIdx": 0, "hr/park": "27/30", "pa": "48", "dt": "", "img": "https://www.mlbstatic.com/team-logos/119.svg", "team": "lad", "start": "", "in": "6", "result": "Home Run", "evo": "104.2", "la": "32", "dist": "379"}, {"player": "max muncy", "game": "ari @ lad", "gameIdx": 0, "hr/park": "", "pa": "47", "dt": "", "img": "https://www.mlbstatic.com/team-logos/119.svg", "team": "lad", "start": "", "in": "6", "result": "Single", "evo": "29.3", "la": "-39", "dist": "5"}, {"player": "josh rojas", "game": "ari @ lad", "gameIdx": 0, "hr/park": "", "pa": "46", "dt": "", "img": "https://www.mlbstatic.com/team-logos/109.svg", "team": "ari", "start": "", "in": "6", "result": "Strikeout", "evo": "", "la": "", "dist": ""}, {"player": "christian walker", "game": "ari @ lad", "gameIdx": 0, "hr/park": "", "pa": "45", "dt": "", "img": "https://www.mlbstatic.com/team-logos/109.svg", "team": "ari", "start": "", "in": "6", "result": "Walk", "evo": "", "la": "", "dist": ""}, {"player": "ketel marte", "game": "ari @ lad", "gameIdx": 0, "hr/park": "", "pa": "44", "dt": "", "img": "https://www.mlbstatic.com/team-logos/109.svg", "team": "ari", "start": "", "in": "6", "result": "Single", "evo": "74.4", "la": "32", "dist": "258"}, {"player": "pavin smith", "game": "ari @ lad", "gameIdx": 0, "hr/park": "0/30", "pa": "43", "dt": "", "img": "https://www.mlbstatic.com/team-logos/109.svg", "team": "ari", "start": "", "in": "6", "result": "Lineout", "evo": "92.5", "la": "23", "dist": "338"}, {"player": "daulton varsho", "game": "ari @ lad", "gameIdx": 0, "hr/park": "", "pa": "42", "dt": "", "img": "https://www.mlbstatic.com/team-logos/109.svg", "team": "ari", "start": "", "in": "6", "result": "Flyout", "evo": "93.4", "la": "50", "dist": "281"}, {"player": "justin turner", "game": "ari @ lad", "gameIdx": 0, "hr/park": "", "pa": "41", "dt": "", "img": "https://www.mlbstatic.com/team-logos/119.svg", "team": "lad", "start": "", "in": "5", "result": "Forceout", "evo": "103.0", "la": "2", "dist": "59"}, {"player": "will smith", "game": "ari @ lad", "gameIdx": 0, "hr/park": "0/30", "pa": "40", "dt": "", "img": "https://www.mlbstatic.com/team-logos/119.svg", "team": "lad", "start": "", "in": "5", "result": "Lineout", "evo": "96.0", "la": "22", "dist": "337"}, {"player": "trea turner", "game": "ari @ lad", "gameIdx": 0, "hr/park": "", "pa": "39", "dt": "", "img": "https://www.mlbstatic.com/team-logos/119.svg", "team": "lad", "start": "", "in": "5", "result": "Walk", "evo": "", "la": "", "dist": ""}, {"player": "freddie freeman", "game": "ari @ lad", "gameIdx": 0, "hr/park": "", "pa": "38", "dt": "", "img": "https://www.mlbstatic.com/team-logos/119.svg", "team": "lad", "start": "", "in": "5", "result": "Double", "evo": "92.8", "la": "17", "dist": "255"}, {"player": "mookie betts", "game": "ari @ lad", "gameIdx": 0, "hr/park": "", "pa": "37", "dt": "", "img": "https://www.mlbstatic.com/team-logos/119.svg", "team": "lad", "start": "", "in": "5", "result": "Single", "evo": "105.3", "la": "10", "dist": "228"}, {"player": "gavin lux", "game": "ari @ lad", "gameIdx": 0, "hr/park": "", "pa": "36", "dt": "", "img": "https://www.mlbstatic.com/team-logos/119.svg", "team": "lad", "start": "", "in": "5", "result": "Pop Out", "evo": "77.2", "la": "63", "dist": "149"}, {"player": "austin barnes", "game": "ari @ lad", "gameIdx": 0, "hr/park": "", "pa": "35", "dt": "", "img": "https://www.mlbstatic.com/team-logos/119.svg", "team": "lad", "start": "", "in": "5", "result": "Walk", "evo": "", "la": "", "dist": ""}, {"player": "chris taylor", "game": "ari @ lad", "gameIdx": 0, "hr/park": "0/30", "pa": "34", "dt": "", "img": "https://www.mlbstatic.com/team-logos/119.svg", "team": "lad", "start": "", "in": "5", "result": "Double", "evo": "103.8", "la": "19", "dist": "319"}, {"player": "jose herrera", "game": "ari @ lad", "gameIdx": 0, "hr/park": "", "pa": "33", "dt": "", "img": "https://www.mlbstatic.com/team-logos/109.svg", "team": "ari", "start": "", "in": "5", "result": "Groundout", "evo": "86.1", "la": "-3", "dist": "24"}, {"player": "alek thomas", "game": "ari @ lad", "gameIdx": 0, "hr/park": "", "pa": "32", "dt": "", "img": "https://www.mlbstatic.com/team-logos/109.svg", "team": "ari", "start": "", "in": "5", "result": "Strikeout", "evo": "", "la": "", "dist": ""}, {"player": "geraldo perdomo", "game": "ari @ lad", "gameIdx": 0, "hr/park": "", "pa": "31", "dt": "", "img": "https://www.mlbstatic.com/team-logos/109.svg", "team": "ari", "start": "", "in": "5", "result": "Flyout", "evo": "98.8", "la": "61", "dist": "226"}, {"player": "max muncy", "game": "ari @ lad", "gameIdx": 0, "hr/park": "", "pa": "30", "dt": "", "img": "https://www.mlbstatic.com/team-logos/119.svg", "team": "lad", "start": "", "in": "4", "result": "Groundout", "evo": "69.9", "la": "-24", "dist": "6"}, {"player": "justin turner", "game": "ari @ lad", "gameIdx": 0, "hr/park": "", "pa": "29", "dt": "", "img": "https://www.mlbstatic.com/team-logos/119.svg", "team": "lad", "start": "", "in": "4", "result": "Flyout", "evo": "78.8", "la": "40", "dist": "267"}, {"player": "will smith", "game": "ari @ lad", "gameIdx": 0, "hr/park": "0/30", "pa": "28", "dt": "", "img": "https://www.mlbstatic.com/team-logos/119.svg", "team": "lad", "start": "", "in": "4", "result": "Flyout", "evo": "93.8", "la": "39", "dist": "340"}, {"player": "trea turner", "game": "ari @ lad", "gameIdx": 0, "hr/park": "", "pa": "27", "dt": "", "img": "https://www.mlbstatic.com/team-logos/119.svg", "team": "lad", "start": "", "in": "4", "result": "Single", "evo": "103.3", "la": "", "dist": "43"}, {"player": "freddie freeman", "game": "ari @ lad", "gameIdx": 0, "hr/park": "", "pa": "26", "dt": "", "img": "https://www.mlbstatic.com/team-logos/119.svg", "team": "lad", "start": "", "in": "4", "result": "Single", "evo": "88.2", "la": "14", "dist": "220"}, {"player": "david peralta", "game": "ari @ lad", "gameIdx": 0, "hr/park": "", "pa": "25", "dt": "", "img": "https://www.mlbstatic.com/team-logos/109.svg", "team": "ari", "start": "", "in": "4", "result": "GIDP", "evo": "101.7", "la": "-18", "dist": "6"}, {"player": "josh rojas", "game": "ari @ lad", "gameIdx": 0, "hr/park": "0/30", "pa": "24", "dt": "", "img": "https://www.mlbstatic.com/team-logos/109.svg", "team": "ari", "start": "", "in": "4", "result": "Sac Fly", "evo": "88.2", "la": "34", "dist": "332"}, {"player": "christian walker", "game": "ari @ lad", "gameIdx": 0, "hr/park": "", "pa": "23", "dt": "", "img": "https://www.mlbstatic.com/team-logos/109.svg", "team": "ari", "start": "", "in": "4", "result": "Field Error", "evo": "78.3", "la": "-16", "dist": "9"}, {"player": "ketel marte", "game": "ari @ lad", "gameIdx": 0, "hr/park": "", "pa": "22", "dt": "", "img": "https://www.mlbstatic.com/team-logos/109.svg", "team": "ari", "start": "", "in": "4", "result": "Double", "evo": "75.6", "la": "62", "dist": "167"}, {"player": "mookie betts", "game": "ari @ lad", "gameIdx": 0, "hr/park": "2/30", "pa": "21", "dt": "", "img": "https://www.mlbstatic.com/team-logos/119.svg", "team": "lad", "start": "", "in": "3", "result": "Flyout", "evo": "99.8", "la": "38", "dist": "364"}, {"player": "gavin lux", "game": "ari @ lad", "gameIdx": 0, "hr/park": "1/30", "pa": "20", "dt": "", "img": "https://www.mlbstatic.com/team-logos/119.svg", "team": "lad", "start": "", "in": "3", "result": "Flyout", "evo": "94.8", "la": "25", "dist": "352"}, {"player": "austin barnes", "game": "ari @ lad", "gameIdx": 0, "hr/park": "", "pa": "19", "dt": "", "img": "https://www.mlbstatic.com/team-logos/119.svg", "team": "lad", "start": "", "in": "3", "result": "Pop Out", "evo": "65.0", "la": "84", "dist": "45"}, {"player": "pavin smith", "game": "ari @ lad", "gameIdx": 0, "hr/park": "", "pa": "18", "dt": "", "img": "https://www.mlbstatic.com/team-logos/109.svg", "team": "ari", "start": "", "in": "3", "result": "Strikeout", "evo": "", "la": "", "dist": ""}, {"player": "daulton varsho", "game": "ari @ lad", "gameIdx": 0, "hr/park": "", "pa": "17", "dt": "", "img": "https://www.mlbstatic.com/team-logos/109.svg", "team": "ari", "start": "", "in": "3", "result": "Strikeout", "evo": "", "la": "", "dist": ""}, {"player": "jose herrera", "game": "ari @ lad", "gameIdx": 0, "hr/park": "", "pa": "16", "dt": "", "img": "https://www.mlbstatic.com/team-logos/109.svg", "team": "ari", "start": "", "in": "3", "result": "Strikeout", "evo": "", "la": "", "dist": ""}, {"player": "chris taylor", "game": "ari @ lad", "gameIdx": 0, "hr/park": "", "pa": "15", "dt": "", "img": "https://www.mlbstatic.com/team-logos/119.svg", "team": "lad", "start": "", "in": "2", "result": "Flyout", "evo": "87.9", "la": "52", "dist": "253"}, {"player": "max muncy", "game": "ari @ lad", "gameIdx": 0, "hr/park": "", "pa": "14", "dt": "", "img": "https://www.mlbstatic.com/team-logos/119.svg", "team": "lad", "start": "", "in": "2", "result": "Single", "evo": "51.8", "la": "-27", "dist": "7"}, {"player": "justin turner", "game": "ari @ lad", "gameIdx": 0, "hr/park": "", "pa": "13", "dt": "", "img": "https://www.mlbstatic.com/team-logos/119.svg", "team": "lad", "start": "", "in": "2", "result": "Flyout", "evo": "88.6", "la": "55", "dist": "237"}, {"player": "will smith", "game": "ari @ lad", "gameIdx": 0, "hr/park": "", "pa": "12", "dt": "", "img": "https://www.mlbstatic.com/team-logos/119.svg", "team": "lad", "start": "", "in": "2", "result": "Strikeout", "evo": "", "la": "", "dist": ""}, {"player": "alek thomas", "game": "ari @ lad", "gameIdx": 0, "hr/park": "", "pa": "11", "dt": "", "img": "https://www.mlbstatic.com/team-logos/109.svg", "team": "ari", "start": "", "in": "2", "result": "Groundout", "evo": "62.3", "la": "-14", "dist": "11"}, {"player": "geraldo perdomo", "game": "ari @ lad", "gameIdx": 0, "hr/park": "", "pa": "10", "dt": "", "img": "https://www.mlbstatic.com/team-logos/109.svg", "team": "ari", "start": "", "in": "2", "result": "Walk", "evo": "", "la": "", "dist": ""}, {"player": "david peralta", "game": "ari @ lad", "gameIdx": 0, "hr/park": "", "pa": "9", "dt": "", "img": "https://www.mlbstatic.com/team-logos/109.svg", "team": "ari", "start": "", "in": "2", "result": "Strikeout", "evo": "", "la": "", "dist": ""}, {"player": "josh rojas", "game": "ari @ lad", "gameIdx": 0, "hr/park": "", "pa": "8", "dt": "", "img": "https://www.mlbstatic.com/team-logos/109.svg", "team": "ari", "start": "", "in": "2", "result": "Groundout", "evo": "92.8", "la": "-11", "dist": "11"}, {"player": "christian walker", "game": "ari @ lad", "gameIdx": 0, "hr/park": "27/30", "pa": "7", "dt": "", "img": "https://www.mlbstatic.com/team-logos/109.svg", "team": "ari", "start": "", "in": "2", "result": "Home Run", "evo": "104.6", "la": "24", "dist": "407"}, {"player": "trea turner", "game": "ari @ lad", "gameIdx": 0, "hr/park": "", "pa": "6", "dt": "", "img": "https://www.mlbstatic.com/team-logos/119.svg", "team": "lad", "start": "", "in": "1", "result": "Groundout", "evo": "95.3", "la": "4", "dist": "84"}, {"player": "freddie freeman", "game": "ari @ lad", "gameIdx": 0, "hr/park": "0/30", "pa": "5", "dt": "", "img": "https://www.mlbstatic.com/team-logos/119.svg", "team": "lad", "start": "", "in": "1", "result": "Flyout", "evo": "100.6", "la": "38", "dist": "370"}, {"player": "mookie betts", "game": "ari @ lad", "gameIdx": 0, "hr/park": "", "pa": "4", "dt": "", "img": "https://www.mlbstatic.com/team-logos/119.svg", "team": "lad", "start": "", "in": "1", "result": "Groundout", "evo": "80.4", "la": "-31", "dist": "4"}, {"player": "ketel marte", "game": "ari @ lad", "gameIdx": 0, "hr/park": "", "pa": "3", "dt": "", "img": "https://www.mlbstatic.com/team-logos/109.svg", "team": "ari", "start": "", "in": "1", "result": "Strikeout", "evo": "", "la": "", "dist": ""}, {"player": "pavin smith", "game": "ari @ lad", "gameIdx": 0, "hr/park": "", "pa": "2", "dt": "", "img": "https://www.mlbstatic.com/team-logos/109.svg", "team": "ari", "start": "", "in": "1", "result": "Groundout", "evo": "51.4", "la": "-71", "dist": "3"}, {"player": "daulton varsho", "game": "ari @ lad", "gameIdx": 0, "hr/park": "", "pa": "1", "dt": "", "img": "https://www.mlbstatic.com/team-logos/109.svg", "team": "ari", "start": "", "in": "1", "result": "Lineout", "evo": "104.4", "la": "6", "dist": "140"}], "stl @ nym": []}