{"all": {"pitchers": "31", "batters": "77", "pitches": "997", "max velomax pitch velocity": "99.9", "min velomin pitch velocity": "73.5", "ff%fourseam fastball %": "35.7", "si%sinker %": "17.7", "fc%cutter %": "3.1", "fs%splitter %": "0.4", "ch%changeup %": "13.6", "sl%slider %": "19.2", "cu%curve %": "10.2", "max evmax exit velocity": "116.6", "hhhard hit": "85", "hh%hard hit %": "39.9", "brlbarrels": "17", "brl%barrel %": "8.0", "ab": "257", "avg": ".237", "h": "61", "1b": "42", "2b": "12", "3b": "0", "hr": "7", "so": "51", "bipballs in play": "213", "liveGames": 0, "totGames": 16}, "atl @ nym": [{"player": "travis demeritte", "game": "atl @ nym", "gameIdx": 0, "hr/park": "", "pa": "66", "dt": "", "img": "https://www.mlbstatic.com/team-logos/144.svg", "team": "atl", "start": "", "in": "9", "result": "GIDP", "evo": "79.2", "la": "-8", "dist": "19"}, {"player": "adam duvall", "game": "atl @ nym", "gameIdx": 0, "hr/park": "", "pa": "65", "dt": "", "img": "https://www.mlbstatic.com/team-logos/144.svg", "team": "atl", "start": "", "in": "9", "result": "Flyout", "evo": "80.6", "la": "31", "dist": "296"}, {"player": "ozzie albies", "game": "atl @ nym", "gameIdx": 0, "hr/park": "", "pa": "64", "dt": "", "img": "https://www.mlbstatic.com/team-logos/144.svg", "team": "atl", "start": "", "in": "9", "result": "Single", "evo": "95.4", "la": "9", "dist": "189"}, {"player": "dominic smith", "game": "atl @ nym", "gameIdx": 0, "hr/park": "", "pa": "63", "dt": "", "img": "https://www.mlbstatic.com/team-logos/121.svg", "team": "nym", "start": "", "in": "8", "result": "Strikeout", "evo": "", "la": "", "dist": ""}, {"player": "pete alonso", "game": "atl @ nym", "gameIdx": 0, "hr/park": "", "pa": "62", "dt": "", "img": "https://www.mlbstatic.com/team-logos/121.svg", "team": "nym", "start": "", "in": "8", "result": "Flyout", "evo": "84.2", "la": "42", "dist": "263"}, {"player": "jeff mcneil", "game": "atl @ nym", "gameIdx": 0, "hr/park": "", "pa": "61", "dt": "", "img": "https://www.mlbstatic.com/team-logos/121.svg", "team": "nym", "start": "", "in": "8", "result": "Bunt Groundout", "evo": "48.6", "la": "-26", "dist": "8"}, {"player": "marcell ozuna", "game": "atl @ nym", "gameIdx": 0, "hr/park": "", "pa": "60", "dt": "", "img": "https://www.mlbstatic.com/team-logos/144.svg", "team": "atl", "start": "", "in": "8", "result": "Groundout", "evo": "74.8", "la": "3", "dist": "49"}, {"player": "austin riley", "game": "atl @ nym", "gameIdx": 0, "hr/park": "", "pa": "59", "dt": "", "img": "https://www.mlbstatic.com/team-logos/144.svg", "team": "atl", "start": "", "in": "8", "result": "Strikeout", "evo": "", "la": "", "dist": ""}, {"player": "matt olson", "game": "atl @ nym", "gameIdx": 0, "hr/park": "12/30", "pa": "58", "dt": "", "img": "https://www.mlbstatic.com/team-logos/144.svg", "team": "atl", "start": "", "in": "8", "result": "Double", "evo": "101.5", "la": "21", "dist": "368"}, {"player": "ronald acuna", "game": "atl @ nym", "gameIdx": 0, "hr/park": "0/30", "pa": "57", "dt": "", "img": "https://www.mlbstatic.com/team-logos/144.svg", "team": "atl", "start": "", "in": "8", "result": "Flyout", "evo": "86.2", "la": "35", "dist": "315"}, {"player": "francisco lindor", "game": "atl @ nym", "gameIdx": 0, "hr/park": "1/30", "pa": "56", "dt": "", "img": "https://www.mlbstatic.com/team-logos/121.svg", "team": "nym", "start": "", "in": "7", "result": "Flyout", "evo": "90.4", "la": "33", "dist": "344"}, {"player": "brandon nimmo", "game": "atl @ nym", "gameIdx": 0, "hr/park": "", "pa": "55", "dt": "", "img": "https://www.mlbstatic.com/team-logos/121.svg", "team": "nym", "start": "", "in": "7", "result": "Strikeout", "evo": "", "la": "", "dist": ""}, {"player": "james mccann", "game": "atl @ nym", "gameIdx": 0, "hr/park": "", "pa": "54", "dt": "", "img": "https://www.mlbstatic.com/team-logos/121.svg", "team": "nym", "start": "", "in": "7", "result": "Single", "evo": "106.1", "la": "11", "dist": "229"}, {"player": "travis jankowski", "game": "atl @ nym", "gameIdx": 0, "hr/park": "", "pa": "53", "dt": "", "img": "https://www.mlbstatic.com/team-logos/121.svg", "team": "nym", "start": "", "in": "7", "result": "Groundout", "evo": "42.2", "la": "-64", "dist": "2"}, {"player": "william contreras", "game": "atl @ nym", "gameIdx": 0, "hr/park": "", "pa": "52", "dt": "", "img": "https://www.mlbstatic.com/team-logos/144.svg", "team": "atl", "start": "", "in": "7", "result": "Groundout", "evo": "71.0", "la": "-28", "dist": "4"}, {"player": "dansby swanson", "game": "atl @ nym", "gameIdx": 0, "hr/park": "", "pa": "51", "dt": "", "img": "https://www.mlbstatic.com/team-logos/144.svg", "team": "atl", "start": "", "in": "7", "result": "Lineout", "evo": "102.7", "la": "8", "dist": "131"}, {"player": "travis demeritte", "game": "atl @ nym", "gameIdx": 0, "hr/park": "", "pa": "50", "dt": "", "img": "https://www.mlbstatic.com/team-logos/144.svg", "team": "atl", "start": "", "in": "7", "result": "Walk", "evo": "", "la": "", "dist": ""}, {"player": "adam duvall", "game": "atl @ nym", "gameIdx": 0, "hr/park": "", "pa": "49", "dt": "", "img": "https://www.mlbstatic.com/team-logos/144.svg", "team": "atl", "start": "", "in": "7", "result": "Pop Out", "evo": "97.6", "la": "67", "dist": "160"}, {"player": "jd davis", "game": "atl @ nym", "gameIdx": 0, "hr/park": "", "pa": "48", "dt": "", "img": "https://www.mlbstatic.com/team-logos/121.svg", "team": "nym", "start": "", "in": "6", "result": "Groundout", "evo": "77.2", "la": "7", "dist": "79"}, {"player": "mark canha", "game": "atl @ nym", "gameIdx": 0, "hr/park": "", "pa": "47", "dt": "", "img": "https://www.mlbstatic.com/team-logos/121.svg", "team": "nym", "start": "", "in": "6", "result": "Groundout", "evo": "89.1", "la": "-19", "dist": "6"}, {"player": "dominic smith", "game": "atl @ nym", "gameIdx": 0, "hr/park": "", "pa": "46", "dt": "", "img": "https://www.mlbstatic.com/team-logos/121.svg", "team": "nym", "start": "", "in": "6", "result": "Strikeout", "evo": "", "la": "", "dist": ""}, {"player": "pete alonso", "game": "atl @ nym", "gameIdx": 0, "hr/park": "16/30", "pa": "45", "dt": "", "img": "https://www.mlbstatic.com/team-logos/121.svg", "team": "nym", "start": "", "in": "6", "result": "Home Run", "evo": "107.0", "la": "26", "dist": "378"}, {"player": "ozzie albies", "game": "atl @ nym", "gameIdx": 0, "hr/park": "", "pa": "44", "dt": "", "img": "https://www.mlbstatic.com/team-logos/144.svg", "team": "atl", "start": "", "in": "6", "result": "Groundout", "evo": "62.0", "la": "8", "dist": "70"}, {"player": "marcell ozuna", "game": "atl @ nym", "gameIdx": 0, "hr/park": "", "pa": "43", "dt": "", "img": "https://www.mlbstatic.com/team-logos/144.svg", "team": "atl", "start": "", "in": "6", "result": "Strikeout", "evo": "", "la": "", "dist": ""}, {"player": "austin riley", "game": "atl @ nym", "gameIdx": 0, "hr/park": "", "pa": "42", "dt": "", "img": "https://www.mlbstatic.com/team-logos/144.svg", "team": "atl", "start": "", "in": "6", "result": "Groundout", "evo": "68.5", "la": "-19", "dist": "8"}, {"player": "matt olson", "game": "atl @ nym", "gameIdx": 0, "hr/park": "0/30", "pa": "41", "dt": "", "img": "https://www.mlbstatic.com/team-logos/144.svg", "team": "atl", "start": "", "in": "6", "result": "Double", "evo": "106.0", "la": "18", "dist": "345"}, {"player": "jeff mcneil", "game": "atl @ nym", "gameIdx": 0, "hr/park": "", "pa": "40", "dt": "", "img": "https://www.mlbstatic.com/team-logos/121.svg", "team": "nym", "start": "", "in": "5", "result": "Groundout", "evo": "71.1", "la": "1", "dist": "38"}, {"player": "francisco lindor", "game": "atl @ nym", "gameIdx": 0, "hr/park": "", "pa": "39", "dt": "", "img": "https://www.mlbstatic.com/team-logos/121.svg", "team": "nym", "start": "", "in": "5", "result": "Pop Out", "evo": "86.8", "la": "62", "dist": "172"}, {"player": "brandon nimmo", "game": "atl @ nym", "gameIdx": 0, "hr/park": "1/30", "pa": "38", "dt": "", "img": "https://www.mlbstatic.com/team-logos/121.svg", "team": "nym", "start": "", "in": "5", "result": "Flyout", "evo": "102.8", "la": "30", "dist": "374"}, {"player": "james mccann", "game": "atl @ nym", "gameIdx": 0, "hr/park": "", "pa": "37", "dt": "", "img": "https://www.mlbstatic.com/team-logos/121.svg", "team": "nym", "start": "", "in": "5", "result": "Single", "evo": "79.3", "la": "-45", "dist": "4"}, {"player": "ronald acuna", "game": "atl @ nym", "gameIdx": 0, "hr/park": "", "pa": "36", "dt": "", "img": "https://www.mlbstatic.com/team-logos/144.svg", "team": "atl", "start": "", "in": "5", "result": "Groundout", "evo": "72.3", "la": "-32", "dist": "5"}, {"player": "william contreras", "game": "atl @ nym", "gameIdx": 0, "hr/park": "", "pa": "35", "dt": "", "img": "https://www.mlbstatic.com/team-logos/144.svg", "team": "atl", "start": "", "in": "5", "result": "Single", "evo": "84.4", "la": "14", "dist": "192"}, {"player": "dansby swanson", "game": "atl @ nym", "gameIdx": 0, "hr/park": "", "pa": "34", "dt": "", "img": "https://www.mlbstatic.com/team-logos/144.svg", "team": "atl", "start": "", "in": "5", "result": "Groundout", "evo": "90.7", "la": "-15", "dist": "7"}, {"player": "travis demeritte", "game": "atl @ nym", "gameIdx": 0, "hr/park": "", "pa": "33", "dt": "", "img": "https://www.mlbstatic.com/team-logos/144.svg", "team": "atl", "start": "", "in": "5", "result": "Groundout", "evo": "107.3", "la": "2", "dist": "64"}, {"player": "travis jankowski", "game": "atl @ nym", "gameIdx": 0, "hr/park": "", "pa": "32", "dt": "", "img": "https://www.mlbstatic.com/team-logos/121.svg", "team": "nym", "start": "", "in": "4", "result": "Groundout", "evo": "85.7", "la": "-27", "dist": "3"}, {"player": "jd davis", "game": "atl @ nym", "gameIdx": 0, "hr/park": "", "pa": "31", "dt": "", "img": "https://www.mlbstatic.com/team-logos/121.svg", "team": "nym", "start": "", "in": "4", "result": "GIDP", "evo": "101.9", "la": "-10", "dist": "11"}, {"player": "mark canha", "game": "atl @ nym", "gameIdx": 0, "hr/park": "", "pa": "30", "dt": "", "img": "https://www.mlbstatic.com/team-logos/121.svg", "team": "nym", "start": "", "in": "4", "result": "Single", "evo": "86.4", "la": "10", "dist": "167"}, {"player": "adam duvall", "game": "atl @ nym", "gameIdx": 0, "hr/park": "", "pa": "29", "dt": "", "img": "https://www.mlbstatic.com/team-logos/144.svg", "team": "atl", "start": "", "in": "4", "result": "Lineout", "evo": "78.6", "la": "14", "dist": "144"}, {"player": "ozzie albies", "game": "atl @ nym", "gameIdx": 0, "hr/park": "0/30", "pa": "28", "dt": "", "img": "https://www.mlbstatic.com/team-logos/144.svg", "team": "atl", "start": "", "in": "4", "result": "Lineout", "evo": "103.9", "la": "17", "dist": "322"}, {"player": "marcell ozuna", "game": "atl @ nym", "gameIdx": 0, "hr/park": "", "pa": "27", "dt": "", "img": "https://www.mlbstatic.com/team-logos/144.svg", "team": "atl", "start": "", "in": "4", "result": "Pop Out", "evo": "42.8", "la": "41", "dist": "107"}, {"player": "dominic smith", "game": "atl @ nym", "gameIdx": 0, "hr/park": "", "pa": "26", "dt": "", "img": "https://www.mlbstatic.com/team-logos/121.svg", "team": "nym", "start": "", "in": "3", "result": "Groundout", "evo": "96.5", "la": "-6", "dist": "20"}, {"player": "pete alonso", "game": "atl @ nym", "gameIdx": 0, "hr/park": "", "pa": "25", "dt": "", "img": "https://www.mlbstatic.com/team-logos/121.svg", "team": "nym", "start": "", "in": "3", "result": "Single", "evo": "66.3", "la": "21", "dist": "168"}, {"player": "jeff mcneil", "game": "atl @ nym", "gameIdx": 0, "hr/park": "", "pa": "24", "dt": "", "img": "https://www.mlbstatic.com/team-logos/121.svg", "team": "nym", "start": "", "in": "3", "result": "Single", "evo": "94.1", "la": "-8", "dist": "13"}, {"player": "francisco lindor", "game": "atl @ nym", "gameIdx": 0, "hr/park": "", "pa": "23", "dt": "", "img": "https://www.mlbstatic.com/team-logos/121.svg", "team": "nym", "start": "", "in": "3", "result": "Strikeout", "evo": "", "la": "", "dist": ""}, {"player": "brandon nimmo", "game": "atl @ nym", "gameIdx": 0, "hr/park": "0/30", "pa": "22", "dt": "", "img": "https://www.mlbstatic.com/team-logos/121.svg", "team": "nym", "start": "", "in": "3", "result": "Flyout", "evo": "102.5", "la": "36", "dist": "351"}, {"player": "austin riley", "game": "atl @ nym", "gameIdx": 0, "hr/park": "", "pa": "21", "dt": "", "img": "https://www.mlbstatic.com/team-logos/144.svg", "team": "atl", "start": "", "in": "3", "result": "Pop Out", "evo": "86.8", "la": "64", "dist": "131"}, {"player": "matt olson", "game": "atl @ nym", "gameIdx": 0, "hr/park": "", "pa": "20", "dt": "", "img": "https://www.mlbstatic.com/team-logos/144.svg", "team": "atl", "start": "", "in": "3", "result": "GIDP", "evo": "99.5", "la": "-8", "dist": "9"}, {"player": "ronald acuna", "game": "atl @ nym", "gameIdx": 0, "hr/park": "", "pa": "19", "dt": "", "img": "https://www.mlbstatic.com/team-logos/144.svg", "team": "atl", "start": "", "in": "3", "result": "Walk", "evo": "", "la": "", "dist": ""}, {"player": "james mccann", "game": "atl @ nym", "gameIdx": 0, "hr/park": "", "pa": "18", "dt": "", "img": "https://www.mlbstatic.com/team-logos/121.svg", "team": "nym", "start": "", "in": "2", "result": "GIDP", "evo": "91.2", "la": "-6", "dist": "25"}, {"player": "travis jankowski", "game": "atl @ nym", "gameIdx": 0, "hr/park": "", "pa": "17", "dt": "", "img": "https://www.mlbstatic.com/team-logos/121.svg", "team": "nym", "start": "", "in": "2", "result": "Forceout", "evo": "72.2", "la": "-23", "dist": "4"}, {"player": "jd davis", "game": "atl @ nym", "gameIdx": 0, "hr/park": "", "pa": "16", "dt": "", "img": "https://www.mlbstatic.com/team-logos/121.svg", "team": "nym", "start": "", "in": "2", "result": "Walk", "evo": "", "la": "", "dist": ""}, {"player": "william contreras", "game": "atl @ nym", "gameIdx": 0, "hr/park": "", "pa": "15", "dt": "", "img": "https://www.mlbstatic.com/team-logos/144.svg", "team": "atl", "start": "", "in": "2", "result": "Strikeout", "evo": "", "la": "", "dist": ""}, {"player": "dansby swanson", "game": "atl @ nym", "gameIdx": 0, "hr/park": "", "pa": "14", "dt": "", "img": "https://www.mlbstatic.com/team-logos/144.svg", "team": "atl", "start": "", "in": "2", "result": "Pop Out", "evo": "83.3", "la": "82", "dist": "23"}, {"player": "travis demeritte", "game": "atl @ nym", "gameIdx": 0, "hr/park": "", "pa": "13", "dt": "", "img": "https://www.mlbstatic.com/team-logos/144.svg", "team": "atl", "start": "", "in": "2", "result": "Strikeout", "evo": "", "la": "", "dist": ""}, {"player": "adam duvall", "game": "atl @ nym", "gameIdx": 0, "hr/park": "", "pa": "12", "dt": "", "img": "https://www.mlbstatic.com/team-logos/144.svg", "team": "atl", "start": "", "in": "2", "result": "Single", "evo": "82.4", "la": "18", "dist": "207"}, {"player": "ozzie albies", "game": "atl @ nym", "gameIdx": 0, "hr/park": "", "pa": "11", "dt": "", "img": "https://www.mlbstatic.com/team-logos/144.svg", "team": "atl", "start": "", "in": "2", "result": "Single", "evo": "91.5", "la": "8", "dist": "118"}, {"player": "mark canha", "game": "atl @ nym", "gameIdx": 0, "hr/park": "0/30", "pa": "10", "dt": "", "img": "https://www.mlbstatic.com/team-logos/121.svg", "team": "nym", "start": "", "in": "1", "result": "Flyout", "evo": "95.4", "la": "31", "dist": "320"}, {"player": "dominic smith", "game": "atl @ nym", "gameIdx": 0, "hr/park": "0/30", "pa": "9", "dt": "", "img": "https://www.mlbstatic.com/team-logos/121.svg", "team": "nym", "start": "", "in": "1", "result": "Double", "evo": "97.5", "la": "27", "dist": "315"}, {"player": "pete alonso", "game": "atl @ nym", "gameIdx": 0, "hr/park": "", "pa": "8", "dt": "", "img": "https://www.mlbstatic.com/team-logos/121.svg", "team": "nym", "start": "", "in": "1", "result": "Groundout", "evo": "74.6", "la": "-27", "dist": "3"}, {"player": "jeff mcneil", "game": "atl @ nym", "gameIdx": 0, "hr/park": "", "pa": "7", "dt": "", "img": "https://www.mlbstatic.com/team-logos/121.svg", "team": "nym", "start": "", "in": "1", "result": "Single", "evo": "83.6", "la": "-17", "dist": "11"}, {"player": "francisco lindor", "game": "atl @ nym", "gameIdx": 0, "hr/park": "", "pa": "6", "dt": "", "img": "https://www.mlbstatic.com/team-logos/121.svg", "team": "nym", "start": "", "in": "1", "result": "Flyout", "evo": "86.4", "la": "41", "dist": "275"}, {"player": "brandon nimmo", "game": "atl @ nym", "gameIdx": 0, "hr/park": "", "pa": "5", "dt": "", "img": "https://www.mlbstatic.com/team-logos/121.svg", "team": "nym", "start": "", "in": "1", "result": "Single", "evo": "101.0", "la": "4", "dist": "90"}, {"player": "marcell ozuna", "game": "atl @ nym", "gameIdx": 0, "hr/park": "", "pa": "4", "dt": "", "img": "https://www.mlbstatic.com/team-logos/144.svg", "team": "atl", "start": "", "in": "1", "result": "Groundout", "evo": "57.9", "la": "-46", "dist": "5"}, {"player": "austin riley", "game": "atl @ nym", "gameIdx": 0, "hr/park": "", "pa": "3", "dt": "", "img": "https://www.mlbstatic.com/team-logos/144.svg", "team": "atl", "start": "", "in": "1", "result": "Strikeout", "evo": "", "la": "", "dist": ""}, {"player": "matt olson", "game": "atl @ nym", "gameIdx": 0, "hr/park": "", "pa": "2", "dt": "", "img": "https://www.mlbstatic.com/team-logos/144.svg", "team": "atl", "start": "", "in": "1", "result": "Groundout", "evo": "106.9", "la": "-6", "dist": "18"}, {"player": "ronald acuna", "game": "atl @ nym", "gameIdx": 0, "hr/park": "", "pa": "1", "dt": "", "img": "https://www.mlbstatic.com/team-logos/144.svg", "team": "atl", "start": "", "in": "1", "result": "Double", "evo": "116.6", "la": "12", "dist": "233"}], "ari @ mia": [], "tex @ phi": [{"player": "kyle schwarber", "game": "tex @ phi", "gameIdx": 0, "hr/park": "0/30", "pa": "76", "dt": "", "img": "https://www.mlbstatic.com/team-logos/143.svg", "team": "phi", "start": "", "in": "9", "result": "Flyout", "evo": "100.4", "la": "29", "dist": "379"}, {"player": "odubel herrera", "game": "tex @ phi", "gameIdx": 0, "hr/park": "", "pa": "75", "dt": "", "img": "https://www.mlbstatic.com/team-logos/143.svg", "team": "phi", "start": "", "in": "9", "result": "Strikeout", "evo": "", "la": "", "dist": ""}, {"player": "roman quinn", "game": "tex @ phi", "gameIdx": 0, "hr/park": "", "pa": "74", "dt": "", "img": "https://www.mlbstatic.com/team-logos/143.svg", "team": "phi", "start": "", "in": "9", "result": "Bunt Pop Out", "evo": "41.1", "la": "48", "dist": "99"}, {"player": "corey seager", "game": "tex @ phi", "gameIdx": 0, "hr/park": "", "pa": "73", "dt": "", "img": "https://www.mlbstatic.com/team-logos/140.svg", "team": "tex", "start": "", "in": "9", "result": "Strikeout", "evo": "", "la": "", "dist": ""}, {"player": "adolis garcia", "game": "tex @ phi", "gameIdx": 0, "hr/park": "", "pa": "72", "dt": "", "img": "https://www.mlbstatic.com/team-logos/140.svg", "team": "tex", "start": "", "in": "9", "result": "Strikeout", "evo": "", "la": "", "dist": ""}, {"player": "marcus semien", "game": "tex @ phi", "gameIdx": 0, "hr/park": "", "pa": "71", "dt": "", "img": "https://www.mlbstatic.com/team-logos/140.svg", "team": "tex", "start": "", "in": "9", "result": "Pop Out", "evo": "80.8", "la": "69", "dist": "135"}, {"player": "jean segura", "game": "tex @ phi", "gameIdx": 0, "hr/park": "", "pa": "70", "dt": "", "img": "https://www.mlbstatic.com/team-logos/143.svg", "team": "phi", "start": "", "in": "8", "result": "Strikeout", "evo": "", "la": "", "dist": ""}, {"player": "didi gregorius", "game": "tex @ phi", "gameIdx": 0, "hr/park": "", "pa": "69", "dt": "", "img": "https://www.mlbstatic.com/team-logos/143.svg", "team": "phi", "start": "", "in": "8", "result": "Strikeout", "evo": "", "la": "", "dist": ""}, {"player": "rhys hoskins", "game": "tex @ phi", "gameIdx": 0, "hr/park": "0/30", "pa": "68", "dt": "", "img": "https://www.mlbstatic.com/team-logos/143.svg", "team": "phi", "start": "", "in": "8", "result": "Flyout", "evo": "94.4", "la": "32", "dist": "323"}, {"player": "jt realmuto", "game": "tex @ phi", "gameIdx": 0, "hr/park": "29/30", "pa": "67", "dt": "", "img": "https://www.mlbstatic.com/team-logos/143.svg", "team": "phi", "start": "", "in": "8", "result": "Home Run", "evo": "106.3", "la": "35", "dist": "397"}, {"player": "zach reks", "game": "tex @ phi", "gameIdx": 0, "hr/park": "0/30", "pa": "66", "dt": "", "img": "https://www.mlbstatic.com/team-logos/140.svg", "team": "tex", "start": "", "in": "8", "result": "Flyout", "evo": "89.9", "la": "36", "dist": "316"}, {"player": "brad miller", "game": "tex @ phi", "gameIdx": 0, "hr/park": "", "pa": "65", "dt": "", "img": "https://www.mlbstatic.com/team-logos/140.svg", "team": "tex", "start": "", "in": "8", "result": "Strikeout", "evo": "", "la": "", "dist": ""}, {"player": "kole calhoun", "game": "tex @ phi", "gameIdx": 0, "hr/park": "", "pa": "64", "dt": "", "img": "https://www.mlbstatic.com/team-logos/140.svg", "team": "tex", "start": "", "in": "8", "result": "Strikeout", "evo": "", "la": "", "dist": ""}, {"player": "bryce harper", "game": "tex @ phi", "gameIdx": 0, "hr/park": "", "pa": "63", "dt": "", "img": "https://www.mlbstatic.com/team-logos/143.svg", "team": "phi", "start": "", "in": "7", "result": "Strikeout", "evo": "", "la": "", "dist": ""}, {"player": "alec bohm", "game": "tex @ phi", "gameIdx": 0, "hr/park": "", "pa": "62", "dt": "", "img": "https://www.mlbstatic.com/team-logos/143.svg", "team": "phi", "start": "", "in": "7", "result": "Strikeout", "evo": "", "la": "", "dist": ""}, {"player": "kyle schwarber", "game": "tex @ phi", "gameIdx": 0, "hr/park": "", "pa": "61", "dt": "", "img": "https://www.mlbstatic.com/team-logos/143.svg", "team": "phi", "start": "", "in": "7", "result": "Pop Out", "evo": "64.3", "la": "46", "dist": "180"}, {"player": "matt vierling", "game": "tex @ phi", "gameIdx": 0, "hr/park": "", "pa": "60", "dt": "", "img": "https://www.mlbstatic.com/team-logos/143.svg", "team": "phi", "start": "", "in": "7", "result": "Double", "evo": "85.2", "la": "6", "dist": "95"}, {"player": "roman quinn", "game": "tex @ phi", "gameIdx": 0, "hr/park": "", "pa": "59", "dt": "", "img": "https://www.mlbstatic.com/team-logos/143.svg", "team": "phi", "start": "", "in": "7", "result": "Single", "evo": "101.1", "la": "9", "dist": "185"}, {"player": "nathaniel lowe", "game": "tex @ phi", "gameIdx": 0, "hr/park": "", "pa": "58", "dt": "", "img": "https://www.mlbstatic.com/team-logos/140.svg", "team": "tex", "start": "", "in": "7", "result": "Strikeout", "evo": "", "la": "", "dist": ""}, {"player": "jonah heim", "game": "tex @ phi", "gameIdx": 0, "hr/park": "", "pa": "57", "dt": "", "img": "https://www.mlbstatic.com/team-logos/140.svg", "team": "tex", "start": "", "in": "7", "result": "Flyout", "evo": "96.8", "la": "50", "dist": "238"}, {"player": "mitch garver", "game": "tex @ phi", "gameIdx": 0, "hr/park": "", "pa": "56", "dt": "", "img": "https://www.mlbstatic.com/team-logos/140.svg", "team": "tex", "start": "", "in": "7", "result": "Lineout", "evo": "80.1", "la": "29", "dist": "282"}, {"player": "corey seager", "game": "tex @ phi", "gameIdx": 0, "hr/park": "", "pa": "55", "dt": "", "img": "https://www.mlbstatic.com/team-logos/140.svg", "team": "tex", "start": "", "in": "7", "result": "Single", "evo": "110.7", "la": "11", "dist": "192"}, {"player": "jean segura", "game": "tex @ phi", "gameIdx": 0, "hr/park": "", "pa": "54", "dt": "", "img": "https://www.mlbstatic.com/team-logos/143.svg", "team": "phi", "start": "", "in": "6", "result": "GIDP", "evo": "97.3", "la": "1", "dist": "59"}, {"player": "didi gregorius", "game": "tex @ phi", "gameIdx": 0, "hr/park": "", "pa": "53", "dt": "", "img": "https://www.mlbstatic.com/team-logos/143.svg", "team": "phi", "start": "", "in": "6", "result": "Single", "evo": "80.5", "la": "14", "dist": "194"}, {"player": "rhys hoskins", "game": "tex @ phi", "gameIdx": 0, "hr/park": "", "pa": "52", "dt": "", "img": "https://www.mlbstatic.com/team-logos/143.svg", "team": "phi", "start": "", "in": "6", "result": "Lineout", "evo": "107.2", "la": "9", "dist": "147"}, {"player": "adolis garcia", "game": "tex @ phi", "gameIdx": 0, "hr/park": "", "pa": "51", "dt": "", "img": "https://www.mlbstatic.com/team-logos/140.svg", "team": "tex", "start": "", "in": "6", "result": "Forceout", "evo": "92.7", "la": "-16", "dist": "10"}, {"player": "marcus semien", "game": "tex @ phi", "gameIdx": 0, "hr/park": "", "pa": "50", "dt": "", "img": "https://www.mlbstatic.com/team-logos/140.svg", "team": "tex", "start": "", "in": "6", "result": "Single", "evo": "96.6", "la": "-39", "dist": "3"}, {"player": "zach reks", "game": "tex @ phi", "gameIdx": 0, "hr/park": "", "pa": "49", "dt": "", "img": "https://www.mlbstatic.com/team-logos/140.svg", "team": "tex", "start": "", "in": "6", "result": "Double", "evo": "105.3", "la": "11", "dist": "195"}, {"player": "brad miller", "game": "tex @ phi", "gameIdx": 0, "hr/park": "", "pa": "48", "dt": "", "img": "https://www.mlbstatic.com/team-logos/140.svg", "team": "tex", "start": "", "in": "6", "result": "Strikeout", "evo": "", "la": "", "dist": ""}, {"player": "kole calhoun", "game": "tex @ phi", "gameIdx": 0, "hr/park": "", "pa": "47", "dt": "", "img": "https://www.mlbstatic.com/team-logos/140.svg", "team": "tex", "start": "", "in": "6", "result": "Strikeout", "evo": "", "la": "", "dist": ""}, {"player": "nathaniel lowe", "game": "tex @ phi", "gameIdx": 0, "hr/park": "", "pa": "46", "dt": "", "img": "https://www.mlbstatic.com/team-logos/140.svg", "team": "tex", "start": "", "in": "6", "result": "Field Error", "evo": "98.3", "la": "-8", "dist": "17"}, {"player": "jonah heim", "game": "tex @ phi", "gameIdx": 0, "hr/park": "", "pa": "45", "dt": "", "img": "https://www.mlbstatic.com/team-logos/140.svg", "team": "tex", "start": "", "in": "6", "result": "Single", "evo": "104.6", "la": "9", "dist": "172"}, {"player": "jt realmuto", "game": "tex @ phi", "gameIdx": 0, "hr/park": "0/30", "pa": "44", "dt": "", "img": "https://www.mlbstatic.com/team-logos/143.svg", "team": "phi", "start": "", "in": "5", "result": "Lineout", "evo": "101.3", "la": "22", "dist": "356"}, {"player": "bryce harper", "game": "tex @ phi", "gameIdx": 0, "hr/park": "", "pa": "43", "dt": "", "img": "https://www.mlbstatic.com/team-logos/143.svg", "team": "phi", "start": "", "in": "5", "result": "Groundout", "evo": "100.9", "la": "-26", "dist": "5"}, {"player": "alec bohm", "game": "tex @ phi", "gameIdx": 0, "hr/park": "", "pa": "42", "dt": "", "img": "https://www.mlbstatic.com/team-logos/143.svg", "team": "phi", "start": "", "in": "5", "result": "Double", "evo": "90.5", "la": "15", "dist": "210"}, {"player": "kyle schwarber", "game": "tex @ phi", "gameIdx": 0, "hr/park": "", "pa": "41", "dt": "", "img": "https://www.mlbstatic.com/team-logos/143.svg", "team": "phi", "start": "", "in": "5", "result": "Strikeout", "evo": "", "la": "", "dist": ""}, {"player": "mitch garver", "game": "tex @ phi", "gameIdx": 0, "hr/park": "", "pa": "40", "dt": "", "img": "https://www.mlbstatic.com/team-logos/140.svg", "team": "tex", "start": "", "in": "5", "result": "Flyout", "evo": "89.1", "la": "38", "dist": "280"}, {"player": "corey seager", "game": "tex @ phi", "gameIdx": 0, "hr/park": "", "pa": "39", "dt": "", "img": "https://www.mlbstatic.com/team-logos/140.svg", "team": "tex", "start": "", "in": "5", "result": "Walk", "evo": "", "la": "", "dist": ""}, {"player": "adolis garcia", "game": "tex @ phi", "gameIdx": 0, "hr/park": "0/30", "pa": "38", "dt": "", "img": "https://www.mlbstatic.com/team-logos/140.svg", "team": "tex", "start": "", "in": "5", "result": "Flyout", "evo": "103.7", "la": "31", "dist": "393"}, {"player": "marcus semien", "game": "tex @ phi", "gameIdx": 0, "hr/park": "", "pa": "37", "dt": "", "img": "https://www.mlbstatic.com/team-logos/140.svg", "team": "tex", "start": "", "in": "5", "result": "Lineout", "evo": "93.3", "la": "20", "dist": "282"}, {"player": "eli white", "game": "tex @ phi", "gameIdx": 0, "hr/park": "", "pa": "36", "dt": "", "img": "https://www.mlbstatic.com/team-logos/140.svg", "team": "tex", "start": "", "in": "5", "result": "Single", "evo": "29.5", "la": "-34", "dist": "4"}, {"player": "charlie culberson", "game": "tex @ phi", "gameIdx": 0, "hr/park": "", "pa": "35", "dt": "", "img": "https://www.mlbstatic.com/team-logos/140.svg", "team": "tex", "start": "", "in": "5", "result": "Single", "evo": "92.0", "la": "9", "dist": "131"}, {"player": "matt vierling", "game": "tex @ phi", "gameIdx": 0, "hr/park": "", "pa": "34", "dt": "", "img": "https://www.mlbstatic.com/team-logos/143.svg", "team": "phi", "start": "", "in": "4", "result": "GIDP", "evo": "99.8", "la": "-27", "dist": "5"}, {"player": "roman quinn", "game": "tex @ phi", "gameIdx": 0, "hr/park": "", "pa": "33", "dt": "", "img": "https://www.mlbstatic.com/team-logos/143.svg", "team": "phi", "start": "", "in": "4", "result": "Bunt Pop Out", "evo": "35.5", "la": "82", "dist": "19"}, {"player": "jean segura", "game": "tex @ phi", "gameIdx": 0, "hr/park": "", "pa": "32", "dt": "", "img": "https://www.mlbstatic.com/team-logos/143.svg", "team": "phi", "start": "", "in": "4", "result": "Single", "evo": "103.4", "la": "-4", "dist": "28"}, {"player": "nick solak", "game": "tex @ phi", "gameIdx": 0, "hr/park": "", "pa": "31", "dt": "", "img": "https://www.mlbstatic.com/team-logos/140.svg", "team": "tex", "start": "", "in": "4", "result": "Strikeout", "evo": "", "la": "", "dist": ""}, {"player": "nathaniel lowe", "game": "tex @ phi", "gameIdx": 0, "hr/park": "", "pa": "30", "dt": "", "img": "https://www.mlbstatic.com/team-logos/140.svg", "team": "tex", "start": "", "in": "4", "result": "Groundout", "evo": "107.3", "la": "-8", "dist": "13"}, {"player": "jonah heim", "game": "tex @ phi", "gameIdx": 0, "hr/park": "30/30", "pa": "29", "dt": "", "img": "https://www.mlbstatic.com/team-logos/140.svg", "team": "tex", "start": "", "in": "4", "result": "Home Run", "evo": "106.4", "la": "32", "dist": "379"}, {"player": "mitch garver", "game": "tex @ phi", "gameIdx": 0, "hr/park": "", "pa": "28", "dt": "", "img": "https://www.mlbstatic.com/team-logos/140.svg", "team": "tex", "start": "", "in": "4", "result": "Groundout", "evo": "39.7", "la": "7", "dist": "33"}, {"player": "didi gregorius", "game": "tex @ phi", "gameIdx": 0, "hr/park": "", "pa": "27", "dt": "", "img": "https://www.mlbstatic.com/team-logos/143.svg", "team": "phi", "start": "", "in": "3", "result": "Groundout", "evo": "91.7", "la": "-23", "dist": "7"}, {"player": "rhys hoskins", "game": "tex @ phi", "gameIdx": 0, "hr/park": "", "pa": "26", "dt": "", "img": "https://www.mlbstatic.com/team-logos/143.svg", "team": "phi", "start": "", "in": "3", "result": "Flyout", "evo": "103.0", "la": "42", "dist": "298"}, {"player": "jt realmuto", "game": "tex @ phi", "gameIdx": 0, "hr/park": "", "pa": "25", "dt": "", "img": "https://www.mlbstatic.com/team-logos/143.svg", "team": "phi", "start": "", "in": "3", "result": "Single", "evo": "80.7", "la": "7", "dist": "99"}, {"player": "bryce harper", "game": "tex @ phi", "gameIdx": 0, "hr/park": "", "pa": "24", "dt": "", "img": "https://www.mlbstatic.com/team-logos/143.svg", "team": "phi", "start": "", "in": "3", "result": "Strikeout", "evo": "", "la": "", "dist": ""}, {"player": "corey seager", "game": "tex @ phi", "gameIdx": 0, "hr/park": "", "pa": "23", "dt": "", "img": "https://www.mlbstatic.com/team-logos/140.svg", "team": "tex", "start": "", "in": "3", "result": "Strikeout", "evo": "", "la": "", "dist": ""}, {"player": "adolis garcia", "game": "tex @ phi", "gameIdx": 0, "hr/park": "", "pa": "22", "dt": "", "img": "https://www.mlbstatic.com/team-logos/140.svg", "team": "tex", "start": "", "in": "3", "result": "Groundout", "evo": "105.9", "la": "-9", "dist": "18"}, {"player": "marcus semien", "game": "tex @ phi", "gameIdx": 0, "hr/park": "", "pa": "21", "dt": "", "img": "https://www.mlbstatic.com/team-logos/140.svg", "team": "tex", "start": "", "in": "3", "result": "Groundout", "evo": "104.3", "la": "-2", "dist": "43"}, {"player": "alec bohm", "game": "tex @ phi", "gameIdx": 0, "hr/park": "0/30", "pa": "20", "dt": "", "img": "https://www.mlbstatic.com/team-logos/143.svg", "team": "phi", "start": "", "in": "2", "result": "Lineout", "evo": "96.2", "la": "20", "dist": "311"}, {"player": "kyle schwarber", "game": "tex @ phi", "gameIdx": 0, "hr/park": "", "pa": "19", "dt": "", "img": "https://www.mlbstatic.com/team-logos/143.svg", "team": "phi", "start": "", "in": "2", "result": "Strikeout", "evo": "", "la": "", "dist": ""}, {"player": "matt vierling", "game": "tex @ phi", "gameIdx": 0, "hr/park": "", "pa": "18", "dt": "", "img": "https://www.mlbstatic.com/team-logos/143.svg", "team": "phi", "start": "", "in": "2", "result": "Single", "evo": "95.8", "la": "9", "dist": "151"}, {"player": "roman quinn", "game": "tex @ phi", "gameIdx": 0, "hr/park": "", "pa": "17", "dt": "", "img": "https://www.mlbstatic.com/team-logos/143.svg", "team": "phi", "start": "", "in": "2", "result": "Strikeout", "evo": "", "la": "", "dist": ""}, {"player": "eli white", "game": "tex @ phi", "gameIdx": 0, "hr/park": "", "pa": "16", "dt": "", "img": "https://www.mlbstatic.com/team-logos/140.svg", "team": "tex", "start": "", "in": "2", "result": "Flyout", "evo": "78.3", "la": "39", "dist": "283"}, {"player": "charlie culberson", "game": "tex @ phi", "gameIdx": 0, "hr/park": "", "pa": "15", "dt": "", "img": "https://www.mlbstatic.com/team-logos/140.svg", "team": "tex", "start": "", "in": "2", "result": "Strikeout", "evo": "", "la": "", "dist": ""}, {"player": "nick solak", "game": "tex @ phi", "gameIdx": 0, "hr/park": "0/30", "pa": "14", "dt": "", "img": "https://www.mlbstatic.com/team-logos/140.svg", "team": "tex", "start": "", "in": "2", "result": "Flyout", "evo": "100.0", "la": "43", "dist": "331"}, {"player": "jean segura", "game": "tex @ phi", "gameIdx": 0, "hr/park": "", "pa": "13", "dt": "", "img": "https://www.mlbstatic.com/team-logos/143.svg", "team": "phi", "start": "", "in": "1", "result": "Forceout", "evo": "100.5", "la": "-13", "dist": "14"}, {"player": "didi gregorius", "game": "tex @ phi", "gameIdx": 0, "hr/park": "", "pa": "12", "dt": "", "img": "https://www.mlbstatic.com/team-logos/143.svg", "team": "phi", "start": "", "in": "1", "result": "Single", "evo": "81.3", "la": "13", "dist": "195"}, {"player": "rhys hoskins", "game": "tex @ phi", "gameIdx": 0, "hr/park": "", "pa": "11", "dt": "", "img": "https://www.mlbstatic.com/team-logos/143.svg", "team": "phi", "start": "", "in": "1", "result": "Double", "evo": "80.9", "la": "27", "dist": "270"}, {"player": "jt realmuto", "game": "tex @ phi", "gameIdx": 0, "hr/park": "", "pa": "10", "dt": "", "img": "https://www.mlbstatic.com/team-logos/143.svg", "team": "phi", "start": "", "in": "1", "result": "Walk", "evo": "", "la": "", "dist": ""}, {"player": "bryce harper", "game": "tex @ phi", "gameIdx": 0, "hr/park": "", "pa": "9", "dt": "", "img": "https://www.mlbstatic.com/team-logos/143.svg", "team": "phi", "start": "", "in": "1", "result": "Flyout", "evo": "100.7", "la": "53", "dist": "274"}, {"player": "alec bohm", "game": "tex @ phi", "gameIdx": 0, "hr/park": "", "pa": "8", "dt": "", "img": "https://www.mlbstatic.com/team-logos/143.svg", "team": "phi", "start": "", "in": "1", "result": "Single", "evo": "83.0", "la": "11", "dist": "162"}, {"player": "kyle schwarber", "game": "tex @ phi", "gameIdx": 0, "hr/park": "", "pa": "7", "dt": "", "img": "https://www.mlbstatic.com/team-logos/143.svg", "team": "phi", "start": "", "in": "1", "result": "Groundout", "evo": "81.0", "la": "4", "dist": "63"}, {"player": "nathaniel lowe", "game": "tex @ phi", "gameIdx": 0, "hr/park": "", "pa": "6", "dt": "", "img": "https://www.mlbstatic.com/team-logos/140.svg", "team": "tex", "start": "", "in": "1", "result": "Flyout", "evo": "79.4", "la": "31", "dist": "258"}, {"player": "jonah heim", "game": "tex @ phi", "gameIdx": 0, "hr/park": "", "pa": "5", "dt": "", "img": "https://www.mlbstatic.com/team-logos/140.svg", "team": "tex", "start": "", "in": "1", "result": "Walk", "evo": "", "la": "", "dist": ""}, {"player": "mitch garver", "game": "tex @ phi", "gameIdx": 0, "hr/park": "20/30", "pa": "4", "dt": "", "img": "https://www.mlbstatic.com/team-logos/140.svg", "team": "tex", "start": "", "in": "1", "result": "Home Run", "evo": "108.0", "la": "22", "dist": "400"}, {"player": "corey seager", "game": "tex @ phi", "gameIdx": 0, "hr/park": "0/30", "pa": "3", "dt": "", "img": "https://www.mlbstatic.com/team-logos/140.svg", "team": "tex", "start": "", "in": "1", "result": "Flyout", "evo": "91.1", "la": "27", "dist": "315"}, {"player": "adolis garcia", "game": "tex @ phi", "gameIdx": 0, "hr/park": "", "pa": "2", "dt": "", "img": "https://www.mlbstatic.com/team-logos/140.svg", "team": "tex", "start": "", "in": "1", "result": "Forceout", "evo": "75.9", "la": "-6", "dist": "20"}, {"player": "marcus semien", "game": "tex @ phi", "gameIdx": 0, "hr/park": "", "pa": "1", "dt": "", "img": "https://www.mlbstatic.com/team-logos/140.svg", "team": "tex", "start": "", "in": "1", "result": "Single", "evo": "85.7", "la": "10", "dist": "136"}], "min @ bal": [], "nyy @ tor": [], "laa @ bos": [{"player": "shohei ohtani", "game": "laa @ bos", "gameIdx": 0, "hr/park": "", "pa": "63", "dt": "", "img": "https://www.mlbstatic.com/team-logos/108.svg", "team": "laa", "start": "", "in": "9", "result": "Strikeout", "evo": "", "la": "", "dist": ""}, {"player": "mike trout", "game": "laa @ bos", "gameIdx": 0, "hr/park": "", "pa": "62", "dt": "", "img": "https://www.mlbstatic.com/team-logos/108.svg", "team": "laa", "start": "", "in": "9", "result": "Groundout", "evo": "103.4", "la": "-5", "dist": "24"}, {"player": "taylor ward", "game": "laa @ bos", "gameIdx": 0, "hr/park": "", "pa": "61", "dt": "", "img": "https://www.mlbstatic.com/team-logos/108.svg", "team": "laa", "start": "", "in": "9", "result": "Groundout", "evo": "100.0", "la": "-16", "dist": "9"}, {"player": "enrique hernandez", "game": "laa @ bos", "gameIdx": 0, "hr/park": "", "pa": "60", "dt": "", "img": "https://www.mlbstatic.com/team-logos/111.svg", "team": "bos", "start": "", "in": "8", "result": "Pop Out", "evo": "70.3", "la": "62", "dist": "145"}, {"player": "alex verdugo", "game": "laa @ bos", "gameIdx": 0, "hr/park": "", "pa": "59", "dt": "", "img": "https://www.mlbstatic.com/team-logos/111.svg", "team": "bos", "start": "", "in": "8", "result": "Groundout", "evo": "88.9", "la": "-36", "dist": "5"}, {"player": "jd martinez", "game": "laa @ bos", "gameIdx": 0, "hr/park": "29/30", "pa": "58", "dt": "", "img": "https://www.mlbstatic.com/team-logos/111.svg", "team": "bos", "start": "", "in": "8", "result": "Home Run", "evo": "107.0", "la": "26", "dist": "402"}, {"player": "xander bogaerts", "game": "laa @ bos", "gameIdx": 0, "hr/park": "", "pa": "57", "dt": "", "img": "https://www.mlbstatic.com/team-logos/111.svg", "team": "bos", "start": "", "in": "8", "result": "Groundout", "evo": "83.5", "la": "-3", "dist": "26"}, {"player": "brandon marsh", "game": "laa @ bos", "gameIdx": 0, "hr/park": "", "pa": "56", "dt": "", "img": "https://www.mlbstatic.com/team-logos/108.svg", "team": "laa", "start": "", "in": "8", "result": "Strikeout", "evo": "", "la": "", "dist": ""}, {"player": "david fletcher", "game": "laa @ bos", "gameIdx": 0, "hr/park": "", "pa": "55", "dt": "", "img": "https://www.mlbstatic.com/team-logos/108.svg", "team": "laa", "start": "", "in": "8", "result": "Pop Out", "evo": "76.2", "la": "59", "dist": "144"}, {"player": "max stassi", "game": "laa @ bos", "gameIdx": 0, "hr/park": "", "pa": "54", "dt": "", "img": "https://www.mlbstatic.com/team-logos/108.svg", "team": "laa", "start": "", "in": "8", "result": "Strikeout", "evo": "", "la": "", "dist": ""}, {"player": "rafael devers", "game": "laa @ bos", "gameIdx": 0, "hr/park": "", "pa": "53", "dt": "", "img": "https://www.mlbstatic.com/team-logos/111.svg", "team": "bos", "start": "", "in": "7", "result": "Groundout", "evo": "104.7", "la": "-15", "dist": "10"}, {"player": "trevor story", "game": "laa @ bos", "gameIdx": 0, "hr/park": "0/30", "pa": "52", "dt": "", "img": "https://www.mlbstatic.com/team-logos/111.svg", "team": "bos", "start": "", "in": "7", "result": "Sac Fly", "evo": "104.5", "la": "29", "dist": "380"}, {"player": "jackie bradley", "game": "laa @ bos", "gameIdx": 0, "hr/park": "", "pa": "51", "dt": "", "img": "https://www.mlbstatic.com/team-logos/111.svg", "team": "bos", "start": "", "in": "7", "result": "Strikeout", "evo": "", "la": "", "dist": ""}, {"player": "kevin plawecki", "game": "laa @ bos", "gameIdx": 0, "hr/park": "", "pa": "50", "dt": "", "img": "https://www.mlbstatic.com/team-logos/111.svg", "team": "bos", "start": "", "in": "7", "result": "Single", "evo": "66.5", "la": "18", "dist": "170"}, {"player": "franchy cordero", "game": "laa @ bos", "gameIdx": 0, "hr/park": "", "pa": "49", "dt": "", "img": "https://www.mlbstatic.com/team-logos/111.svg", "team": "bos", "start": "", "in": "7", "result": "Single", "evo": "109.0", "la": "8", "dist": "177"}, {"player": "jack mayfield", "game": "laa @ bos", "gameIdx": 0, "hr/park": "", "pa": "48", "dt": "", "img": "https://www.mlbstatic.com/team-logos/108.svg", "team": "laa", "start": "", "in": "7", "result": "Groundout", "evo": "66.5", "la": "-27", "dist": "5"}, {"player": "jared walsh", "game": "laa @ bos", "gameIdx": 0, "hr/park": "", "pa": "47", "dt": "", "img": "https://www.mlbstatic.com/team-logos/108.svg", "team": "laa", "start": "", "in": "7", "result": "GIDP", "evo": "89.7", "la": "5", "dist": "83"}, {"player": "anthony rendon", "game": "laa @ bos", "gameIdx": 0, "hr/park": "", "pa": "46", "dt": "", "img": "https://www.mlbstatic.com/team-logos/108.svg", "team": "laa", "start": "", "in": "7", "result": "Walk", "evo": "", "la": "", "dist": ""}, {"player": "enrique hernandez", "game": "laa @ bos", "gameIdx": 0, "hr/park": "0/30", "pa": "45", "dt": "", "img": "https://www.mlbstatic.com/team-logos/111.svg", "team": "bos", "start": "", "in": "6", "result": "Flyout", "evo": "84.2", "la": "30", "dist": "309"}, {"player": "alex verdugo", "game": "laa @ bos", "gameIdx": 0, "hr/park": "", "pa": "44", "dt": "", "img": "https://www.mlbstatic.com/team-logos/111.svg", "team": "bos", "start": "", "in": "6", "result": "Strikeout", "evo": "", "la": "", "dist": ""}, {"player": "jd martinez", "game": "laa @ bos", "gameIdx": 0, "hr/park": "", "pa": "43", "dt": "", "img": "https://www.mlbstatic.com/team-logos/111.svg", "team": "bos", "start": "", "in": "6", "result": "Flyout", "evo": "102.2", "la": "41", "dist": "285"}, {"player": "shohei ohtani", "game": "laa @ bos", "gameIdx": 0, "hr/park": "", "pa": "42", "dt": "", "img": "https://www.mlbstatic.com/team-logos/108.svg", "team": "laa", "start": "", "in": "6", "result": "Lineout", "evo": "80.1", "la": "29", "dist": "262"}, {"player": "mike trout", "game": "laa @ bos", "gameIdx": 0, "hr/park": "", "pa": "41", "dt": "", "img": "https://www.mlbstatic.com/team-logos/108.svg", "team": "laa", "start": "", "in": "6", "result": "Single", "evo": "104.7", "la": "-19", "dist": "8"}, {"player": "taylor ward", "game": "laa @ bos", "gameIdx": 0, "hr/park": "", "pa": "40", "dt": "", "img": "https://www.mlbstatic.com/team-logos/108.svg", "team": "laa", "start": "", "in": "6", "result": "Groundout", "evo": "89.9", "la": "-20", "dist": "6"}, {"player": "andrew velazquez", "game": "laa @ bos", "gameIdx": 0, "hr/park": "", "pa": "39", "dt": "", "img": "https://www.mlbstatic.com/team-logos/108.svg", "team": "laa", "start": "", "in": "6", "result": "Pop Out", "evo": "75.1", "la": "59", "dist": "180"}, {"player": "xander bogaerts", "game": "laa @ bos", "gameIdx": 0, "hr/park": "", "pa": "38", "dt": "", "img": "https://www.mlbstatic.com/team-logos/111.svg", "team": "bos", "start": "", "in": "5", "result": "Lineout", "evo": "69.7", "la": "13", "dist": "137"}, {"player": "rafael devers", "game": "laa @ bos", "gameIdx": 0, "hr/park": "", "pa": "37", "dt": "", "img": "https://www.mlbstatic.com/team-logos/111.svg", "team": "bos", "start": "", "in": "5", "result": "Flyout", "evo": "91.2", "la": "48", "dist": "262"}, {"player": "trevor story", "game": "laa @ bos", "gameIdx": 0, "hr/park": "", "pa": "36", "dt": "", "img": "https://www.mlbstatic.com/team-logos/111.svg", "team": "bos", "start": "", "in": "5", "result": "Groundout", "evo": "69.7", "la": "13", "dist": "149"}, {"player": "jackie bradley", "game": "laa @ bos", "gameIdx": 0, "hr/park": "", "pa": "35", "dt": "", "img": "https://www.mlbstatic.com/team-logos/111.svg", "team": "bos", "start": "", "in": "5", "result": "Double", "evo": "86.3", "la": "26", "dist": "287"}, {"player": "david fletcher", "game": "laa @ bos", "gameIdx": 0, "hr/park": "", "pa": "34", "dt": "", "img": "https://www.mlbstatic.com/team-logos/108.svg", "team": "laa", "start": "", "in": "5", "result": "GIDP", "evo": "89.8", "la": "-11", "dist": "12"}, {"player": "max stassi", "game": "laa @ bos", "gameIdx": 0, "hr/park": "", "pa": "33", "dt": "", "img": "https://www.mlbstatic.com/team-logos/108.svg", "team": "laa", "start": "", "in": "5", "result": "Single", "evo": "101.6", "la": "2", "dist": "73"}, {"player": "jack mayfield", "game": "laa @ bos", "gameIdx": 0, "hr/park": "0/30", "pa": "32", "dt": "", "img": "https://www.mlbstatic.com/team-logos/108.svg", "team": "laa", "start": "", "in": "5", "result": "Flyout", "evo": "85.3", "la": "33", "dist": "313"}, {"player": "kevin plawecki", "game": "laa @ bos", "gameIdx": 0, "hr/park": "", "pa": "31", "dt": "", "img": "https://www.mlbstatic.com/team-logos/111.svg", "team": "bos", "start": "", "in": "4", "result": "Forceout", "evo": "102.9", "la": "3", "dist": "94"}, {"player": "franchy cordero", "game": "laa @ bos", "gameIdx": 0, "hr/park": "", "pa": "30", "dt": "", "img": "https://www.mlbstatic.com/team-logos/111.svg", "team": "bos", "start": "", "in": "4", "result": "Single", "evo": "35.7", "la": "-36", "dist": "5"}, {"player": "enrique hernandez", "game": "laa @ bos", "gameIdx": 0, "hr/park": "", "pa": "29", "dt": "", "img": "https://www.mlbstatic.com/team-logos/111.svg", "team": "bos", "start": "", "in": "4", "result": "Groundout", "evo": "78.5", "la": "-47", "dist": "4"}, {"player": "alex verdugo", "game": "laa @ bos", "gameIdx": 0, "hr/park": "", "pa": "28", "dt": "", "img": "https://www.mlbstatic.com/team-logos/111.svg", "team": "bos", "start": "", "in": "4", "result": "Forceout", "evo": "70.7", "la": "-30", "dist": "5"}, {"player": "jd martinez", "game": "laa @ bos", "gameIdx": 0, "hr/park": "", "pa": "27", "dt": "", "img": "https://www.mlbstatic.com/team-logos/111.svg", "team": "bos", "start": "", "in": "4", "result": "Single", "evo": "85.3", "la": "19", "dist": "236"}, {"player": "xander bogaerts", "game": "laa @ bos", "gameIdx": 0, "hr/park": "", "pa": "26", "dt": "", "img": "https://www.mlbstatic.com/team-logos/111.svg", "team": "bos", "start": "", "in": "4", "result": "Walk", "evo": "", "la": "", "dist": ""}, {"player": "rafael devers", "game": "laa @ bos", "gameIdx": 0, "hr/park": "30/30", "pa": "25", "dt": "", "img": "https://www.mlbstatic.com/team-logos/111.svg", "team": "bos", "start": "", "in": "4", "result": "Home Run", "evo": "110.7", "la": "26", "dist": "437"}, {"player": "jared walsh", "game": "laa @ bos", "gameIdx": 0, "hr/park": "", "pa": "24", "dt": "", "img": "https://www.mlbstatic.com/team-logos/108.svg", "team": "laa", "start": "", "in": "4", "result": "Pop Out", "evo": "75.2", "la": "72", "dist": "107"}, {"player": "anthony rendon", "game": "laa @ bos", "gameIdx": 0, "hr/park": "", "pa": "23", "dt": "", "img": "https://www.mlbstatic.com/team-logos/108.svg", "team": "laa", "start": "", "in": "4", "result": "GIDP", "evo": "84.5", "la": "-12", "dist": "11"}, {"player": "shohei ohtani", "game": "laa @ bos", "gameIdx": 0, "hr/park": "", "pa": "22", "dt": "", "img": "https://www.mlbstatic.com/team-logos/108.svg", "team": "laa", "start": "", "in": "4", "result": "Single", "evo": "87.8", "la": "19", "dist": "262"}, {"player": "trevor story", "game": "laa @ bos", "gameIdx": 0, "hr/park": "", "pa": "21", "dt": "", "img": "https://www.mlbstatic.com/team-logos/111.svg", "team": "bos", "start": "", "in": "3", "result": "Pop Out", "evo": "81.9", "la": "68", "dist": "131"}, {"player": "jackie bradley", "game": "laa @ bos", "gameIdx": 0, "hr/park": "0/30", "pa": "20", "dt": "", "img": "https://www.mlbstatic.com/team-logos/111.svg", "team": "bos", "start": "", "in": "3", "result": "Double", "evo": "91.6", "la": "30", "dist": "337"}, {"player": "kevin plawecki", "game": "laa @ bos", "gameIdx": 0, "hr/park": "", "pa": "19", "dt": "", "img": "https://www.mlbstatic.com/team-logos/111.svg", "team": "bos", "start": "", "in": "3", "result": "Groundout", "evo": "90.4", "la": "-2", "dist": "37"}, {"player": "franchy cordero", "game": "laa @ bos", "gameIdx": 0, "hr/park": "", "pa": "18", "dt": "", "img": "https://www.mlbstatic.com/team-logos/111.svg", "team": "bos", "start": "", "in": "3", "result": "Groundout", "evo": "62.4", "la": "-39", "dist": "5"}, {"player": "mike trout", "game": "laa @ bos", "gameIdx": 0, "hr/park": "", "pa": "17", "dt": "", "img": "https://www.mlbstatic.com/team-logos/108.svg", "team": "laa", "start": "", "in": "3", "result": "Strikeout", "evo": "", "la": "", "dist": ""}, {"player": "taylor ward", "game": "laa @ bos", "gameIdx": 0, "hr/park": "", "pa": "16", "dt": "", "img": "https://www.mlbstatic.com/team-logos/108.svg", "team": "laa", "start": "", "in": "3", "result": "Walk", "evo": "", "la": "", "dist": ""}, {"player": "andrew velazquez", "game": "laa @ bos", "gameIdx": 0, "hr/park": "", "pa": "15", "dt": "", "img": "https://www.mlbstatic.com/team-logos/108.svg", "team": "laa", "start": "", "in": "3", "result": "Walk", "evo": "", "la": "", "dist": ""}, {"player": "david fletcher", "game": "laa @ bos", "gameIdx": 0, "hr/park": "", "pa": "14", "dt": "", "img": "https://www.mlbstatic.com/team-logos/108.svg", "team": "laa", "start": "", "in": "3", "result": "Groundout", "evo": "90.3", "la": "6", "dist": "136"}, {"player": "max stassi", "game": "laa @ bos", "gameIdx": 0, "hr/park": "", "pa": "13", "dt": "", "img": "https://www.mlbstatic.com/team-logos/108.svg", "team": "laa", "start": "", "in": "3", "result": "Strikeout", "evo": "", "la": "", "dist": ""}, {"player": "enrique hernandez", "game": "laa @ bos", "gameIdx": 0, "hr/park": "", "pa": "12", "dt": "", "img": "https://www.mlbstatic.com/team-logos/111.svg", "team": "bos", "start": "", "in": "2", "result": "GIDP", "evo": "106.4", "la": "2", "dist": "65"}, {"player": "alex verdugo", "game": "laa @ bos", "gameIdx": 0, "hr/park": "", "pa": "11", "dt": "", "img": "https://www.mlbstatic.com/team-logos/111.svg", "team": "bos", "start": "", "in": "2", "result": "Single", "evo": "99.6", "la": "10", "dist": "216"}, {"player": "jd martinez", "game": "laa @ bos", "gameIdx": 0, "hr/park": "0/30", "pa": "10", "dt": "", "img": "https://www.mlbstatic.com/team-logos/111.svg", "team": "bos", "start": "", "in": "2", "result": "Lineout", "evo": "108.8", "la": "15", "dist": "316"}, {"player": "jack mayfield", "game": "laa @ bos", "gameIdx": 0, "hr/park": "", "pa": "9", "dt": "", "img": "https://www.mlbstatic.com/team-logos/108.svg", "team": "laa", "start": "", "in": "2", "result": "Groundout", "evo": "68.8", "la": "-50", "dist": "3"}, {"player": "jared walsh", "game": "laa @ bos", "gameIdx": 0, "hr/park": "0/30", "pa": "8", "dt": "", "img": "https://www.mlbstatic.com/team-logos/108.svg", "team": "laa", "start": "", "in": "2", "result": "Lineout", "evo": "93.9", "la": "24", "dist": "331"}, {"player": "anthony rendon", "game": "laa @ bos", "gameIdx": 0, "hr/park": "", "pa": "7", "dt": "", "img": "https://www.mlbstatic.com/team-logos/108.svg", "team": "laa", "start": "", "in": "2", "result": "Pop Out", "evo": "80.4", "la": "62", "dist": "153"}, {"player": "xander bogaerts", "game": "laa @ bos", "gameIdx": 0, "hr/park": "", "pa": "6", "dt": "", "img": "https://www.mlbstatic.com/team-logos/111.svg", "team": "bos", "start": "", "in": "1", "result": "Strikeout", "evo": "", "la": "", "dist": ""}, {"player": "rafael devers", "game": "laa @ bos", "gameIdx": 0, "hr/park": "", "pa": "5", "dt": "", "img": "https://www.mlbstatic.com/team-logos/111.svg", "team": "bos", "start": "", "in": "1", "result": "Pop Out", "evo": "86.6", "la": "64", "dist": "146"}, {"player": "trevor story", "game": "laa @ bos", "gameIdx": 0, "hr/park": "0/30", "pa": "4", "dt": "", "img": "https://www.mlbstatic.com/team-logos/111.svg", "team": "bos", "start": "", "in": "1", "result": "Lineout", "evo": "89.2", "la": "20", "dist": "314"}, {"player": "shohei ohtani", "game": "laa @ bos", "gameIdx": 0, "hr/park": "", "pa": "3", "dt": "", "img": "https://www.mlbstatic.com/team-logos/108.svg", "team": "laa", "start": "", "in": "1", "result": "Lineout", "evo": "111.5", "la": "9", "dist": "167"}, {"player": "mike trout", "game": "laa @ bos", "gameIdx": 0, "hr/park": "", "pa": "2", "dt": "", "img": "https://www.mlbstatic.com/team-logos/108.svg", "team": "laa", "start": "", "in": "1", "result": "Flyout", "evo": "99.9", "la": "58", "dist": "205"}, {"player": "taylor ward", "game": "laa @ bos", "gameIdx": 0, "hr/park": "", "pa": "1", "dt": "", "img": "https://www.mlbstatic.com/team-logos/108.svg", "team": "laa", "start": "", "in": "1", "result": "Groundout", "evo": "53.1", "la": "-57", "dist": "2"}], "chw @ chc": [{"player": "yan gomes", "game": "chw @ chc", "gameIdx": 0, "hr/park": "", "pa": "71", "dt": "", "img": "https://www.mlbstatic.com/team-logos/112.svg", "team": "chc", "start": "", "in": "9", "result": "Groundout", "evo": "", "la": "", "dist": ""}, {"player": "nico hoerner", "game": "chw @ chc", "gameIdx": 0, "hr/park": "", "pa": "70", "dt": "", "img": "https://www.mlbstatic.com/team-logos/112.svg", "team": "chc", "start": "", "in": "9", "result": "Pop Out", "evo": "81.3", "la": "59", "dist": "163"}, {"player": "jason heyward", "game": "chw @ chc", "gameIdx": 0, "hr/park": "", "pa": "69", "dt": "", "img": "https://www.mlbstatic.com/team-logos/112.svg", "team": "chc", "start": "", "in": "9", "result": "Strikeout", "evo": "", "la": "", "dist": ""}, {"player": "josh harrison", "game": "chw @ chc", "gameIdx": 0, "hr/park": "", "pa": "68", "dt": "", "img": "https://www.mlbstatic.com/team-logos/145.svg", "team": "chw", "start": "", "in": "9", "result": "GIDP", "evo": "75.9", "la": "-9", "dist": "17"}, {"player": "reese mcguire", "game": "chw @ chc", "gameIdx": 0, "hr/park": "", "pa": "67", "dt": "", "img": "https://www.mlbstatic.com/team-logos/145.svg", "team": "chw", "start": "", "in": "9", "result": "Single", "evo": "91.1", "la": "1", "dist": "51"}, {"player": "jake burger", "game": "chw @ chc", "gameIdx": 0, "hr/park": "", "pa": "66", "dt": "", "img": "https://www.mlbstatic.com/team-logos/145.svg", "team": "chw", "start": "", "in": "9", "result": "Strikeout", "evo": "", "la": "", "dist": ""}, {"player": "patrick wisdom", "game": "chw @ chc", "gameIdx": 0, "hr/park": "0/30", "pa": "65", "dt": "", "img": "https://www.mlbstatic.com/team-logos/112.svg", "team": "chc", "start": "", "in": "8", "result": "Flyout", "evo": "100.2", "la": "46", "dist": "302"}, {"player": "frank schwindel", "game": "chw @ chc", "gameIdx": 0, "hr/park": "", "pa": "64", "dt": "", "img": "https://www.mlbstatic.com/team-logos/112.svg", "team": "chc", "start": "", "in": "8", "result": "Strikeout", "evo": "", "la": "", "dist": ""}, {"player": "ian happ", "game": "chw @ chc", "gameIdx": 0, "hr/park": "", "pa": "63", "dt": "", "img": "https://www.mlbstatic.com/team-logos/112.svg", "team": "chc", "start": "", "in": "8", "result": "Groundout", "evo": "107.1", "la": "-9", "dist": "10"}, {"player": "adam engel", "game": "chw @ chc", "gameIdx": 0, "hr/park": "", "pa": "62", "dt": "", "img": "https://www.mlbstatic.com/team-logos/145.svg", "team": "chw", "start": "", "in": "8", "result": "Strikeout", "evo": "", "la": "", "dist": ""}, {"player": "gavin sheets", "game": "chw @ chc", "gameIdx": 0, "hr/park": "", "pa": "61", "dt": "", "img": "https://www.mlbstatic.com/team-logos/145.svg", "team": "chw", "start": "", "in": "8", "result": "Pop Out", "evo": "90.5", "la": "63", "dist": "163"}, {"player": "jose abreu", "game": "chw @ chc", "gameIdx": 0, "hr/park": "", "pa": "60", "dt": "", "img": "https://www.mlbstatic.com/team-logos/145.svg", "team": "chw", "start": "", "in": "8", "result": "Walk", "evo": "", "la": "", "dist": ""}, {"player": "yasmani grandal", "game": "chw @ chc", "gameIdx": 0, "hr/park": "", "pa": "59", "dt": "", "img": "https://www.mlbstatic.com/team-logos/145.svg", "team": "chw", "start": "", "in": "8", "result": "Walk", "evo": "", "la": "", "dist": ""}, {"player": "aj pollock", "game": "chw @ chc", "gameIdx": 0, "hr/park": "", "pa": "58", "dt": "", "img": "https://www.mlbstatic.com/team-logos/145.svg", "team": "chw", "start": "", "in": "8", "result": "Flyout", "evo": "100.1", "la": "33", "dist": ""}, {"player": "seiya suzuki", "game": "chw @ chc", "gameIdx": 0, "hr/park": "", "pa": "57", "dt": "", "img": "https://www.mlbstatic.com/team-logos/112.svg", "team": "chc", "start": "", "in": "7", "result": "Groundout", "evo": "99.1", "la": "-7", "dist": "18"}, {"player": "alfonso rivas", "game": "chw @ chc", "gameIdx": 0, "hr/park": "", "pa": "56", "dt": "", "img": "https://www.mlbstatic.com/team-logos/112.svg", "team": "chc", "start": "", "in": "7", "result": "Strikeout", "evo": "", "la": "", "dist": ""}, {"player": "nick madrigal", "game": "chw @ chc", "gameIdx": 0, "hr/park": "", "pa": "55", "dt": "", "img": "https://www.mlbstatic.com/team-logos/112.svg", "team": "chc", "start": "", "in": "7", "result": "Lineout", "evo": "101.8", "la": "21", "dist": ""}, {"player": "tim anderson", "game": "chw @ chc", "gameIdx": 0, "hr/park": "", "pa": "54", "dt": "", "img": "https://www.mlbstatic.com/team-logos/145.svg", "team": "chw", "start": "", "in": "7", "result": "Groundout", "evo": "100.6", "la": "-10", "dist": "13"}, {"player": "josh harrison", "game": "chw @ chc", "gameIdx": 0, "hr/park": "", "pa": "53", "dt": "", "img": "https://www.mlbstatic.com/team-logos/145.svg", "team": "chw", "start": "", "in": "7", "result": "Groundout", "evo": "75.5", "la": "2", "dist": "39"}, {"player": "reese mcguire", "game": "chw @ chc", "gameIdx": 0, "hr/park": "", "pa": "52", "dt": "", "img": "https://www.mlbstatic.com/team-logos/145.svg", "team": "chw", "start": "", "in": "7", "result": "Groundout", "evo": "67.6", "la": "-13", "dist": "9"}, {"player": "yan gomes", "game": "chw @ chc", "gameIdx": 0, "hr/park": "", "pa": "51", "dt": "", "img": "https://www.mlbstatic.com/team-logos/112.svg", "team": "chc", "start": "", "in": "6", "result": "Strikeout", "evo": "", "la": "", "dist": ""}, {"player": "nico hoerner", "game": "chw @ chc", "gameIdx": 0, "hr/park": "", "pa": "50", "dt": "", "img": "https://www.mlbstatic.com/team-logos/112.svg", "team": "chc", "start": "", "in": "6", "result": "Double", "evo": "97.8", "la": "-10", "dist": "17"}, {"player": "jason heyward", "game": "chw @ chc", "gameIdx": 0, "hr/park": "", "pa": "49", "dt": "", "img": "https://www.mlbstatic.com/team-logos/112.svg", "team": "chc", "start": "", "in": "6", "result": "Single", "evo": "100.2", "la": "-32", "dist": "3"}, {"player": "patrick wisdom", "game": "chw @ chc", "gameIdx": 0, "hr/park": "", "pa": "48", "dt": "", "img": "https://www.mlbstatic.com/team-logos/112.svg", "team": "chc", "start": "", "in": "6", "result": "Strikeout", "evo": "", "la": "", "dist": ""}, {"player": "frank schwindel", "game": "chw @ chc", "gameIdx": 0, "hr/park": "", "pa": "47", "dt": "", "img": "https://www.mlbstatic.com/team-logos/112.svg", "team": "chc", "start": "", "in": "6", "result": "Strikeout", "evo": "", "la": "", "dist": ""}, {"player": "ian happ", "game": "chw @ chc", "gameIdx": 0, "hr/park": "", "pa": "46", "dt": "", "img": "https://www.mlbstatic.com/team-logos/112.svg", "team": "chc", "start": "", "in": "6", "result": "Walk", "evo": "", "la": "", "dist": ""}, {"player": "jake burger", "game": "chw @ chc", "gameIdx": 0, "hr/park": "", "pa": "45", "dt": "", "img": "https://www.mlbstatic.com/team-logos/145.svg", "team": "chw", "start": "", "in": "6", "result": "Strikeout", "evo": "", "la": "", "dist": ""}, {"player": "adam engel", "game": "chw @ chc", "gameIdx": 0, "hr/park": "", "pa": "44", "dt": "", "img": "https://www.mlbstatic.com/team-logos/145.svg", "team": "chw", "start": "", "in": "6", "result": "Flyout", "evo": "80.4", "la": "44", "dist": "249"}, {"player": "gavin sheets", "game": "chw @ chc", "gameIdx": 0, "hr/park": "", "pa": "43", "dt": "", "img": "https://www.mlbstatic.com/team-logos/145.svg", "team": "chw", "start": "", "in": "6", "result": "Groundout", "evo": "83.2", "la": "-3", "dist": "36"}, {"player": "seiya suzuki", "game": "chw @ chc", "gameIdx": 0, "hr/park": "", "pa": "42", "dt": "", "img": "https://www.mlbstatic.com/team-logos/112.svg", "team": "chc", "start": "", "in": "5", "result": "Strikeout", "evo": "", "la": "", "dist": ""}, {"player": "alfonso rivas", "game": "chw @ chc", "gameIdx": 0, "hr/park": "", "pa": "41", "dt": "", "img": "https://www.mlbstatic.com/team-logos/112.svg", "team": "chc", "start": "", "in": "5", "result": "GIDP", "evo": "96.8", "la": "-9", "dist": "14"}, {"player": "nick madrigal", "game": "chw @ chc", "gameIdx": 0, "hr/park": "", "pa": "40", "dt": "", "img": "https://www.mlbstatic.com/team-logos/112.svg", "team": "chc", "start": "", "in": "5", "result": "Single", "evo": "98.6", "la": "-4", "dist": "28"}, {"player": "jose abreu", "game": "chw @ chc", "gameIdx": 0, "hr/park": "", "pa": "39", "dt": "", "img": "https://www.mlbstatic.com/team-logos/145.svg", "team": "chw", "start": "", "in": "5", "result": "GIDP", "evo": "106.5", "la": "-10", "dist": "14"}, {"player": "yasmani grandal", "game": "chw @ chc", "gameIdx": 0, "hr/park": "", "pa": "38", "dt": "", "img": "https://www.mlbstatic.com/team-logos/145.svg", "team": "chw", "start": "", "in": "5", "result": "Single", "evo": "93.1", "la": "2", "dist": "62"}, {"player": "aj pollock", "game": "chw @ chc", "gameIdx": 0, "hr/park": "", "pa": "37", "dt": "", "img": "https://www.mlbstatic.com/team-logos/145.svg", "team": "chw", "start": "", "in": "5", "result": "Pop Out", "evo": "86.6", "la": "75", "dist": "65"}, {"player": "tim anderson", "game": "chw @ chc", "gameIdx": 0, "hr/park": "", "pa": "36", "dt": "", "img": "https://www.mlbstatic.com/team-logos/145.svg", "team": "chw", "start": "", "in": "5", "result": "Hit By Pitch", "evo": "", "la": "", "dist": ""}, {"player": "josh harrison", "game": "chw @ chc", "gameIdx": 0, "hr/park": "", "pa": "35", "dt": "", "img": "https://www.mlbstatic.com/team-logos/145.svg", "team": "chw", "start": "", "in": "5", "result": "Hit By Pitch", "evo": "", "la": "", "dist": ""}, {"player": "yan gomes", "game": "chw @ chc", "gameIdx": 0, "hr/park": "", "pa": "34", "dt": "", "img": "https://www.mlbstatic.com/team-logos/112.svg", "team": "chc", "start": "", "in": "4", "result": "Pop Out", "evo": "46.7", "la": "41", "dist": "118"}, {"player": "nico hoerner", "game": "chw @ chc", "gameIdx": 0, "hr/park": "", "pa": "33", "dt": "", "img": "https://www.mlbstatic.com/team-logos/112.svg", "team": "chc", "start": "", "in": "4", "result": "Field Error", "evo": "", "la": "", "dist": ""}, {"player": "jason heyward", "game": "chw @ chc", "gameIdx": 0, "hr/park": "", "pa": "32", "dt": "", "img": "https://www.mlbstatic.com/team-logos/112.svg", "team": "chc", "start": "", "in": "4", "result": "Walk", "evo": "", "la": "", "dist": ""}, {"player": "patrick wisdom", "game": "chw @ chc", "gameIdx": 0, "hr/park": "", "pa": "31", "dt": "", "img": "https://www.mlbstatic.com/team-logos/112.svg", "team": "chc", "start": "", "in": "4", "result": "Strikeout", "evo": "", "la": "", "dist": ""}, {"player": "frank schwindel", "game": "chw @ chc", "gameIdx": 0, "hr/park": "", "pa": "30", "dt": "", "img": "https://www.mlbstatic.com/team-logos/112.svg", "team": "chc", "start": "", "in": "4", "result": "Single", "evo": "65.4", "la": "29", "dist": "221"}, {"player": "ian happ", "game": "chw @ chc", "gameIdx": 0, "hr/park": "", "pa": "29", "dt": "", "img": "https://www.mlbstatic.com/team-logos/112.svg", "team": "chc", "start": "", "in": "4", "result": "Strikeout", "evo": "", "la": "", "dist": ""}, {"player": "reese mcguire", "game": "chw @ chc", "gameIdx": 0, "hr/park": "", "pa": "28", "dt": "", "img": "https://www.mlbstatic.com/team-logos/145.svg", "team": "chw", "start": "", "in": "4", "result": "Pop Out", "evo": "83.8", "la": "54", "dist": "176"}, {"player": "jake burger", "game": "chw @ chc", "gameIdx": 0, "hr/park": "", "pa": "27", "dt": "", "img": "https://www.mlbstatic.com/team-logos/145.svg", "team": "chw", "start": "", "in": "4", "result": "Single", "evo": "", "la": "", "dist": ""}, {"player": "adam engel", "game": "chw @ chc", "gameIdx": 0, "hr/park": "", "pa": "26", "dt": "", "img": "https://www.mlbstatic.com/team-logos/145.svg", "team": "chw", "start": "", "in": "4", "result": "GIDP", "evo": "", "la": "", "dist": ""}, {"player": "gavin sheets", "game": "chw @ chc", "gameIdx": 0, "hr/park": "", "pa": "25", "dt": "", "img": "https://www.mlbstatic.com/team-logos/145.svg", "team": "chw", "start": "", "in": "4", "result": "Single", "evo": "72.1", "la": "-14", "dist": "10"}, {"player": "seiya suzuki", "game": "chw @ chc", "gameIdx": 0, "hr/park": "", "pa": "24", "dt": "", "img": "https://www.mlbstatic.com/team-logos/112.svg", "team": "chc", "start": "", "in": "3", "result": "Double Play", "evo": "89.1", "la": "8", "dist": "166"}, {"player": "alfonso rivas", "game": "chw @ chc", "gameIdx": 0, "hr/park": "", "pa": "23", "dt": "", "img": "https://www.mlbstatic.com/team-logos/112.svg", "team": "chc", "start": "", "in": "3", "result": "Walk", "evo": "", "la": "", "dist": ""}, {"player": "nick madrigal", "game": "chw @ chc", "gameIdx": 0, "hr/park": "", "pa": "22", "dt": "", "img": "https://www.mlbstatic.com/team-logos/112.svg", "team": "chc", "start": "", "in": "3", "result": "Groundout", "evo": "102.3", "la": "-11", "dist": "12"}, {"player": "yan gomes", "game": "chw @ chc", "gameIdx": 0, "hr/park": "", "pa": "21", "dt": "", "img": "https://www.mlbstatic.com/team-logos/112.svg", "team": "chc", "start": "", "in": "3", "result": "Single", "evo": "100.0", "la": "10", "dist": "213"}, {"player": "jose abreu", "game": "chw @ chc", "gameIdx": 0, "hr/park": "0/30", "pa": "20", "dt": "", "img": "https://www.mlbstatic.com/team-logos/145.svg", "team": "chw", "start": "", "in": "3", "result": "Flyout", "evo": "96.5", "la": "41", "dist": "330"}, {"player": "yasmani grandal", "game": "chw @ chc", "gameIdx": 0, "hr/park": "", "pa": "19", "dt": "", "img": "https://www.mlbstatic.com/team-logos/145.svg", "team": "chw", "start": "", "in": "3", "result": "Groundout", "evo": "88.3", "la": "-6", "dist": "24"}, {"player": "aj pollock", "game": "chw @ chc", "gameIdx": 0, "hr/park": "", "pa": "18", "dt": "", "img": "https://www.mlbstatic.com/team-logos/145.svg", "team": "chw", "start": "", "in": "3", "result": "Groundout", "evo": "106.1", "la": "2", "dist": "63"}, {"player": "tim anderson", "game": "chw @ chc", "gameIdx": 0, "hr/park": "29/30", "pa": "17", "dt": "", "img": "https://www.mlbstatic.com/team-logos/145.svg", "team": "chw", "start": "", "in": "3", "result": "Home Run", "evo": "101.5", "la": "32", "dist": "399"}, {"player": "nico hoerner", "game": "chw @ chc", "gameIdx": 0, "hr/park": "", "pa": "16", "dt": "", "img": "https://www.mlbstatic.com/team-logos/112.svg", "team": "chc", "start": "", "in": "2", "result": "Groundout", "evo": "82.7", "la": "-7", "dist": "16"}, {"player": "jason heyward", "game": "chw @ chc", "gameIdx": 0, "hr/park": "0/30", "pa": "15", "dt": "", "img": "https://www.mlbstatic.com/team-logos/112.svg", "team": "chc", "start": "", "in": "2", "result": "Flyout", "evo": "103.4", "la": "26", "dist": "387"}, {"player": "patrick wisdom", "game": "chw @ chc", "gameIdx": 0, "hr/park": "", "pa": "14", "dt": "", "img": "https://www.mlbstatic.com/team-logos/112.svg", "team": "chc", "start": "", "in": "2", "result": "Strikeout", "evo": "", "la": "", "dist": ""}, {"player": "josh harrison", "game": "chw @ chc", "gameIdx": 0, "hr/park": "", "pa": "13", "dt": "", "img": "https://www.mlbstatic.com/team-logos/145.svg", "team": "chw", "start": "", "in": "2", "result": "Pop Out", "evo": "80.5", "la": "83", "dist": "42"}, {"player": "reese mcguire", "game": "chw @ chc", "gameIdx": 0, "hr/park": "", "pa": "12", "dt": "", "img": "https://www.mlbstatic.com/team-logos/145.svg", "team": "chw", "start": "", "in": "2", "result": "Sac Bunt", "evo": "39.2", "la": "-33", "dist": "5"}, {"player": "jake burger", "game": "chw @ chc", "gameIdx": 0, "hr/park": "", "pa": "11", "dt": "", "img": "https://www.mlbstatic.com/team-logos/145.svg", "team": "chw", "start": "", "in": "2", "result": "Single", "evo": "61.7", "la": "-68", "dist": "3"}, {"player": "adam engel", "game": "chw @ chc", "gameIdx": 0, "hr/park": "0/30", "pa": "10", "dt": "", "img": "https://www.mlbstatic.com/team-logos/145.svg", "team": "chw", "start": "", "in": "2", "result": "Double", "evo": "96.5", "la": "15", "dist": "310"}, {"player": "gavin sheets", "game": "chw @ chc", "gameIdx": 0, "hr/park": "", "pa": "9", "dt": "", "img": "https://www.mlbstatic.com/team-logos/145.svg", "team": "chw", "start": "", "in": "2", "result": "Flyout", "evo": "82.0", "la": "42", "dist": "218"}, {"player": "jose abreu", "game": "chw @ chc", "gameIdx": 0, "hr/park": "", "pa": "8", "dt": "", "img": "https://www.mlbstatic.com/team-logos/145.svg", "team": "chw", "start": "", "in": "2", "result": "Field Error", "evo": "100.0", "la": "-13", "dist": "12"}, {"player": "frank schwindel", "game": "chw @ chc", "gameIdx": 0, "hr/park": "", "pa": "7", "dt": "", "img": "https://www.mlbstatic.com/team-logos/112.svg", "team": "chc", "start": "", "in": "1", "result": "Pop Out", "evo": "96.3", "la": "59", "dist": "189"}, {"player": "ian happ", "game": "chw @ chc", "gameIdx": 0, "hr/park": "", "pa": "6", "dt": "", "img": "https://www.mlbstatic.com/team-logos/112.svg", "team": "chc", "start": "", "in": "1", "result": "Single", "evo": "87.3", "la": "17", "dist": "288"}, {"player": "seiya suzuki", "game": "chw @ chc", "gameIdx": 0, "hr/park": "", "pa": "5", "dt": "", "img": "https://www.mlbstatic.com/team-logos/112.svg", "team": "chc", "start": "", "in": "1", "result": "Strikeout", "evo": "", "la": "", "dist": ""}, {"player": "alfonso rivas", "game": "chw @ chc", "gameIdx": 0, "hr/park": "", "pa": "4", "dt": "", "img": "https://www.mlbstatic.com/team-logos/112.svg", "team": "chc", "start": "", "in": "1", "result": "Strikeout", "evo": "", "la": "", "dist": ""}, {"player": "yasmani grandal", "game": "chw @ chc", "gameIdx": 0, "hr/park": "0/30", "pa": "3", "dt": "", "img": "https://www.mlbstatic.com/team-logos/145.svg", "team": "chw", "start": "", "in": "1", "result": "Lineout", "evo": "98.1", "la": "20", "dist": "338"}, {"player": "aj pollock", "game": "chw @ chc", "gameIdx": 0, "hr/park": "0/30", "pa": "2", "dt": "", "img": "https://www.mlbstatic.com/team-logos/145.svg", "team": "chw", "start": "", "in": "1", "result": "Flyout", "evo": "98.7", "la": "31", "dist": "347"}, {"player": "tim anderson", "game": "chw @ chc", "gameIdx": 0, "hr/park": "", "pa": "1", "dt": "", "img": "https://www.mlbstatic.com/team-logos/145.svg", "team": "chw", "start": "", "in": "1", "result": "Groundout", "evo": "107.6", "la": "-2", "dist": "33"}], "cin @ mil": [], "sea @ hou": [], "stl @ kc": [], "wsh @ col": [], "tb @ ath": [], "sf @ lad": [], "sd @ cle": [], "pit @ det": []}